// Auto-generated from wx-cloudy.png — 64x64 ARGB8888
#include "../../ui.h"

#ifndef LV_ATTRIBUTE_MEM_ALIGN
#    define LV_ATTRIBUTE_MEM_ALIGN
#endif

const LV_ATTRIBUTE_MEM_ALIGN uint8_t UI_IMG_WX_CLOUDY_PNG_DATA[] = {
    0x00, 0x00, 0x00, 0x00, 0x00, 0x00, 0x00, 0x00, 0x00, 0x00, 0x00, 0x00, 0x00, 0x00, 0x00, 0x00,
    0x00, 0x00, 0x00, 0x00, 0x00, 0x00, 0x00, 0x00, 0x00, 0x00, 0x00, 0x00, 0x00, 0x00, 0x00, 0x00,
    0x00, 0x00, 0x00, 0x00, 0x00, 0x00, 0x00, 0x00, 0x00, 0x00, 0x00, 0x00, 0x00, 0x00, 0x00, 0x00,
    0x00, 0x00, 0x00, 0x00, 0x00, 0x00, 0x00, 0x00, 0x00, 0x00, 0x00, 0x00, 0x00, 0x00, 0x00, 0x00,
    0x00, 0x00, 0x00, 0x00, 0x00, 0x00, 0x00, 0x00, 0x00, 0x00, 0x00, 0x00, 0x00, 0x00, 0x00, 0x00,
    0x00, 0x00, 0x00, 0x00, 0x00, 0x00, 0x00, 0x00, 0x00, 0x00, 0x00, 0x00, 0x00, 0x00, 0x00, 0x00,
    0x00, 0x00, 0x00, 0x00, 0x00, 0x00, 0x00, 0x00, 0x00, 0x00, 0x00, 0x00, 0x00, 0x00, 0x00, 0x00,
    0x00, 0x00, 0x00, 0x00, 0x00, 0x00, 0x00, 0x00, 0x00, 0x00, 0x00, 0x00, 0x00, 0x00, 0x00, 0x00,
    0x00, 0x00, 0x00, 0x00, 0x00, 0x00, 0x00, 0x00, 0x00, 0x00, 0x00, 0x00, 0x00, 0x00, 0x00, 0x00,
    0x00, 0x00, 0x00, 0x00, 0x00, 0x00, 0x00, 0x00, 0x00, 0x00, 0x00, 0x00, 0x00, 0x00, 0x00, 0x00,
    0x00, 0x00, 0x00, 0x00, 0x00, 0x00, 0x00, 0x00, 0x00, 0x00, 0x00, 0x00, 0x00, 0x00, 0x00, 0x00,
    0x00, 0x00, 0x00, 0x00, 0x00, 0x00, 0x00, 0x00, 0x00, 0x00, 0x00, 0x00, 0x00, 0x00, 0x00, 0x00,
    0x00, 0x00, 0x00, 0x00, 0x00, 0x00, 0x00, 0x00, 0x00, 0x00, 0x00, 0x00, 0x00, 0x00, 0x00, 0x00,
    0x00, 0x00, 0x00, 0x00, 0x00, 0x00, 0x00, 0x00, 0x00, 0x00, 0x00, 0x00, 0x00, 0x00, 0x00, 0x00,
    0x00, 0x00, 0x00, 0x00, 0x00, 0x00, 0x00, 0x00, 0x00, 0x00, 0x00, 0x00, 0x00, 0x00, 0x00, 0x00,
    0x00, 0x00, 0x00, 0x00, 0x00, 0x00, 0x00, 0x00, 0x00, 0x00, 0x00, 0x00, 0x00, 0x00, 0x00, 0x00,
    0x00, 0x00, 0x00, 0x00, 0x00, 0x00, 0x00, 0x00, 0x00, 0x00, 0x00, 0x00, 0x00, 0x00, 0x00, 0x00,
    0x00, 0x00, 0x00, 0x00, 0x00, 0x00, 0x00, 0x00, 0x00, 0x00, 0x00, 0x00, 0x00, 0x00, 0x00, 0x00,
    0x00, 0x00, 0x00, 0x00, 0x00, 0x00, 0x00, 0x00, 0x00, 0x00, 0x00, 0x00, 0x00, 0x00, 0x00, 0x00,
    0x00, 0x00, 0x00, 0x00, 0x00, 0x00, 0x00, 0x00, 0x00, 0x00, 0x00, 0x00, 0x00, 0x00, 0x00, 0x00,
    0x00, 0x00, 0x00, 0x00, 0x00, 0x00, 0x00, 0x00, 0x00, 0x00, 0x00, 0x00, 0x00, 0x00, 0x00, 0x00,
    0x00, 0x00, 0x00, 0x00, 0x00, 0x00, 0x00, 0x00, 0x00, 0x00, 0x00, 0x00, 0x00, 0x00, 0x00, 0x00,
    0x00, 0x00, 0x00, 0x00, 0x00, 0x00, 0x00, 0x00, 0x00, 0x00, 0x00, 0x00, 0x00, 0x00, 0x00, 0x00,
    0x00, 0x00, 0x00, 0x00, 0x00, 0x00, 0x00, 0x00, 0x00, 0x00, 0x00, 0x00, 0x00, 0x00, 0x00, 0x00,
    0x00, 0x00, 0x00, 0x00, 0x00, 0x00, 0x00, 0x00, 0x00, 0x00, 0x00, 0x00, 0x00, 0x00, 0x00, 0x00,
    0x00, 0x00, 0x00, 0x00, 0x00, 0x00, 0x00, 0x00, 0x00, 0x00, 0x00, 0x00, 0x00, 0x00, 0x00, 0x00,
    0x00, 0x00, 0x00, 0x00, 0x00, 0x00, 0x00, 0x00, 0x00, 0x00, 0x00, 0x00, 0x00, 0x00, 0x00, 0x00,
    0x00, 0x00, 0x00, 0x00, 0x00, 0x00, 0x00, 0x00, 0x00, 0x00, 0x00, 0x00, 0x00, 0x00, 0x00, 0x00,
    0x00, 0x00, 0x00, 0x00, 0x00, 0x00, 0x00, 0x00, 0x00, 0x00, 0x00, 0x00, 0x00, 0x00, 0x00, 0x00,
    0x00, 0x00, 0x00, 0x00, 0x00, 0x00, 0x00, 0x00, 0x00, 0x00, 0x00, 0x00, 0x00, 0x00, 0x00, 0x00,
    0x00, 0x00, 0x00, 0x00, 0x00, 0x00, 0x00, 0x00, 0x00, 0x00, 0x00, 0x00, 0x00, 0x00, 0x00, 0x00,
    0x00, 0x00, 0x00, 0x00, 0x00, 0x00, 0x00, 0x00, 0x00, 0x00, 0x00, 0x00, 0x00, 0x00, 0x00, 0x00,
    0x00, 0x00, 0x00, 0x00, 0x00, 0x00, 0x00, 0x00, 0x00, 0x00, 0x00, 0x00, 0x00, 0x00, 0x00, 0x00,
    0x00, 0x00, 0x00, 0x00, 0x00, 0x00, 0x00, 0x00, 0x00, 0x00, 0x00, 0x00, 0x00, 0x00, 0x00, 0x00,
    0x00, 0x00, 0x00, 0x00, 0x00, 0x00, 0x00, 0x00, 0x00, 0x00, 0x00, 0x00, 0x00, 0x00, 0x00, 0x00,
    0x00, 0x00, 0x00, 0x00, 0x00, 0x00, 0x00, 0x00, 0x00, 0x00, 0x00, 0x00, 0x00, 0x00, 0x00, 0x00,
    0x00, 0x00, 0x00, 0x00, 0x00, 0x00, 0x00, 0x00, 0x00, 0x00, 0x00, 0x00, 0x00, 0x00, 0x00, 0x00,
    0x00, 0x00, 0x00, 0x00, 0x00, 0x00, 0x00, 0x00, 0x00, 0x00, 0x00, 0x00, 0x00, 0x00, 0x00, 0x00,
    0x00, 0x00, 0x00, 0x00, 0x00, 0x00, 0x00, 0x00, 0x00, 0x00, 0x00, 0x00, 0x00, 0x00, 0x00, 0x00,
    0x00, 0x00, 0x00, 0x00, 0x00, 0x00, 0x00, 0x00, 0x00, 0x00, 0x00, 0x00, 0x00, 0x00, 0x00, 0x00,
    0x00, 0x00, 0x00, 0x00, 0x00, 0x00, 0x00, 0x00, 0x00, 0x00, 0x00, 0x00, 0x00, 0x00, 0x00, 0x00,
    0x00, 0x00, 0x00, 0x00, 0x00, 0x00, 0x00, 0x00, 0x00, 0x00, 0x00, 0x00, 0x00, 0x00, 0x00, 0x00,
    0x00, 0x00, 0x00, 0x00, 0x00, 0x00, 0x00, 0x00, 0x00, 0x00, 0x00, 0x00, 0x00, 0x00, 0x00, 0x00,
    0x00, 0x00, 0x00, 0x00, 0x00, 0x00, 0x00, 0x00, 0x00, 0x00, 0x00, 0x00, 0x00, 0x00, 0x00, 0x00,
    0x00, 0x00, 0x00, 0x00, 0x00, 0x00, 0x00, 0x00, 0x00, 0x00, 0x00, 0x00, 0x00, 0x00, 0x00, 0x00,
    0x00, 0x00, 0x00, 0x00, 0x00, 0x00, 0x00, 0x00, 0x00, 0x00, 0x00, 0x00, 0x00, 0x00, 0x00, 0x00,
    0x00, 0x00, 0x00, 0x00, 0x00, 0x00, 0x00, 0x00, 0x00, 0x00, 0x00, 0x00, 0x00, 0x00, 0x00, 0x00,
    0x00, 0x00, 0x00, 0x00, 0x00, 0x00, 0x00, 0x00, 0x00, 0x00, 0x00, 0x00, 0x00, 0x00, 0x00, 0x00,
    0x00, 0x00, 0x00, 0x00, 0x00, 0x00, 0x00, 0x00, 0x00, 0x00, 0x00, 0x00, 0x00, 0x00, 0x00, 0x00,
    0x00, 0x00, 0x00, 0x00, 0x00, 0x00, 0x00, 0x00, 0x00, 0x00, 0x00, 0x00, 0x00, 0x00, 0x00, 0x00,
    0x00, 0x00, 0x00, 0x00, 0x00, 0x00, 0x00, 0x00, 0x00, 0x00, 0x00, 0x00, 0x00, 0x00, 0x00, 0x00,
    0x00, 0x00, 0x00, 0x00, 0x00, 0x00, 0x00, 0x00, 0x00, 0x00, 0x00, 0x00, 0x00, 0x00, 0x00, 0x00,
    0x00, 0x00, 0x00, 0x00, 0x00, 0x00, 0x00, 0x00, 0x00, 0x00, 0x00, 0x00, 0x00, 0x00, 0x00, 0x00,
    0x00, 0x00, 0x00, 0x00, 0x00, 0x00, 0x00, 0x00, 0x00, 0x00, 0x00, 0x00, 0x00, 0x00, 0x00, 0x00,
    0x00, 0x00, 0x00, 0x00, 0x00, 0x00, 0x00, 0x00, 0x00, 0x00, 0x00, 0x00, 0x00, 0x00, 0x00, 0x00,
    0x00, 0x00, 0x00, 0x00, 0x00, 0x00, 0x00, 0x00, 0x00, 0x00, 0x00, 0x00, 0x00, 0x00, 0x00, 0x00,
    0x00, 0x00, 0x00, 0x00, 0x00, 0x00, 0x00, 0x00, 0x00, 0x00, 0x00, 0x00, 0x00, 0x00, 0x00, 0x00,
    0x00, 0x00, 0x00, 0x00, 0x00, 0x00, 0x00, 0x00, 0x00, 0x00, 0x00, 0x00, 0x00, 0x00, 0x00, 0x00,
    0x00, 0x00, 0x00, 0x00, 0x00, 0x00, 0x00, 0x00, 0x00, 0x00, 0x00, 0x00, 0x00, 0x00, 0x00, 0x00,
    0x00, 0x00, 0x00, 0x00, 0x00, 0x00, 0x00, 0x00, 0x00, 0x00, 0x00, 0x00, 0x00, 0x00, 0x00, 0x00,
    0x00, 0x00, 0x00, 0x00, 0x00, 0x00, 0x00, 0x00, 0x00, 0x00, 0x00, 0x00, 0x00, 0x00, 0x00, 0x00,
    0x00, 0x00, 0x00, 0x00, 0x00, 0x00, 0x00, 0x00, 0x00, 0x00, 0x00, 0x00, 0x00, 0x00, 0x00, 0x00,
    0x00, 0x00, 0x00, 0x00, 0x00, 0x00, 0x00, 0x00, 0x00, 0x00, 0x00, 0x00, 0x00, 0x00, 0x00, 0x00,
    0x00, 0x00, 0x00, 0x00, 0x00, 0x00, 0x00, 0x00, 0x00, 0x00, 0x00, 0x00, 0x00, 0x00, 0x00, 0x00,
    0x00, 0x00, 0x00, 0x00, 0x00, 0x00, 0x00, 0x00, 0x00, 0x00, 0x00, 0x00, 0x00, 0x00, 0x00, 0x00,
    0x00, 0x00, 0x00, 0x00, 0x00, 0x00, 0x00, 0x00, 0x00, 0x00, 0x00, 0x00, 0x00, 0x00, 0x00, 0x00,
    0x00, 0x00, 0x00, 0x00, 0x00, 0x00, 0x00, 0x00, 0x00, 0x00, 0x00, 0x00, 0x00, 0x00, 0x00, 0x00,
    0x00, 0x00, 0x00, 0x00, 0x00, 0x00, 0x00, 0x00, 0x00, 0x00, 0x00, 0x00, 0x00, 0x00, 0x00, 0x00,
    0x00, 0x00, 0x00, 0x00, 0x00, 0x00, 0x00, 0x00, 0x00, 0x00, 0x00, 0x00, 0x00, 0x00, 0x00, 0x00,
    0x00, 0x00, 0x00, 0x00, 0x00, 0x00, 0x00, 0x00, 0x00, 0x00, 0x00, 0x00, 0x00, 0x00, 0x00, 0x00,
    0x00, 0x00, 0x00, 0x00, 0x00, 0x00, 0x00, 0x00, 0x00, 0x00, 0x00, 0x00, 0x00, 0x00, 0x00, 0x00,
    0x00, 0x00, 0x00, 0x00, 0x00, 0x00, 0x00, 0x00, 0x00, 0x00, 0x00, 0x00, 0x00, 0x00, 0x00, 0x00,
    0x00, 0x00, 0x00, 0x00, 0x00, 0x00, 0x00, 0x00, 0x00, 0x00, 0x00, 0x00, 0x00, 0x00, 0x00, 0x00,
    0x00, 0x00, 0x00, 0x00, 0x00, 0x00, 0x00, 0x00, 0x00, 0x00, 0x00, 0x00, 0x00, 0x00, 0x00, 0x00,
    0x00, 0x00, 0x00, 0x00, 0x00, 0x00, 0x00, 0x00, 0x00, 0x00, 0x00, 0x00, 0x00, 0x00, 0x00, 0x00,
    0x00, 0x00, 0x00, 0x00, 0x00, 0x00, 0x00, 0x00, 0x00, 0x00, 0x00, 0x00, 0x00, 0x00, 0x00, 0x00,
    0x00, 0x00, 0x00, 0x00, 0x00, 0x00, 0x00, 0x00, 0x00, 0x00, 0x00, 0x00, 0x00, 0x00, 0x00, 0x00,
    0x00, 0x00, 0x00, 0x00, 0x00, 0x00, 0x00, 0x00, 0x00, 0x00, 0x00, 0x00, 0x00, 0x00, 0x00, 0x00,
    0x00, 0x00, 0x00, 0x00, 0x00, 0x00, 0x00, 0x00, 0x00, 0x00, 0x00, 0x00, 0x00, 0x00, 0x00, 0x00,
    0x00, 0x00, 0x00, 0x00, 0x00, 0x00, 0x00, 0x00, 0x00, 0x00, 0x00, 0x00, 0x00, 0x00, 0x00, 0x00,
    0x00, 0x00, 0x00, 0x00, 0x00, 0x00, 0x00, 0x00, 0x00, 0x00, 0x00, 0x00, 0x00, 0x00, 0x00, 0x00,
    0x00, 0x00, 0x00, 0x00, 0x00, 0x00, 0x00, 0x00, 0x00, 0x00, 0x00, 0x00, 0x00, 0x00, 0x00, 0x00,
    0x00, 0x00, 0x00, 0x00, 0x00, 0x00, 0x00, 0x00, 0x00, 0x00, 0x00, 0x00, 0x00, 0x00, 0x00, 0x00,
    0x00, 0x00, 0x00, 0x00, 0x00, 0x00, 0x00, 0x00, 0x00, 0x00, 0x00, 0x00, 0x00, 0x00, 0x00, 0x00,
    0x00, 0x00, 0x00, 0x00, 0x00, 0x00, 0x00, 0x00, 0x00, 0x00, 0x00, 0x00, 0x00, 0x00, 0x00, 0x00,
    0x00, 0x00, 0x00, 0x00, 0x00, 0x00, 0x00, 0x00, 0x00, 0x00, 0x00, 0x00, 0x00, 0x00, 0x00, 0x00,
    0x00, 0x00, 0x00, 0x00, 0x00, 0x00, 0x00, 0x00, 0x00, 0x00, 0x00, 0x00, 0x00, 0x00, 0x00, 0x00,
    0x00, 0x00, 0x00, 0x00, 0x00, 0x00, 0x00, 0x00, 0x00, 0x00, 0x00, 0x00, 0x00, 0x00, 0x00, 0x00,
    0x00, 0x00, 0x00, 0x00, 0x00, 0x00, 0x00, 0x00, 0x00, 0x00, 0x00, 0x00, 0x00, 0x00, 0x00, 0x00,
    0x00, 0x00, 0x00, 0x00, 0x00, 0x00, 0x00, 0x00, 0x00, 0x00, 0x00, 0x00, 0x00, 0x00, 0x00, 0x00,
    0x00, 0x00, 0x00, 0x00, 0x00, 0x00, 0x00, 0x00, 0x00, 0x00, 0x00, 0x00, 0x00, 0x00, 0x00, 0x00,
    0x00, 0x00, 0x00, 0x00, 0x00, 0x00, 0x00, 0x00, 0x00, 0x00, 0x00, 0x00, 0x00, 0x00, 0x00, 0x00,
    0x00, 0x00, 0x00, 0x00, 0x00, 0x00, 0x00, 0x00, 0x00, 0x00, 0x00, 0x00, 0x00, 0x00, 0x00, 0x00,
    0x00, 0x00, 0x00, 0x00, 0x00, 0x00, 0x00, 0x00, 0x00, 0x00, 0x00, 0x00, 0x00, 0x00, 0x00, 0x00,
    0x00, 0x00, 0x00, 0x00, 0x00, 0x00, 0x00, 0x00, 0x00, 0x00, 0x00, 0x00, 0x00, 0x00, 0x00, 0x00,
    0x00, 0x00, 0x00, 0x00, 0x00, 0x00, 0x00, 0x00, 0x00, 0x00, 0x00, 0x00, 0x00, 0x00, 0x00, 0x00,
    0x00, 0x00, 0x00, 0x00, 0x00, 0x00, 0x00, 0x00, 0x00, 0x00, 0x00, 0x00, 0x00, 0x00, 0x00, 0x00,
    0x00, 0x00, 0x00, 0x00, 0x00, 0x00, 0x00, 0x00, 0x00, 0x00, 0x00, 0x00, 0x00, 0x00, 0x00, 0x00,
    0x00, 0x00, 0x00, 0x00, 0x00, 0x00, 0x00, 0x00, 0x00, 0x00, 0x00, 0x00, 0x00, 0x00, 0x00, 0x00,
    0x00, 0x00, 0x00, 0x00, 0x00, 0x00, 0x00, 0x00, 0x00, 0x00, 0x00, 0x00, 0x00, 0x00, 0x00, 0x00,
    0x00, 0x00, 0x00, 0x00, 0x00, 0x00, 0x00, 0x00, 0x00, 0x00, 0x00, 0x00, 0x00, 0x00, 0x00, 0x00,
    0x00, 0x00, 0x00, 0x00, 0x00, 0x00, 0x00, 0x00, 0x00, 0x00, 0x00, 0x00, 0x00, 0x00, 0x00, 0x00,
    0x00, 0x00, 0x00, 0x00, 0x00, 0x00, 0x00, 0x00, 0x00, 0x00, 0x00, 0x00, 0x00, 0x00, 0x00, 0x00,
    0x00, 0x00, 0x00, 0x00, 0x00, 0x00, 0x00, 0x00, 0x00, 0x00, 0x00, 0x00, 0x00, 0x00, 0x00, 0x00,
    0x00, 0x00, 0x00, 0x00, 0x00, 0x00, 0x00, 0x00, 0x00, 0x00, 0x00, 0x00, 0x00, 0x00, 0x00, 0x00,
    0x00, 0x00, 0x00, 0x00, 0x00, 0x00, 0x00, 0x00, 0x00, 0x00, 0x00, 0x00, 0x00, 0x00, 0x00, 0x00,
    0x00, 0x00, 0x00, 0x00, 0x00, 0x00, 0x00, 0x00, 0x00, 0x00, 0x00, 0x00, 0x00, 0x00, 0x00, 0x00,
    0x00, 0x00, 0x00, 0x00, 0x00, 0x00, 0x00, 0x00, 0x00, 0x00, 0x00, 0x00, 0x00, 0x00, 0x00, 0x00,
    0x00, 0x00, 0x00, 0x00, 0x00, 0x00, 0x00, 0x00, 0x00, 0x00, 0x00, 0x00, 0x00, 0x00, 0x00, 0x00,
    0x00, 0x00, 0x00, 0x00, 0x00, 0x00, 0x00, 0x00, 0x00, 0x00, 0x00, 0x00, 0x00, 0x00, 0x00, 0x00,
    0x00, 0x00, 0x00, 0x00, 0x00, 0x00, 0x00, 0x00, 0x00, 0x00, 0x00, 0x00, 0x00, 0x00, 0x00, 0x00,
    0x00, 0x00, 0x00, 0x00, 0x00, 0x00, 0x00, 0x00, 0x00, 0x00, 0x00, 0x00, 0x00, 0x00, 0x00, 0x00,
    0x00, 0x00, 0x00, 0x00, 0x00, 0x00, 0x00, 0x00, 0x00, 0x00, 0x00, 0x00, 0x00, 0x00, 0x00, 0x00,
    0x00, 0x00, 0x00, 0x00, 0x00, 0x00, 0x00, 0x00, 0x00, 0x00, 0x00, 0x00, 0x00, 0x00, 0x00, 0x00,
    0x00, 0x00, 0x00, 0x00, 0x00, 0x00, 0x00, 0x00, 0x00, 0x00, 0x00, 0x00, 0x00, 0x00, 0x00, 0x00,
    0x00, 0x00, 0x00, 0x00, 0x00, 0x00, 0x00, 0x00, 0x00, 0x00, 0x00, 0x00, 0x00, 0x00, 0x00, 0x00,
    0x00, 0x00, 0x00, 0x00, 0x00, 0x00, 0x00, 0x00, 0x00, 0x00, 0x00, 0x00, 0x00, 0x00, 0x00, 0x00,
    0x00, 0x00, 0x00, 0x00, 0x00, 0x00, 0x00, 0x00, 0x00, 0x00, 0x00, 0x00, 0x00, 0x00, 0x00, 0x00,
    0x00, 0x00, 0x00, 0x00, 0x00, 0x00, 0x00, 0x00, 0x00, 0x00, 0x00, 0x00, 0x00, 0x00, 0x00, 0x00,
    0x00, 0x00, 0x00, 0x00, 0x00, 0x00, 0x00, 0x00, 0x00, 0x00, 0x00, 0x00, 0x00, 0x00, 0x00, 0x00,
    0x00, 0x00, 0x00, 0x00, 0x00, 0x00, 0x00, 0x00, 0x00, 0x00, 0x00, 0x00, 0x00, 0x00, 0x00, 0x00,
    0x00, 0x00, 0x00, 0x00, 0x00, 0x00, 0x00, 0x00, 0x00, 0x00, 0x00, 0x00, 0x00, 0x00, 0x00, 0x00,
    0x00, 0x00, 0x00, 0x00, 0x00, 0x00, 0x00, 0x00, 0x00, 0x00, 0x00, 0x00, 0x00, 0x00, 0x00, 0x00,
    0x00, 0x00, 0x00, 0x00, 0x00, 0x00, 0x00, 0x00, 0x00, 0x00, 0x00, 0x00, 0x00, 0x00, 0x00, 0x00,
    0x00, 0x00, 0x00, 0x00, 0x00, 0x00, 0x00, 0x00, 0x00, 0x00, 0x00, 0x00, 0x00, 0x00, 0x00, 0x00,
    0x00, 0x00, 0x00, 0x00, 0x00, 0x00, 0x00, 0x00, 0x00, 0x00, 0x00, 0x00, 0x00, 0x00, 0x00, 0x00,
    0x00, 0x00, 0x00, 0x00, 0x00, 0x00, 0x00, 0x00, 0x00, 0x00, 0x00, 0x00, 0x00, 0x00, 0x00, 0x00,
    0x00, 0x00, 0x00, 0x00, 0x00, 0x00, 0x00, 0x00, 0x00, 0x00, 0x00, 0x00, 0x00, 0x00, 0x00, 0x00,
    0x00, 0x00, 0x00, 0x00, 0x00, 0x00, 0x00, 0x00, 0x00, 0x00, 0x00, 0x00, 0x00, 0x00, 0x00, 0x00,
    0x00, 0x00, 0x00, 0x00, 0x00, 0x00, 0x00, 0x00, 0x00, 0x00, 0x00, 0x00, 0x00, 0x00, 0x00, 0x00,
    0x00, 0x00, 0x00, 0x00, 0x00, 0x00, 0x00, 0x00, 0x00, 0x00, 0x00, 0x00, 0x00, 0x00, 0x00, 0x00,
    0x00, 0x00, 0x00, 0x00, 0x00, 0x00, 0x00, 0x00, 0x00, 0x00, 0x00, 0x00, 0x00, 0x00, 0x00, 0x00,
    0x00, 0x00, 0x00, 0x00, 0x00, 0x00, 0x00, 0x00, 0x00, 0x00, 0x00, 0x00, 0x00, 0x00, 0x00, 0x00,
    0x00, 0x00, 0x00, 0x00, 0x00, 0x00, 0x00, 0x00, 0x00, 0x00, 0x00, 0x00, 0x00, 0x00, 0x00, 0x00,
    0x00, 0x00, 0x00, 0x00, 0x00, 0x00, 0x00, 0x00, 0x00, 0x00, 0x00, 0x00, 0x00, 0x00, 0x00, 0x00,
    0x00, 0x00, 0x00, 0x00, 0x00, 0x00, 0x00, 0x00, 0x00, 0x00, 0x00, 0x00, 0x00, 0x00, 0x00, 0x00,
    0x00, 0x00, 0x00, 0x00, 0x00, 0x00, 0x00, 0x00, 0x00, 0x00, 0x00, 0x00, 0x00, 0x00, 0x00, 0x00,
    0x00, 0x00, 0x00, 0x00, 0x00, 0x00, 0x00, 0x00, 0x00, 0x00, 0x00, 0x00, 0x00, 0x00, 0x00, 0x00,
    0x00, 0x00, 0x00, 0x00, 0x00, 0x00, 0x00, 0x00, 0x00, 0x00, 0x00, 0x00, 0x00, 0x00, 0x00, 0x00,
    0x00, 0x00, 0x00, 0x00, 0x00, 0x00, 0x00, 0x00, 0x00, 0x00, 0x00, 0x00, 0x00, 0x00, 0x00, 0x00,
    0x00, 0x00, 0x00, 0x00, 0x00, 0x00, 0x00, 0x00, 0x00, 0x00, 0x00, 0x00, 0x00, 0x00, 0x00, 0x00,
    0x00, 0x00, 0x00, 0x00, 0x00, 0x00, 0x00, 0x00, 0x00, 0x00, 0x00, 0x00, 0x00, 0x00, 0x00, 0x00,
    0x00, 0x00, 0x00, 0x00, 0x00, 0x00, 0x00, 0x00, 0x00, 0x00, 0x00, 0x00, 0x00, 0x00, 0x00, 0x00,
    0x00, 0x00, 0x00, 0x00, 0x00, 0x00, 0x00, 0x00, 0x00, 0x00, 0x00, 0x00, 0x00, 0x00, 0x00, 0x00,
    0x00, 0x00, 0x00, 0x00, 0x00, 0x00, 0x00, 0x00, 0x00, 0x00, 0x00, 0x00, 0x00, 0x00, 0x00, 0x00,
    0x00, 0x00, 0x00, 0x00, 0x00, 0x00, 0x00, 0x00, 0x00, 0x00, 0x00, 0x00, 0x00, 0x00, 0x00, 0x00,
    0x00, 0x00, 0x00, 0x00, 0x00, 0x00, 0x00, 0x00, 0x00, 0x00, 0x00, 0x00, 0x00, 0x00, 0x00, 0x00,
    0x00, 0x00, 0x00, 0x00, 0x00, 0x00, 0x00, 0x00, 0x00, 0x00, 0x00, 0x00, 0x00, 0x00, 0x00, 0x00,
    0x00, 0x00, 0x00, 0x00, 0x00, 0x00, 0x00, 0x00, 0x00, 0x00, 0x00, 0x00, 0x00, 0x00, 0x00, 0x00,
    0x00, 0x00, 0x00, 0x00, 0x00, 0x00, 0x00, 0x00, 0x00, 0x00, 0x00, 0x00, 0x00, 0x00, 0x00, 0x00,
    0x00, 0x00, 0x00, 0x00, 0x00, 0x00, 0x00, 0x00, 0x00, 0x00, 0x00, 0x00, 0x00, 0x00, 0x00, 0x00,
    0x00, 0x00, 0x00, 0x00, 0x00, 0x00, 0x00, 0x00, 0x00, 0x00, 0x00, 0x00, 0x00, 0x00, 0x00, 0x00,
    0x00, 0x00, 0x00, 0x00, 0x00, 0x00, 0x00, 0x00, 0x00, 0x00, 0x00, 0x00, 0x00, 0x00, 0x00, 0x00,
    0x00, 0x00, 0x00, 0x00, 0x00, 0x00, 0x00, 0x00, 0x00, 0x00, 0x00, 0x00, 0x00, 0x00, 0x00, 0x00,
    0x00, 0x00, 0x00, 0x00, 0x00, 0x00, 0x00, 0x00, 0x00, 0x00, 0x00, 0x00, 0x00, 0x00, 0x00, 0x00,
    0x00, 0x00, 0x00, 0x00, 0x00, 0x00, 0x00, 0x00, 0x00, 0x00, 0x00, 0x00, 0x00, 0x00, 0x00, 0x00,
    0x00, 0x00, 0x00, 0x00, 0x00, 0x00, 0x00, 0x00, 0x00, 0x00, 0x00, 0x00, 0x00, 0x00, 0x00, 0x00,
    0x00, 0x00, 0x00, 0x00, 0x00, 0x00, 0x00, 0x00, 0x00, 0x00, 0x00, 0x00, 0x00, 0x00, 0x00, 0x00,
    0x00, 0x00, 0x00, 0x00, 0x00, 0x00, 0x00, 0x00, 0x00, 0x00, 0x00, 0x00, 0x00, 0x00, 0x00, 0x00,
    0x00, 0x00, 0x00, 0x00, 0x00, 0x00, 0x00, 0x00, 0x00, 0x00, 0x00, 0x00, 0x00, 0x00, 0x00, 0x00,
    0x00, 0x00, 0x00, 0x00, 0x00, 0x00, 0x00, 0x00, 0x00, 0x00, 0x00, 0x00, 0x00, 0x00, 0x00, 0x00,
    0x00, 0x00, 0x00, 0x00, 0x00, 0x00, 0x00, 0x00, 0x00, 0x00, 0x00, 0x00, 0x00, 0x00, 0x00, 0x00,
    0x00, 0x00, 0x00, 0x00, 0x00, 0x00, 0x00, 0x00, 0x00, 0x00, 0x00, 0x00, 0x00, 0x00, 0x00, 0x00,
    0x00, 0x00, 0x00, 0x00, 0x00, 0x00, 0x00, 0x00, 0x00, 0x00, 0x00, 0x00, 0x00, 0x00, 0x00, 0x00,
    0x00, 0x00, 0x00, 0x00, 0x00, 0x00, 0x00, 0x00, 0x00, 0x00, 0x00, 0x00, 0x00, 0x00, 0x00, 0x00,
    0x00, 0x00, 0x00, 0x00, 0x00, 0x00, 0x00, 0x00, 0x00, 0x00, 0x00, 0x00, 0x00, 0x00, 0x00, 0x00,
    0x00, 0x00, 0x00, 0x00, 0x00, 0x00, 0x00, 0x00, 0x00, 0x00, 0x00, 0x00, 0x00, 0x00, 0x00, 0x00,
    0x00, 0x00, 0x00, 0x00, 0x00, 0x00, 0x00, 0x00, 0x00, 0x00, 0x00, 0x00, 0x00, 0x00, 0x00, 0x00,
    0x00, 0x00, 0x00, 0x00, 0x00, 0x00, 0x00, 0x00, 0x00, 0x00, 0x00, 0x00, 0x00, 0x00, 0x00, 0x00,
    0x00, 0x00, 0x00, 0x00, 0x00, 0x00, 0x00, 0x00, 0x00, 0x00, 0x00, 0x00, 0x00, 0x00, 0x00, 0x00,
    0x00, 0x00, 0x00, 0x00, 0x00, 0x00, 0x00, 0x00, 0x00, 0x00, 0x00, 0x00, 0x00, 0x00, 0x00, 0x00,
    0x00, 0x00, 0x00, 0x00, 0x00, 0x00, 0x00, 0x00, 0x00, 0x00, 0x00, 0x00, 0x00, 0x00, 0x00, 0x00,
    0x00, 0x00, 0x00, 0x00, 0x00, 0x00, 0x00, 0x00, 0x00, 0x00, 0x00, 0x00, 0x00, 0x00, 0x00, 0x00,
    0x00, 0x00, 0x00, 0x00, 0x00, 0x00, 0x00, 0x00, 0x00, 0x00, 0x00, 0x00, 0x00, 0x00, 0x00, 0x00,
    0x00, 0x00, 0x00, 0x00, 0x00, 0x00, 0x00, 0x00, 0x00, 0x00, 0x00, 0x00, 0x00, 0x00, 0x00, 0x00,
    0x00, 0x00, 0x00, 0x00, 0x00, 0x00, 0x00, 0x00, 0x00, 0x00, 0x00, 0x00, 0x00, 0x00, 0x00, 0x00,
    0x00, 0x00, 0x00, 0x00, 0x00, 0x00, 0x00, 0x00, 0x00, 0x00, 0x00, 0x00, 0x00, 0x00, 0x00, 0x00,
    0x00, 0x00, 0x00, 0x00, 0x00, 0x00, 0x00, 0x00, 0x00, 0x00, 0x00, 0x00, 0x00, 0x00, 0x00, 0x00,
    0x00, 0x00, 0x00, 0x00, 0x00, 0x00, 0x00, 0x00, 0x00, 0x00, 0x00, 0x00, 0x00, 0x00, 0x00, 0x00,
    0x00, 0x00, 0x00, 0x00, 0x00, 0x00, 0x00, 0x00, 0x00, 0x00, 0x00, 0x00, 0x00, 0x00, 0x00, 0x00,
    0x00, 0x00, 0x00, 0x00, 0x00, 0x00, 0x00, 0x00, 0x00, 0x00, 0x00, 0x00, 0x00, 0x00, 0x00, 0x00,
    0x00, 0x00, 0x00, 0x00, 0x00, 0x00, 0x00, 0x00, 0x00, 0x00, 0x00, 0x00, 0x00, 0x00, 0x00, 0x00,
    0x00, 0x00, 0x00, 0x00, 0x00, 0x00, 0x00, 0x00, 0x00, 0x00, 0x00, 0x00, 0x00, 0x00, 0x00, 0x00,
    0x00, 0x00, 0x00, 0x00, 0x00, 0x00, 0x00, 0x00, 0x00, 0x00, 0x00, 0x00, 0x00, 0x00, 0x00, 0x00,
    0x00, 0x00, 0x00, 0x00, 0x00, 0x00, 0x00, 0x00, 0x00, 0x00, 0x00, 0x00, 0x00, 0x00, 0x00, 0x00,
    0x00, 0x00, 0x00, 0x00, 0x00, 0x00, 0x00, 0x00, 0x00, 0x00, 0x00, 0x00, 0xFF, 0xFF, 0xFF, 0x01,
    0xFF, 0xFF, 0xFF, 0x02, 0xFF, 0xFF, 0xFF, 0x02, 0xFF, 0xFF, 0xFF, 0x02, 0xFF, 0xFF, 0xFF, 0x02,
    0xFF, 0xFF, 0xFF, 0x01, 0x00, 0x00, 0x00, 0x00, 0x00, 0x00, 0x00, 0x00, 0x00, 0x00, 0x00, 0x00,
    0x00, 0x00, 0x00, 0x00, 0x00, 0x00, 0x00, 0x00, 0x00, 0x00, 0x00, 0x00, 0x00, 0x00, 0x00, 0x00,
    0x00, 0x00, 0x00, 0x00, 0x00, 0x00, 0x00, 0x00, 0x00, 0x00, 0x00, 0x00, 0x00, 0x00, 0x00, 0x00,
    0x00, 0x00, 0x00, 0x00, 0x00, 0x00, 0x00, 0x00, 0x00, 0x00, 0x00, 0x00, 0x00, 0x00, 0x00, 0x00,
    0x00, 0x00, 0x00, 0x00, 0x00, 0x00, 0x00, 0x00, 0x00, 0x00, 0x00, 0x00, 0x00, 0x00, 0x00, 0x00,
    0x00, 0x00, 0x00, 0x00, 0x00, 0x00, 0x00, 0x00, 0x00, 0x00, 0x00, 0x00, 0x00, 0x00, 0x00, 0x00,
    0x00, 0x00, 0x00, 0x00, 0x00, 0x00, 0x00, 0x00, 0x00, 0x00, 0x00, 0x00, 0x00, 0x00, 0x00, 0x00,
    0x00, 0x00, 0x00, 0x00, 0x00, 0x00, 0x00, 0x00, 0x00, 0x00, 0x00, 0x00, 0x00, 0x00, 0x00, 0x00,
    0x00, 0x00, 0x00, 0x00, 0x00, 0x00, 0x00, 0x00, 0x00, 0x00, 0x00, 0x00, 0x00, 0x00, 0x00, 0x00,
    0x00, 0x00, 0x00, 0x00, 0x00, 0x00, 0x00, 0x00, 0x00, 0x00, 0x00, 0x00, 0x00, 0x00, 0x00, 0x00,
    0x00, 0x00, 0x00, 0x00, 0x00, 0x00, 0x00, 0x00, 0x00, 0x00, 0x00, 0x00, 0x00, 0x00, 0x00, 0x00,
    0x00, 0x00, 0x00, 0x00, 0x00, 0x00, 0x00, 0x00, 0x00, 0x00, 0x00, 0x00, 0x00, 0x00, 0x00, 0x00,
    0x00, 0x00, 0x00, 0x00, 0x00, 0x00, 0x00, 0x00, 0x00, 0x00, 0x00, 0x00, 0x00, 0x00, 0x00, 0x00,
    0x00, 0x00, 0x00, 0x00, 0x00, 0x00, 0x00, 0x00, 0x00, 0x00, 0x00, 0x00, 0xFF, 0xFF, 0xFF, 0x01,
    0xFF, 0xFF, 0xFF, 0x03, 0xBF, 0xBF, 0xBF, 0x04, 0xFF, 0xFF, 0xFF, 0x01, 0x00, 0x00, 0x00, 0x00,
    0x00, 0x00, 0x00, 0x00, 0x00, 0x00, 0x00, 0x00, 0x00, 0x00, 0x00, 0x00, 0x00, 0x00, 0x00, 0x00,
    0x00, 0x00, 0x00, 0x00, 0x00, 0x00, 0x00, 0x00, 0xFF, 0xFF, 0xFF, 0x03, 0xFF, 0xFF, 0xFF, 0x03,
    0xFF, 0xFF, 0xFF, 0x01, 0x00, 0x00, 0x00, 0x00, 0x00, 0x00, 0x00, 0x00, 0x00, 0x00, 0x00, 0x00,
    0x00, 0x00, 0x00, 0x00, 0x00, 0x00, 0x00, 0x00, 0x00, 0x00, 0x00, 0x00, 0x00, 0x00, 0x00, 0x00,
    0x00, 0x00, 0x00, 0x00, 0x00, 0x00, 0x00, 0x00, 0x00, 0x00, 0x00, 0x00, 0x00, 0x00, 0x00, 0x00,
    0x00, 0x00, 0x00, 0x00, 0x00, 0x00, 0x00, 0x00, 0x00, 0x00, 0x00, 0x00, 0x00, 0x00, 0x00, 0x00,
    0x00, 0x00, 0x00, 0x00, 0x00, 0x00, 0x00, 0x00, 0x00, 0x00, 0x00, 0x00, 0x00, 0x00, 0x00, 0x00,
    0x00, 0x00, 0x00, 0x00, 0x00, 0x00, 0x00, 0x00, 0x00, 0x00, 0x00, 0x00, 0x00, 0x00, 0x00, 0x00,
    0x00, 0x00, 0x00, 0x00, 0x00, 0x00, 0x00, 0x00, 0x00, 0x00, 0x00, 0x00, 0x00, 0x00, 0x00, 0x00,
    0x00, 0x00, 0x00, 0x00, 0x00, 0x00, 0x00, 0x00, 0x00, 0x00, 0x00, 0x00, 0x00, 0x00, 0x00, 0x00,
    0x00, 0x00, 0x00, 0x00, 0x00, 0x00, 0x00, 0x00, 0x00, 0x00, 0x00, 0x00, 0x00, 0x00, 0x00, 0x00,
    0x00, 0x00, 0x00, 0x00, 0x00, 0x00, 0x00, 0x00, 0x00, 0x00, 0x00, 0x00, 0x00, 0x00, 0x00, 0x00,
    0x00, 0x00, 0x00, 0x00, 0x00, 0x00, 0x00, 0x00, 0x00, 0x00, 0x00, 0x00, 0x00, 0x00, 0x00, 0x00,
    0x00, 0x00, 0x00, 0x00, 0x00, 0x00, 0x00, 0x00, 0x00, 0x00, 0x00, 0x00, 0x00, 0x00, 0x00, 0x00,
    0x00, 0x00, 0x00, 0x00, 0xFF, 0xFF, 0xFF, 0x01, 0xFF, 0xFF, 0xFF, 0x03, 0x00, 0x00, 0x00, 0x00,
    0x00, 0x00, 0x00, 0x00, 0x00, 0x00, 0x00, 0x00, 0x00, 0x00, 0x00, 0x00, 0xE1, 0xE1, 0xE1, 0x11,
    0xDE, 0xDE, 0xDE, 0x27, 0xE0, 0xE0, 0xE0, 0x32, 0xE1, 0xE1, 0xE1, 0x33, 0xEB, 0xEB, 0xEB, 0x28,
    0xE5, 0xE5, 0xE5, 0x14, 0x00, 0x00, 0x00, 0x00, 0x00, 0x00, 0x00, 0x00, 0x00, 0x00, 0x00, 0x00,
    0x00, 0x00, 0x00, 0x00, 0xFF, 0xFF, 0xFF, 0x03, 0x7F, 0x7F, 0x7F, 0x02, 0x00, 0x00, 0x00, 0x00,
    0x00, 0x00, 0x00, 0x00, 0x00, 0x00, 0x00, 0x00, 0x00, 0x00, 0x00, 0x00, 0x00, 0x00, 0x00, 0x00,
    0x00, 0x00, 0x00, 0x00, 0x00, 0x00, 0x00, 0x00, 0x00, 0x00, 0x00, 0x00, 0x00, 0x00, 0x00, 0x00,
    0x00, 0x00, 0x00, 0x00, 0x00, 0x00, 0x00, 0x00, 0x00, 0x00, 0x00, 0x00, 0x00, 0x00, 0x00, 0x00,
    0x00, 0x00, 0x00, 0x00, 0x00, 0x00, 0x00, 0x00, 0x00, 0x00, 0x00, 0x00, 0x00, 0x00, 0x00, 0x00,
    0x00, 0x00, 0x00, 0x00, 0x00, 0x00, 0x00, 0x00, 0x00, 0x00, 0x00, 0x00, 0x00, 0x00, 0x00, 0x00,
    0x00, 0x00, 0x00, 0x00, 0x00, 0x00, 0x00, 0x00, 0x00, 0x00, 0x00, 0x00, 0x00, 0x00, 0x00, 0x00,
    0x00, 0x00, 0x00, 0x00, 0x00, 0x00, 0x00, 0x00, 0x00, 0x00, 0x00, 0x00, 0x00, 0x00, 0x00, 0x00,
    0x00, 0x00, 0x00, 0x00, 0x00, 0x00, 0x00, 0x00, 0x00, 0x00, 0x00, 0x00, 0x00, 0x00, 0x00, 0x00,
    0x00, 0x00, 0x00, 0x00, 0x00, 0x00, 0x00, 0x00, 0x00, 0x00, 0x00, 0x00, 0x00, 0x00, 0x00, 0x00,
    0x00, 0x00, 0x00, 0x00, 0x00, 0x00, 0x00, 0x00, 0x00, 0x00, 0x00, 0x00, 0x00, 0x00, 0x00, 0x00,
    0x00, 0x00, 0x00, 0x00, 0x00, 0x00, 0x00, 0x00, 0x00, 0x00, 0x00, 0x00, 0x00, 0x00, 0x00, 0x00,
    0xFF, 0xFF, 0xFF, 0x03, 0x00, 0x00, 0x00, 0x00, 0x00, 0x00, 0x00, 0x00, 0xD0, 0xD0, 0xD0, 0x0B,
    0xDD, 0xDD, 0xDD, 0x4D, 0xDE, 0xDE, 0xDE, 0x95, 0xE0, 0xE0, 0xE0, 0xCA, 0xE1, 0xE0, 0xE0, 0xEC,
    0xE4, 0xE3, 0xE3, 0xFB, 0xE8, 0xE7, 0xE8, 0xFF, 0xEB, 0xEA, 0xEA, 0xFF, 0xE9, 0xE9, 0xE9, 0xFC,
    0xEA, 0xE9, 0xE9, 0xEF, 0xEE, 0xED, 0xEE, 0xCE, 0xF0, 0xF0, 0xF0, 0x9C, 0xF0, 0xF0, 0xF0, 0x56,
    0xF0, 0xF0, 0xF0, 0x11, 0x00, 0x00, 0x00, 0x00, 0x00, 0x00, 0x00, 0x00, 0xFF, 0xFF, 0xFF, 0x03,
    0xFF, 0xFF, 0xFF, 0x01, 0x00, 0x00, 0x00, 0x00, 0x00, 0x00, 0x00, 0x00, 0x00, 0x00, 0x00, 0x00,
    0x00, 0x00, 0x00, 0x00, 0x00, 0x00, 0x00, 0x00, 0x00, 0x00, 0x00, 0x00, 0x00, 0x00, 0x00, 0x00,
    0x00, 0x00, 0x00, 0x00, 0x00, 0x00, 0x00, 0x00, 0x00, 0x00, 0x00, 0x00, 0x00, 0x00, 0x00, 0x00,
    0x00, 0x00, 0x00, 0x00, 0x00, 0x00, 0x00, 0x00, 0x00, 0x00, 0x00, 0x00, 0x00, 0x00, 0x00, 0x00,
    0x00, 0x00, 0x00, 0x00, 0x00, 0x00, 0x00, 0x00, 0x00, 0x00, 0x00, 0x00, 0x00, 0x00, 0x00, 0x00,
    0x00, 0x00, 0x00, 0x00, 0x00, 0x00, 0x00, 0x00, 0x00, 0x00, 0x00, 0x00, 0x00, 0x00, 0x00, 0x00,
    0x00, 0x00, 0x00, 0x00, 0x00, 0x00, 0x00, 0x00, 0x00, 0x00, 0x00, 0x00, 0x00, 0x00, 0x00, 0x00,
    0x00, 0x00, 0x00, 0x00, 0x00, 0x00, 0x00, 0x00, 0x00, 0x00, 0x00, 0x00, 0x00, 0x00, 0x00, 0x00,
    0x00, 0x00, 0x00, 0x00, 0x00, 0x00, 0x00, 0x00, 0x00, 0x00, 0x00, 0x00, 0x00, 0x00, 0x00, 0x00,
    0x00, 0x00, 0x00, 0x00, 0x00, 0x00, 0x00, 0x00, 0x00, 0x00, 0x00, 0x00, 0x00, 0x00, 0x00, 0x00,
    0x00, 0x00, 0x00, 0x00, 0x00, 0x00, 0x00, 0x00, 0xFF, 0xFF, 0xFF, 0x01, 0x7F, 0x7F, 0x7F, 0x02,
    0x00, 0x00, 0x00, 0x00, 0xC5, 0xD0, 0xD0, 0x16, 0xDC, 0xDC, 0xDC, 0x7E, 0xDD, 0xDD, 0xDD, 0xDE,
    0xE8, 0xE7, 0xE7, 0xFF, 0xEF, 0xEE, 0xEE, 0xFF, 0xED, 0xEB, 0xEB, 0xFF, 0xEA, 0xE8, 0xE8, 0xFF,
    0xE9, 0xE7, 0xE8, 0xFF, 0xEA, 0xE8, 0xE8, 0xFF, 0xEB, 0xE9, 0xEA, 0xFF, 0xEE, 0xEC, 0xED, 0xFF,
    0xF2, 0xF1, 0xF1, 0xFF, 0xFA, 0xF8, 0xF8, 0xFF, 0xFF, 0xFF, 0xFF, 0xFF, 0xFF, 0xFE, 0xFE, 0xFF,
    0xF6, 0xF4, 0xF4, 0xE5, 0xF7, 0xF7, 0xF7, 0x8A, 0xEE, 0xEE, 0xEE, 0x1F, 0x00, 0x00, 0x00, 0x00,
    0x00, 0x00, 0x00, 0x00, 0xFF, 0xFF, 0xFF, 0x02, 0x00, 0x00, 0x00, 0x00, 0x00, 0x00, 0x00, 0x00,
    0x00, 0x00, 0x00, 0x00, 0x00, 0x00, 0x00, 0x00, 0x00, 0x00, 0x00, 0x00, 0x00, 0x00, 0x00, 0x00,
    0x00, 0x00, 0x00, 0x00, 0x00, 0x00, 0x00, 0x00, 0x00, 0x00, 0x00, 0x00, 0x00, 0x00, 0x00, 0x00,
    0x00, 0x00, 0x00, 0x00, 0x00, 0x00, 0x00, 0x00, 0x00, 0x00, 0x00, 0x00, 0x00, 0x00, 0x00, 0x00,
    0x00, 0x00, 0x00, 0x00, 0x00, 0x00, 0x00, 0x00, 0x00, 0x00, 0x00, 0x00, 0x00, 0x00, 0x00, 0x00,
    0x00, 0x00, 0x00, 0x00, 0x00, 0x00, 0x00, 0x00, 0x00, 0x00, 0x00, 0x00, 0x00, 0x00, 0x00, 0x00,
    0x00, 0x00, 0x00, 0x00, 0x00, 0x00, 0x00, 0x00, 0x00, 0x00, 0x00, 0x00, 0x00, 0x00, 0x00, 0x00,
    0x00, 0x00, 0x00, 0x00, 0x00, 0x00, 0x00, 0x00, 0x00, 0x00, 0x00, 0x00, 0x00, 0x00, 0x00, 0x00,
    0x00, 0x00, 0x00, 0x00, 0x00, 0x00, 0x00, 0x01, 0xAA, 0xAA, 0xAA, 0x03, 0xBF, 0xBF, 0xBF, 0x04,
    0xFF, 0xFF, 0xFF, 0x04, 0xFF, 0xFF, 0xFF, 0x04, 0xFF, 0xFF, 0xFF, 0x03, 0xFF, 0xFF, 0xFF, 0x01,
    0x00, 0x00, 0x00, 0x00, 0xFF, 0xFF, 0xFF, 0x02, 0x00, 0x00, 0x00, 0x00, 0x00, 0x00, 0x00, 0x00,
    0xD7, 0xD7, 0xD7, 0x68, 0xDC, 0xDB, 0xDC, 0xE6, 0xEA, 0xE8, 0xE9, 0xFF, 0xE4, 0xE2, 0xE2, 0xFF,
    0xDF, 0xDD, 0xDD, 0xFD, 0xE3, 0xE0, 0xE0, 0xFB, 0xE4, 0xE2, 0xE2, 0xFD, 0xE7, 0xE4, 0xE4, 0xFE,
    0xEA, 0xE6, 0xE7, 0xFE, 0xEC, 0xE9, 0xE9, 0xFF, 0xED, 0xEA, 0xEB, 0xFF, 0xEF, 0xEC, 0xEC, 0xFE,
    0xF0, 0xED, 0xED, 0xFE, 0xF1, 0xEF, 0xEF, 0xFD, 0xF3, 0xF1, 0xF1, 0xFB, 0xF4, 0xF2, 0xF2, 0xFC,
    0xFA, 0xF9, 0xF9, 0xFF, 0xFF, 0xFF, 0xFF, 0xFF, 0xF9, 0xF9, 0xF9, 0xEE, 0xF4, 0xF4, 0xF4, 0x79,
    0xAA, 0xAA, 0xAA, 0x03, 0x00, 0x00, 0x00, 0x00, 0xFF, 0xFF, 0xFF, 0x03, 0x00, 0x00, 0x00, 0x00,
    0x00, 0x00, 0x00, 0x00, 0x00, 0x00, 0x00, 0x00, 0x00, 0x00, 0x00, 0x00, 0x00, 0x00, 0x00, 0x00,
    0x00, 0x00, 0x00, 0x00, 0x00, 0x00, 0x00, 0x00, 0x00, 0x00, 0x00, 0x00, 0x00, 0x00, 0x00, 0x00,
    0x00, 0x00, 0x00, 0x00, 0x00, 0x00, 0x00, 0x00, 0x00, 0x00, 0x00, 0x00, 0x00, 0x00, 0x00, 0x00,
    0x00, 0x00, 0x00, 0x00, 0x00, 0x00, 0x00, 0x00, 0x00, 0x00, 0x00, 0x00, 0x00, 0x00, 0x00, 0x00,
    0x00, 0x00, 0x00, 0x00, 0x00, 0x00, 0x00, 0x00, 0x00, 0x00, 0x00, 0x00, 0x00, 0x00, 0x00, 0x00,
    0x00, 0x00, 0x00, 0x00, 0x00, 0x00, 0x00, 0x00, 0x00, 0x00, 0x00, 0x00, 0x00, 0x00, 0x00, 0x00,
    0x00, 0x00, 0x00, 0x00, 0x00, 0x00, 0x00, 0x00, 0x00, 0x00, 0x00, 0x00, 0x00, 0x00, 0x00, 0x00,
    0xFF, 0xFF, 0xFF, 0x03, 0x00, 0x00, 0x00, 0x00, 0x00, 0x00, 0x00, 0x00, 0x00, 0x00, 0x00, 0x00,
    0x00, 0x00, 0x00, 0x00, 0x00, 0x00, 0x00, 0x00, 0x00, 0x00, 0x00, 0x00, 0x00, 0x00, 0x00, 0x00,
    0xCC, 0xCC, 0xCC, 0x05, 0x00, 0x00, 0x00, 0x00, 0xBF, 0xBF, 0xBF, 0x14, 0xDA, 0xD8, 0xD8, 0xAE,
    0xE6, 0xE5, 0xE5, 0xFF, 0xDF, 0xDD, 0xDD, 0xFF, 0xDD, 0xDA, 0xDB, 0xFB, 0xE0, 0xDD, 0xDE, 0xFD,
    0xE3, 0xDF, 0xE0, 0xFF, 0xE6, 0xE1, 0xE2, 0xFF, 0xE8, 0xE4, 0xE4, 0xFF, 0xEA, 0xE6, 0xE6, 0xFF,
    0xEC, 0xE8, 0xE8, 0xFF, 0xEE, 0xE9, 0xEA, 0xFF, 0xF0, 0xEB, 0xEC, 0xFF, 0xF1, 0xED, 0xEE, 0xFF,
    0xF2, 0xEF, 0xF0, 0xFF, 0xF4, 0xF1, 0xF1, 0xFF, 0xF6, 0xF2, 0xF3, 0xFF, 0xF6, 0xF4, 0xF4, 0xFF,
    0xF6, 0xF3, 0xF4, 0xFE, 0xF7, 0xF5, 0xF5, 0xFB, 0xFB, 0xFA, 0xFA, 0xFF, 0xFF, 0xFF, 0xFF, 0xFF,
    0xF8, 0xF8, 0xF8, 0xC2, 0xF0, 0xF0, 0xF0, 0x22, 0x00, 0x00, 0x00, 0x00, 0xFF, 0xFF, 0xFF, 0x03,
    0x00, 0x00, 0x00, 0x00, 0x00, 0x00, 0x00, 0x00, 0x00, 0x00, 0x00, 0x00, 0x00, 0x00, 0x00, 0x00,
    0x00, 0x00, 0x00, 0x00, 0x00, 0x00, 0x00, 0x00, 0x00, 0x00, 0x00, 0x00, 0x00, 0x00, 0x00, 0x00,
    0x00, 0x00, 0x00, 0x00, 0x00, 0x00, 0x00, 0x00, 0x00, 0x00, 0x00, 0x00, 0x00, 0x00, 0x00, 0x00,
    0x00, 0x00, 0x00, 0x00, 0x00, 0x00, 0x00, 0x00, 0x00, 0x00, 0x00, 0x00, 0x00, 0x00, 0x00, 0x00,
    0x00, 0x00, 0x00, 0x00, 0x00, 0x00, 0x00, 0x00, 0x00, 0x00, 0x00, 0x00, 0x00, 0x00, 0x00, 0x00,
    0x00, 0x00, 0x00, 0x00, 0x00, 0x00, 0x00, 0x00, 0x00, 0x00, 0x00, 0x00, 0x00, 0x00, 0x00, 0x00,
    0x00, 0x00, 0x00, 0x00, 0x00, 0x00, 0x00, 0x00, 0x00, 0x00, 0x00, 0x01, 0xFF, 0xFF, 0xFF, 0x02,
    0x00, 0x00, 0x00, 0x00, 0x00, 0x00, 0x00, 0x00, 0xE6, 0xE6, 0xE6, 0x34, 0xE5, 0xE5, 0xE5, 0x63,
    0xE3, 0xE3, 0xE3, 0x77, 0xE9, 0xE9, 0xE9, 0x6A, 0xEB, 0xEF, 0xEF, 0x41, 0xD4, 0xD4, 0xD4, 0x0C,
    0x00, 0x00, 0x00, 0x00, 0xCE, 0xCE, 0xCE, 0x25, 0xD9, 0xD7, 0xD7, 0xD7, 0xE6, 0xE4, 0xE4, 0xFF,
    0xDA, 0xD7, 0xD7, 0xFB, 0xDC, 0xD8, 0xD9, 0xFE, 0xE0, 0xDC, 0xDD, 0xFF, 0xE2, 0xDE, 0xDF, 0xFF,
    0xE5, 0xE0, 0xE1, 0xFF, 0xE7, 0xE2, 0xE3, 0xFF, 0xE9, 0xE4, 0xE5, 0xFF, 0xEC, 0xE6, 0xE7, 0xFF,
    0xED, 0xE8, 0xE9, 0xFF, 0xEF, 0xEA, 0xEB, 0xFF, 0xF1, 0xEC, 0xED, 0xFF, 0xF3, 0xED, 0xEE, 0xFF,
    0xF4, 0xEF, 0xF0, 0xFF, 0xF5, 0xF1, 0xF2, 0xFF, 0xF7, 0xF2, 0xF3, 0xFF, 0xF8, 0xF4, 0xF5, 0xFF,
    0xF9, 0xF5, 0xF6, 0xFF, 0xFA, 0xF7, 0xF7, 0xFF, 0xF9, 0xF7, 0xF7, 0xFE, 0xF9, 0xF7, 0xF7, 0xFB,
    0xFF, 0xFF, 0xFF, 0xFF, 0xFB, 0xFB, 0xFB, 0xE5, 0xF5, 0xF5, 0xF5, 0x35, 0x00, 0x00, 0x00, 0x00,
    0xFF, 0xFF, 0xFF, 0x03, 0x00, 0x00, 0x00, 0x00, 0x00, 0x00, 0x00, 0x00, 0x00, 0x00, 0x00, 0x00,
    0x00, 0x00, 0x00, 0x00, 0x00, 0x00, 0x00, 0x00, 0x00, 0x00, 0x00, 0x00, 0x00, 0x00, 0x00, 0x00,
    0x00, 0x00, 0x00, 0x00, 0x00, 0x00, 0x00, 0x00, 0x00, 0x00, 0x00, 0x00, 0x00, 0x00, 0x00, 0x00,
    0x00, 0x00, 0x00, 0x00, 0x00, 0x00, 0x00, 0x00, 0x00, 0x00, 0x00, 0x00, 0x00, 0x00, 0x00, 0x00,
    0x00, 0x00, 0x00, 0x00, 0x00, 0x00, 0x00, 0x00, 0x00, 0x00, 0x00, 0x00, 0x00, 0x00, 0x00, 0x00,
    0x00, 0x00, 0x00, 0x00, 0x00, 0x00, 0x00, 0x00, 0x00, 0x00, 0x00, 0x00, 0x00, 0x00, 0x00, 0x00,
    0x00, 0x00, 0x00, 0x00, 0x00, 0x00, 0x00, 0x01, 0xFF, 0xFF, 0xFF, 0x01, 0x00, 0x00, 0x00, 0x00,
    0xD6, 0xD6, 0xD6, 0x58, 0xDF, 0xDF, 0xDF, 0xCD, 0xE4, 0xE3, 0xE3, 0xFF, 0xF0, 0xEF, 0xEF, 0xFF,
    0xF5, 0xF4, 0xF4, 0xFF, 0xF6, 0xF5, 0xF5, 0xFF, 0xF2, 0xF2, 0xF2, 0xFF, 0xEC, 0xEC, 0xEC, 0xE0,
    0xE4, 0xE4, 0xE4, 0x85, 0xD1, 0xD0, 0xD0, 0xDC, 0xE4, 0xE1, 0xE2, 0xFF, 0xD8, 0xD5, 0xD5, 0xFB,
    0xDD, 0xD8, 0xD9, 0xFF, 0xDF, 0xDA, 0xDC, 0xFF, 0xE2, 0xDD, 0xDE, 0xFF, 0xE4, 0xDF, 0xDF, 0xFF,
    0xE7, 0xE0, 0xE2, 0xFF, 0xE9, 0xE3, 0xE4, 0xFF, 0xEB, 0xE4, 0xE6, 0xFF, 0xED, 0xE7, 0xE8, 0xFF,
    0xEE, 0xE8, 0xE9, 0xFF, 0xF1, 0xEA, 0xEB, 0xFF, 0xF2, 0xEC, 0xED, 0xFF, 0xF4, 0xED, 0xEE, 0xFF,
    0xF5, 0xEF, 0xF0, 0xFF, 0xF7, 0xF1, 0xF2, 0xFF, 0xF8, 0xF2, 0xF3, 0xFF, 0xF9, 0xF4, 0xF5, 0xFF,
    0xFA, 0xF6, 0xF6, 0xFF, 0xFB, 0xF7, 0xF8, 0xFF, 0xFC, 0xF8, 0xF9, 0xFF, 0xFC, 0xF9, 0xFA, 0xFF,
    0xFB, 0xF9, 0xF9, 0xFB, 0xFF, 0xFF, 0xFF, 0xFF, 0xFC, 0xFC, 0xFC, 0xED, 0xF4, 0xF4, 0xF4, 0x31,
    0x00, 0x00, 0x00, 0x00, 0xFF, 0xFF, 0xFF, 0x02, 0x00, 0x00, 0x00, 0x00, 0x00, 0x00, 0x00, 0x00,
    0x00, 0x00, 0x00, 0x00, 0x00, 0x00, 0x00, 0x00, 0x00, 0x00, 0x00, 0x00, 0x00, 0x00, 0x00, 0x00,
    0x00, 0x00, 0x00, 0x00, 0x00, 0x00, 0x00, 0x00, 0x00, 0x00, 0x00, 0x00, 0x00, 0x00, 0x00, 0x00,
    0x00, 0x00, 0x00, 0x00, 0x00, 0x00, 0x00, 0x00, 0x00, 0x00, 0x00, 0x00, 0x00, 0x00, 0x00, 0x00,
    0x00, 0x00, 0x00, 0x00, 0x00, 0x00, 0x00, 0x00, 0x00, 0x00, 0x00, 0x00, 0x00, 0x00, 0x00, 0x00,
    0x00, 0x00, 0x00, 0x00, 0x00, 0x00, 0x00, 0x00, 0x00, 0x00, 0x00, 0x00, 0x00, 0x00, 0x00, 0x00,
    0xFF, 0xFF, 0xFF, 0x01, 0xAA, 0xAA, 0xAA, 0x03, 0xFF, 0xFF, 0xFF, 0x02, 0xD7, 0xD5, 0xD5, 0x9A,
    0xE7, 0xE6, 0xE6, 0xFF, 0xE5, 0xE4, 0xE4, 0xFF, 0xDE, 0xDD, 0xDD, 0xFE, 0xE0, 0xDF, 0xDF, 0xFC,
    0xE2, 0xE1, 0xE1, 0xFB, 0xE2, 0xE1, 0xE1, 0xFB, 0xE0, 0xE0, 0xE0, 0xFD, 0xE6, 0xE5, 0xE5, 0xFF,
    0xE5, 0xE4, 0xE4, 0xFF, 0xD9, 0xD6, 0xD7, 0xFF, 0xD8, 0xD4, 0xD4, 0xFD, 0xDC, 0xD7, 0xD8, 0xFF,
    0xDE, 0xD9, 0xDA, 0xFF, 0xE1, 0xDB, 0xDC, 0xFF, 0xE3, 0xDD, 0xDE, 0xFF, 0xE6, 0xDF, 0xE0, 0xFF,
    0xE9, 0xE1, 0xE2, 0xFF, 0xEA, 0xE3, 0xE4, 0xFF, 0xEC, 0xE4, 0xE6, 0xFF, 0xEE, 0xE7, 0xE8, 0xFF,
    0xF0, 0xE8, 0xEA, 0xFF, 0xF1, 0xEA, 0xEB, 0xFF, 0xF4, 0xEC, 0xED, 0xFF, 0xF5, 0xED, 0xEF, 0xFF,
    0xF6, 0xEF, 0xF0, 0xFF, 0xF7, 0xF1, 0xF2, 0xFF, 0xF9, 0xF2, 0xF3, 0xFF, 0xFA, 0xF4, 0xF5, 0xFF,
    0xFB, 0xF5, 0xF6, 0xFF, 0xFC, 0xF7, 0xF7, 0xFF, 0xFD, 0xF8, 0xF9, 0xFF, 0xFD, 0xF9, 0xFA, 0xFF,
    0xFE, 0xFB, 0xFB, 0xFF, 0xFC, 0xF9, 0xFA, 0xFC, 0xFF, 0xFF, 0xFF, 0xFF, 0xFB, 0xFA, 0xFA, 0xE1,
    0xE8, 0xF3, 0xF3, 0x17, 0xFF, 0xFF, 0xFF, 0x01, 0xFF, 0xFF, 0xFF, 0x02, 0x00, 0x00, 0x00, 0x00,
    0x00, 0x00, 0x00, 0x00, 0x00, 0x00, 0x00, 0x00, 0x00, 0x00, 0x00, 0x00, 0x00, 0x00, 0x00, 0x00,
    0x00, 0x00, 0x00, 0x00, 0x00, 0x00, 0x00, 0x00, 0x00, 0x00, 0x00, 0x00, 0x00, 0x00, 0x00, 0x00,
    0x00, 0x00, 0x00, 0x00, 0x00, 0x00, 0x00, 0x00, 0x00, 0x00, 0x00, 0x00, 0x00, 0x00, 0x00, 0x00,
    0x00, 0x00, 0x00, 0x00, 0x00, 0x00, 0x00, 0x00, 0x00, 0x00, 0x00, 0x00, 0x00, 0x00, 0x00, 0x00,
    0x00, 0x00, 0x00, 0x00, 0x00, 0x00, 0x00, 0x00, 0x00, 0x00, 0x00, 0x00, 0x00, 0x00, 0x00, 0x00,
    0xAA, 0xAA, 0xAA, 0x03, 0x00, 0x00, 0x00, 0x00, 0xD2, 0xD2, 0xD2, 0x99, 0xEA, 0xE9, 0xE9, 0xFF,
    0xDA, 0xD9, 0xD9, 0xFA, 0xDC, 0xDA, 0xDA, 0xFD, 0xDE, 0xDD, 0xDD, 0xFF, 0xDF, 0xDE, 0xDE, 0xFF,
    0xDE, 0xDD, 0xDD, 0xFF, 0xDA, 0xD9, 0xDA, 0xFF, 0xD5, 0xD5, 0xD5, 0xFF, 0xD1, 0xD1, 0xD1, 0xFD,
    0xD4, 0xD2, 0xD2, 0xFB, 0xD7, 0xD3, 0xD3, 0xFE, 0xDB, 0xD6, 0xD7, 0xFF, 0xDD, 0xD7, 0xD8, 0xFF,
    0xE0, 0xD9, 0xDB, 0xFF, 0xE3, 0xDB, 0xDD, 0xFF, 0xE5, 0xDD, 0xDF, 0xFF, 0xE7, 0xDF, 0xE0, 0xFF,
    0xEA, 0xE1, 0xE2, 0xFF, 0xEB, 0xE3, 0xE5, 0xFF, 0xEE, 0xE4, 0xE6, 0xFF, 0xEF, 0xE6, 0xE8, 0xFF,
    0xF1, 0xE8, 0xEA, 0xFF, 0xF2, 0xEA, 0xEB, 0xFF, 0xF4, 0xEB, 0xED, 0xFF, 0xF6, 0xED, 0xEF, 0xFF,
    0xF7, 0xEF, 0xF0, 0xFF, 0xF8, 0xF0, 0xF2, 0xFF, 0xF9, 0xF2, 0xF3, 0xFF, 0xFB, 0xF3, 0xF5, 0xFF,
    0xFC, 0xF5, 0xF6, 0xFF, 0xFD, 0xF6, 0xF7, 0xFF, 0xFE, 0xF8, 0xF9, 0xFF, 0xFE, 0xF9, 0xFA, 0xFF,
    0xFE, 0xFA, 0xFB, 0xFF, 0xFF, 0xFB, 0xFC, 0xFF, 0xFD, 0xFA, 0xFB, 0xFB, 0xFF, 0xFF, 0xFF, 0xFF,
    0xF9, 0xF9, 0xF9, 0xB5, 0x00, 0x00, 0x00, 0x00, 0xFF, 0xFF, 0xFF, 0x03, 0x00, 0x00, 0x00, 0x00,
    0x00, 0x00, 0x00, 0x00, 0x00, 0x00, 0x00, 0x00, 0x00, 0x00, 0x00, 0x00, 0x00, 0x00, 0x00, 0x00,
    0x00, 0x00, 0x00, 0x00, 0x00, 0x00, 0x00, 0x00, 0x00, 0x00, 0x00, 0x00, 0x00, 0x00, 0x00, 0x00,
    0x00, 0x00, 0x00, 0x00, 0x00, 0x00, 0x00, 0x00, 0x00, 0x00, 0x00, 0x00, 0x00, 0x00, 0x00, 0x00,
    0x00, 0x00, 0x00, 0x00, 0x00, 0x00, 0x00, 0x00, 0x00, 0x00, 0x00, 0x00, 0x00, 0x00, 0x00, 0x00,
    0x00, 0x00, 0x00, 0x00, 0xFF, 0xFF, 0xFF, 0x01, 0xFF, 0xFF, 0xFF, 0x02, 0xB6, 0xB6, 0xB6, 0x07,
    0xFF, 0xFF, 0xFF, 0x01, 0xD0, 0xD0, 0xD3, 0x53, 0xE2, 0xE1, 0xE2, 0xFF, 0xD8, 0xD7, 0xD7, 0xFA,
    0xDA, 0xD8, 0xD9, 0xFE, 0xDC, 0xDB, 0xDB, 0xFF, 0xDD, 0xDB, 0xDB, 0xFF, 0xDB, 0xD9, 0xDA, 0xFF,
    0xD6, 0xD5, 0xD5, 0xFF, 0xD2, 0xD1, 0xD1, 0xFF, 0xD1, 0xD1, 0xD1, 0xFF, 0xD4, 0xD2, 0xD2, 0xFF,
    0xD7, 0xD3, 0xD4, 0xFF, 0xD9, 0xD4, 0xD6, 0xFF, 0xDD, 0xD6, 0xD7, 0xFF, 0xDF, 0xD8, 0xD9, 0xFF,
    0xE2, 0xDA, 0xDB, 0xFF, 0xE4, 0xDC, 0xDD, 0xFF, 0xE7, 0xDD, 0xDF, 0xFF, 0xE9, 0xDF, 0xE1, 0xFF,
    0xEB, 0xE1, 0xE3, 0xFF, 0xEC, 0xE2, 0xE5, 0xFF, 0xEE, 0xE4, 0xE6, 0xFF, 0xF1, 0xE6, 0xE8, 0xFF,
    0xF2, 0xE8, 0xEA, 0xFF, 0xF4, 0xE9, 0xEB, 0xFF, 0xF5, 0xEB, 0xED, 0xFF, 0xF6, 0xED, 0xEE, 0xFF,
    0xF7, 0xEE, 0xF0, 0xFF, 0xF9, 0xF0, 0xF1, 0xFF, 0xFA, 0xF1, 0xF3, 0xFF, 0xFB, 0xF3, 0xF4, 0xFF,
    0xFC, 0xF4, 0xF6, 0xFF, 0xFD, 0xF6, 0xF7, 0xFF, 0xFE, 0xF7, 0xF9, 0xFF, 0xFF, 0xF8, 0xFA, 0xFF,
    0xFF, 0xFA, 0xFB, 0xFF, 0xFF, 0xFB, 0xFC, 0xFF, 0xFF, 0xFC, 0xFC, 0xFF, 0xFF, 0xFB, 0xFB, 0xFB,
    0xFF, 0xFF, 0xFF, 0xFF, 0xF9, 0xF6, 0xF6, 0x5E, 0x00, 0x00, 0x00, 0x00, 0xFF, 0xFF, 0xFF, 0x03,
    0x00, 0x00, 0x00, 0x00, 0x00, 0x00, 0x00, 0x00, 0x00, 0x00, 0x00, 0x00, 0x00, 0x00, 0x00, 0x00,
    0x00, 0x00, 0x00, 0x00, 0x00, 0x00, 0x00, 0x00, 0x00, 0x00, 0x00, 0x00, 0x00, 0x00, 0x00, 0x00,
    0x00, 0x00, 0x00, 0x00, 0x00, 0x00, 0x00, 0x00, 0x00, 0x00, 0x00, 0x00, 0x00, 0x00, 0x00, 0x00,
    0x00, 0x00, 0x00, 0x00, 0x00, 0x00, 0x00, 0x00, 0x00, 0x00, 0x00, 0x00, 0xAA, 0xAA, 0xAA, 0x03,
    0xFF, 0xFF, 0xFF, 0x03, 0x00, 0x00, 0x00, 0x00, 0x00, 0x00, 0x00, 0x00, 0x00, 0x00, 0x00, 0x00,
    0x00, 0x00, 0x00, 0x00, 0xCF, 0xCF, 0xCF, 0xD5, 0xDB, 0xDA, 0xDB, 0xFE, 0xD6, 0xD5, 0xD6, 0xFC,
    0xD9, 0xD8, 0xD8, 0xFF, 0xDA, 0xD9, 0xD9, 0xFF, 0xD8, 0xD7, 0xD7, 0xFF, 0xD3, 0xD2, 0xD2, 0xFF,
    0xCF, 0xCF, 0xCF, 0xFF, 0xD1, 0xD0, 0xD0, 0xFF, 0xD4, 0xD2, 0xD3, 0xFF, 0xD7, 0xD3, 0xD4, 0xFF,
    0xD9, 0xD3, 0xD4, 0xFF, 0xDC, 0xD5, 0xD6, 0xFF, 0xDE, 0xD6, 0xD7, 0xFF, 0xE1, 0xD8, 0xD9, 0xFF,
    0xE3, 0xD9, 0xDC, 0xFF, 0xE5, 0xDC, 0xDD, 0xFF, 0xE8, 0xDD, 0xDF, 0xFF, 0xE9, 0xDF, 0xE1, 0xFF,
    0xEC, 0xE1, 0xE3, 0xFF, 0xEE, 0xE2, 0xE5, 0xFF, 0xEF, 0xE4, 0xE6, 0xFF, 0xF1, 0xE6, 0xE8, 0xFF,
    0xF3, 0xE7, 0xEA, 0xFF, 0xF4, 0xE9, 0xEB, 0xFF, 0xF6, 0xEA, 0xEC, 0xFF, 0xF7, 0xEC, 0xEE, 0xFF,
    0xF8, 0xEE, 0xF0, 0xFF, 0xF9, 0xEF, 0xF1, 0xFF, 0xFB, 0xF1, 0xF2, 0xFF, 0xFB, 0xF2, 0xF4, 0xFF,
    0xFD, 0xF4, 0xF6, 0xFF, 0xFE, 0xF5, 0xF7, 0xFF, 0xFF, 0xF7, 0xF8, 0xFF, 0xFF, 0xF8, 0xF9, 0xFF,
    0xFF, 0xF9, 0xFA, 0xFF, 0xFF, 0xFA, 0xFC, 0xFF, 0xFF, 0xFB, 0xFC, 0xFF, 0xFF, 0xFB, 0xFB, 0xFD,
    0xFF, 0xFD, 0xFD, 0xFE, 0xFB, 0xFA, 0xFA, 0xE2, 0xFF, 0xFF, 0xFF, 0x0C, 0xFF, 0xFF, 0xFF, 0x01,
    0xFF, 0xFF, 0xFF, 0x01, 0x00, 0x00, 0x00, 0x00, 0x00, 0x00, 0x00, 0x00, 0x00, 0x00, 0x00, 0x00,
    0x00, 0x00, 0x00, 0x00, 0x00, 0x00, 0x00, 0x00, 0x00, 0x00, 0x00, 0x00, 0x00, 0x00, 0x00, 0x00,
    0x00, 0x00, 0x00, 0x00, 0x00, 0x00, 0x00, 0x00, 0x00, 0x00, 0x00, 0x00, 0x00, 0x00, 0x00, 0x00,
    0x00, 0x00, 0x00, 0x00, 0xFF, 0xFF, 0xFF, 0x02, 0xFF, 0xFF, 0xFF, 0x01, 0x00, 0x00, 0x00, 0x00,
    0x00, 0x00, 0x00, 0x00, 0xEB, 0xEB, 0xEB, 0x0D, 0xE2, 0xE2, 0xE2, 0x36, 0xE5, 0xE5, 0xE5, 0x51,
    0xDE, 0xDE, 0xDE, 0x7F, 0xDC, 0xDB, 0xDB, 0xFF, 0xD8, 0xD8, 0xD8, 0xFE, 0xDA, 0xDA, 0xDA, 0xFF,
    0xDB, 0xDA, 0xDA, 0xFF, 0xD8, 0xD7, 0xD8, 0xFF, 0xD4, 0xD3, 0xD3, 0xFF, 0xCF, 0xCF, 0xCF, 0xFF,
    0xCF, 0xCF, 0xCF, 0xFF, 0xD3, 0xD2, 0xD2, 0xFF, 0xD7, 0xD4, 0xD4, 0xFF, 0xD9, 0xD4, 0xD5, 0xFF,
    0xDB, 0xD4, 0xD5, 0xFF, 0xDD, 0xD5, 0xD6, 0xFF, 0xE0, 0xD6, 0xD8, 0xFF, 0xE2, 0xD8, 0xDA, 0xFF,
    0xE4, 0xDA, 0xDC, 0xFF, 0xE7, 0xDB, 0xDE, 0xFF, 0xE9, 0xDD, 0xDF, 0xFF, 0xEB, 0xDF, 0xE1, 0xFF,
    0xED, 0xE0, 0xE3, 0xFF, 0xEE, 0xE2, 0xE4, 0xFF, 0xF0, 0xE4, 0xE6, 0xFF, 0xF2, 0xE5, 0xE8, 0xFF,
    0xF4, 0xE7, 0xE9, 0xFF, 0xF5, 0xE8, 0xEB, 0xFF, 0xF6, 0xEA, 0xEC, 0xFF, 0xF8, 0xEB, 0xEE, 0xFF,
    0xF9, 0xED, 0xEF, 0xFF, 0xFA, 0xEF, 0xF1, 0xFF, 0xFB, 0xF0, 0xF2, 0xFF, 0xFC, 0xF1, 0xF3, 0xFF,
    0xFD, 0xF3, 0xF5, 0xFF, 0xFE, 0xF4, 0xF7, 0xFF, 0xFF, 0xF6, 0xF8, 0xFF, 0xFF, 0xF7, 0xF9, 0xFF,
    0xFF, 0xF9, 0xFA, 0xFF, 0xFF, 0xFA, 0xFB, 0xFF, 0xFF, 0xFB, 0xFC, 0xFF, 0xFF, 0xFC, 0xFC, 0xFF,
    0xFF, 0xFB, 0xFB, 0xFC, 0xFF, 0xFF, 0xFF, 0xFF, 0xFA, 0xF7, 0xF7, 0x69, 0x00, 0x00, 0x00, 0x00,
    0xFF, 0xFF, 0xFF, 0x04, 0x00, 0x00, 0x00, 0x00, 0x00, 0x00, 0x00, 0x00, 0x00, 0x00, 0x00, 0x00,
    0x00, 0x00, 0x00, 0x00, 0x00, 0x00, 0x00, 0x00, 0x00, 0x00, 0x00, 0x00, 0x00, 0x00, 0x00, 0x00,
    0x00, 0x00, 0x00, 0x00, 0x00, 0x00, 0x00, 0x00, 0x00, 0x00, 0x00, 0x00, 0x00, 0x00, 0x00, 0x00,
    0xFF, 0xFF, 0xFF, 0x03, 0x00, 0x00, 0x00, 0x00, 0x00, 0x00, 0x00, 0x00, 0xDA, 0xDA, 0xDA, 0x46,
    0xE1, 0xE0, 0xE0, 0xA5, 0xE3, 0xE3, 0xE3, 0xE4, 0xE7, 0xE6, 0xE7, 0xFF, 0xF3, 0xF1, 0xF1, 0xFF,
    0xF4, 0xF3, 0xF3, 0xFF, 0xEB, 0xE9, 0xE9, 0xFE, 0xEB, 0xEA, 0xEA, 0xFF, 0xEA, 0xE9, 0xE9, 0xFF,
    0xE7, 0xE6, 0xE6, 0xFF, 0xE1, 0xE0, 0xE0, 0xFF, 0xDA, 0xD9, 0xD9, 0xFF, 0xD5, 0xD4, 0xD4, 0xFF,
    0xD4, 0xD2, 0xD2, 0xFF, 0xD6, 0xD3, 0xD3, 0xFF, 0xD9, 0xD5, 0xD5, 0xFF, 0xDC, 0xD5, 0xD6, 0xFF,
    0xDD, 0xD5, 0xD6, 0xFF, 0xDF, 0xD5, 0xD7, 0xFF, 0xE1, 0xD7, 0xD8, 0xFF, 0xE4, 0xD8, 0xDA, 0xFF,
    0xE6, 0xD9, 0xDC, 0xFF, 0xE8, 0xDB, 0xDD, 0xFF, 0xEA, 0xDD, 0xDF, 0xFF, 0xEC, 0xDE, 0xE1, 0xFF,
    0xEE, 0xE0, 0xE2, 0xFF, 0xEF, 0xE2, 0xE4, 0xFF, 0xF1, 0xE3, 0xE6, 0xFF, 0xF3, 0xE5, 0xE7, 0xFF,
    0xF4, 0xE6, 0xE9, 0xFF, 0xF5, 0xE8, 0xEB, 0xFF, 0xF7, 0xEA, 0xEC, 0xFF, 0xF8, 0xEB, 0xED, 0xFF,
    0xF9, 0xEC, 0xEF, 0xFF, 0xFA, 0xEE, 0xF0, 0xFF, 0xFB, 0xEF, 0xF1, 0xFF, 0xFC, 0xF1, 0xF3, 0xFF,
    0xFE, 0xF2, 0xF4, 0xFF, 0xFE, 0xF4, 0xF6, 0xFF, 0xFF, 0xF5, 0xF7, 0xFF, 0xFF, 0xF7, 0xF8, 0xFF,
    0xFF, 0xF8, 0xF9, 0xFF, 0xFF, 0xF9, 0xFB, 0xFF, 0xFF, 0xFA, 0xFB, 0xFF, 0xFF, 0xFB, 0xFC, 0xFF,
    0xFF, 0xFB, 0xFC, 0xFC, 0xFF, 0xFF, 0xFF, 0xFE, 0xFA, 0xF7, 0xF7, 0xCE, 0xFF, 0xFF, 0xFF, 0x02,
    0xFF, 0xFF, 0xFF, 0x01, 0x00, 0x00, 0x00, 0x00, 0x00, 0x00, 0x00, 0x00, 0x00, 0x00, 0x00, 0x00,
    0x00, 0x00, 0x00, 0x00, 0x00, 0x00, 0x00, 0x00, 0x00, 0x00, 0x00, 0x00, 0x00, 0x00, 0x00, 0x00,
    0x00, 0x00, 0x00, 0x00, 0x00, 0x00, 0x00, 0x00, 0x00, 0x00, 0x00, 0x00, 0xFF, 0xFF, 0xFF, 0x03,
    0x00, 0x00, 0x00, 0x00, 0xD0, 0xD0, 0xD0, 0x2C, 0xDD, 0xDC, 0xDC, 0xB7, 0xE5, 0xE4, 0xE4, 0xFF,
    0xEE, 0xEC, 0xEC, 0xFF, 0xE8, 0xE6, 0xE7, 0xFF, 0xE6, 0xE4, 0xE4, 0xFE, 0xE9, 0xE7, 0xE7, 0xFC,
    0xEC, 0xE9, 0xE9, 0xFC, 0xEE, 0xEB, 0xEC, 0xFF, 0xEF, 0xED, 0xED, 0xFF, 0xF0, 0xED, 0xED, 0xFF,
    0xEE, 0xEC, 0xED, 0xFF, 0xEB, 0xE9, 0xE9, 0xFF, 0xE4, 0xE2, 0xE3, 0xFF, 0xDD, 0xDB, 0xDB, 0xFF,
    0xD9, 0xD5, 0xD6, 0xFF, 0xD8, 0xD4, 0xD5, 0xFF, 0xDB, 0xD5, 0xD6, 0xFF, 0xDE, 0xD5, 0xD7, 0xFF,
    0xE0, 0xD5, 0xD7, 0xFF, 0xE1, 0xD6, 0xD8, 0xFF, 0xE3, 0xD6, 0xD9, 0xFF, 0xE5, 0xD8, 0xDA, 0xFF,
    0xE7, 0xD9, 0xDC, 0xFF, 0xE9, 0xDB, 0xDE, 0xFF, 0xEB, 0xDC, 0xDF, 0xFF, 0xED, 0xDE, 0xE1, 0xFF,
    0xEE, 0xE0, 0xE2, 0xFF, 0xF0, 0xE1, 0xE4, 0xFF, 0xF2, 0xE3, 0xE6, 0xFF, 0xF3, 0xE5, 0xE7, 0xFF,
    0xF4, 0xE6, 0xE9, 0xFF, 0xF6, 0xE7, 0xEA, 0xFF, 0xF7, 0xE9, 0xEB, 0xFF, 0xF9, 0xEB, 0xED, 0xFF,
    0xFA, 0xEC, 0xEF, 0xFF, 0xFB, 0xED, 0xF0, 0xFF, 0xFC, 0xEF, 0xF1, 0xFF, 0xFD, 0xF0, 0xF3, 0xFF,
    0xFE, 0xF1, 0xF4, 0xFF, 0xFF, 0xF3, 0xF5, 0xFF, 0xFF, 0xF4, 0xF6, 0xFF, 0xFF, 0xF6, 0xF8, 0xFF,
    0xFF, 0xF7, 0xF8, 0xFF, 0xFF, 0xF8, 0xFA, 0xFF, 0xFF, 0xF9, 0xFB, 0xFF, 0xFF, 0xFB, 0xFC, 0xFF,
    0xFF, 0xFB, 0xFC, 0xFF, 0xFF, 0xFB, 0xFC, 0xFE, 0xFC, 0xFA, 0xFA, 0xFE, 0xF4, 0xF4, 0xF4, 0x2F,
    0x00, 0x00, 0x00, 0x00, 0xFF, 0xFF, 0xFF, 0x02, 0x00, 0x00, 0x00, 0x00, 0x00, 0x00, 0x00, 0x00,
    0x00, 0x00, 0x00, 0x00, 0x00, 0x00, 0x00, 0x00, 0x00, 0x00, 0x00, 0x00, 0x00, 0x00, 0x00, 0x00,
    0x00, 0x00, 0x00, 0x00, 0x00, 0x00, 0x00, 0x00, 0xBF, 0xBF, 0xBF, 0x04, 0x00, 0x00, 0x00, 0x00,
    0xD3, 0xD0, 0xD0, 0x57, 0xDD, 0xDC, 0xDC, 0xF3, 0xE8, 0xE6, 0xE6, 0xFF, 0xDE, 0xDB, 0xDC, 0xFD,
    0xE1, 0xDF, 0xDF, 0xFC, 0xE5, 0xE1, 0xE2, 0xFE, 0xE9, 0xE5, 0xE6, 0xFF, 0xEC, 0xE8, 0xE9, 0xFF,
    0xEE, 0xEB, 0xEB, 0xFF, 0xF1, 0xED, 0xED, 0xFF, 0xF2, 0xEE, 0xEF, 0xFF, 0xF3, 0xEF, 0xEF, 0xFF,
    0xF3, 0xEF, 0xEF, 0xFF, 0xF0, 0xED, 0xED, 0xFF, 0xEB, 0xE8, 0xE9, 0xFF, 0xE5, 0xE1, 0xE2, 0xFF,
    0xDF, 0xDA, 0xDB, 0xFF, 0xDC, 0xD6, 0xD7, 0xFF, 0xDE, 0xD6, 0xD7, 0xFF, 0xE0, 0xD6, 0xD8, 0xFF,
    0xE1, 0xD6, 0xD8, 0xFF, 0xE2, 0xD6, 0xD8, 0xFF, 0xE4, 0xD6, 0xD9, 0xFF, 0xE6, 0xD8, 0xDA, 0xFF,
    0xE8, 0xD9, 0xDC, 0xFF, 0xEA, 0xDB, 0xDD, 0xFF, 0xEB, 0xDC, 0xDF, 0xFF, 0xED, 0xDE, 0xE1, 0xFF,
    0xEF, 0xDF, 0xE2, 0xFF, 0xF1, 0xE1, 0xE4, 0xFF, 0xF2, 0xE2, 0xE5, 0xFF, 0xF4, 0xE4, 0xE7, 0xFF,
    0xF5, 0xE5, 0xE8, 0xFF, 0xF7, 0xE7, 0xE9, 0xFF, 0xF8, 0xE8, 0xEB, 0xFF, 0xF9, 0xE9, 0xED, 0xFF,
    0xFA, 0xEB, 0xEE, 0xFF, 0xFB, 0xED, 0xEF, 0xFF, 0xFC, 0xEE, 0xF1, 0xFF, 0xFD, 0xEF, 0xF2, 0xFF,
    0xFE, 0xF1, 0xF3, 0xFF, 0xFF, 0xF2, 0xF4, 0xFF, 0xFF, 0xF3, 0xF6, 0xFF, 0xFF, 0xF5, 0xF7, 0xFF,
    0xFF, 0xF6, 0xF8, 0xFF, 0xFF, 0xF7, 0xF9, 0xFF, 0xFF, 0xF8, 0xFA, 0xFF, 0xFF, 0xFA, 0xFB, 0xFF,
    0xFF, 0xFA, 0xFB, 0xFF, 0xFF, 0xF9, 0xFA, 0xFB, 0xFF, 0xFF, 0xFF, 0xFF, 0xF8, 0xF8, 0xF8, 0x71,
    0x00, 0x00, 0x00, 0x00, 0xFF, 0xFF, 0xFF, 0x04, 0x00, 0x00, 0x00, 0x00, 0x00, 0x00, 0x00, 0x00,
    0x00, 0x00, 0x00, 0x00, 0x00, 0x00, 0x00, 0x00, 0x00, 0x00, 0x00, 0x00, 0x00, 0x00, 0x00, 0x00,
    0x00, 0x00, 0x00, 0x00, 0xAA, 0xAA, 0xAA, 0x03, 0x00, 0x00, 0x00, 0x00, 0xCF, 0xCF, 0xCF, 0x61,
    0xE0, 0xDF, 0xDF, 0xFF, 0xDD, 0xDB, 0xDB, 0xFF, 0xDC, 0xD9, 0xDA, 0xFB, 0xE1, 0xDD, 0xDE, 0xFF,
    0xE4, 0xE0, 0xE1, 0xFF, 0xE8, 0xE3, 0xE4, 0xFF, 0xEB, 0xE6, 0xE7, 0xFF, 0xEE, 0xE9, 0xEA, 0xFF,
    0xF1, 0xEB, 0xEC, 0xFF, 0xF3, 0xEE, 0xEF, 0xFF, 0xF5, 0xEF, 0xF0, 0xFF, 0xF6, 0xF1, 0xF1, 0xFF,
    0xF6, 0xF1, 0xF2, 0xFF, 0xF5, 0xF0, 0xF0, 0xFF, 0xF2, 0xEC, 0xEE, 0xFF, 0xEC, 0xE6, 0xE7, 0xFF,
    0xE4, 0xDF, 0xDF, 0xFF, 0xE0, 0xD9, 0xDA, 0xFF, 0xE0, 0xD6, 0xD9, 0xFF, 0xE2, 0xD7, 0xD9, 0xFF,
    0xE3, 0xD7, 0xD9, 0xFF, 0xE4, 0xD6, 0xD9, 0xFF, 0xE6, 0xD7, 0xD9, 0xFF, 0xE7, 0xD8, 0xDA, 0xFF,
    0xE9, 0xD9, 0xDC, 0xFF, 0xEB, 0xDA, 0xDD, 0xFF, 0xEC, 0xDB, 0xDF, 0xFF, 0xEF, 0xDD, 0xE0, 0xFF,
    0xF0, 0xDF, 0xE2, 0xFF, 0xF2, 0xE0, 0xE3, 0xFF, 0xF3, 0xE2, 0xE5, 0xFF, 0xF5, 0xE3, 0xE6, 0xFF,
    0xF6, 0xE5, 0xE8, 0xFF, 0xF7, 0xE6, 0xE9, 0xFF, 0xF8, 0xE7, 0xEA, 0xFF, 0xF9, 0xE9, 0xEC, 0xFF,
    0xFA, 0xEA, 0xED, 0xFF, 0xFB, 0xEB, 0xEF, 0xFF, 0xFC, 0xED, 0xF0, 0xFF, 0xFD, 0xEE, 0xF1, 0xFF,
    0xFE, 0xF0, 0xF2, 0xFF, 0xFF, 0xF1, 0xF3, 0xFF, 0xFF, 0xF3, 0xF5, 0xFF, 0xFF, 0xF4, 0xF6, 0xFF,
    0xFF, 0xF5, 0xF7, 0xFF, 0xFF, 0xF6, 0xF8, 0xFF, 0xFF, 0xF7, 0xF9, 0xFF, 0xFF, 0xF9, 0xFA, 0xFF,
    0xFF, 0xF9, 0xFB, 0xFF, 0xFF, 0xF9, 0xFA, 0xFB, 0xFF, 0xFF, 0xFF, 0xFF, 0xF7, 0xF5, 0xF5, 0xA7,
    0x00, 0x00, 0x00, 0x00, 0xFF, 0xFF, 0xFF, 0x03, 0x00, 0x00, 0x00, 0x00, 0x00, 0x00, 0x00, 0x00,
    0x00, 0x00, 0x00, 0x00, 0x00, 0x00, 0x00, 0x00, 0x00, 0x00, 0x00, 0x00, 0x00, 0x00, 0x00, 0x00,
    0xAA, 0xAA, 0xAA, 0x03, 0x00, 0x00, 0x00, 0x00, 0xCF, 0xCF, 0xCF, 0x40, 0xDB, 0xDA, 0xDA, 0xFD,
    0xDA, 0xD7, 0xD8, 0xFD, 0xDB, 0xD7, 0xD7, 0xFD, 0xDF, 0xDB, 0xDC, 0xFF, 0xE3, 0xDE, 0xDE, 0xFF,
    0xE6, 0xE0, 0xE1, 0xFF, 0xEA, 0xE3, 0xE5, 0xFF, 0xED, 0xE6, 0xE7, 0xFF, 0xF0, 0xE9, 0xEA, 0xFF,
    0xF3, 0xEC, 0xED, 0xFF, 0xF5, 0xEE, 0xEF, 0xFF, 0xF6, 0xF0, 0xF1, 0xFF, 0xF8, 0xF1, 0xF3, 0xFF,
    0xF8, 0xF2, 0xF3, 0xFF, 0xF8, 0xF1, 0xF3, 0xFF, 0xF6, 0xEF, 0xF1, 0xFF, 0xF1, 0xEA, 0xEC, 0xFF,
    0xEB, 0xE3, 0xE4, 0xFF, 0xE5, 0xDC, 0xDD, 0xFF, 0xE3, 0xD8, 0xDA, 0xFF, 0xE4, 0xD7, 0xD9, 0xFF,
    0xE6, 0xD7, 0xDA, 0xFF, 0xE6, 0xD7, 0xDA, 0xFF, 0xE7, 0xD7, 0xDA, 0xFF, 0xE8, 0xD7, 0xDA, 0xFF,
    0xEA, 0xD8, 0xDC, 0xFF, 0xEC, 0xDA, 0xDD, 0xFF, 0xED, 0xDB, 0xDE, 0xFF, 0xEF, 0xDD, 0xE0, 0xFF,
    0xF1, 0xDE, 0xE1, 0xFF, 0xF2, 0xDF, 0xE3, 0xFF, 0xF4, 0xE1, 0xE4, 0xFF, 0xF6, 0xE3, 0xE6, 0xFF,
    0xF7, 0xE4, 0xE7, 0xFF, 0xF8, 0xE5, 0xE9, 0xFF, 0xF9, 0xE6, 0xEA, 0xFF, 0xFA, 0xE8, 0xEB, 0xFF,
    0xFB, 0xE9, 0xEC, 0xFF, 0xFC, 0xEA, 0xED, 0xFF, 0xFD, 0xEC, 0xEF, 0xFF, 0xFE, 0xED, 0xF1, 0xFF,
    0xFF, 0xEF, 0xF2, 0xFF, 0xFF, 0xF0, 0xF3, 0xFF, 0xFF, 0xF1, 0xF4, 0xFF, 0xFF, 0xF3, 0xF5, 0xFF,
    0xFF, 0xF4, 0xF6, 0xFF, 0xFF, 0xF5, 0xF7, 0xFF, 0xFF, 0xF6, 0xF8, 0xFF, 0xFF, 0xF7, 0xF9, 0xFF,
    0xFF, 0xF8, 0xFA, 0xFF, 0xFF, 0xF7, 0xF8, 0xFD, 0xFF, 0xFF, 0xFF, 0xFF, 0xF8, 0xF4, 0xF4, 0xC9,
    0x00, 0x00, 0x00, 0x00, 0xFF, 0xFF, 0xFF, 0x01, 0x00, 0x00, 0x00, 0x00, 0x00, 0x00, 0x00, 0x00,
    0x00, 0x00, 0x00, 0x00, 0x00, 0x00, 0x00, 0x00, 0x00, 0x00, 0x00, 0x00, 0xFF, 0xFF, 0xFF, 0x01,
    0x7F, 0x7F, 0x7F, 0x02, 0xC8, 0xC8, 0xC8, 0x0E, 0xD4, 0xD2, 0xD2, 0xDF, 0xDE, 0xDB, 0xDB, 0xFF,
    0xD8, 0xD3, 0xD4, 0xFD, 0xDD, 0xD8, 0xD9, 0xFF, 0xE1, 0xDB, 0xDC, 0xFF, 0xE4, 0xDE, 0xDF, 0xFF,
    0xE8, 0xE0, 0xE2, 0xFF, 0xEB, 0xE3, 0xE5, 0xFF, 0xEF, 0xE6, 0xE8, 0xFF, 0xF2, 0xE9, 0xEB, 0xFF,
    0xF4, 0xEC, 0xED, 0xFF, 0xF7, 0xEE, 0xF0, 0xFF, 0xF9, 0xF0, 0xF2, 0xFF, 0xFA, 0xF2, 0xF3, 0xFF,
    0xFB, 0xF3, 0xF4, 0xFF, 0xFB, 0xF3, 0xF4, 0xFF, 0xF9, 0xF1, 0xF3, 0xFF, 0xF6, 0xED, 0xEF, 0xFF,
    0xF0, 0xE6, 0xE8, 0xFF, 0xE9, 0xDF, 0xE0, 0xFF, 0xE6, 0xDA, 0xDC, 0xFF, 0xE6, 0xD8, 0xDA, 0xFF,
    0xE7, 0xD7, 0xDA, 0xFF, 0xE8, 0xD7, 0xDA, 0xFF, 0xE8, 0xD7, 0xDA, 0xFF, 0xE9, 0xD7, 0xDA, 0xFF,
    0xEB, 0xD8, 0xDB, 0xFF, 0xEC, 0xD9, 0xDD, 0xFF, 0xEE, 0xDB, 0xDE, 0xFF, 0xF0, 0xDC, 0xE0, 0xFF,
    0xF1, 0xDE, 0xE1, 0xFF, 0xF3, 0xDF, 0xE2, 0xFF, 0xF4, 0xE0, 0xE4, 0xFF, 0xF6, 0xE2, 0xE6, 0xFF,
    0xF7, 0xE3, 0xE7, 0xFF, 0xF8, 0xE4, 0xE8, 0xFF, 0xF9, 0xE6, 0xE9, 0xFF, 0xFA, 0xE7, 0xEB, 0xFF,
    0xFB, 0xE8, 0xEB, 0xFF, 0xFC, 0xE9, 0xED, 0xFF, 0xFD, 0xEB, 0xEE, 0xFF, 0xFE, 0xEC, 0xF0, 0xFF,
    0xFF, 0xEE, 0xF1, 0xFF, 0xFF, 0xEF, 0xF2, 0xFF, 0xFF, 0xF0, 0xF3, 0xFF, 0xFF, 0xF2, 0xF4, 0xFF,
    0xFF, 0xF3, 0xF6, 0xFF, 0xFF, 0xF4, 0xF6, 0xFF, 0xFF, 0xF5, 0xF8, 0xFF, 0xFF, 0xF6, 0xF8, 0xFF,
    0xFF, 0xF7, 0xF9, 0xFF, 0xFF, 0xF6, 0xF8, 0xFD, 0xFF, 0xFE, 0xFF, 0xFF, 0xF8, 0xF3, 0xF4, 0xDC,
    0xD4, 0xD4, 0xD4, 0x06, 0x00, 0x00, 0x00, 0x00, 0xFF, 0xFF, 0xFF, 0x01, 0x00, 0x00, 0x00, 0x00,
    0x00, 0x00, 0x00, 0x00, 0x00, 0x00, 0x00, 0x00, 0x00, 0x00, 0x00, 0x00, 0xFF, 0xFF, 0xFF, 0x03,
    0x00, 0x00, 0x00, 0x00, 0xD2, 0xD0, 0xD0, 0x7E, 0xE4, 0xE1, 0xE2, 0xFF, 0xD6, 0xD2, 0xD3, 0xFB,
    0xDC, 0xD5, 0xD6, 0xFF, 0xDF, 0xD8, 0xD9, 0xFF, 0xE2, 0xDA, 0xDC, 0xFF, 0xE6, 0xDD, 0xDF, 0xFF,
    0xE9, 0xE0, 0xE2, 0xFF, 0xED, 0xE3, 0xE5, 0xFF, 0xF0, 0xE6, 0xE8, 0xFF, 0xF3, 0xE9, 0xEB, 0xFF,
    0xF6, 0xEB, 0xED, 0xFF, 0xF9, 0xEE, 0xF0, 0xFF, 0xFA, 0xF0, 0xF2, 0xFF, 0xFC, 0xF2, 0xF3, 0xFF,
    0xFD, 0xF3, 0xF5, 0xFF, 0xFD, 0xF3, 0xF5, 0xFF, 0xFC, 0xF2, 0xF4, 0xFF, 0xFA, 0xEF, 0xF1, 0xFF,
    0xF5, 0xE9, 0xEB, 0xFF, 0xEE, 0xE1, 0xE3, 0xFF, 0xE9, 0xDB, 0xDD, 0xFF, 0xE7, 0xD8, 0xDB, 0xFF,
    0xE9, 0xD8, 0xDB, 0xFF, 0xE9, 0xD7, 0xDA, 0xFF, 0xEA, 0xD6, 0xDA, 0xFF, 0xEA, 0xD7, 0xDA, 0xFF,
    0xEB, 0xD8, 0xDB, 0xFF, 0xED, 0xD8, 0xDC, 0xFF, 0xEF, 0xDA, 0xDE, 0xFF, 0xF0, 0xDB, 0xDF, 0xFF,
    0xF2, 0xDD, 0xE1, 0xFF, 0xF3, 0xDE, 0xE2, 0xFF, 0xF5, 0xE0, 0xE4, 0xFF, 0xF6, 0xE1, 0xE5, 0xFF,
    0xF7, 0xE2, 0xE6, 0xFF, 0xF8, 0xE4, 0xE8, 0xFF, 0xF9, 0xE5, 0xE9, 0xFF, 0xFA, 0xE6, 0xEA, 0xFF,
    0xFB, 0xE7, 0xEB, 0xFF, 0xFC, 0xE9, 0xEC, 0xFF, 0xFD, 0xEA, 0xED, 0xFF, 0xFE, 0xEB, 0xEF, 0xFF,
    0xFF, 0xED, 0xF0, 0xFF, 0xFF, 0xEE, 0xF1, 0xFF, 0xFF, 0xEF, 0xF3, 0xFF, 0xFF, 0xF1, 0xF3, 0xFF,
    0xFF, 0xF2, 0xF5, 0xFF, 0xFF, 0xF3, 0xF6, 0xFF, 0xFF, 0xF4, 0xF7, 0xFF, 0xFF, 0xF5, 0xF7, 0xFF,
    0xFF, 0xF6, 0xF8, 0xFF, 0xFF, 0xF6, 0xF7, 0xFD, 0xFF, 0xFB, 0xFD, 0xFF, 0xF8, 0xF2, 0xF3, 0xE4,
    0xE7, 0xE7, 0xE7, 0x0B, 0x00, 0x00, 0x00, 0x00, 0xFF, 0xFF, 0xFF, 0x01, 0x00, 0x00, 0x00, 0x00,
    0x00, 0x00, 0x00, 0x00, 0x00, 0x00, 0x00, 0x00, 0xFF, 0xFF, 0xFF, 0x01, 0x00, 0x00, 0x00, 0x00,
    0xCC, 0xCC, 0xCC, 0x0F, 0xD1, 0xCF, 0xCF, 0xE8, 0xDA, 0xD5, 0xD6, 0xFE, 0xD8, 0xD3, 0xD3, 0xFD,
    0xDC, 0xD5, 0xD6, 0xFF, 0xE0, 0xD7, 0xD9, 0xFF, 0xE4, 0xDA, 0xDC, 0xFF, 0xE7, 0xDD, 0xDF, 0xFF,
    0xEB, 0xE0, 0xE2, 0xFF, 0xEE, 0xE3, 0xE5, 0xFF, 0xF2, 0xE5, 0xE8, 0xFF, 0xF5, 0xE8, 0xEB, 0xFF,
    0xF7, 0xEB, 0xED, 0xFF, 0xFA, 0xEE, 0xF0, 0xFF, 0xFB, 0xF0, 0xF2, 0xFF, 0xFD, 0xF1, 0xF4, 0xFF,
    0xFE, 0xF3, 0xF5, 0xFF, 0xFF, 0xF3, 0xF5, 0xFF, 0xFF, 0xF3, 0xF5, 0xFF, 0xFD, 0xF1, 0xF3, 0xFF,
    0xF8, 0xEB, 0xEE, 0xFF, 0xF1, 0xE3, 0xE6, 0xFF, 0xEB, 0xDC, 0xDF, 0xFF, 0xE9, 0xD8, 0xDB, 0xFF,
    0xEA, 0xD7, 0xDB, 0xFF, 0xEB, 0xD7, 0xDB, 0xFF, 0xEB, 0xD6, 0xDA, 0xFF, 0xEB, 0xD6, 0xDA, 0xFF,
    0xED, 0xD7, 0xDB, 0xFF, 0xEE, 0xD8, 0xDC, 0xFF, 0xEF, 0xD9, 0xDD, 0xFF, 0xF1, 0xDA, 0xDF, 0xFF,
    0xF2, 0xDC, 0xE0, 0xFF, 0xF4, 0xDE, 0xE2, 0xFF, 0xF5, 0xDF, 0xE3, 0xFF, 0xF7, 0xE0, 0xE5, 0xFF,
    0xF8, 0xE2, 0xE6, 0xFF, 0xF9, 0xE3, 0xE7, 0xFF, 0xFA, 0xE4, 0xE8, 0xFF, 0xFB, 0xE5, 0xE9, 0xFF,
    0xFB, 0xE6, 0xEA, 0xFF, 0xFC, 0xE7, 0xEC, 0xFF, 0xFD, 0xE9, 0xED, 0xFF, 0xFE, 0xEA, 0xEE, 0xFF,
    0xFF, 0xEC, 0xEF, 0xFF, 0xFF, 0xED, 0xF0, 0xFF, 0xFF, 0xEE, 0xF1, 0xFF, 0xFF, 0xEF, 0xF3, 0xFF,
    0xFF, 0xF1, 0xF3, 0xFF, 0xFF, 0xF2, 0xF5, 0xFF, 0xFF, 0xF3, 0xF5, 0xFF, 0xFF, 0xF4, 0xF6, 0xFF,
    0xFF, 0xF5, 0xF7, 0xFF, 0xFF, 0xF4, 0xF6, 0xFD, 0xFF, 0xFA, 0xFC, 0xFF, 0xF7, 0xF0, 0xF1, 0xE2,
    0xE2, 0xE2, 0xE2, 0x09, 0x00, 0x00, 0x00, 0x00, 0xFF, 0xFF, 0xFF, 0x01, 0x00, 0x00, 0x00, 0x00,
    0x00, 0x00, 0x00, 0x00, 0x00, 0x00, 0x00, 0x00, 0xBF, 0xBF, 0xBF, 0x04, 0x00, 0x00, 0x00, 0x00,
    0xD0, 0xCD, 0xCD, 0x52, 0xDF, 0xDB, 0xDC, 0xFF, 0xD6, 0xD0, 0xD1, 0xFC, 0xDA, 0xD2, 0xD4, 0xFF,
    0xDE, 0xD4, 0xD6, 0xFF, 0xE2, 0xD7, 0xD9, 0xFF, 0xE5, 0xDA, 0xDC, 0xFF, 0xE8, 0xDD, 0xDF, 0xFF,
    0xEC, 0xDF, 0xE1, 0xFF, 0xEF, 0xE2, 0xE5, 0xFF, 0xF3, 0xE5, 0xE7, 0xFF, 0xF6, 0xE8, 0xEA, 0xFF,
    0xF8, 0xEA, 0xED, 0xFF, 0xFB, 0xEC, 0xEF, 0xFF, 0xFD, 0xEF, 0xF2, 0xFF, 0xFF, 0xF1, 0xF3, 0xFF,
    0xFF, 0xF2, 0xF5, 0xFF, 0xFF, 0xF3, 0xF5, 0xFF, 0xFF, 0xF3, 0xF5, 0xFF, 0xFF, 0xF1, 0xF4, 0xFF,
    0xFB, 0xED, 0xF0, 0xFF, 0xF5, 0xE5, 0xE8, 0xFF, 0xEF, 0xDE, 0xE1, 0xFF, 0xEB, 0xD9, 0xDC, 0xFF,
    0xEB, 0xD7, 0xDB, 0xFF, 0xEC, 0xD7, 0xDB, 0xFF, 0xEC, 0xD6, 0xDA, 0xFF, 0xEC, 0xD6, 0xDA, 0xFF,
    0xED, 0xD6, 0xDA, 0xFF, 0xEE, 0xD7, 0xDC, 0xFF, 0xF0, 0xD8, 0xDD, 0xFF, 0xF2, 0xDA, 0xDE, 0xFF,
    0xF3, 0xDB, 0xDF, 0xFF, 0xF4, 0xDC, 0xE1, 0xFF, 0xF6, 0xDE, 0xE2, 0xFF, 0xF7, 0xDF, 0xE4, 0xFF,
    0xF8, 0xE0, 0xE5, 0xFF, 0xF9, 0xE2, 0xE6, 0xFF, 0xFA, 0xE3, 0xE7, 0xFF, 0xFB, 0xE4, 0xE9, 0xFF,
    0xFC, 0xE6, 0xEA, 0xFF, 0xFC, 0xE7, 0xEB, 0xFF, 0xFD, 0xE8, 0xEC, 0xFF, 0xFE, 0xE9, 0xED, 0xFF,
    0xFF, 0xEB, 0xEE, 0xFF, 0xFF, 0xEC, 0xF0, 0xFF, 0xFF, 0xED, 0xF1, 0xFF, 0xFF, 0xEE, 0xF2, 0xFF,
    0xFF, 0xEF, 0xF3, 0xFF, 0xFF, 0xF1, 0xF3, 0xFF, 0xFF, 0xF2, 0xF4, 0xFF, 0xFF, 0xF2, 0xF5, 0xFF,
    0xFF, 0xF3, 0xF5, 0xFF, 0xFD, 0xF2, 0xF4, 0xFD, 0xFF, 0xFB, 0xFD, 0xFF, 0xF5, 0xEF, 0xF0, 0xD4,
    0x7F, 0x7F, 0x7F, 0x02, 0x00, 0x00, 0x00, 0x00, 0xFF, 0xFF, 0xFF, 0x01, 0x00, 0x00, 0x00, 0x00,
    0x00, 0x00, 0x00, 0x00, 0x00, 0x00, 0x00, 0x00, 0xBF, 0xBF, 0xBF, 0x04, 0x00, 0x00, 0x00, 0x00,
    0xD2, 0xCF, 0xCF, 0x96, 0xE3, 0xDD, 0xDE, 0xFE, 0xD8, 0xD0, 0xD1, 0xFB, 0xDC, 0xD2, 0xD4, 0xFF,
    0xDF, 0xD4, 0xD6, 0xFF, 0xE3, 0xD6, 0xD9, 0xFF, 0xE6, 0xD9, 0xDC, 0xFF, 0xEA, 0xDC, 0xDE, 0xFF,
    0xED, 0xDF, 0xE1, 0xFF, 0xF0, 0xE1, 0xE4, 0xFF, 0xF4, 0xE4, 0xE7, 0xFF, 0xF6, 0xE7, 0xEA, 0xFF,
    0xF9, 0xE9, 0xEC, 0xFF, 0xFC, 0xEC, 0xEF, 0xFF, 0xFE, 0xEE, 0xF1, 0xFF, 0xFF, 0xF0, 0xF3, 0xFF,
    0xFF, 0xF1, 0xF4, 0xFF, 0xFF, 0xF2, 0xF5, 0xFF, 0xFF, 0xF2, 0xF5, 0xFF, 0xFF, 0xF1, 0xF4, 0xFF,
    0xFE, 0xED, 0xF0, 0xFF, 0xF8, 0xE6, 0xE9, 0xFF, 0xF2, 0xDF, 0xE2, 0xFF, 0xED, 0xD9, 0xDD, 0xFF,
    0xEC, 0xD7, 0xDB, 0xFF, 0xED, 0xD6, 0xDA, 0xFF, 0xED, 0xD6, 0xDA, 0xFF, 0xED, 0xD5, 0xDA, 0xFF,
    0xEE, 0xD6, 0xDA, 0xFF, 0xEF, 0xD6, 0xDB, 0xFF, 0xF1, 0xD8, 0xDC, 0xFF, 0xF2, 0xD9, 0xDE, 0xFF,
    0xF3, 0xDA, 0xDF, 0xFF, 0xF5, 0xDB, 0xE0, 0xFF, 0xF6, 0xDD, 0xE2, 0xFF, 0xF7, 0xDE, 0xE3, 0xFF,
    0xF8, 0xE0, 0xE5, 0xFF, 0xF9, 0xE1, 0xE6, 0xFF, 0xFA, 0xE2, 0xE7, 0xFF, 0xFB, 0xE3, 0xE8, 0xFF,
    0xFC, 0xE4, 0xE9, 0xFF, 0xFD, 0xE6, 0xEA, 0xFF, 0xFE, 0xE7, 0xEB, 0xFF, 0xFE, 0xE8, 0xEC, 0xFF,
    0xFF, 0xE9, 0xED, 0xFF, 0xFF, 0xEB, 0xEE, 0xFF, 0xFF, 0xEC, 0xEF, 0xFF, 0xFF, 0xED, 0xF1, 0xFF,
    0xFF, 0xEE, 0xF1, 0xFF, 0xFF, 0xEF, 0xF3, 0xFF, 0xFF, 0xF0, 0xF3, 0xFF, 0xFF, 0xF1, 0xF3, 0xFF,
    0xFF, 0xF1, 0xF4, 0xFF, 0xFC, 0xF1, 0xF3, 0xFC, 0xFF, 0xFD, 0xFF, 0xFF, 0xF5, 0xED, 0xEE, 0xBA,
    0x00, 0x00, 0x00, 0x00, 0xFF, 0xFF, 0xFF, 0x02, 0x00, 0x00, 0x00, 0x00, 0x00, 0x00, 0x00, 0x00,
    0x00, 0x00, 0x00, 0x00, 0x00, 0x00, 0x00, 0x00, 0x7F, 0x7F, 0x7F, 0x02, 0x00, 0x00, 0x00, 0x00,
    0xD3, 0xCE, 0xCE, 0xC1, 0xE1, 0xD9, 0xDA, 0xFF, 0xD9, 0xCF, 0xD1, 0xFC, 0xDD, 0xD1, 0xD3, 0xFF,
    0xE0, 0xD3, 0xD6, 0xFF, 0xE4, 0xD6, 0xD8, 0xFF, 0xE7, 0xD8, 0xDB, 0xFF, 0xEB, 0xDB, 0xDE, 0xFF,
    0xEE, 0xDD, 0xE1, 0xFF, 0xF2, 0xE0, 0xE3, 0xFF, 0xF4, 0xE3, 0xE6, 0xFF, 0xF8, 0xE6, 0xE9, 0xFF,
    0xFA, 0xE8, 0xEB, 0xFF, 0xFD, 0xEB, 0xEE, 0xFF, 0xFF, 0xED, 0xF1, 0xFF, 0xFF, 0xEF, 0xF2, 0xFF,
    0xFF, 0xF0, 0xF4, 0xFF, 0xFF, 0xF1, 0xF4, 0xFF, 0xFF, 0xF1, 0xF4, 0xFF, 0xFF, 0xF1, 0xF4, 0xFF,
    0xFF, 0xED, 0xF1, 0xFF, 0xFA, 0xE7, 0xEA, 0xFF, 0xF3, 0xDF, 0xE2, 0xFF, 0xEF, 0xD9, 0xDD, 0xFF,
    0xED, 0xD6, 0xDA, 0xFF, 0xEE, 0xD6, 0xDA, 0xFF, 0xEE, 0xD5, 0xDA, 0xFF, 0xEE, 0xD5, 0xDA, 0xFF,
    0xEE, 0xD5, 0xDA, 0xFF, 0xF0, 0xD6, 0xDB, 0xFF, 0xF1, 0xD7, 0xDC, 0xFF, 0xF2, 0xD8, 0xDD, 0xFF,
    0xF3, 0xD9, 0xDE, 0xFF, 0xF5, 0xDA, 0xE0, 0xFF, 0xF6, 0xDC, 0xE0, 0xFF, 0xF7, 0xDD, 0xE2, 0xFF,
    0xF8, 0xDF, 0xE3, 0xFF, 0xFA, 0xE0, 0xE4, 0xFF, 0xFA, 0xE1, 0xE6, 0xFF, 0xFB, 0xE2, 0xE7, 0xFF,
    0xFC, 0xE3, 0xE8, 0xFF, 0xFD, 0xE4, 0xE9, 0xFF, 0xFE, 0xE6, 0xEA, 0xFF, 0xFE, 0xE7, 0xEC, 0xFF,
    0xFF, 0xE8, 0xEC, 0xFF, 0xFF, 0xEA, 0xED, 0xFF, 0xFF, 0xEA, 0xEF, 0xFF, 0xFF, 0xEC, 0xF0, 0xFF,
    0xFF, 0xED, 0xF0, 0xFF, 0xFF, 0xEE, 0xF1, 0xFF, 0xFF, 0xEF, 0xF2, 0xFF, 0xFF, 0xEF, 0xF2, 0xFF,
    0xFE, 0xF0, 0xF2, 0xFF, 0xFB, 0xEF, 0xF1, 0xFB, 0xFF, 0xFF, 0xFF, 0xFE, 0xF2, 0xEB, 0xED, 0x8E,
    0x00, 0x00, 0x00, 0x00, 0xFF, 0xFF, 0xFF, 0x04, 0x00, 0x00, 0x00, 0x00, 0x00, 0x00, 0x00, 0x00,
    0x00, 0x00, 0x00, 0x00, 0x00, 0x00, 0x00, 0x01, 0x00, 0x00, 0x00, 0x00, 0xFF, 0xFF, 0xFF, 0x01,
    0xD3, 0xCD, 0xCE, 0xD3, 0xDF, 0xD6, 0xD7, 0xFF, 0xD9, 0xCE, 0xD0, 0xFD, 0xDE, 0xD1, 0xD3, 0xFF,
    0xE1, 0xD2, 0xD5, 0xFF, 0xE5, 0xD4, 0xD8, 0xFF, 0xE8, 0xD7, 0xDB, 0xFF, 0xEC, 0xDA, 0xDD, 0xFF,
    0xEF, 0xDC, 0xE0, 0xFF, 0xF2, 0xDF, 0xE2, 0xFF, 0xF5, 0xE1, 0xE5, 0xFF, 0xF8, 0xE4, 0xE8, 0xFF,
    0xFB, 0xE7, 0xEB, 0xFF, 0xFD, 0xE9, 0xED, 0xFF, 0xFF, 0xEC, 0xEF, 0xFF, 0xFF, 0xED, 0xF1, 0xFF,
    0xFF, 0xEF, 0xF2, 0xFF, 0xFF, 0xF0, 0xF4, 0xFF, 0xFF, 0xF0, 0xF4, 0xFF, 0xFF, 0xEF, 0xF3, 0xFF,
    0xFF, 0xED, 0xF1, 0xFF, 0xFC, 0xE7, 0xEB, 0xFF, 0xF5, 0xDF, 0xE3, 0xFF, 0xF0, 0xD9, 0xDD, 0xFF,
    0xED, 0xD5, 0xDA, 0xFF, 0xEE, 0xD5, 0xDA, 0xFF, 0xEF, 0xD5, 0xDA, 0xFF, 0xEF, 0xD4, 0xD9, 0xFF,
    0xEF, 0xD4, 0xD9, 0xFF, 0xF0, 0xD5, 0xDA, 0xFF, 0xF1, 0xD5, 0xDB, 0xFF, 0xF3, 0xD7, 0xDC, 0xFF,
    0xF4, 0xD8, 0xDD, 0xFF, 0xF5, 0xD9, 0xDE, 0xFF, 0xF6, 0xDB, 0xE0, 0xFF, 0xF7, 0xDC, 0xE1, 0xFF,
    0xF9, 0xDD, 0xE2, 0xFF, 0xF9, 0xDE, 0xE3, 0xFF, 0xFB, 0xE0, 0xE5, 0xFF, 0xFB, 0xE1, 0xE6, 0xFF,
    0xFC, 0xE2, 0xE7, 0xFF, 0xFD, 0xE3, 0xE8, 0xFF, 0xFE, 0xE5, 0xE9, 0xFF, 0xFE, 0xE6, 0xEA, 0xFF,
    0xFF, 0xE7, 0xEC, 0xFF, 0xFF, 0xE8, 0xEC, 0xFF, 0xFF, 0xE9, 0xED, 0xFF, 0xFF, 0xEA, 0xEE, 0xFF,
    0xFF, 0xEB, 0xEF, 0xFF, 0xFF, 0xEC, 0xF0, 0xFF, 0xFF, 0xED, 0xF0, 0xFF, 0xFE, 0xEE, 0xF1, 0xFF,
    0xFD, 0xED, 0xF0, 0xFF, 0xFA, 0xED, 0xEF, 0xFC, 0xFF, 0xF8, 0xFA, 0xFF, 0xF2, 0xE8, 0xEB, 0x50,
    0x00, 0x00, 0x00, 0x00, 0xBF, 0xBF, 0xBF, 0x04, 0x00, 0x00, 0x00, 0x00, 0x00, 0x00, 0x00, 0x00,
    0x00, 0x00, 0x00, 0x00, 0x00, 0x00, 0x00, 0x01, 0x00, 0x00, 0x00, 0x00, 0xFF, 0xFF, 0xFF, 0x02,
    0xD5, 0xCC, 0xCE, 0xD6, 0xDF, 0xD5, 0xD7, 0xFF, 0xDB, 0xCE, 0xD0, 0xFD, 0xDF, 0xCF, 0xD2, 0xFF,
    0xE2, 0xD2, 0xD5, 0xFF, 0xE6, 0xD4, 0xD7, 0xFF, 0xE9, 0xD6, 0xDA, 0xFF, 0xEC, 0xD9, 0xDD, 0xFF,
    0xF0, 0xDB, 0xDF, 0xFF, 0xF3, 0xDE, 0xE1, 0xFF, 0xF6, 0xE0, 0xE4, 0xFF, 0xF9, 0xE3, 0xE7, 0xFF,
    0xFB, 0xE5, 0xE9, 0xFF, 0xFE, 0xE8, 0xEC, 0xFF, 0xFF, 0xEA, 0xEE, 0xFF, 0xFF, 0xEC, 0xF0, 0xFF,
    0xFF, 0xED, 0xF1, 0xFF, 0xFF, 0xEE, 0xF2, 0xFF, 0xFF, 0xEF, 0xF2, 0xFF, 0xFF, 0xEE, 0xF2, 0xFF,
    0xFF, 0xEC, 0xF0, 0xFF, 0xFD, 0xE7, 0xEB, 0xFF, 0xF6, 0xDF, 0xE3, 0xFF, 0xF0, 0xD8, 0xDC, 0xFF,
    0xED, 0xD4, 0xD9, 0xFF, 0xEE, 0xD4, 0xD9, 0xFF, 0xF0, 0xD4, 0xD9, 0xFF, 0xF0, 0xD4, 0xD9, 0xFF,
    0xF0, 0xD4, 0xD9, 0xFF, 0xF1, 0xD4, 0xD9, 0xFF, 0xF2, 0xD5, 0xDA, 0xFF, 0xF3, 0xD6, 0xDB, 0xFF,
    0xF4, 0xD7, 0xDC, 0xFF, 0xF5, 0xD8, 0xDE, 0xFF, 0xF7, 0xDA, 0xDF, 0xFF, 0xF8, 0xDB, 0xE0, 0xFF,
    0xF9, 0xDC, 0xE1, 0xFF, 0xF9, 0xDD, 0xE3, 0xFF, 0xFB, 0xDE, 0xE4, 0xFF, 0xFB, 0xE0, 0xE5, 0xFF,
    0xFC, 0xE1, 0xE6, 0xFF, 0xFD, 0xE2, 0xE7, 0xFF, 0xFE, 0xE3, 0xE8, 0xFF, 0xFE, 0xE4, 0xE9, 0xFF,
    0xFE, 0xE6, 0xEA, 0xFF, 0xFF, 0xE6, 0xEB, 0xFF, 0xFF, 0xE8, 0xEC, 0xFF, 0xFF, 0xE9, 0xED, 0xFF,
    0xFF, 0xEA, 0xEE, 0xFF, 0xFF, 0xEA, 0xEE, 0xFF, 0xFF, 0xEB, 0xEE, 0xFF, 0xFD, 0xEB, 0xEF, 0xFF,
    0xFA, 0xEA, 0xED, 0xFE, 0xFD, 0xEF, 0xF2, 0xFF, 0xF4, 0xE8, 0xEA, 0xED, 0xF0, 0xE2, 0xE2, 0x12,
    0x00, 0x00, 0x00, 0x00, 0xFF, 0xFF, 0xFF, 0x01, 0x00, 0x00, 0x00, 0x00, 0x00, 0x00, 0x00, 0x00,
    0x00, 0x00, 0x00, 0x00, 0x00, 0x00, 0x00, 0x00, 0xFF, 0x00, 0x00, 0x01, 0x00, 0x00, 0x00, 0x00,
    0xD5, 0xCB, 0xCE, 0xCB, 0xE2, 0xD6, 0xD8, 0xFF, 0xDB, 0xCC, 0xCF, 0xFD, 0xE0, 0xCE, 0xD2, 0xFF,
    0xE3, 0xD0, 0xD4, 0xFF, 0xE6, 0xD3, 0xD6, 0xFF, 0xEA, 0xD5, 0xD9, 0xFF, 0xED, 0xD7, 0xDB, 0xFF,
    0xF1, 0xDA, 0xDE, 0xFF, 0xF4, 0xDC, 0xE1, 0xFF, 0xF6, 0xDE, 0xE3, 0xFF, 0xF9, 0xE1, 0xE5, 0xFF,
    0xFC, 0xE4, 0xE8, 0xFF, 0xFE, 0xE6, 0xEA, 0xFF, 0xFF, 0xE8, 0xED, 0xFF, 0xFF, 0xEA, 0xEE, 0xFF,
    0xFF, 0xEB, 0xF0, 0xFF, 0xFF, 0xED, 0xF1, 0xFF, 0xFF, 0xED, 0xF1, 0xFF, 0xFF, 0xED, 0xF1, 0xFF,
    0xFF, 0xEB, 0xEF, 0xFF, 0xFE, 0xE7, 0xEB, 0xFF, 0xF7, 0xDF, 0xE3, 0xFF, 0xF0, 0xD7, 0xDC, 0xFF,
    0xED, 0xD3, 0xD8, 0xFF, 0xEE, 0xD3, 0xD8, 0xFF, 0xF1, 0xD4, 0xD9, 0xFF, 0xF1, 0xD4, 0xD9, 0xFF,
    0xF1, 0xD3, 0xD9, 0xFF, 0xF1, 0xD3, 0xD9, 0xFF, 0xF2, 0xD4, 0xD9, 0xFF, 0xF3, 0xD5, 0xDB, 0xFF,
    0xF5, 0xD6, 0xDC, 0xFF, 0xF6, 0xD7, 0xDD, 0xFF, 0xF7, 0xD8, 0xDE, 0xFF, 0xF8, 0xD9, 0xDF, 0xFF,
    0xF9, 0xDB, 0xE1, 0xFF, 0xFA, 0xDC, 0xE1, 0xFF, 0xFB, 0xDD, 0xE3, 0xFF, 0xFB, 0xDE, 0xE4, 0xFF,
    0xFC, 0xE0, 0xE5, 0xFF, 0xFD, 0xE0, 0xE6, 0xFF, 0xFD, 0xE2, 0xE7, 0xFF, 0xFE, 0xE3, 0xE8, 0xFF,
    0xFE, 0xE4, 0xE9, 0xFF, 0xFE, 0xE5, 0xEA, 0xFF, 0xFF, 0xE6, 0xEB, 0xFF, 0xFF, 0xE7, 0xEC, 0xFF,
    0xFF, 0xE8, 0xEC, 0xFF, 0xFE, 0xE8, 0xEC, 0xFF, 0xFD, 0xE9, 0xED, 0xFF, 0xFC, 0xEA, 0xED, 0xFF,
    0xF9, 0xE8, 0xEB, 0xFB, 0xFF, 0xF7, 0xFA, 0xFF, 0xF0, 0xE5, 0xE7, 0xA0, 0x00, 0x00, 0x00, 0x00,
    0xFF, 0xFF, 0xFF, 0x03, 0x00, 0x00, 0x00, 0x00, 0x00, 0x00, 0x00, 0x00, 0x00, 0x00, 0x00, 0x00,
    0x00, 0x00, 0x00, 0x00, 0x00, 0x00, 0x00, 0x00, 0xFF, 0xFF, 0xFF, 0x03, 0x00, 0x00, 0x00, 0x00,
    0xD6, 0xCC, 0xCD, 0xAB, 0xE7, 0xD9, 0xDB, 0xFF, 0xDD, 0xCD, 0xD0, 0xFB, 0xE0, 0xCD, 0xD1, 0xFF,
    0xE4, 0xCF, 0xD3, 0xFF, 0xE7, 0xD1, 0xD5, 0xFF, 0xEB, 0xD3, 0xD8, 0xFF, 0xEE, 0xD6, 0xDA, 0xFF,
    0xF1, 0xD8, 0xDD, 0xFF, 0xF4, 0xDA, 0xDF, 0xFF, 0xF7, 0xDD, 0xE2, 0xFF, 0xFA, 0xDF, 0xE4, 0xFF,
    0xFC, 0xE1, 0xE6, 0xFF, 0xFE, 0xE4, 0xE9, 0xFF, 0xFF, 0xE6, 0xEB, 0xFF, 0xFF, 0xE8, 0xEC, 0xFF,
    0xFF, 0xE9, 0xEE, 0xFF, 0xFF, 0xEB, 0xEF, 0xFF, 0xFF, 0xEB, 0xF0, 0xFF, 0xFF, 0xEB, 0xEF, 0xFF,
    0xFF, 0xEA, 0xEE, 0xFF, 0xFE, 0xE6, 0xEA, 0xFF, 0xF8, 0xDF, 0xE3, 0xFF, 0xF2, 0xD9, 0xDD, 0xFF,
    0xF0, 0xD5, 0xDA, 0xFF, 0xEF, 0xD3, 0xD8, 0xFF, 0xF1, 0xD4, 0xD9, 0xFF, 0xF2, 0xD4, 0xD9, 0xFF,
    0xF2, 0xD3, 0xD9, 0xFF, 0xF2, 0xD3, 0xD9, 0xFF, 0xF3, 0xD3, 0xD9, 0xFF, 0xF4, 0xD3, 0xDA, 0xFF,
    0xF5, 0xD5, 0xDB, 0xFF, 0xF6, 0xD6, 0xDC, 0xFF, 0xF7, 0xD7, 0xDD, 0xFF, 0xF8, 0xD8, 0xDE, 0xFF,
    0xF9, 0xD9, 0xDF, 0xFF, 0xFA, 0xDB, 0xE0, 0xFF, 0xFB, 0xDC, 0xE2, 0xFF, 0xFB, 0xDD, 0xE3, 0xFF,
    0xFC, 0xDE, 0xE3, 0xFF, 0xFC, 0xDF, 0xE4, 0xFF, 0xFD, 0xE0, 0xE6, 0xFF, 0xFD, 0xE1, 0xE6, 0xFF,
    0xFE, 0xE2, 0xE7, 0xFF, 0xFE, 0xE3, 0xE8, 0xFF, 0xFE, 0xE4, 0xE9, 0xFF, 0xFE, 0xE5, 0xE9, 0xFF,
    0xFE, 0xE6, 0xEA, 0xFF, 0xFD, 0xE7, 0xEB, 0xFF, 0xFC, 0xE7, 0xEB, 0xFF, 0xFA, 0xE7, 0xEA, 0xFF,
    0xF9, 0xE7, 0xEA, 0xFD, 0xF8, 0xEA, 0xEC, 0xFE, 0xF0, 0xE1, 0xE6, 0x33, 0x00, 0x00, 0x00, 0x00,
    0xFF, 0xAA, 0xAA, 0x03, 0x00, 0x00, 0x00, 0x00, 0x00, 0x00, 0x00, 0x00, 0x00, 0x00, 0x00, 0x00,
    0x00, 0x00, 0x00, 0x00, 0x00, 0x00, 0x00, 0x00, 0xBF, 0xBF, 0xBF, 0x04, 0x00, 0x00, 0x00, 0x00,
    0xD6, 0xCB, 0xCB, 0x71, 0xEA, 0xDA, 0xDC, 0xFF, 0xDD, 0xCC, 0xCF, 0xFB, 0xE1, 0xCD, 0xD1, 0xFF,
    0xE4, 0xCE, 0xD2, 0xFF, 0xE8, 0xD0, 0xD4, 0xFF, 0xEB, 0xD2, 0xD7, 0xFF, 0xEE, 0xD4, 0xD9, 0xFF,
    0xF2, 0xD6, 0xDB, 0xFF, 0xF5, 0xD9, 0xDE, 0xFF, 0xF7, 0xDB, 0xE0, 0xFF, 0xFA, 0xDD, 0xE3, 0xFF,
    0xFC, 0xDF, 0xE5, 0xFF, 0xFE, 0xE1, 0xE7, 0xFF, 0xFF, 0xE4, 0xE9, 0xFF, 0xFF, 0xE6, 0xEB, 0xFF,
    0xFF, 0xE7, 0xEC, 0xFF, 0xFF, 0xE8, 0xED, 0xFF, 0xFF, 0xE9, 0xED, 0xFF, 0xFF, 0xE9, 0xEE, 0xFF,
    0xFF, 0xE8, 0xED, 0xFF, 0xFE, 0xE5, 0xE9, 0xFF, 0xFA, 0xDF, 0xE4, 0xFF, 0xF5, 0xDB, 0xE0, 0xFF,
    0xF3, 0xD7, 0xDD, 0xFF, 0xF2, 0xD5, 0xDA, 0xFF, 0xF2, 0xD4, 0xD9, 0xFF, 0xF2, 0xD3, 0xD9, 0xFF,
    0xF3, 0xD2, 0xD9, 0xFF, 0xF3, 0xD2, 0xD8, 0xFF, 0xF3, 0xD2, 0xD8, 0xFF, 0xF4, 0xD2, 0xD9, 0xFF,
    0xF5, 0xD3, 0xDA, 0xFF, 0xF6, 0xD4, 0xDB, 0xFF, 0xF7, 0xD6, 0xDC, 0xFF, 0xF8, 0xD7, 0xDD, 0xFF,
    0xF9, 0xD8, 0xDE, 0xFF, 0xF9, 0xD9, 0xDF, 0xFF, 0xFA, 0xDA, 0xE0, 0xFF, 0xFB, 0xDB, 0xE1, 0xFF,
    0xFC, 0xDC, 0xE2, 0xFF, 0xFC, 0xDD, 0xE3, 0xFF, 0xFD, 0xDF, 0xE4, 0xFF, 0xFD, 0xDF, 0xE5, 0xFF,
    0xFD, 0xE1, 0xE6, 0xFF, 0xFE, 0xE1, 0xE7, 0xFF, 0xFE, 0xE2, 0xE7, 0xFF, 0xFD, 0xE3, 0xE8, 0xFF,
    0xFD, 0xE4, 0xE8, 0xFF, 0xFC, 0xE4, 0xE9, 0xFF, 0xFB, 0xE5, 0xE9, 0xFF, 0xF8, 0xE3, 0xE7, 0xFB,
    0xFF, 0xF3, 0xF6, 0xFF, 0xEF, 0xE0, 0xE2, 0xA9, 0x00, 0x00, 0x00, 0x00, 0xAA, 0xAA, 0xAA, 0x03,
    0x00, 0x00, 0x00, 0x00, 0x00, 0x00, 0x00, 0x00, 0x00, 0x00, 0x00, 0x00, 0x00, 0x00, 0x00, 0x00,
    0x00, 0x00, 0x00, 0x00, 0x00, 0x00, 0x00, 0x00, 0xFF, 0x7F, 0x7F, 0x02, 0x00, 0x00, 0x00, 0x00,
    0xDC, 0xC7, 0xCE, 0x25, 0xDD, 0xCD, 0xD0, 0xFA, 0xDF, 0xCC, 0xCF, 0xFE, 0xE1, 0xCB, 0xCF, 0xFF,
    0xE5, 0xCD, 0xD1, 0xFF, 0xE8, 0xCF, 0xD4, 0xFF, 0xEB, 0xD0, 0xD6, 0xFF, 0xEF, 0xD2, 0xD8, 0xFF,
    0xF2, 0xD4, 0xDA, 0xFF, 0xF5, 0xD7, 0xDC, 0xFF, 0xF7, 0xD9, 0xDF, 0xFF, 0xFA, 0xDB, 0xE1, 0xFF,
    0xFC, 0xDD, 0xE3, 0xFF, 0xFE, 0xDF, 0xE5, 0xFF, 0xFF, 0xE1, 0xE7, 0xFF, 0xFF, 0xE3, 0xE9, 0xFF,
    0xFF, 0xE5, 0xEA, 0xFF, 0xFF, 0xE6, 0xEB, 0xFF, 0xFF, 0xE6, 0xEC, 0xFF, 0xFF, 0xE6, 0xEC, 0xFF,
    0xFF, 0xE6, 0xEB, 0xFF, 0xFF, 0xE3, 0xE8, 0xFF, 0xFC, 0xE0, 0xE5, 0xFF, 0xF9, 0xDD, 0xE2, 0xFF,
    0xF6, 0xDA, 0xDF, 0xFF, 0xF5, 0xD7, 0xDD, 0xFF, 0xF3, 0xD5, 0xDB, 0xFF, 0xF4, 0xD3, 0xD9, 0xFF,
    0xF3, 0xD2, 0xD9, 0xFF, 0xF4, 0xD2, 0xD8, 0xFF, 0xF4, 0xD1, 0xD8, 0xFF, 0xF4, 0xD2, 0xD8, 0xFF,
    0xF5, 0xD2, 0xD9, 0xFF, 0xF6, 0xD3, 0xDA, 0xFF, 0xF7, 0xD4, 0xDB, 0xFF, 0xF8, 0xD5, 0xDC, 0xFF,
    0xF9, 0xD6, 0xDD, 0xFF, 0xF9, 0xD7, 0xDE, 0xFF, 0xFA, 0xD8, 0xDF, 0xFF, 0xFB, 0xDA, 0xE0, 0xFF,
    0xFB, 0xDB, 0xE1, 0xFF, 0xFC, 0xDC, 0xE1, 0xFF, 0xFC, 0xDC, 0xE3, 0xFF, 0xFD, 0xDE, 0xE3, 0xFF,
    0xFD, 0xDE, 0xE4, 0xFF, 0xFD, 0xDF, 0xE5, 0xFF, 0xFC, 0xE0, 0xE6, 0xFF, 0xFC, 0xE1, 0xE6, 0xFF,
    0xFC, 0xE1, 0xE6, 0xFF, 0xFB, 0xE2, 0xE6, 0xFF, 0xF8, 0xE1, 0xE6, 0xFD, 0xFA, 0xE6, 0xEA, 0xFD,
    0xF5, 0xE3, 0xE6, 0xF2, 0xEE, 0xDE, 0xE6, 0x1F, 0xFF, 0xFF, 0xFF, 0x01, 0xFF, 0xFF, 0xFF, 0x02,
    0x00, 0x00, 0x00, 0x00, 0x00, 0x00, 0x00, 0x00, 0x00, 0x00, 0x00, 0x00, 0x00, 0x00, 0x00, 0x00,
    0x00, 0x00, 0x00, 0x00, 0x00, 0x00, 0x00, 0x00, 0x00, 0x00, 0x00, 0x00, 0xFF, 0xFF, 0xFF, 0x02,
    0x00, 0x00, 0x00, 0x00, 0xD9, 0xC8, 0xCB, 0xB2, 0xEC, 0xD7, 0xDB, 0xFF, 0xE2, 0xCB, 0xCF, 0xFB,
    0xE5, 0xCC, 0xD1, 0xFF, 0xE9, 0xCD, 0xD2, 0xFF, 0xEC, 0xCF, 0xD4, 0xFF, 0xEF, 0xD1, 0xD7, 0xFF,
    0xF2, 0xD3, 0xD8, 0xFF, 0xF5, 0xD4, 0xDB, 0xFF, 0xF7, 0xD7, 0xDD, 0xFF, 0xFA, 0xD9, 0xDF, 0xFF,
    0xFC, 0xDA, 0xE1, 0xFF, 0xFE, 0xDD, 0xE3, 0xFF, 0xFF, 0xDF, 0xE5, 0xFF, 0xFF, 0xE0, 0xE6, 0xFF,
    0xFF, 0xE2, 0xE7, 0xFF, 0xFF, 0xE3, 0xE9, 0xFF, 0xFF, 0xE4, 0xE9, 0xFF, 0xFF, 0xE4, 0xE9, 0xFF,
    0xFF, 0xE3, 0xE9, 0xFF, 0xFF, 0xE1, 0xE7, 0xFF, 0xFD, 0xDF, 0xE5, 0xFF, 0xFB, 0xDD, 0xE3, 0xFF,
    0xF9, 0xDB, 0xE0, 0xFF, 0xF7, 0xD8, 0xDE, 0xFF, 0xF6, 0xD6, 0xDC, 0xFF, 0xF5, 0xD4, 0xDA, 0xFF,
    0xF5, 0xD2, 0xD9, 0xFF, 0xF5, 0xD1, 0xD8, 0xFF, 0xF5, 0xD1, 0xD8, 0xFF, 0xF5, 0xD1, 0xD8, 0xFF,
    0xF5, 0xD1, 0xD8, 0xFF, 0xF6, 0xD2, 0xD9, 0xFF, 0xF7, 0xD2, 0xD9, 0xFF, 0xF8, 0xD4, 0xDA, 0xFF,
    0xF8, 0xD4, 0xDB, 0xFF, 0xF9, 0xD6, 0xDD, 0xFF, 0xFA, 0xD7, 0xDD, 0xFF, 0xFA, 0xD7, 0xDE, 0xFF,
    0xFB, 0xD8, 0xDF, 0xFF, 0xFB, 0xDA, 0xE0, 0xFF, 0xFC, 0xDB, 0xE1, 0xFF, 0xFC, 0xDC, 0xE2, 0xFF,
    0xFC, 0xDC, 0xE2, 0xFF, 0xFC, 0xDD, 0xE3, 0xFF, 0xFB, 0xDE, 0xE3, 0xFF, 0xFB, 0xDF, 0xE4, 0xFF,
    0xFA, 0xDF, 0xE4, 0xFF, 0xF8, 0xDF, 0xE3, 0xFE, 0xF8, 0xE0, 0xE4, 0xFA, 0xFF, 0xED, 0xF1, 0xFF,
    0xEC, 0xD9, 0xDE, 0x5E, 0x00, 0x00, 0x00, 0x00, 0xFF, 0xFF, 0xFF, 0x03, 0x00, 0x00, 0x00, 0x00,
    0x00, 0x00, 0x00, 0x00, 0x00, 0x00, 0x00, 0x00, 0x00, 0x00, 0x00, 0x00, 0x00, 0x00, 0x00, 0x00,
    0x00, 0x00, 0x00, 0x00, 0x00, 0x00, 0x00, 0x00, 0x00, 0x00, 0x00, 0x00, 0xAA, 0xAA, 0xAA, 0x03,
    0x00, 0x00, 0x00, 0x00, 0xDB, 0xCC, 0xD1, 0x32, 0xE4, 0xCF, 0xD3, 0xFD, 0xE5, 0xCC, 0xD1, 0xFB,
    0xE5, 0xCA, 0xCF, 0xFE, 0xE9, 0xCC, 0xD1, 0xFF, 0xEC, 0xCD, 0xD3, 0xFF, 0xEF, 0xCF, 0xD5, 0xFF,
    0xF2, 0xD0, 0xD7, 0xFF, 0xF5, 0xD2, 0xD9, 0xFF, 0xF7, 0xD4, 0xDB, 0xFF, 0xF9, 0xD6, 0xDD, 0xFF,
    0xFB, 0xD8, 0xDF, 0xFF, 0xFD, 0xDA, 0xE1, 0xFF, 0xFF, 0xDC, 0xE2, 0xFF, 0xFF, 0xDE, 0xE4, 0xFF,
    0xFF, 0xDF, 0xE5, 0xFF, 0xFF, 0xE0, 0xE6, 0xFF, 0xFF, 0xE1, 0xE7, 0xFF, 0xFF, 0xE1, 0xE7, 0xFF,
    0xFF, 0xE0, 0xE6, 0xFF, 0xFE, 0xDF, 0xE5, 0xFF, 0xFD, 0xDE, 0xE4, 0xFF, 0xFC, 0xDD, 0xE2, 0xFF,
    0xFA, 0xDB, 0xE1, 0xFF, 0xF9, 0xD9, 0xDF, 0xFF, 0xF7, 0xD6, 0xDD, 0xFF, 0xF6, 0xD4, 0xDB, 0xFF,
    0xF6, 0xD3, 0xD9, 0xFF, 0xF5, 0xD1, 0xD8, 0xFF, 0xF5, 0xD0, 0xD7, 0xFF, 0xF6, 0xD0, 0xD7, 0xFF,
    0xF6, 0xD0, 0xD7, 0xFF, 0xF6, 0xD0, 0xD7, 0xFF, 0xF7, 0xD1, 0xD8, 0xFF, 0xF8, 0xD2, 0xD9, 0xFF,
    0xF8, 0xD3, 0xDA, 0xFF, 0xF9, 0xD4, 0xDB, 0xFF, 0xF9, 0xD5, 0xDC, 0xFF, 0xFA, 0xD6, 0xDD, 0xFF,
    0xFA, 0xD6, 0xDD, 0xFF, 0xFB, 0xD7, 0xDE, 0xFF, 0xFB, 0xD8, 0xDF, 0xFF, 0xFB, 0xD9, 0xE0, 0xFF,
    0xFB, 0xDA, 0xE0, 0xFF, 0xFB, 0xDB, 0xE1, 0xFF, 0xFA, 0xDB, 0xE1, 0xFF, 0xFA, 0xDC, 0xE1, 0xFF,
    0xF7, 0xDC, 0xE1, 0xFF, 0xF6, 0xDD, 0xE1, 0xFA, 0xFF, 0xEE, 0xF2, 0xFF, 0xEE, 0xD8, 0xDC, 0x8C,
    0x00, 0x00, 0x00, 0x00, 0xFF, 0xBF, 0xBF, 0x04, 0x00, 0x00, 0x00, 0x00, 0x00, 0x00, 0x00, 0x00,
    0x00, 0x00, 0x00, 0x00, 0x00, 0x00, 0x00, 0x00, 0x00, 0x00, 0x00, 0x00, 0x00, 0x00, 0x00, 0x00,
    0x00, 0x00, 0x00, 0x00, 0x00, 0x00, 0x00, 0x00, 0x00, 0x00, 0x00, 0x00, 0x00, 0x00, 0x00, 0x00,
    0xFF, 0xAA, 0xAA, 0x03, 0x00, 0x00, 0x00, 0x00, 0xDE, 0xC9, 0xCD, 0x85, 0xF6, 0xDB, 0xE0, 0xFF,
    0xE6, 0xC9, 0xCE, 0xF9, 0xE9, 0xCB, 0xD0, 0xFF, 0xEC, 0xCB, 0xD2, 0xFF, 0xEF, 0xCD, 0xD3, 0xFF,
    0xF2, 0xCE, 0xD5, 0xFF, 0xF4, 0xD0, 0xD7, 0xFF, 0xF7, 0xD2, 0xD9, 0xFF, 0xF8, 0xD3, 0xDB, 0xFF,
    0xFB, 0xD5, 0xDC, 0xFF, 0xFC, 0xD7, 0xDE, 0xFF, 0xFD, 0xD9, 0xE0, 0xFF, 0xFF, 0xDA, 0xE1, 0xFF,
    0xFF, 0xDC, 0xE2, 0xFF, 0xFF, 0xDD, 0xE3, 0xFF, 0xFF, 0xDD, 0xE4, 0xFF, 0xFF, 0xDD, 0xE4, 0xFF,
    0xFF, 0xDD, 0xE3, 0xFF, 0xFE, 0xDD, 0xE3, 0xFF, 0xFD, 0xDC, 0xE2, 0xFF, 0xFD, 0xDB, 0xE2, 0xFF,
    0xFB, 0xDA, 0xE1, 0xFF, 0xFA, 0xD9, 0xDF, 0xFF, 0xF9, 0xD7, 0xDE, 0xFF, 0xF8, 0xD5, 0xDC, 0xFF,
    0xF7, 0xD3, 0xD9, 0xFF, 0xF6, 0xD1, 0xD8, 0xFF, 0xF6, 0xD0, 0xD7, 0xFF, 0xF6, 0xCF, 0xD7, 0xFF,
    0xF6, 0xCF, 0xD7, 0xFF, 0xF7, 0xCF, 0xD7, 0xFF, 0xF7, 0xD0, 0xD7, 0xFF, 0xF7, 0xD0, 0xD8, 0xFF,
    0xF8, 0xD1, 0xD8, 0xFF, 0xF8, 0xD2, 0xD9, 0xFF, 0xF9, 0xD2, 0xDA, 0xFF, 0xF9, 0xD3, 0xDA, 0xFF,
    0xFA, 0xD5, 0xDC, 0xFF, 0xFA, 0xD5, 0xDC, 0xFF, 0xFA, 0xD6, 0xDD, 0xFF, 0xFA, 0xD7, 0xDD, 0xFF,
    0xFA, 0xD8, 0xDE, 0xFF, 0xF9, 0xD8, 0xDE, 0xFF, 0xF9, 0xD9, 0xDF, 0xFF, 0xF6, 0xD8, 0xDD, 0xFD,
    0xF6, 0xD9, 0xDE, 0xFC, 0xFF, 0xEA, 0xEF, 0xFF, 0xF1, 0xDA, 0xDD, 0x99, 0x00, 0x00, 0x00, 0x00,
    0xFF, 0xFF, 0xFF, 0x03, 0xFF, 0x00, 0x00, 0x01, 0x00, 0x00, 0x00, 0x00, 0x00, 0x00, 0x00, 0x00,
    0x00, 0x00, 0x00, 0x00, 0x00, 0x00, 0x00, 0x00, 0x00, 0x00, 0x00, 0x00, 0x00, 0x00, 0x00, 0x00,
    0x00, 0x00, 0x00, 0x00, 0x00, 0x00, 0x00, 0x00, 0x00, 0x00, 0x00, 0x00, 0x00, 0x00, 0x00, 0x00,
    0xFF, 0x00, 0x00, 0x01, 0xFF, 0xAA, 0xAA, 0x03, 0xFF, 0xFF, 0xFF, 0x02, 0xE3, 0xC9, 0xCE, 0xB2,
    0xF9, 0xDA, 0xE0, 0xFF, 0xE8, 0xC8, 0xCF, 0xFA, 0xEB, 0xC9, 0xD0, 0xFE, 0xEE, 0xCB, 0xD2, 0xFF,
    0xF1, 0xCC, 0xD3, 0xFF, 0xF4, 0xCE, 0xD5, 0xFF, 0xF6, 0xCF, 0xD7, 0xFF, 0xF8, 0xD1, 0xD8, 0xFF,
    0xFA, 0xD3, 0xDA, 0xFF, 0xFB, 0xD4, 0xDC, 0xFF, 0xFD, 0xD6, 0xDD, 0xFF, 0xFE, 0xD8, 0xDF, 0xFF,
    0xFF, 0xD9, 0xE0, 0xFF, 0xFF, 0xDA, 0xE1, 0xFF, 0xFF, 0xDA, 0xE1, 0xFF, 0xFF, 0xDA, 0xE1, 0xFF,
    0xFE, 0xDA, 0xE1, 0xFF, 0xFE, 0xDA, 0xE1, 0xFF, 0xFD, 0xDA, 0xE0, 0xFF, 0xFC, 0xDA, 0xE0, 0xFF,
    0xFC, 0xD9, 0xDF, 0xFF, 0xFB, 0xD8, 0xDF, 0xFF, 0xFA, 0xD6, 0xDD, 0xFF, 0xF9, 0xD5, 0xDC, 0xFF,
    0xF8, 0xD3, 0xDA, 0xFF, 0xF7, 0xD1, 0xD8, 0xFF, 0xF7, 0xD0, 0xD7, 0xFF, 0xF7, 0xCF, 0xD7, 0xFF,
    0xF7, 0xCF, 0xD6, 0xFF, 0xF7, 0xCE, 0xD6, 0xFF, 0xF7, 0xCE, 0xD6, 0xFF, 0xF7, 0xCF, 0xD6, 0xFF,
    0xF8, 0xCF, 0xD7, 0xFF, 0xF8, 0xD0, 0xD7, 0xFF, 0xF8, 0xD0, 0xD8, 0xFF, 0xF8, 0xD1, 0xD8, 0xFF,
    0xF9, 0xD2, 0xD9, 0xFF, 0xF9, 0xD2, 0xDA, 0xFF, 0xF9, 0xD3, 0xDA, 0xFF, 0xF8, 0xD4, 0xDB, 0xFF,
    0xF8, 0xD4, 0xDB, 0xFF, 0xF7, 0xD4, 0xDA, 0xFE, 0xF5, 0xD4, 0xDA, 0xFB, 0xFB, 0xDB, 0xE1, 0xFF,
    0xFD, 0xE0, 0xE5, 0xFF, 0xEF, 0xD6, 0xDA, 0x85, 0x00, 0x00, 0x00, 0x00, 0xFF, 0xFF, 0xFF, 0x02,
    0xFF, 0xFF, 0xFF, 0x01, 0x00, 0x00, 0x00, 0x00, 0x00, 0x00, 0x00, 0x00, 0x00, 0x00, 0x00, 0x00,
    0x00, 0x00, 0x00, 0x00, 0x00, 0x00, 0x00, 0x00, 0x00, 0x00, 0x00, 0x00, 0x00, 0x00, 0x00, 0x00,
    0x00, 0x00, 0x00, 0x00, 0x00, 0x00, 0x00, 0x00, 0x00, 0x00, 0x00, 0x00, 0x00, 0x00, 0x00, 0x00,
    0x00, 0x00, 0x00, 0x00, 0xFF, 0xFF, 0xFF, 0x01, 0xFF, 0xFF, 0xFF, 0x01, 0xDF, 0xBF, 0xBF, 0x08,
    0xE7, 0xCA, 0xD0, 0xB0, 0xFC, 0xD9, 0xDF, 0xFF, 0xEC, 0xC9, 0xCF, 0xFE, 0xEC, 0xC8, 0xCF, 0xFC,
    0xF0, 0xCA, 0xD1, 0xFE, 0xF3, 0xCB, 0xD3, 0xFF, 0xF5, 0xCC, 0xD4, 0xFF, 0xF7, 0xCE, 0xD6, 0xFF,
    0xF9, 0xD0, 0xD7, 0xFF, 0xFA, 0xD1, 0xD9, 0xFF, 0xFB, 0xD3, 0xDB, 0xFF, 0xFC, 0xD4, 0xDC, 0xFF,
    0xFD, 0xD6, 0xDD, 0xFF, 0xFE, 0xD7, 0xDE, 0xFF, 0xFD, 0xD7, 0xDE, 0xFF, 0xFD, 0xD7, 0xDE, 0xFF,
    0xFD, 0xD7, 0xDE, 0xFF, 0xFD, 0xD7, 0xDE, 0xFF, 0xFC, 0xD7, 0xDE, 0xFF, 0xFC, 0xD7, 0xDE, 0xFF,
    0xFB, 0xD6, 0xDD, 0xFF, 0xFB, 0xD6, 0xDD, 0xFF, 0xFA, 0xD5, 0xDC, 0xFF, 0xFA, 0xD3, 0xDB, 0xFF,
    0xF9, 0xD2, 0xDA, 0xFF, 0xF8, 0xD1, 0xD8, 0xFF, 0xF8, 0xD0, 0xD7, 0xFF, 0xF7, 0xCE, 0xD6, 0xFF,
    0xF7, 0xCD, 0xD6, 0xFF, 0xF7, 0xCD, 0xD5, 0xFF, 0xF7, 0xCD, 0xD5, 0xFF, 0xF7, 0xCD, 0xD5, 0xFF,
    0xF7, 0xCD, 0xD5, 0xFF, 0xF7, 0xCE, 0xD6, 0xFF, 0xF7, 0xCE, 0xD6, 0xFF, 0xF8, 0xCF, 0xD7, 0xFF,
    0xF7, 0xCF, 0xD7, 0xFF, 0xF7, 0xD0, 0xD7, 0xFF, 0xF7, 0xD0, 0xD7, 0xFE, 0xF5, 0xD0, 0xD7, 0xFD,
    0xF5, 0xD1, 0xD8, 0xFB, 0xF7, 0xD4, 0xDA, 0xFF, 0xFF, 0xE0, 0xE7, 0xFF, 0xF7, 0xD7, 0xDD, 0xE3,
    0xEF, 0xD0, 0xD7, 0x53, 0x00, 0x00, 0x00, 0x00, 0xFF, 0xFF, 0xFF, 0x02, 0xFF, 0xFF, 0xFF, 0x01,
    0x00, 0x00, 0x00, 0x00, 0x00, 0x00, 0x00, 0x00, 0x00, 0x00, 0x00, 0x00, 0x00, 0x00, 0x00, 0x00,
    0x00, 0x00, 0x00, 0x00, 0x00, 0x00, 0x00, 0x00, 0x00, 0x00, 0x00, 0x00, 0x00, 0x00, 0x00, 0x00,
    0x00, 0x00, 0x00, 0x00, 0x00, 0x00, 0x00, 0x00, 0x00, 0x00, 0x00, 0x00, 0x00, 0x00, 0x00, 0x00,
    0x00, 0x00, 0x00, 0x00, 0x00, 0x00, 0x00, 0x00, 0xFF, 0xFF, 0xFF, 0x01, 0x00, 0x00, 0x00, 0x00,
    0x00, 0x00, 0x00, 0x01, 0xEB, 0xCA, 0xCF, 0x82, 0xF1, 0xCD, 0xD5, 0xF9, 0xFD, 0xD5, 0xDC, 0xFF,
    0xF2, 0xCA, 0xD2, 0xFF, 0xF1, 0xC8, 0xD0, 0xFC, 0xF3, 0xCA, 0xD2, 0xFB, 0xF5, 0xCB, 0xD3, 0xFC,
    0xF6, 0xCC, 0xD4, 0xFD, 0xF8, 0xCE, 0xD6, 0xFD, 0xF8, 0xCF, 0xD7, 0xFE, 0xF9, 0xD0, 0xD8, 0xFE,
    0xFA, 0xD0, 0xD9, 0xFE, 0xFA, 0xD2, 0xDA, 0xFE, 0xFA, 0xD2, 0xD9, 0xFE, 0xFA, 0xD2, 0xD9, 0xFE,
    0xFA, 0xD2, 0xD9, 0xFE, 0xFA, 0xD3, 0xD9, 0xFE, 0xFA, 0xD3, 0xDA, 0xFE, 0xF9, 0xD2, 0xDA, 0xFE,
    0xF9, 0xD2, 0xD9, 0xFE, 0xF9, 0xD2, 0xD9, 0xFE, 0xF9, 0xD1, 0xD8, 0xFE, 0xF8, 0xD0, 0xD8, 0xFE,
    0xF8, 0xCF, 0xD7, 0xFE, 0xF7, 0xCE, 0xD6, 0xFE, 0xF7, 0xCD, 0xD5, 0xFE, 0xF6, 0xCC, 0xD4, 0xFE,
    0xF6, 0xCB, 0xD3, 0xFE, 0xF6, 0xCB, 0xD3, 0xFE, 0xF5, 0xCB, 0xD3, 0xFE, 0xF5, 0xCA, 0xD3, 0xFE,
    0xF6, 0xCB, 0xD3, 0xFD, 0xF5, 0xCB, 0xD3, 0xFD, 0xF6, 0xCB, 0xD4, 0xFC, 0xF5, 0xCB, 0xD3, 0xFC,
    0xF5, 0xCC, 0xD4, 0xFB, 0xF4, 0xCC, 0xD4, 0xFC, 0xF6, 0xCD, 0xD5, 0xFF, 0xFE, 0xD5, 0xDD, 0xFF,
    0xFF, 0xDB, 0xE3, 0xFF, 0xF7, 0xD2, 0xD9, 0xEF, 0xF4, 0xD1, 0xD8, 0x8C, 0xDA, 0xC2, 0xC2, 0x15,
    0x00, 0x00, 0x00, 0x00, 0xFF, 0xAA, 0xFF, 0x03, 0x00, 0x00, 0x00, 0x00, 0x00, 0x00, 0x00, 0x00,
    0x00, 0x00, 0x00, 0x00, 0x00, 0x00, 0x00, 0x00, 0x00, 0x00, 0x00, 0x00, 0x00, 0x00, 0x00, 0x00,
    0x00, 0x00, 0x00, 0x00, 0x00, 0x00, 0x00, 0x00, 0x00, 0x00, 0x00, 0x00, 0x00, 0x00, 0x00, 0x00,
    0x00, 0x00, 0x00, 0x00, 0x00, 0x00, 0x00, 0x00, 0x00, 0x00, 0x00, 0x00, 0x00, 0x00, 0x00, 0x00,
    0x00, 0x00, 0x00, 0x00, 0x00, 0x00, 0x00, 0x00, 0x00, 0x00, 0x00, 0x00, 0xFF, 0xFF, 0xFF, 0x01,
    0xFF, 0xFF, 0xFF, 0x01, 0x00, 0x00, 0x00, 0x00, 0xE5, 0xC6, 0xCC, 0x32, 0xF1, 0xCC, 0xD3, 0xA6,
    0xF2, 0xCA, 0xD1, 0xF3, 0xFF, 0xD4, 0xDD, 0xFF, 0xFF, 0xD5, 0xDE, 0xFF, 0xFF, 0xD2, 0xDB, 0xFF,
    0xFE, 0xD0, 0xD9, 0xFF, 0xFC, 0xCF, 0xD8, 0xFF, 0xFC, 0xCF, 0xD8, 0xFF, 0xFC, 0xD0, 0xD8, 0xFF,
    0xFD, 0xD0, 0xD9, 0xFF, 0xFE, 0xD2, 0xDB, 0xFF, 0xFE, 0xD2, 0xDB, 0xFF, 0xFE, 0xD2, 0xDB, 0xFF,
    0xFE, 0xD2, 0xDB, 0xFF, 0xFE, 0xD2, 0xDB, 0xFF, 0xFE, 0xD2, 0xDB, 0xFF, 0xFE, 0xD2, 0xDB, 0xFF,
    0xFD, 0xD2, 0xDB, 0xFF, 0xFD, 0xD2, 0xDA, 0xFF, 0xFD, 0xD1, 0xDA, 0xFF, 0xFC, 0xD0, 0xDA, 0xFF,
    0xFC, 0xD0, 0xD9, 0xFF, 0xFC, 0xCF, 0xD8, 0xFF, 0xFB, 0xCF, 0xD8, 0xFF, 0xFB, 0xCE, 0xD7, 0xFF,
    0xFB, 0xCE, 0xD7, 0xFF, 0xFA, 0xCD, 0xD6, 0xFF, 0xFA, 0xCD, 0xD6, 0xFF, 0xFB, 0xCD, 0xD6, 0xFF,
    0xFC, 0xCE, 0xD7, 0xFF, 0xFD, 0xD0, 0xD9, 0xFF, 0xFF, 0xD2, 0xDB, 0xFF, 0xFF, 0xD5, 0xDE, 0xFF,
    0xFF, 0xD7, 0xE0, 0xFF, 0xFF, 0xD4, 0xDD, 0xFF, 0xF3, 0xCB, 0xD3, 0xFB, 0xF5, 0xCD, 0xD4, 0xCC,
    0xF6, 0xCE, 0xD6, 0x79, 0xEE, 0xC3, 0xCC, 0x1E, 0x00, 0x00, 0x00, 0x00, 0x00, 0x00, 0x00, 0x00,
    0xFF, 0xFF, 0xFF, 0x03, 0x00, 0x00, 0x00, 0x00, 0x00, 0x00, 0x00, 0x00, 0x00, 0x00, 0x00, 0x00,
    0x00, 0x00, 0x00, 0x00, 0x00, 0x00, 0x00, 0x00, 0x00, 0x00, 0x00, 0x00, 0x00, 0x00, 0x00, 0x00,
    0x00, 0x00, 0x00, 0x00, 0x00, 0x00, 0x00, 0x00, 0x00, 0x00, 0x00, 0x00, 0x00, 0x00, 0x00, 0x00,
    0x00, 0x00, 0x00, 0x00, 0x00, 0x00, 0x00, 0x00, 0x00, 0x00, 0x00, 0x00, 0x00, 0x00, 0x00, 0x00,
    0x00, 0x00, 0x00, 0x00, 0x00, 0x00, 0x00, 0x00, 0x00, 0x00, 0x00, 0x00, 0x00, 0x00, 0x00, 0x00,
    0x00, 0x00, 0x00, 0x00, 0xFF, 0xAA, 0xAA, 0x03, 0x00, 0x00, 0x00, 0x00, 0x00, 0x00, 0x00, 0x00,
    0xEE, 0xC5, 0xCD, 0x1F, 0xF4, 0xCA, 0xD2, 0x61, 0xF5, 0xCA, 0xD2, 0x9A, 0xF3, 0xC6, 0xCF, 0xC2,
    0xF3, 0xC7, 0xCF, 0xD7, 0xF4, 0xC8, 0xD1, 0xE4, 0xF5, 0xC7, 0xD0, 0xEC, 0xF5, 0xC8, 0xD0, 0xEE,
    0xF5, 0xC8, 0xD0, 0xED, 0xF5, 0xC8, 0xD1, 0xEB, 0xF6, 0xC9, 0xD2, 0xE9, 0xF6, 0xC9, 0xD1, 0xE8,
    0xF5, 0xC8, 0xD1, 0xE9, 0xF6, 0xC9, 0xD2, 0xE9, 0xF5, 0xC8, 0xD1, 0xEA, 0xF5, 0xC8, 0xD1, 0xEA,
    0xF4, 0xC8, 0xD1, 0xEA, 0xF4, 0xC8, 0xD1, 0xEA, 0xF5, 0xC8, 0xD1, 0xEA, 0xF4, 0xC7, 0xD1, 0xEB,
    0xF4, 0xC6, 0xD0, 0xEC, 0xF4, 0xC7, 0xD0, 0xEC, 0xF4, 0xC7, 0xD0, 0xEB, 0xF4, 0xC7, 0xD0, 0xEA,
    0xF4, 0xC7, 0xCF, 0xEA, 0xF3, 0xC6, 0xCF, 0xEA, 0xF4, 0xC7, 0xCF, 0xE9, 0xF2, 0xC6, 0xCE, 0xE7,
    0xF2, 0xC7, 0xCF, 0xE0, 0xF2, 0xC6, 0xD0, 0xD4, 0xF3, 0xC7, 0xCF, 0xC5, 0xF1, 0xC5, 0xCE, 0xAD,
    0xF1, 0xC6, 0xCF, 0x87, 0xF6, 0xCB, 0xD1, 0x59, 0xF2, 0xCC, 0xD2, 0x28, 0x00, 0x00, 0x00, 0x00,
    0x00, 0x00, 0x00, 0x00, 0x00, 0x00, 0x00, 0x00, 0xFF, 0xFF, 0xFF, 0x03, 0xFF, 0xFF, 0xFF, 0x01,
    0x00, 0x00, 0x00, 0x00, 0x00, 0x00, 0x00, 0x00, 0x00, 0x00, 0x00, 0x00, 0x00, 0x00, 0x00, 0x00,
    0x00, 0x00, 0x00, 0x00, 0x00, 0x00, 0x00, 0x00, 0x00, 0x00, 0x00, 0x00, 0x00, 0x00, 0x00, 0x00,
    0x00, 0x00, 0x00, 0x00, 0x00, 0x00, 0x00, 0x00, 0x00, 0x00, 0x00, 0x00, 0x00, 0x00, 0x00, 0x00,
    0x00, 0x00, 0x00, 0x00, 0x00, 0x00, 0x00, 0x00, 0x00, 0x00, 0x00, 0x00, 0x00, 0x00, 0x00, 0x00,
    0x00, 0x00, 0x00, 0x00, 0x00, 0x00, 0x00, 0x00, 0x00, 0x00, 0x00, 0x00, 0x00, 0x00, 0x00, 0x00,
    0x00, 0x00, 0x00, 0x00, 0x00, 0x00, 0x00, 0x00, 0xFF, 0xFF, 0xFF, 0x02, 0xAA, 0xAA, 0xAA, 0x03,
    0x00, 0x00, 0x00, 0x00, 0x00, 0x00, 0x00, 0x00, 0x00, 0x00, 0x00, 0x00, 0x00, 0x00, 0x00, 0x00,
    0xFF, 0xAA, 0xAA, 0x03, 0xE7, 0xB9, 0xD0, 0x0B, 0xFF, 0xCC, 0xCC, 0x0F, 0xF0, 0xC3, 0xC3, 0x11,
    0xEF, 0xBF, 0xCF, 0x10, 0xFF, 0xC8, 0xDA, 0x0E, 0xFF, 0xC4, 0xD7, 0x0D, 0xEB, 0xC4, 0xC4, 0x0D,
    0xEB, 0xC4, 0xC4, 0x0D, 0xEC, 0xC8, 0xC8, 0x0E, 0xEC, 0xC8, 0xC8, 0x0E, 0xEC, 0xC8, 0xC8, 0x0E,
    0xEC, 0xC8, 0xC8, 0x0E, 0xEC, 0xC8, 0xC8, 0x0E, 0xEC, 0xC8, 0xC8, 0x0E, 0xEE, 0xBB, 0xCC, 0x0F,
    0xEE, 0xCC, 0xCC, 0x0F, 0xEE, 0xCC, 0xCC, 0x0F, 0xEE, 0xCC, 0xCC, 0x0F, 0xEC, 0xC8, 0xC8, 0x0E,
    0xEC, 0xC8, 0xC8, 0x0E, 0xEC, 0xC8, 0xC8, 0x0E, 0xEC, 0xC8, 0xC8, 0x0E, 0xE9, 0xBF, 0xD4, 0x0C,
    0xFF, 0xBF, 0xDF, 0x08, 0xFF, 0x7F, 0x7F, 0x02, 0x00, 0x00, 0x00, 0x00, 0x00, 0x00, 0x00, 0x00,
    0x00, 0x00, 0x00, 0x00, 0x00, 0x00, 0x00, 0x00, 0x00, 0x00, 0x00, 0x00, 0x00, 0x00, 0x00, 0x00,
    0xFF, 0xBF, 0xBF, 0x04, 0x7F, 0x7F, 0x7F, 0x02, 0x00, 0x00, 0x00, 0x00, 0x00, 0x00, 0x00, 0x00,
    0x00, 0x00, 0x00, 0x00, 0x00, 0x00, 0x00, 0x00, 0x00, 0x00, 0x00, 0x00, 0x00, 0x00, 0x00, 0x00,
    0x00, 0x00, 0x00, 0x00, 0x00, 0x00, 0x00, 0x00, 0x00, 0x00, 0x00, 0x00, 0x00, 0x00, 0x00, 0x00,
    0x00, 0x00, 0x00, 0x00, 0x00, 0x00, 0x00, 0x00, 0x00, 0x00, 0x00, 0x00, 0x00, 0x00, 0x00, 0x00,
    0x00, 0x00, 0x00, 0x00, 0x00, 0x00, 0x00, 0x00, 0x00, 0x00, 0x00, 0x00, 0x00, 0x00, 0x00, 0x00,
    0x00, 0x00, 0x00, 0x00, 0x00, 0x00, 0x00, 0x00, 0x00, 0x00, 0x00, 0x00, 0x00, 0x00, 0x00, 0x00,
    0x00, 0x00, 0x00, 0x00, 0x00, 0x00, 0x00, 0x00, 0x00, 0x00, 0x00, 0x00, 0x00, 0x00, 0x00, 0x00,
    0xFF, 0x7F, 0x7F, 0x02, 0xFF, 0xBF, 0xBF, 0x04, 0xBF, 0xBF, 0xBF, 0x04, 0xFF, 0x7F, 0x7F, 0x02,
    0x00, 0x00, 0x00, 0x00, 0x00, 0x00, 0x00, 0x00, 0x00, 0x00, 0x00, 0x00, 0x00, 0x00, 0x00, 0x00,
    0x00, 0x00, 0x00, 0x00, 0x00, 0x00, 0x00, 0x00, 0x00, 0x00, 0x00, 0x00, 0x00, 0x00, 0x00, 0x00,
    0x00, 0x00, 0x00, 0x00, 0x00, 0x00, 0x00, 0x00, 0x00, 0x00, 0x00, 0x00, 0x00, 0x00, 0x00, 0x00,
    0x00, 0x00, 0x00, 0x00, 0x00, 0x00, 0x00, 0x00, 0x00, 0x00, 0x00, 0x00, 0x00, 0x00, 0x00, 0x00,
    0x00, 0x00, 0x00, 0x00, 0x00, 0x00, 0x00, 0x00, 0x00, 0x00, 0x00, 0x00, 0x00, 0x00, 0x00, 0x00,
    0x00, 0x00, 0x00, 0x00, 0x00, 0x00, 0x00, 0x00, 0x00, 0x00, 0x00, 0x00, 0x00, 0x00, 0x00, 0x00,
    0x00, 0x00, 0x00, 0x00, 0x00, 0x00, 0x00, 0x00, 0xFF, 0xFF, 0xFF, 0x01, 0xFF, 0xAA, 0xAA, 0x03,
    0xFF, 0xBF, 0xBF, 0x04, 0xBF, 0xBF, 0xBF, 0x04, 0xFF, 0xFF, 0xFF, 0x02, 0x00, 0x00, 0x00, 0x00,
    0x00, 0x00, 0x00, 0x00, 0x00, 0x00, 0x00, 0x00, 0x00, 0x00, 0x00, 0x00, 0x00, 0x00, 0x00, 0x00,
    0x00, 0x00, 0x00, 0x00, 0x00, 0x00, 0x00, 0x00, 0x00, 0x00, 0x00, 0x00, 0x00, 0x00, 0x00, 0x00,
    0x00, 0x00, 0x00, 0x00, 0x00, 0x00, 0x00, 0x00, 0x00, 0x00, 0x00, 0x00, 0x00, 0x00, 0x00, 0x00,
    0x00, 0x00, 0x00, 0x00, 0x00, 0x00, 0x00, 0x00, 0x00, 0x00, 0x00, 0x00, 0x00, 0x00, 0x00, 0x00,
    0x00, 0x00, 0x00, 0x00, 0x00, 0x00, 0x00, 0x00, 0x00, 0x00, 0x00, 0x00, 0x00, 0x00, 0x00, 0x00,
    0x00, 0x00, 0x00, 0x00, 0x00, 0x00, 0x00, 0x00, 0x00, 0x00, 0x00, 0x00, 0x00, 0x00, 0x00, 0x00,
    0x00, 0x00, 0x00, 0x00, 0x00, 0x00, 0x00, 0x00, 0x00, 0x00, 0x00, 0x00, 0x00, 0x00, 0x00, 0x00,
    0x00, 0x00, 0x00, 0x00, 0x00, 0x00, 0x00, 0x00, 0x00, 0x00, 0x00, 0x00, 0x00, 0x00, 0x00, 0x00,
    0xFF, 0x00, 0xFF, 0x01, 0xFF, 0xFF, 0xFF, 0x01, 0xFF, 0xFF, 0xFF, 0x01, 0xFF, 0xFF, 0xFF, 0x01,
    0xFF, 0xFF, 0xFF, 0x01, 0xFF, 0xFF, 0xFF, 0x01, 0xFF, 0xFF, 0xFF, 0x01, 0xFF, 0xFF, 0xFF, 0x01,
    0xFF, 0xFF, 0xFF, 0x01, 0xFF, 0xFF, 0xFF, 0x01, 0xFF, 0xFF, 0xFF, 0x01, 0xFF, 0xFF, 0xFF, 0x01,
    0xFF, 0xFF, 0xFF, 0x01, 0xFF, 0xFF, 0xFF, 0x01, 0xFF, 0xFF, 0xFF, 0x01, 0xFF, 0xFF, 0xFF, 0x01,
    0xFF, 0xFF, 0xFF, 0x01, 0xFF, 0xFF, 0xFF, 0x01, 0xFF, 0xFF, 0xFF, 0x01, 0xFF, 0xFF, 0xFF, 0x01,
    0xFF, 0xFF, 0xFF, 0x01, 0xFF, 0xFF, 0xFF, 0x01, 0xFF, 0xFF, 0xFF, 0x01, 0xFF, 0xFF, 0xFF, 0x01,
    0xFF, 0xFF, 0xFF, 0x01, 0xFF, 0x00, 0x00, 0x01, 0x00, 0x00, 0x00, 0x00, 0x00, 0x00, 0x00, 0x00,
    0x00, 0x00, 0x00, 0x00, 0x00, 0x00, 0x00, 0x00, 0x00, 0x00, 0x00, 0x00, 0x00, 0x00, 0x00, 0x00,
    0x00, 0x00, 0x00, 0x00, 0x00, 0x00, 0x00, 0x00, 0x00, 0x00, 0x00, 0x00, 0x00, 0x00, 0x00, 0x00,
    0x00, 0x00, 0x00, 0x00, 0x00, 0x00, 0x00, 0x00, 0x00, 0x00, 0x00, 0x00, 0x00, 0x00, 0x00, 0x00,
    0x00, 0x00, 0x00, 0x00, 0x00, 0x00, 0x00, 0x00, 0x00, 0x00, 0x00, 0x00, 0x00, 0x00, 0x00, 0x00,
    0x00, 0x00, 0x00, 0x00, 0x00, 0x00, 0x00, 0x00, 0x00, 0x00, 0x00, 0x00, 0x00, 0x00, 0x00, 0x00,
    0x00, 0x00, 0x00, 0x00, 0x00, 0x00, 0x00, 0x00, 0x00, 0x00, 0x00, 0x00, 0x00, 0x00, 0x00, 0x00,
    0x00, 0x00, 0x00, 0x00, 0x00, 0x00, 0x00, 0x00, 0x00, 0x00, 0x00, 0x00, 0x00, 0x00, 0x00, 0x00,
    0x00, 0x00, 0x00, 0x00, 0x00, 0x00, 0x00, 0x00, 0x00, 0x00, 0x00, 0x00, 0x00, 0x00, 0x00, 0x00,
    0x00, 0x00, 0x00, 0x00, 0x00, 0x00, 0x00, 0x00, 0x00, 0x00, 0x00, 0x00, 0x00, 0x00, 0x00, 0x00,
    0x00, 0x00, 0x00, 0x00, 0x00, 0x00, 0x00, 0x00, 0x00, 0x00, 0x00, 0x00, 0x00, 0x00, 0x00, 0x00,
    0x00, 0x00, 0x00, 0x00, 0x00, 0x00, 0x00, 0x00, 0x00, 0x00, 0x00, 0x00, 0x00, 0x00, 0x00, 0x00,
    0x00, 0x00, 0x00, 0x00, 0x00, 0x00, 0x00, 0x00, 0x00, 0x00, 0x00, 0x00, 0x00, 0x00, 0x00, 0x00,
    0x00, 0x00, 0x00, 0x00, 0x00, 0x00, 0x00, 0x00, 0x00, 0x00, 0x00, 0x00, 0x00, 0x00, 0x00, 0x00,
    0x00, 0x00, 0x00, 0x00, 0x00, 0x00, 0x00, 0x00, 0x00, 0x00, 0x00, 0x00, 0x00, 0x00, 0x00, 0x00,
    0x00, 0x00, 0x00, 0x00, 0x00, 0x00, 0x00, 0x00, 0x00, 0x00, 0x00, 0x00, 0x00, 0x00, 0x00, 0x00,
    0x00, 0x00, 0x00, 0x00, 0x00, 0x00, 0x00, 0x00, 0x00, 0x00, 0x00, 0x00, 0x00, 0x00, 0x00, 0x00,
    0x00, 0x00, 0x00, 0x00, 0x00, 0x00, 0x00, 0x00, 0x00, 0x00, 0x00, 0x00, 0x00, 0x00, 0x00, 0x00,
    0x00, 0x00, 0x00, 0x00, 0x00, 0x00, 0x00, 0x00, 0x00, 0x00, 0x00, 0x00, 0x00, 0x00, 0x00, 0x00,
    0x00, 0x00, 0x00, 0x00, 0x00, 0x00, 0x00, 0x00, 0x00, 0x00, 0x00, 0x00, 0x00, 0x00, 0x00, 0x00,
    0x00, 0x00, 0x00, 0x00, 0x00, 0x00, 0x00, 0x00, 0x00, 0x00, 0x00, 0x00, 0x00, 0x00, 0x00, 0x00,
    0x00, 0x00, 0x00, 0x00, 0x00, 0x00, 0x00, 0x00, 0x00, 0x00, 0x00, 0x00, 0x00, 0x00, 0x00, 0x00,
    0x00, 0x00, 0x00, 0x00, 0x00, 0x00, 0x00, 0x00, 0x00, 0x00, 0x00, 0x00, 0x00, 0x00, 0x00, 0x00,
    0x00, 0x00, 0x00, 0x00, 0x00, 0x00, 0x00, 0x00, 0x00, 0x00, 0x00, 0x00, 0x00, 0x00, 0x00, 0x00,
    0x00, 0x00, 0x00, 0x00, 0x00, 0x00, 0x00, 0x00, 0x00, 0x00, 0x00, 0x00, 0x00, 0x00, 0x00, 0x00,
    0x00, 0x00, 0x00, 0x00, 0x00, 0x00, 0x00, 0x00, 0x00, 0x00, 0x00, 0x00, 0x00, 0x00, 0x00, 0x00,
    0x00, 0x00, 0x00, 0x00, 0x00, 0x00, 0x00, 0x00, 0x00, 0x00, 0x00, 0x00, 0x00, 0x00, 0x00, 0x00,
    0x00, 0x00, 0x00, 0x00, 0x00, 0x00, 0x00, 0x00, 0x00, 0x00, 0x00, 0x00, 0x00, 0x00, 0x00, 0x00,
    0x00, 0x00, 0x00, 0x00, 0x00, 0x00, 0x00, 0x00, 0x00, 0x00, 0x00, 0x00, 0x00, 0x00, 0x00, 0x00,
    0x00, 0x00, 0x00, 0x00, 0x00, 0x00, 0x00, 0x00, 0x00, 0x00, 0x00, 0x00, 0x00, 0x00, 0x00, 0x00,
    0x00, 0x00, 0x00, 0x00, 0x00, 0x00, 0x00, 0x00, 0x00, 0x00, 0x00, 0x00, 0x00, 0x00, 0x00, 0x00,
    0x00, 0x00, 0x00, 0x00, 0x00, 0x00, 0x00, 0x00, 0x00, 0x00, 0x00, 0x00, 0x00, 0x00, 0x00, 0x00,
    0x00, 0x00, 0x00, 0x00, 0x00, 0x00, 0x00, 0x00, 0x00, 0x00, 0x00, 0x00, 0x00, 0x00, 0x00, 0x00,
    0x00, 0x00, 0x00, 0x00, 0x00, 0x00, 0x00, 0x00, 0x00, 0x00, 0x00, 0x00, 0x00, 0x00, 0x00, 0x00,
    0x00, 0x00, 0x00, 0x00, 0x00, 0x00, 0x00, 0x00, 0x00, 0x00, 0x00, 0x00, 0x00, 0x00, 0x00, 0x00,
    0x00, 0x00, 0x00, 0x00, 0x00, 0x00, 0x00, 0x00, 0x00, 0x00, 0x00, 0x00, 0x00, 0x00, 0x00, 0x00,
    0x00, 0x00, 0x00, 0x00, 0x00, 0x00, 0x00, 0x00, 0x00, 0x00, 0x00, 0x00, 0x00, 0x00, 0x00, 0x00,
    0x00, 0x00, 0x00, 0x00, 0x00, 0x00, 0x00, 0x00, 0x00, 0x00, 0x00, 0x00, 0x00, 0x00, 0x00, 0x00,
    0x00, 0x00, 0x00, 0x00, 0x00, 0x00, 0x00, 0x00, 0x00, 0x00, 0x00, 0x00, 0x00, 0x00, 0x00, 0x00,
    0x00, 0x00, 0x00, 0x00, 0x00, 0x00, 0x00, 0x00, 0x00, 0x00, 0x00, 0x00, 0x00, 0x00, 0x00, 0x00,
    0x00, 0x00, 0x00, 0x00, 0x00, 0x00, 0x00, 0x00, 0x00, 0x00, 0x00, 0x00, 0x00, 0x00, 0x00, 0x00,
    0x00, 0x00, 0x00, 0x00, 0x00, 0x00, 0x00, 0x00, 0x00, 0x00, 0x00, 0x00, 0x00, 0x00, 0x00, 0x00,
    0x00, 0x00, 0x00, 0x00, 0x00, 0x00, 0x00, 0x00, 0x00, 0x00, 0x00, 0x00, 0x00, 0x00, 0x00, 0x00,
    0x00, 0x00, 0x00, 0x00, 0x00, 0x00, 0x00, 0x00, 0x00, 0x00, 0x00, 0x00, 0x00, 0x00, 0x00, 0x00,
    0x00, 0x00, 0x00, 0x00, 0x00, 0x00, 0x00, 0x00, 0x00, 0x00, 0x00, 0x00, 0x00, 0x00, 0x00, 0x00,
    0x00, 0x00, 0x00, 0x00, 0x00, 0x00, 0x00, 0x00, 0x00, 0x00, 0x00, 0x00, 0x00, 0x00, 0x00, 0x00,
    0x00, 0x00, 0x00, 0x00, 0x00, 0x00, 0x00, 0x00, 0x00, 0x00, 0x00, 0x00, 0x00, 0x00, 0x00, 0x00,
    0x00, 0x00, 0x00, 0x00, 0x00, 0x00, 0x00, 0x00, 0x00, 0x00, 0x00, 0x00, 0x00, 0x00, 0x00, 0x00,
    0x00, 0x00, 0x00, 0x00, 0x00, 0x00, 0x00, 0x00, 0x00, 0x00, 0x00, 0x00, 0x00, 0x00, 0x00, 0x00,
    0x00, 0x00, 0x00, 0x00, 0x00, 0x00, 0x00, 0x00, 0x00, 0x00, 0x00, 0x00, 0x00, 0x00, 0x00, 0x00,
    0x00, 0x00, 0x00, 0x00, 0x00, 0x00, 0x00, 0x00, 0x00, 0x00, 0x00, 0x00, 0x00, 0x00, 0x00, 0x00,
    0x00, 0x00, 0x00, 0x00, 0x00, 0x00, 0x00, 0x00, 0x00, 0x00, 0x00, 0x00, 0x00, 0x00, 0x00, 0x00,
    0x00, 0x00, 0x00, 0x00, 0x00, 0x00, 0x00, 0x00, 0x00, 0x00, 0x00, 0x00, 0x00, 0x00, 0x00, 0x00,
    0x00, 0x00, 0x00, 0x00, 0x00, 0x00, 0x00, 0x00, 0x00, 0x00, 0x00, 0x00, 0x00, 0x00, 0x00, 0x00,
    0x00, 0x00, 0x00, 0x00, 0x00, 0x00, 0x00, 0x00, 0x00, 0x00, 0x00, 0x00, 0x00, 0x00, 0x00, 0x00,
    0x00, 0x00, 0x00, 0x00, 0x00, 0x00, 0x00, 0x00, 0x00, 0x00, 0x00, 0x00, 0x00, 0x00, 0x00, 0x00,
    0x00, 0x00, 0x00, 0x00, 0x00, 0x00, 0x00, 0x00, 0x00, 0x00, 0x00, 0x00, 0x00, 0x00, 0x00, 0x00,
    0x00, 0x00, 0x00, 0x00, 0x00, 0x00, 0x00, 0x00, 0x00, 0x00, 0x00, 0x00, 0x00, 0x00, 0x00, 0x00,
    0x00, 0x00, 0x00, 0x00, 0x00, 0x00, 0x00, 0x00, 0x00, 0x00, 0x00, 0x00, 0x00, 0x00, 0x00, 0x00,
    0x00, 0x00, 0x00, 0x00, 0x00, 0x00, 0x00, 0x00, 0x00, 0x00, 0x00, 0x00, 0x00, 0x00, 0x00, 0x00,
    0x00, 0x00, 0x00, 0x00, 0x00, 0x00, 0x00, 0x00, 0x00, 0x00, 0x00, 0x00, 0x00, 0x00, 0x00, 0x00,
    0x00, 0x00, 0x00, 0x00, 0x00, 0x00, 0x00, 0x00, 0x00, 0x00, 0x00, 0x00, 0x00, 0x00, 0x00, 0x00,
    0x00, 0x00, 0x00, 0x00, 0x00, 0x00, 0x00, 0x00, 0x00, 0x00, 0x00, 0x00, 0x00, 0x00, 0x00, 0x00,
    0x00, 0x00, 0x00, 0x00, 0x00, 0x00, 0x00, 0x00, 0x00, 0x00, 0x00, 0x00, 0x00, 0x00, 0x00, 0x00,
    0x00, 0x00, 0x00, 0x00, 0x00, 0x00, 0x00, 0x00, 0x00, 0x00, 0x00, 0x00, 0x00, 0x00, 0x00, 0x00,
    0x00, 0x00, 0x00, 0x00, 0x00, 0x00, 0x00, 0x00, 0x00, 0x00, 0x00, 0x00, 0x00, 0x00, 0x00, 0x00,
    0x00, 0x00, 0x00, 0x00, 0x00, 0x00, 0x00, 0x00, 0x00, 0x00, 0x00, 0x00, 0x00, 0x00, 0x00, 0x00,
    0x00, 0x00, 0x00, 0x00, 0x00, 0x00, 0x00, 0x00, 0x00, 0x00, 0x00, 0x00, 0x00, 0x00, 0x00, 0x00,
    0x00, 0x00, 0x00, 0x00, 0x00, 0x00, 0x00, 0x00, 0x00, 0x00, 0x00, 0x00, 0x00, 0x00, 0x00, 0x00,
    0x00, 0x00, 0x00, 0x00, 0x00, 0x00, 0x00, 0x00, 0x00, 0x00, 0x00, 0x00, 0x00, 0x00, 0x00, 0x00,
    0x00, 0x00, 0x00, 0x00, 0x00, 0x00, 0x00, 0x00, 0x00, 0x00, 0x00, 0x00, 0x00, 0x00, 0x00, 0x00,
    0x00, 0x00, 0x00, 0x00, 0x00, 0x00, 0x00, 0x00, 0x00, 0x00, 0x00, 0x00, 0x00, 0x00, 0x00, 0x00,
    0x00, 0x00, 0x00, 0x00, 0x00, 0x00, 0x00, 0x00, 0x00, 0x00, 0x00, 0x00, 0x00, 0x00, 0x00, 0x00,
    0x00, 0x00, 0x00, 0x00, 0x00, 0x00, 0x00, 0x00, 0x00, 0x00, 0x00, 0x00, 0x00, 0x00, 0x00, 0x00,
    0x00, 0x00, 0x00, 0x00, 0x00, 0x00, 0x00, 0x00, 0x00, 0x00, 0x00, 0x00, 0x00, 0x00, 0x00, 0x00,
    0x00, 0x00, 0x00, 0x00, 0x00, 0x00, 0x00, 0x00, 0x00, 0x00, 0x00, 0x00, 0x00, 0x00, 0x00, 0x00,
    0x00, 0x00, 0x00, 0x00, 0x00, 0x00, 0x00, 0x00, 0x00, 0x00, 0x00, 0x00, 0x00, 0x00, 0x00, 0x00,
    0x00, 0x00, 0x00, 0x00, 0x00, 0x00, 0x00, 0x00, 0x00, 0x00, 0x00, 0x00, 0x00, 0x00, 0x00, 0x00,
    0x00, 0x00, 0x00, 0x00, 0x00, 0x00, 0x00, 0x00, 0x00, 0x00, 0x00, 0x00, 0x00, 0x00, 0x00, 0x00,
    0x00, 0x00, 0x00, 0x00, 0x00, 0x00, 0x00, 0x00, 0x00, 0x00, 0x00, 0x00, 0x00, 0x00, 0x00, 0x00,
    0x00, 0x00, 0x00, 0x00, 0x00, 0x00, 0x00, 0x00, 0x00, 0x00, 0x00, 0x00, 0x00, 0x00, 0x00, 0x00,
    0x00, 0x00, 0x00, 0x00, 0x00, 0x00, 0x00, 0x00, 0x00, 0x00, 0x00, 0x00, 0x00, 0x00, 0x00, 0x00,
    0x00, 0x00, 0x00, 0x00, 0x00, 0x00, 0x00, 0x00, 0x00, 0x00, 0x00, 0x00, 0x00, 0x00, 0x00, 0x00,
    0x00, 0x00, 0x00, 0x00, 0x00, 0x00, 0x00, 0x00, 0x00, 0x00, 0x00, 0x00, 0x00, 0x00, 0x00, 0x00,
    0x00, 0x00, 0x00, 0x00, 0x00, 0x00, 0x00, 0x00, 0x00, 0x00, 0x00, 0x00, 0x00, 0x00, 0x00, 0x00,
    0x00, 0x00, 0x00, 0x00, 0x00, 0x00, 0x00, 0x00, 0x00, 0x00, 0x00, 0x00, 0x00, 0x00, 0x00, 0x00,
    0x00, 0x00, 0x00, 0x00, 0x00, 0x00, 0x00, 0x00, 0x00, 0x00, 0x00, 0x00, 0x00, 0x00, 0x00, 0x00,
    0x00, 0x00, 0x00, 0x00, 0x00, 0x00, 0x00, 0x00, 0x00, 0x00, 0x00, 0x00, 0x00, 0x00, 0x00, 0x00,
    0x00, 0x00, 0x00, 0x00, 0x00, 0x00, 0x00, 0x00, 0x00, 0x00, 0x00, 0x00, 0x00, 0x00, 0x00, 0x00,
    0x00, 0x00, 0x00, 0x00, 0x00, 0x00, 0x00, 0x00, 0x00, 0x00, 0x00, 0x00, 0x00, 0x00, 0x00, 0x00,
    0x00, 0x00, 0x00, 0x00, 0x00, 0x00, 0x00, 0x00, 0x00, 0x00, 0x00, 0x00, 0x00, 0x00, 0x00, 0x00,
    0x00, 0x00, 0x00, 0x00, 0x00, 0x00, 0x00, 0x00, 0x00, 0x00, 0x00, 0x00, 0x00, 0x00, 0x00, 0x00,
    0x00, 0x00, 0x00, 0x00, 0x00, 0x00, 0x00, 0x00, 0x00, 0x00, 0x00, 0x00, 0x00, 0x00, 0x00, 0x00,
    0x00, 0x00, 0x00, 0x00, 0x00, 0x00, 0x00, 0x00, 0x00, 0x00, 0x00, 0x00, 0x00, 0x00, 0x00, 0x00,
    0x00, 0x00, 0x00, 0x00, 0x00, 0x00, 0x00, 0x00, 0x00, 0x00, 0x00, 0x00, 0x00, 0x00, 0x00, 0x00,
    0x00, 0x00, 0x00, 0x00, 0x00, 0x00, 0x00, 0x00, 0x00, 0x00, 0x00, 0x00, 0x00, 0x00, 0x00, 0x00,
    0x00, 0x00, 0x00, 0x00, 0x00, 0x00, 0x00, 0x00, 0x00, 0x00, 0x00, 0x00, 0x00, 0x00, 0x00, 0x00,
    0x00, 0x00, 0x00, 0x00, 0x00, 0x00, 0x00, 0x00, 0x00, 0x00, 0x00, 0x00, 0x00, 0x00, 0x00, 0x00,
    0x00, 0x00, 0x00, 0x00, 0x00, 0x00, 0x00, 0x00, 0x00, 0x00, 0x00, 0x00, 0x00, 0x00, 0x00, 0x00,
    0x00, 0x00, 0x00, 0x00, 0x00, 0x00, 0x00, 0x00, 0x00, 0x00, 0x00, 0x00, 0x00, 0x00, 0x00, 0x00,
    0x00, 0x00, 0x00, 0x00, 0x00, 0x00, 0x00, 0x00, 0x00, 0x00, 0x00, 0x00, 0x00, 0x00, 0x00, 0x00,
    0x00, 0x00, 0x00, 0x00, 0x00, 0x00, 0x00, 0x00, 0x00, 0x00, 0x00, 0x00, 0x00, 0x00, 0x00, 0x00,
    0x00, 0x00, 0x00, 0x00, 0x00, 0x00, 0x00, 0x00, 0x00, 0x00, 0x00, 0x00, 0x00, 0x00, 0x00, 0x00,
    0x00, 0x00, 0x00, 0x00, 0x00, 0x00, 0x00, 0x00, 0x00, 0x00, 0x00, 0x00, 0x00, 0x00, 0x00, 0x00,
    0x00, 0x00, 0x00, 0x00, 0x00, 0x00, 0x00, 0x00, 0x00, 0x00, 0x00, 0x00, 0x00, 0x00, 0x00, 0x00,
    0x00, 0x00, 0x00, 0x00, 0x00, 0x00, 0x00, 0x00, 0x00, 0x00, 0x00, 0x00, 0x00, 0x00, 0x00, 0x00,
    0x00, 0x00, 0x00, 0x00, 0x00, 0x00, 0x00, 0x00, 0x00, 0x00, 0x00, 0x00, 0x00, 0x00, 0x00, 0x00,
    0x00, 0x00, 0x00, 0x00, 0x00, 0x00, 0x00, 0x00, 0x00, 0x00, 0x00, 0x00, 0x00, 0x00, 0x00, 0x00,
    0x00, 0x00, 0x00, 0x00, 0x00, 0x00, 0x00, 0x00, 0x00, 0x00, 0x00, 0x00, 0x00, 0x00, 0x00, 0x00,
    0x00, 0x00, 0x00, 0x00, 0x00, 0x00, 0x00, 0x00, 0x00, 0x00, 0x00, 0x00, 0x00, 0x00, 0x00, 0x00,
    0x00, 0x00, 0x00, 0x00, 0x00, 0x00, 0x00, 0x00, 0x00, 0x00, 0x00, 0x00, 0x00, 0x00, 0x00, 0x00,
    0x00, 0x00, 0x00, 0x00, 0x00, 0x00, 0x00, 0x00, 0x00, 0x00, 0x00, 0x00, 0x00, 0x00, 0x00, 0x00,
    0x00, 0x00, 0x00, 0x00, 0x00, 0x00, 0x00, 0x00, 0x00, 0x00, 0x00, 0x00, 0x00, 0x00, 0x00, 0x00,
    0x00, 0x00, 0x00, 0x00, 0x00, 0x00, 0x00, 0x00, 0x00, 0x00, 0x00, 0x00, 0x00, 0x00, 0x00, 0x00,
    0x00, 0x00, 0x00, 0x00, 0x00, 0x00, 0x00, 0x00, 0x00, 0x00, 0x00, 0x00, 0x00, 0x00, 0x00, 0x00,
    0x00, 0x00, 0x00, 0x00, 0x00, 0x00, 0x00, 0x00, 0x00, 0x00, 0x00, 0x00, 0x00, 0x00, 0x00, 0x00,
    0x00, 0x00, 0x00, 0x00, 0x00, 0x00, 0x00, 0x00, 0x00, 0x00, 0x00, 0x00, 0x00, 0x00, 0x00, 0x00,
    0x00, 0x00, 0x00, 0x00, 0x00, 0x00, 0x00, 0x00, 0x00, 0x00, 0x00, 0x00, 0x00, 0x00, 0x00, 0x00,
    0x00, 0x00, 0x00, 0x00, 0x00, 0x00, 0x00, 0x00, 0x00, 0x00, 0x00, 0x00, 0x00, 0x00, 0x00, 0x00,
    0x00, 0x00, 0x00, 0x00, 0x00, 0x00, 0x00, 0x00, 0x00, 0x00, 0x00, 0x00, 0x00, 0x00, 0x00, 0x00,
    0x00, 0x00, 0x00, 0x00, 0x00, 0x00, 0x00, 0x00, 0x00, 0x00, 0x00, 0x00, 0x00, 0x00, 0x00, 0x00,
    0x00, 0x00, 0x00, 0x00, 0x00, 0x00, 0x00, 0x00, 0x00, 0x00, 0x00, 0x00, 0x00, 0x00, 0x00, 0x00,
    0x00, 0x00, 0x00, 0x00, 0x00, 0x00, 0x00, 0x00, 0x00, 0x00, 0x00, 0x00, 0x00, 0x00, 0x00, 0x00,
    0x00, 0x00, 0x00, 0x00, 0x00, 0x00, 0x00, 0x00, 0x00, 0x00, 0x00, 0x00, 0x00, 0x00, 0x00, 0x00,
    0x00, 0x00, 0x00, 0x00, 0x00, 0x00, 0x00, 0x00, 0x00, 0x00, 0x00, 0x00, 0x00, 0x00, 0x00, 0x00,
    0x00, 0x00, 0x00, 0x00, 0x00, 0x00, 0x00, 0x00, 0x00, 0x00, 0x00, 0x00, 0x00, 0x00, 0x00, 0x00,
    0x00, 0x00, 0x00, 0x00, 0x00, 0x00, 0x00, 0x00, 0x00, 0x00, 0x00, 0x00, 0x00, 0x00, 0x00, 0x00,
    0x00, 0x00, 0x00, 0x00, 0x00, 0x00, 0x00, 0x00, 0x00, 0x00, 0x00, 0x00, 0x00, 0x00, 0x00, 0x00,
    0x00, 0x00, 0x00, 0x00, 0x00, 0x00, 0x00, 0x00, 0x00, 0x00, 0x00, 0x00, 0x00, 0x00, 0x00, 0x00,
    0x00, 0x00, 0x00, 0x00, 0x00, 0x00, 0x00, 0x00, 0x00, 0x00, 0x00, 0x00, 0x00, 0x00, 0x00, 0x00,
    0x00, 0x00, 0x00, 0x00, 0x00, 0x00, 0x00, 0x00, 0x00, 0x00, 0x00, 0x00, 0x00, 0x00, 0x00, 0x00,
    0x00, 0x00, 0x00, 0x00, 0x00, 0x00, 0x00, 0x00, 0x00, 0x00, 0x00, 0x00, 0x00, 0x00, 0x00, 0x00,
    0x00, 0x00, 0x00, 0x00, 0x00, 0x00, 0x00, 0x00, 0x00, 0x00, 0x00, 0x00, 0x00, 0x00, 0x00, 0x00,
    0x00, 0x00, 0x00, 0x00, 0x00, 0x00, 0x00, 0x00, 0x00, 0x00, 0x00, 0x00, 0x00, 0x00, 0x00, 0x00,
    0x00, 0x00, 0x00, 0x00, 0x00, 0x00, 0x00, 0x00, 0x00, 0x00, 0x00, 0x00, 0x00, 0x00, 0x00, 0x00,
    0x00, 0x00, 0x00, 0x00, 0x00, 0x00, 0x00, 0x00, 0x00, 0x00, 0x00, 0x00, 0x00, 0x00, 0x00, 0x00,
    0x00, 0x00, 0x00, 0x00, 0x00, 0x00, 0x00, 0x00, 0x00, 0x00, 0x00, 0x00, 0x00, 0x00, 0x00, 0x00,
    0x00, 0x00, 0x00, 0x00, 0x00, 0x00, 0x00, 0x00, 0x00, 0x00, 0x00, 0x00, 0x00, 0x00, 0x00, 0x00,
    0x00, 0x00, 0x00, 0x00, 0x00, 0x00, 0x00, 0x00, 0x00, 0x00, 0x00, 0x00, 0x00, 0x00, 0x00, 0x00,
    0x00, 0x00, 0x00, 0x00, 0x00, 0x00, 0x00, 0x00, 0x00, 0x00, 0x00, 0x00, 0x00, 0x00, 0x00, 0x00,
    0x00, 0x00, 0x00, 0x00, 0x00, 0x00, 0x00, 0x00, 0x00, 0x00, 0x00, 0x00, 0x00, 0x00, 0x00, 0x00,
    0x00, 0x00, 0x00, 0x00, 0x00, 0x00, 0x00, 0x00, 0x00, 0x00, 0x00, 0x00, 0x00, 0x00, 0x00, 0x00,
    0x00, 0x00, 0x00, 0x00, 0x00, 0x00, 0x00, 0x00, 0x00, 0x00, 0x00, 0x00, 0x00, 0x00, 0x00, 0x00,
    0x00, 0x00, 0x00, 0x00, 0x00, 0x00, 0x00, 0x00, 0x00, 0x00, 0x00, 0x00, 0x00, 0x00, 0x00, 0x00,
    0x00, 0x00, 0x00, 0x00, 0x00, 0x00, 0x00, 0x00, 0x00, 0x00, 0x00, 0x00, 0x00, 0x00, 0x00, 0x00,
    0x00, 0x00, 0x00, 0x00, 0x00, 0x00, 0x00, 0x00, 0x00, 0x00, 0x00, 0x00, 0x00, 0x00, 0x00, 0x00,
    0x00, 0x00, 0x00, 0x00, 0x00, 0x00, 0x00, 0x00, 0x00, 0x00, 0x00, 0x00, 0x00, 0x00, 0x00, 0x00,
    0x00, 0x00, 0x00, 0x00, 0x00, 0x00, 0x00, 0x00, 0x00, 0x00, 0x00, 0x00, 0x00, 0x00, 0x00, 0x00,
    0x00, 0x00, 0x00, 0x00, 0x00, 0x00, 0x00, 0x00, 0x00, 0x00, 0x00, 0x00, 0x00, 0x00, 0x00, 0x00,
    0x00, 0x00, 0x00, 0x00, 0x00, 0x00, 0x00, 0x00, 0x00, 0x00, 0x00, 0x00, 0x00, 0x00, 0x00, 0x00,
    0x00, 0x00, 0x00, 0x00, 0x00, 0x00, 0x00, 0x00, 0x00, 0x00, 0x00, 0x00, 0x00, 0x00, 0x00, 0x00,
    0x00, 0x00, 0x00, 0x00, 0x00, 0x00, 0x00, 0x00, 0x00, 0x00, 0x00, 0x00, 0x00, 0x00, 0x00, 0x00,
    0x00, 0x00, 0x00, 0x00, 0x00, 0x00, 0x00, 0x00, 0x00, 0x00, 0x00, 0x00, 0x00, 0x00, 0x00, 0x00,
    0x00, 0x00, 0x00, 0x00, 0x00, 0x00, 0x00, 0x00, 0x00, 0x00, 0x00, 0x00, 0x00, 0x00, 0x00, 0x00,
    0x00, 0x00, 0x00, 0x00, 0x00, 0x00, 0x00, 0x00, 0x00, 0x00, 0x00, 0x00, 0x00, 0x00, 0x00, 0x00,
    0x00, 0x00, 0x00, 0x00, 0x00, 0x00, 0x00, 0x00, 0x00, 0x00, 0x00, 0x00, 0x00, 0x00, 0x00, 0x00,
    0x00, 0x00, 0x00, 0x00, 0x00, 0x00, 0x00, 0x00, 0x00, 0x00, 0x00, 0x00, 0x00, 0x00, 0x00, 0x00,
    0x00, 0x00, 0x00, 0x00, 0x00, 0x00, 0x00, 0x00, 0x00, 0x00, 0x00, 0x00, 0x00, 0x00, 0x00, 0x00,
    0x00, 0x00, 0x00, 0x00, 0x00, 0x00, 0x00, 0x00, 0x00, 0x00, 0x00, 0x00, 0x00, 0x00, 0x00, 0x00,
    0x00, 0x00, 0x00, 0x00, 0x00, 0x00, 0x00, 0x00, 0x00, 0x00, 0x00, 0x00, 0x00, 0x00, 0x00, 0x00,
    0x00, 0x00, 0x00, 0x00, 0x00, 0x00, 0x00, 0x00, 0x00, 0x00, 0x00, 0x00, 0x00, 0x00, 0x00, 0x00,
    0x00, 0x00, 0x00, 0x00, 0x00, 0x00, 0x00, 0x00, 0x00, 0x00, 0x00, 0x00, 0x00, 0x00, 0x00, 0x00,
    0x00, 0x00, 0x00, 0x00, 0x00, 0x00, 0x00, 0x00, 0x00, 0x00, 0x00, 0x00, 0x00, 0x00, 0x00, 0x00,
    0x00, 0x00, 0x00, 0x00, 0x00, 0x00, 0x00, 0x00, 0x00, 0x00, 0x00, 0x00, 0x00, 0x00, 0x00, 0x00,
    0x00, 0x00, 0x00, 0x00, 0x00, 0x00, 0x00, 0x00, 0x00, 0x00, 0x00, 0x00, 0x00, 0x00, 0x00, 0x00,
    0x00, 0x00, 0x00, 0x00, 0x00, 0x00, 0x00, 0x00, 0x00, 0x00, 0x00, 0x00, 0x00, 0x00, 0x00, 0x00,
    0x00, 0x00, 0x00, 0x00, 0x00, 0x00, 0x00, 0x00, 0x00, 0x00, 0x00, 0x00, 0x00, 0x00, 0x00, 0x00,
    0x00, 0x00, 0x00, 0x00, 0x00, 0x00, 0x00, 0x00, 0x00, 0x00, 0x00, 0x00, 0x00, 0x00, 0x00, 0x00,
    0x00, 0x00, 0x00, 0x00, 0x00, 0x00, 0x00, 0x00, 0x00, 0x00, 0x00, 0x00, 0x00, 0x00, 0x00, 0x00,
    0x00, 0x00, 0x00, 0x00, 0x00, 0x00, 0x00, 0x00, 0x00, 0x00, 0x00, 0x00, 0x00, 0x00, 0x00, 0x00,
    0x00, 0x00, 0x00, 0x00, 0x00, 0x00, 0x00, 0x00, 0x00, 0x00, 0x00, 0x00, 0x00, 0x00, 0x00, 0x00,
    0x00, 0x00, 0x00, 0x00, 0x00, 0x00, 0x00, 0x00, 0x00, 0x00, 0x00, 0x00, 0x00, 0x00, 0x00, 0x00,
    0x00, 0x00, 0x00, 0x00, 0x00, 0x00, 0x00, 0x00, 0x00, 0x00, 0x00, 0x00, 0x00, 0x00, 0x00, 0x00,
    0x00, 0x00, 0x00, 0x00, 0x00, 0x00, 0x00, 0x00, 0x00, 0x00, 0x00, 0x00, 0x00, 0x00, 0x00, 0x00,
    0x00, 0x00, 0x00, 0x00, 0x00, 0x00, 0x00, 0x00, 0x00, 0x00, 0x00, 0x00, 0x00, 0x00, 0x00, 0x00,
    0x00, 0x00, 0x00, 0x00, 0x00, 0x00, 0x00, 0x00, 0x00, 0x00, 0x00, 0x00, 0x00, 0x00, 0x00, 0x00,
    0x00, 0x00, 0x00, 0x00, 0x00, 0x00, 0x00, 0x00, 0x00, 0x00, 0x00, 0x00, 0x00, 0x00, 0x00, 0x00,
    0x00, 0x00, 0x00, 0x00, 0x00, 0x00, 0x00, 0x00, 0x00, 0x00, 0x00, 0x00, 0x00, 0x00, 0x00, 0x00,
    0x00, 0x00, 0x00, 0x00, 0x00, 0x00, 0x00, 0x00, 0x00, 0x00, 0x00, 0x00, 0x00, 0x00, 0x00, 0x00,
    0x00, 0x00, 0x00, 0x00, 0x00, 0x00, 0x00, 0x00, 0x00, 0x00, 0x00, 0x00, 0x00, 0x00, 0x00, 0x00,
    0x00, 0x00, 0x00, 0x00, 0x00, 0x00, 0x00, 0x00, 0x00, 0x00, 0x00, 0x00, 0x00, 0x00, 0x00, 0x00,
    0x00, 0x00, 0x00, 0x00, 0x00, 0x00, 0x00, 0x00, 0x00, 0x00, 0x00, 0x00, 0x00, 0x00, 0x00, 0x00,
};

const lv_image_dsc_t UI_IMG_WX_CLOUDY_PNG = {
    .header.w     = 64,
    .header.h     = 64,
    .data_size    = sizeof(UI_IMG_WX_CLOUDY_PNG_DATA),
    .header.cf    = LV_COLOR_FORMAT_ARGB8888,
    .header.magic = LV_IMAGE_HEADER_MAGIC,
    .data         = UI_IMG_WX_CLOUDY_PNG_DATA};
