// Auto-generated from wmo-overcast.png — 64x64 ARGB8888
#include "../../ui.h"

#ifndef LV_ATTRIBUTE_MEM_ALIGN
#    define LV_ATTRIBUTE_MEM_ALIGN
#endif

const LV_ATTRIBUTE_MEM_ALIGN uint8_t UI_IMG_WMO_OVERCAST_PNG_DATA[] = {
    0x00, 0x00, 0x00, 0x00, 0x00, 0x00, 0x00, 0x00, 0x00, 0x00, 0x00, 0x00, 0x00, 0x00, 0x00, 0x00,
    0x00, 0x00, 0x00, 0x00, 0x00, 0x00, 0x00, 0x00, 0x00, 0x00, 0x00, 0x00, 0x00, 0x00, 0x00, 0x00,
    0x00, 0x00, 0x00, 0x00, 0x00, 0x00, 0x00, 0x00, 0x00, 0x00, 0x00, 0x00, 0x00, 0x00, 0x00, 0x00,
    0x00, 0x00, 0x00, 0x00, 0x00, 0x00, 0x00, 0x00, 0x00, 0x00, 0x00, 0x00, 0x00, 0x00, 0x00, 0x00,
    0x00, 0x00, 0x00, 0x00, 0x00, 0x00, 0x00, 0x00, 0x00, 0x00, 0x00, 0x00, 0x00, 0x00, 0x00, 0x00,
    0x00, 0x00, 0x00, 0x00, 0x00, 0x00, 0x00, 0x00, 0x00, 0x00, 0x00, 0x00, 0x00, 0x00, 0x00, 0x00,
    0x00, 0x00, 0x00, 0x00, 0x00, 0x00, 0x00, 0x00, 0x00, 0x00, 0x00, 0x00, 0x00, 0x00, 0x00, 0x00,
    0x00, 0x00, 0x00, 0x00, 0x00, 0x00, 0x00, 0x00, 0x00, 0x00, 0x00, 0x00, 0x00, 0x00, 0x00, 0x00,
    0x00, 0x00, 0x00, 0x00, 0x00, 0x00, 0x00, 0x00, 0x00, 0x00, 0x00, 0x00, 0x00, 0x00, 0x00, 0x00,
    0x00, 0x00, 0x00, 0x00, 0x00, 0x00, 0x00, 0x00, 0x00, 0x00, 0x00, 0x00, 0x00, 0x00, 0x00, 0x00,
    0x00, 0x00, 0x00, 0x00, 0x00, 0x00, 0x00, 0x00, 0x00, 0x00, 0x00, 0x00, 0x00, 0x00, 0x00, 0x00,
    0x00, 0x00, 0x00, 0x00, 0x00, 0x00, 0x00, 0x00, 0x00, 0x00, 0x00, 0x00, 0x00, 0x00, 0x00, 0x00,
    0x00, 0x00, 0x00, 0x00, 0x00, 0x00, 0x00, 0x00, 0x00, 0x00, 0x00, 0x00, 0x00, 0x00, 0x00, 0x00,
    0x00, 0x00, 0x00, 0x00, 0x00, 0x00, 0x00, 0x00, 0x00, 0x00, 0x00, 0x00, 0x00, 0x00, 0x00, 0x00,
    0x00, 0x00, 0x00, 0x00, 0x00, 0x00, 0x00, 0x00, 0x00, 0x00, 0x00, 0x00, 0x00, 0x00, 0x00, 0x00,
    0x00, 0x00, 0x00, 0x00, 0x00, 0x00, 0x00, 0x00, 0x00, 0x00, 0x00, 0x00, 0x00, 0x00, 0x00, 0x00,
    0x00, 0x00, 0x00, 0x00, 0x00, 0x00, 0x00, 0x00, 0x00, 0x00, 0x00, 0x00, 0x00, 0x00, 0x00, 0x00,
    0x00, 0x00, 0x00, 0x00, 0x00, 0x00, 0x00, 0x00, 0x00, 0x00, 0x00, 0x00, 0x00, 0x00, 0x00, 0x00,
    0x00, 0x00, 0x00, 0x00, 0x00, 0x00, 0x00, 0x00, 0x00, 0x00, 0x00, 0x00, 0x00, 0x00, 0x00, 0x00,
    0x00, 0x00, 0x00, 0x00, 0x00, 0x00, 0x00, 0x00, 0x00, 0x00, 0x00, 0x00, 0x00, 0x00, 0x00, 0x00,
    0x00, 0x00, 0x00, 0x00, 0x00, 0x00, 0x00, 0x00, 0x00, 0x00, 0x00, 0x00, 0x00, 0x00, 0x00, 0x00,
    0x00, 0x00, 0x00, 0x00, 0x00, 0x00, 0x00, 0x00, 0x00, 0x00, 0x00, 0x00, 0x00, 0x00, 0x00, 0x00,
    0x00, 0x00, 0x00, 0x00, 0x00, 0x00, 0x00, 0x00, 0x00, 0x00, 0x00, 0x00, 0x00, 0x00, 0x00, 0x00,
    0x00, 0x00, 0x00, 0x00, 0x00, 0x00, 0x00, 0x00, 0x00, 0x00, 0x00, 0x00, 0x00, 0x00, 0x00, 0x00,
    0x00, 0x00, 0x00, 0x00, 0x00, 0x00, 0x00, 0x00, 0x00, 0x00, 0x00, 0x00, 0x00, 0x00, 0x00, 0x00,
    0x00, 0x00, 0x00, 0x00, 0x00, 0x00, 0x00, 0x00, 0x00, 0x00, 0x00, 0x00, 0x00, 0x00, 0x00, 0x00,
    0x00, 0x00, 0x00, 0x00, 0x00, 0x00, 0x00, 0x00, 0x00, 0x00, 0x00, 0x00, 0x00, 0x00, 0x00, 0x00,
    0x00, 0x00, 0x00, 0x00, 0x00, 0x00, 0x00, 0x00, 0x00, 0x00, 0x00, 0x00, 0x00, 0x00, 0x00, 0x00,
    0x00, 0x00, 0x00, 0x00, 0x00, 0x00, 0x00, 0x00, 0x00, 0x00, 0x00, 0x00, 0x00, 0x00, 0x00, 0x00,
    0x00, 0x00, 0x00, 0x00, 0x00, 0x00, 0x00, 0x00, 0x00, 0x00, 0x00, 0x00, 0x00, 0x00, 0x00, 0x00,
    0x00, 0x00, 0x00, 0x00, 0x00, 0x00, 0x00, 0x00, 0x00, 0x00, 0x00, 0x00, 0x00, 0x00, 0x00, 0x00,
    0x00, 0x00, 0x00, 0x00, 0x00, 0x00, 0x00, 0x00, 0x00, 0x00, 0x00, 0x00, 0x00, 0x00, 0x00, 0x00,
    0x00, 0x00, 0x00, 0x00, 0x00, 0x00, 0x00, 0x00, 0x00, 0x00, 0x00, 0x00, 0x00, 0x00, 0x00, 0x00,
    0x00, 0x00, 0x00, 0x00, 0x00, 0x00, 0x00, 0x00, 0x00, 0x00, 0x00, 0x00, 0x00, 0x00, 0x00, 0x00,
    0x00, 0x00, 0x00, 0x00, 0x00, 0x00, 0x00, 0x00, 0x00, 0x00, 0x00, 0x00, 0x00, 0x00, 0x00, 0x00,
    0x00, 0x00, 0x00, 0x00, 0x00, 0x00, 0x00, 0x00, 0x00, 0x00, 0x00, 0x00, 0x00, 0x00, 0x00, 0x00,
    0x00, 0x00, 0x00, 0x00, 0x00, 0x00, 0x00, 0x00, 0x00, 0x00, 0x00, 0x00, 0x00, 0x00, 0x00, 0x00,
    0x00, 0x00, 0x00, 0x00, 0x00, 0x00, 0x00, 0x00, 0x00, 0x00, 0x00, 0x00, 0x00, 0x00, 0x00, 0x00,
    0x00, 0x00, 0x00, 0x00, 0x00, 0x00, 0x00, 0x00, 0x00, 0x00, 0x00, 0x00, 0x00, 0x00, 0x00, 0x00,
    0x00, 0x00, 0x00, 0x00, 0x00, 0x00, 0x00, 0x00, 0x00, 0x00, 0x00, 0x00, 0x00, 0x00, 0x00, 0x00,
    0x00, 0x00, 0x00, 0x00, 0x00, 0x00, 0x00, 0x00, 0x00, 0x00, 0x00, 0x00, 0x00, 0x00, 0x00, 0x00,
    0x00, 0x00, 0x00, 0x00, 0x00, 0x00, 0x00, 0x00, 0x00, 0x00, 0x00, 0x00, 0x00, 0x00, 0x00, 0x00,
    0x00, 0x00, 0x00, 0x00, 0x00, 0x00, 0x00, 0x00, 0x00, 0x00, 0x00, 0x00, 0x00, 0x00, 0x00, 0x00,
    0x00, 0x00, 0x00, 0x00, 0x00, 0x00, 0x00, 0x00, 0x00, 0x00, 0x00, 0x00, 0x00, 0x00, 0x00, 0x00,
    0x00, 0x00, 0x00, 0x00, 0x00, 0x00, 0x00, 0x00, 0x00, 0x00, 0x00, 0x00, 0x00, 0x00, 0x00, 0x00,
    0x00, 0x00, 0x00, 0x00, 0x00, 0x00, 0x00, 0x00, 0x00, 0x00, 0x00, 0x00, 0x00, 0x00, 0x00, 0x00,
    0x00, 0x00, 0x00, 0x00, 0x00, 0x00, 0x00, 0x00, 0x00, 0x00, 0x00, 0x00, 0x00, 0x00, 0x00, 0x00,
    0x00, 0x00, 0x00, 0x00, 0x00, 0x00, 0x00, 0x00, 0x00, 0x00, 0x00, 0x00, 0x00, 0x00, 0x00, 0x00,
    0x00, 0x00, 0x00, 0x00, 0x00, 0x00, 0x00, 0x00, 0x00, 0x00, 0x00, 0x00, 0x00, 0x00, 0x00, 0x00,
    0x00, 0x00, 0x00, 0x00, 0x00, 0x00, 0x00, 0x00, 0x00, 0x00, 0x00, 0x00, 0x00, 0x00, 0x00, 0x00,
    0x00, 0x00, 0x00, 0x00, 0x00, 0x00, 0x00, 0x00, 0x00, 0x00, 0x00, 0x00, 0x00, 0x00, 0x00, 0x00,
    0x00, 0x00, 0x00, 0x00, 0x00, 0x00, 0x00, 0x00, 0x00, 0x00, 0x00, 0x00, 0x00, 0x00, 0x00, 0x00,
    0x00, 0x00, 0x00, 0x00, 0x00, 0x00, 0x00, 0x00, 0x00, 0x00, 0x00, 0x00, 0x00, 0x00, 0x00, 0x00,
    0x00, 0x00, 0x00, 0x00, 0x00, 0x00, 0x00, 0x00, 0x00, 0x00, 0x00, 0x00, 0x00, 0x00, 0x00, 0x00,
    0x00, 0x00, 0x00, 0x00, 0x00, 0x00, 0x00, 0x00, 0x00, 0x00, 0x00, 0x00, 0x00, 0x00, 0x00, 0x00,
    0x00, 0x00, 0x00, 0x00, 0x00, 0x00, 0x00, 0x00, 0x00, 0x00, 0x00, 0x00, 0x00, 0x00, 0x00, 0x00,
    0x00, 0x00, 0x00, 0x00, 0x00, 0x00, 0x00, 0x00, 0x00, 0x00, 0x00, 0x00, 0x00, 0x00, 0x00, 0x00,
    0x00, 0x00, 0x00, 0x00, 0x00, 0x00, 0x00, 0x00, 0x00, 0x00, 0x00, 0x00, 0x00, 0x00, 0x00, 0x00,
    0x00, 0x00, 0x00, 0x00, 0x00, 0x00, 0x00, 0x00, 0x00, 0x00, 0x00, 0x00, 0x00, 0x00, 0x00, 0x00,
    0x00, 0x00, 0x00, 0x00, 0x00, 0x00, 0x00, 0x00, 0x00, 0x00, 0x00, 0x00, 0x00, 0x00, 0x00, 0x00,
    0x00, 0x00, 0x00, 0x00, 0x00, 0x00, 0x00, 0x00, 0x00, 0x00, 0x00, 0x00, 0x00, 0x00, 0x00, 0x00,
    0x00, 0x00, 0x00, 0x00, 0x00, 0x00, 0x00, 0x00, 0x00, 0x00, 0x00, 0x00, 0x00, 0x00, 0x00, 0x00,
    0x00, 0x00, 0x00, 0x00, 0x00, 0x00, 0x00, 0x00, 0x00, 0x00, 0x00, 0x00, 0x00, 0x00, 0x00, 0x00,
    0x00, 0x00, 0x00, 0x00, 0x00, 0x00, 0x00, 0x00, 0x00, 0x00, 0x00, 0x00, 0x00, 0x00, 0x00, 0x00,
    0x00, 0x00, 0x00, 0x00, 0x00, 0x00, 0x00, 0x00, 0x00, 0x00, 0x00, 0x00, 0x00, 0x00, 0x00, 0x00,
    0x00, 0x00, 0x00, 0x00, 0x00, 0x00, 0x00, 0x00, 0x00, 0x00, 0x00, 0x00, 0x00, 0x00, 0x00, 0x00,
    0x00, 0x00, 0x00, 0x00, 0x00, 0x00, 0x00, 0x00, 0x00, 0x00, 0x00, 0x00, 0x00, 0x00, 0x00, 0x00,
    0x00, 0x00, 0x00, 0x00, 0x00, 0x00, 0x00, 0x00, 0x00, 0x00, 0x00, 0x00, 0x00, 0x00, 0x00, 0x00,
    0x00, 0x00, 0x00, 0x00, 0x00, 0x00, 0x00, 0x00, 0x00, 0x00, 0x00, 0x00, 0x00, 0x00, 0x00, 0x00,
    0x00, 0x00, 0x00, 0x00, 0x00, 0x00, 0x00, 0x00, 0x00, 0x00, 0x00, 0x00, 0x00, 0x00, 0x00, 0x00,
    0x00, 0x00, 0x00, 0x00, 0x00, 0x00, 0x00, 0x00, 0x00, 0x00, 0x00, 0x00, 0x00, 0x00, 0x00, 0x00,
    0x00, 0x00, 0x00, 0x00, 0x00, 0x00, 0x00, 0x00, 0x00, 0x00, 0x00, 0x00, 0x00, 0x00, 0x00, 0x00,
    0x00, 0x00, 0x00, 0x00, 0x00, 0x00, 0x00, 0x00, 0x00, 0x00, 0x00, 0x00, 0x00, 0x00, 0x00, 0x00,
    0x00, 0x00, 0x00, 0x00, 0x00, 0x00, 0x00, 0x00, 0x00, 0x00, 0x00, 0x00, 0x00, 0x00, 0x00, 0x00,
    0x00, 0x00, 0x00, 0x00, 0x00, 0x00, 0x00, 0x00, 0x00, 0x00, 0x00, 0x00, 0x00, 0x00, 0x00, 0x00,
    0x00, 0x00, 0x00, 0x00, 0x00, 0x00, 0x00, 0x00, 0x00, 0x00, 0x00, 0x00, 0x00, 0x00, 0x00, 0x00,
    0x00, 0x00, 0x00, 0x00, 0x00, 0x00, 0x00, 0x00, 0x00, 0x00, 0x00, 0x00, 0x00, 0x00, 0x00, 0x00,
    0x00, 0x00, 0x00, 0x00, 0x00, 0x00, 0x00, 0x00, 0x00, 0x00, 0x00, 0x00, 0x00, 0x00, 0x00, 0x00,
    0x00, 0x00, 0x00, 0x00, 0x00, 0x00, 0x00, 0x00, 0x00, 0x00, 0x00, 0x00, 0x00, 0x00, 0x00, 0x00,
    0x00, 0x00, 0x00, 0x00, 0x00, 0x00, 0x00, 0x00, 0x00, 0x00, 0x00, 0x00, 0x00, 0x00, 0x00, 0x00,
    0x00, 0x00, 0x00, 0x00, 0x00, 0x00, 0x00, 0x00, 0x00, 0x00, 0x00, 0x00, 0x00, 0x00, 0x00, 0x00,
    0x00, 0x00, 0x00, 0x00, 0x00, 0x00, 0x00, 0x00, 0x00, 0x00, 0x00, 0x00, 0x00, 0x00, 0x00, 0x00,
    0x00, 0x00, 0x00, 0x00, 0x00, 0x00, 0x00, 0x00, 0x00, 0x00, 0x00, 0x00, 0x00, 0x00, 0x00, 0x00,
    0x00, 0x00, 0x00, 0x00, 0x00, 0x00, 0x00, 0x00, 0x00, 0x00, 0x00, 0x00, 0x00, 0x00, 0x00, 0x00,
    0x00, 0x00, 0x00, 0x00, 0x00, 0x00, 0x00, 0x00, 0x00, 0x00, 0x00, 0x00, 0x00, 0x00, 0x00, 0x00,
    0x00, 0x00, 0x00, 0x00, 0x00, 0x00, 0x00, 0x00, 0x00, 0x00, 0x00, 0x00, 0x00, 0x00, 0x00, 0x00,
    0x00, 0x00, 0x00, 0x00, 0x00, 0x00, 0x00, 0x00, 0x00, 0x00, 0x00, 0x00, 0x00, 0x00, 0x00, 0x00,
    0x00, 0x00, 0x00, 0x00, 0x00, 0x00, 0x00, 0x00, 0x00, 0x00, 0x00, 0x00, 0x00, 0x00, 0x00, 0x00,
    0x00, 0x00, 0x00, 0x00, 0x00, 0x00, 0x00, 0x00, 0x00, 0x00, 0x00, 0x00, 0x00, 0x00, 0x00, 0x00,
    0x00, 0x00, 0x00, 0x00, 0x00, 0x00, 0x00, 0x00, 0x00, 0x00, 0x00, 0x00, 0x00, 0x00, 0x00, 0x00,
    0x00, 0x00, 0x00, 0x00, 0x00, 0x00, 0x00, 0x00, 0x00, 0x00, 0x00, 0x00, 0x00, 0x00, 0x00, 0x00,
    0x00, 0x00, 0x00, 0x00, 0x00, 0x00, 0x00, 0x00, 0x00, 0x00, 0x00, 0x00, 0x00, 0x00, 0x00, 0x00,
    0x00, 0x00, 0x00, 0x00, 0x00, 0x00, 0x00, 0x00, 0x00, 0x00, 0x00, 0x00, 0x00, 0x00, 0x00, 0x00,
    0x00, 0x00, 0x00, 0x00, 0x00, 0x00, 0x00, 0x00, 0x00, 0x00, 0x00, 0x00, 0x00, 0x00, 0x00, 0x00,
    0x00, 0x00, 0x00, 0x00, 0x00, 0x00, 0x00, 0x00, 0x00, 0x00, 0x00, 0x00, 0x00, 0x00, 0x00, 0x00,
    0x00, 0x00, 0x00, 0x00, 0x00, 0x00, 0x00, 0x00, 0x00, 0x00, 0x00, 0x00, 0x00, 0x00, 0x00, 0x00,
    0x00, 0x00, 0x00, 0x00, 0x00, 0x00, 0x00, 0x00, 0x00, 0x00, 0x00, 0x00, 0x00, 0x00, 0x00, 0x00,
    0x00, 0x00, 0x00, 0x00, 0x00, 0x00, 0x00, 0x00, 0x00, 0x00, 0x00, 0x00, 0x00, 0x00, 0x00, 0x00,
    0x00, 0x00, 0x00, 0x00, 0x00, 0x00, 0x00, 0x00, 0x00, 0x00, 0x00, 0x00, 0x00, 0x00, 0x00, 0x00,
    0x00, 0x00, 0x00, 0x00, 0x00, 0x00, 0x00, 0x00, 0x00, 0x00, 0x00, 0x00, 0x00, 0x00, 0x00, 0x00,
    0x00, 0x00, 0x00, 0x00, 0x00, 0x00, 0x00, 0x00, 0x00, 0x00, 0x00, 0x00, 0x00, 0x00, 0x00, 0x00,
    0x00, 0x00, 0x00, 0x00, 0x00, 0x00, 0x00, 0x00, 0x00, 0x00, 0x00, 0x00, 0x00, 0x00, 0x00, 0x00,
    0x00, 0x00, 0x00, 0x00, 0x00, 0x00, 0x00, 0x00, 0x00, 0x00, 0x00, 0x00, 0x00, 0x00, 0x00, 0x00,
    0x00, 0x00, 0x00, 0x00, 0x00, 0x00, 0x00, 0x00, 0x00, 0x00, 0x00, 0x00, 0x00, 0x00, 0x00, 0x00,
    0x00, 0x00, 0x00, 0x00, 0x00, 0x00, 0x00, 0x00, 0x00, 0x00, 0x00, 0x00, 0x00, 0x00, 0x00, 0x00,
    0x00, 0x00, 0x00, 0x00, 0x00, 0x00, 0x00, 0x00, 0x00, 0x00, 0x00, 0x00, 0x00, 0x00, 0x00, 0x00,
    0x00, 0x00, 0x00, 0x00, 0x00, 0x00, 0x00, 0x00, 0x00, 0x00, 0x00, 0x00, 0x00, 0x00, 0x00, 0x00,
    0x00, 0x00, 0x00, 0x00, 0x00, 0x00, 0x00, 0x00, 0x00, 0x00, 0x00, 0x00, 0x00, 0x00, 0x00, 0x00,
    0x00, 0x00, 0x00, 0x00, 0x00, 0x00, 0x00, 0x00, 0x00, 0x00, 0x00, 0x00, 0x00, 0x00, 0x00, 0x00,
    0x00, 0x00, 0x00, 0x00, 0x00, 0x00, 0x00, 0x00, 0x00, 0x00, 0x00, 0x00, 0x00, 0x00, 0x00, 0x00,
    0x00, 0x00, 0x00, 0x00, 0x00, 0x00, 0x00, 0x00, 0x00, 0x00, 0x00, 0x00, 0x00, 0x00, 0x00, 0x00,
    0x00, 0x00, 0x00, 0x00, 0x00, 0x00, 0x00, 0x00, 0x00, 0x00, 0x00, 0x00, 0x00, 0x00, 0x00, 0x00,
    0x00, 0x00, 0x00, 0x00, 0x00, 0x00, 0x00, 0x00, 0x00, 0x00, 0x00, 0x00, 0x00, 0x00, 0x00, 0x00,
    0x00, 0x00, 0x00, 0x00, 0x00, 0x00, 0x00, 0x00, 0x00, 0x00, 0x00, 0x00, 0x00, 0x00, 0x00, 0x00,
    0x00, 0x00, 0x00, 0x00, 0x00, 0x00, 0x00, 0x00, 0x00, 0x00, 0x00, 0x00, 0x00, 0x00, 0x00, 0x00,
    0x00, 0x00, 0x00, 0x00, 0x00, 0x00, 0x00, 0x00, 0x00, 0x00, 0x00, 0x00, 0x00, 0x00, 0x00, 0x00,
    0x00, 0x00, 0x00, 0x00, 0x00, 0x00, 0x00, 0x00, 0x00, 0x00, 0x00, 0x00, 0x00, 0x00, 0x00, 0x00,
    0x00, 0x00, 0x00, 0x00, 0x00, 0x00, 0x00, 0x00, 0x00, 0x00, 0x00, 0x00, 0x00, 0x00, 0x00, 0x00,
    0x00, 0x00, 0x00, 0x00, 0x00, 0x00, 0x00, 0x00, 0x00, 0x00, 0x00, 0x00, 0x00, 0x00, 0x00, 0x00,
    0x00, 0x00, 0x00, 0x00, 0x00, 0x00, 0x00, 0x00, 0x00, 0x00, 0x00, 0x00, 0x00, 0x00, 0x00, 0x00,
    0x00, 0x00, 0x00, 0x00, 0x00, 0x00, 0x00, 0x00, 0x00, 0x00, 0x00, 0x00, 0x00, 0x00, 0x00, 0x00,
    0x00, 0x00, 0x00, 0x00, 0x00, 0x00, 0x00, 0x00, 0x00, 0x00, 0x00, 0x00, 0x00, 0x00, 0x00, 0x00,
    0x00, 0x00, 0x00, 0x00, 0x00, 0x00, 0x00, 0x00, 0x00, 0x00, 0x00, 0x00, 0x00, 0x00, 0x00, 0x00,
    0x00, 0x00, 0x00, 0x00, 0x00, 0x00, 0x00, 0x00, 0x00, 0x00, 0x00, 0x00, 0x00, 0x00, 0x00, 0x00,
    0x00, 0x00, 0x00, 0x00, 0x00, 0x00, 0x00, 0x00, 0x00, 0x00, 0x00, 0x00, 0x00, 0x00, 0x00, 0x00,
    0x00, 0x00, 0x00, 0x00, 0x00, 0x00, 0x00, 0x00, 0x00, 0x00, 0x00, 0x00, 0x00, 0x00, 0x00, 0x00,
    0x00, 0x00, 0x00, 0x00, 0x00, 0x00, 0x00, 0x00, 0x00, 0x00, 0x00, 0x00, 0x00, 0x00, 0x00, 0x00,
    0x00, 0x00, 0x00, 0x00, 0x00, 0x00, 0x00, 0x00, 0x00, 0x00, 0x00, 0x00, 0x00, 0x00, 0x00, 0x00,
    0x00, 0x00, 0x00, 0x00, 0x00, 0x00, 0x00, 0x00, 0x00, 0x00, 0x00, 0x00, 0x00, 0x00, 0x00, 0x00,
    0x00, 0x00, 0x00, 0x00, 0x00, 0x00, 0x00, 0x00, 0x00, 0x00, 0x00, 0x00, 0x00, 0x00, 0x00, 0x00,
    0x00, 0x00, 0x00, 0x00, 0x00, 0x00, 0x00, 0x00, 0x00, 0x00, 0x00, 0x00, 0x00, 0x00, 0x00, 0x00,
    0x00, 0x00, 0x00, 0x00, 0x00, 0x00, 0x00, 0x00, 0x00, 0x00, 0x00, 0x00, 0x00, 0x00, 0x00, 0x00,
    0x00, 0x00, 0x00, 0x00, 0x00, 0x00, 0x00, 0x00, 0x00, 0x00, 0x00, 0x00, 0x00, 0x00, 0x00, 0x00,
    0x00, 0x00, 0x00, 0x00, 0x00, 0x00, 0x00, 0x00, 0x00, 0x00, 0x00, 0x00, 0x00, 0x00, 0x00, 0x00,
    0x00, 0x00, 0x00, 0x00, 0x00, 0x00, 0x00, 0x00, 0x00, 0x00, 0x00, 0x00, 0x00, 0x00, 0x00, 0x00,
    0x00, 0x00, 0x00, 0x00, 0x00, 0x00, 0x00, 0x00, 0x00, 0x00, 0x00, 0x00, 0x00, 0x00, 0x00, 0x00,
    0x00, 0x00, 0x00, 0x00, 0x00, 0x00, 0x00, 0x00, 0x00, 0x00, 0x00, 0x00, 0x00, 0x00, 0x00, 0x00,
    0x00, 0x00, 0x00, 0x00, 0x00, 0x00, 0x00, 0x00, 0x00, 0x00, 0x00, 0x00, 0x00, 0x00, 0x00, 0x00,
    0x00, 0x00, 0x00, 0x00, 0x00, 0x00, 0x00, 0x00, 0x00, 0x00, 0x00, 0x00, 0x00, 0x00, 0x00, 0x00,
    0x00, 0x00, 0x00, 0x00, 0x00, 0x00, 0x00, 0x00, 0x00, 0x00, 0x00, 0x00, 0x00, 0x00, 0x00, 0x00,
    0x00, 0x00, 0x00, 0x00, 0x00, 0x00, 0x00, 0x00, 0x00, 0x00, 0x00, 0x00, 0x00, 0x00, 0x00, 0x00,
    0x00, 0x00, 0x00, 0x00, 0x00, 0x00, 0x00, 0x00, 0x00, 0x00, 0x00, 0x00, 0x00, 0x00, 0x00, 0x00,
    0x00, 0x00, 0x00, 0x00, 0x00, 0x00, 0x00, 0x00, 0x00, 0x00, 0x00, 0x00, 0x00, 0x00, 0x00, 0x00,
    0x00, 0x00, 0x00, 0x00, 0x00, 0x00, 0x00, 0x00, 0x00, 0x00, 0x00, 0x00, 0x00, 0x00, 0x00, 0x00,
    0x00, 0x00, 0x00, 0x00, 0x00, 0x00, 0x00, 0x00, 0x00, 0x00, 0x00, 0x00, 0x00, 0x00, 0x00, 0x00,
    0x00, 0x00, 0x00, 0x00, 0x00, 0x00, 0x00, 0x00, 0x00, 0x00, 0x00, 0x00, 0x00, 0x00, 0x00, 0x00,
    0x00, 0x00, 0x00, 0x00, 0x00, 0x00, 0x00, 0x00, 0x00, 0x00, 0x00, 0x00, 0x00, 0x00, 0x00, 0x00,
    0x00, 0x00, 0x00, 0x00, 0x00, 0x00, 0x00, 0x00, 0x00, 0x00, 0x00, 0x00, 0x00, 0x00, 0x00, 0x00,
    0x00, 0x00, 0x00, 0x00, 0x00, 0x00, 0x00, 0x00, 0x00, 0xFF, 0xFF, 0x01, 0x00, 0xFF, 0xFF, 0x01,
    0x00, 0x00, 0x00, 0x00, 0x00, 0x00, 0x00, 0x00, 0x00, 0x00, 0x00, 0x00, 0x00, 0x00, 0x00, 0x00,
    0x00, 0x00, 0x00, 0x00, 0x00, 0x00, 0x00, 0x00, 0x00, 0x00, 0x00, 0x00, 0x00, 0x00, 0x00, 0x00,
    0x00, 0x00, 0x00, 0x00, 0x00, 0x00, 0x00, 0x00, 0x00, 0x00, 0x00, 0x00, 0x00, 0x00, 0x00, 0x00,
    0x00, 0x00, 0x00, 0x00, 0x00, 0x00, 0x00, 0x00, 0x00, 0x00, 0x00, 0x00, 0x00, 0x00, 0x00, 0x00,
    0x00, 0x00, 0x00, 0x00, 0x00, 0x00, 0x00, 0x00, 0x00, 0x00, 0x00, 0x00, 0x00, 0x00, 0x00, 0x00,
    0x00, 0x00, 0x00, 0x00, 0x00, 0x00, 0x00, 0x00, 0x00, 0x00, 0x00, 0x00, 0x00, 0x00, 0x00, 0x00,
    0x00, 0x00, 0x00, 0x00, 0x00, 0x00, 0x00, 0x00, 0x00, 0x00, 0x00, 0x00, 0x00, 0x00, 0x00, 0x00,
    0x00, 0x00, 0x00, 0x00, 0x00, 0x00, 0x00, 0x00, 0x00, 0x00, 0x00, 0x00, 0x00, 0x00, 0x00, 0x00,
    0x00, 0x00, 0x00, 0x00, 0x00, 0x00, 0x00, 0x00, 0x00, 0x00, 0x00, 0x00, 0x00, 0x00, 0x00, 0x00,
    0x00, 0x00, 0x00, 0x00, 0x00, 0x00, 0x00, 0x00, 0x00, 0x00, 0x00, 0x00, 0x00, 0x00, 0x00, 0x00,
    0x00, 0x00, 0x00, 0x00, 0x00, 0x00, 0x00, 0x00, 0x00, 0x00, 0x00, 0x00, 0x00, 0x00, 0x00, 0x00,
    0x00, 0x00, 0x00, 0x00, 0x00, 0x00, 0x00, 0x00, 0x00, 0x00, 0x00, 0x00, 0x00, 0x00, 0x00, 0x00,
    0x00, 0x00, 0x00, 0x00, 0x00, 0x00, 0x00, 0x00, 0x00, 0x00, 0x00, 0x00, 0x00, 0x00, 0x00, 0x00,
    0x00, 0x00, 0x00, 0x00, 0x00, 0x00, 0x00, 0x00, 0x00, 0x00, 0x00, 0x00, 0x00, 0x00, 0x00, 0x00,
    0x00, 0x00, 0x00, 0x00, 0x00, 0x00, 0x00, 0x00, 0x00, 0x00, 0x00, 0x00, 0x00, 0x00, 0x00, 0x00,
    0x00, 0xFF, 0xFF, 0x01, 0x00, 0x7F, 0xFF, 0x02, 0x00, 0x00, 0x00, 0x00, 0x00, 0x00, 0x00, 0x00,
    0x00, 0x7F, 0xFF, 0x02, 0x7F, 0x7F, 0xFF, 0x02, 0x00, 0x00, 0x00, 0x00, 0x00, 0x00, 0x00, 0x00,
    0x00, 0x00, 0x00, 0x00, 0x00, 0x00, 0x00, 0x00, 0x00, 0x00, 0x00, 0x00, 0x00, 0x00, 0x00, 0x00,
    0x00, 0x00, 0x00, 0x00, 0x00, 0x00, 0x00, 0x00, 0x00, 0x00, 0x00, 0x00, 0x00, 0x00, 0x00, 0x00,
    0x00, 0x00, 0x00, 0x00, 0x00, 0x00, 0x00, 0x00, 0x00, 0x00, 0x00, 0x00, 0x00, 0x00, 0x00, 0x00,
    0x00, 0x00, 0x00, 0x00, 0x00, 0x00, 0x00, 0x00, 0x00, 0x00, 0x00, 0x00, 0x00, 0x00, 0x00, 0x00,
    0x00, 0x00, 0x00, 0x00, 0x00, 0x00, 0x00, 0x00, 0x00, 0x00, 0x00, 0x00, 0x00, 0x00, 0x00, 0x00,
    0x00, 0x00, 0x00, 0x00, 0x00, 0x00, 0x00, 0x00, 0x00, 0x00, 0x00, 0x00, 0x00, 0x00, 0x00, 0x00,
    0x00, 0x00, 0x00, 0x00, 0x00, 0x00, 0x00, 0x00, 0x00, 0x00, 0x00, 0x00, 0x00, 0x00, 0x00, 0x00,
    0x00, 0x00, 0x00, 0x00, 0x00, 0x00, 0x00, 0x00, 0x00, 0x00, 0x00, 0x00, 0x00, 0x00, 0x00, 0x00,
    0x00, 0x00, 0x00, 0x00, 0x00, 0x00, 0x00, 0x00, 0x00, 0x00, 0x00, 0x00, 0x00, 0x00, 0x00, 0x00,
    0x00, 0x00, 0x00, 0x00, 0x00, 0x00, 0x00, 0x00, 0x00, 0x00, 0x00, 0x00, 0x00, 0x00, 0x00, 0x00,
    0x00, 0x00, 0x00, 0x00, 0x00, 0x00, 0x00, 0x00, 0x00, 0x00, 0x00, 0x00, 0x00, 0x00, 0x00, 0x00,
    0x00, 0x00, 0x00, 0x00, 0x00, 0x00, 0x00, 0x00, 0x00, 0x00, 0x00, 0x00, 0x00, 0x00, 0x00, 0x00,
    0x00, 0x00, 0x00, 0x00, 0x00, 0x00, 0x00, 0x00, 0x00, 0x00, 0x00, 0x00, 0x00, 0x00, 0x00, 0x01,
    0x00, 0xFF, 0xFF, 0x01, 0x00, 0x00, 0x00, 0x00, 0x00, 0x00, 0x00, 0x00, 0x00, 0xFF, 0xFF, 0x01,
    0x00, 0x00, 0x00, 0x00, 0x00, 0x00, 0x00, 0x00, 0x87, 0xB4, 0xF0, 0x11, 0x78, 0xAE, 0xF1, 0x13,
    0x00, 0x00, 0x00, 0x00, 0x00, 0x00, 0x00, 0x00, 0xFF, 0xFF, 0xFF, 0x01, 0x00, 0x00, 0x00, 0x00,
    0x00, 0x00, 0x00, 0x00, 0x00, 0x00, 0x00, 0x00, 0x00, 0x00, 0x00, 0x00, 0x00, 0x00, 0x00, 0x00,
    0x00, 0x00, 0x00, 0x00, 0x00, 0x00, 0x00, 0x00, 0x00, 0x00, 0x00, 0x00, 0x00, 0x00, 0x00, 0x00,
    0x00, 0x00, 0x00, 0x00, 0x00, 0x00, 0x00, 0x00, 0x00, 0x00, 0x00, 0x00, 0x00, 0x00, 0x00, 0x00,
    0x00, 0x00, 0x00, 0x00, 0x00, 0x00, 0x00, 0x00, 0x00, 0x00, 0x00, 0x00, 0x00, 0x00, 0x00, 0x00,
    0x00, 0x00, 0x00, 0x00, 0x00, 0x00, 0x00, 0x00, 0x00, 0x00, 0x00, 0x00, 0x00, 0x00, 0x00, 0x00,
    0x00, 0x00, 0x00, 0x00, 0x00, 0x00, 0x00, 0x00, 0x00, 0x00, 0x00, 0x00, 0x00, 0x00, 0x00, 0x00,
    0x00, 0x00, 0x00, 0x00, 0x00, 0x00, 0x00, 0x00, 0x00, 0x00, 0x00, 0x00, 0x00, 0x00, 0x00, 0x00,
    0x00, 0x00, 0x00, 0x00, 0x00, 0x00, 0x00, 0x00, 0x00, 0x00, 0x00, 0x00, 0x00, 0x00, 0x00, 0x00,
    0x00, 0x00, 0x00, 0x00, 0x00, 0x00, 0x00, 0x00, 0x00, 0x00, 0x00, 0x00, 0x00, 0x00, 0x00, 0x00,
    0x00, 0x00, 0x00, 0x00, 0x00, 0x00, 0x00, 0x00, 0x00, 0x00, 0x00, 0x00, 0x00, 0x00, 0x00, 0x00,
    0x00, 0x00, 0x00, 0x00, 0x00, 0x00, 0x00, 0x00, 0x00, 0x00, 0x00, 0x00, 0x00, 0x00, 0x00, 0x00,
    0x00, 0x00, 0x00, 0x00, 0x00, 0x00, 0x00, 0x00, 0x00, 0x00, 0x00, 0x00, 0x00, 0x00, 0x00, 0x00,
    0x00, 0x00, 0x00, 0x00, 0x00, 0x00, 0x00, 0x00, 0x55, 0xAA, 0xFF, 0x03, 0x00, 0x00, 0x00, 0x00,
    0x00, 0x00, 0x00, 0x00, 0x00, 0xFF, 0xFF, 0x01, 0x3F, 0xBF, 0xFF, 0x04, 0x00, 0x00, 0x00, 0x00,
    0x6E, 0x9B, 0xDD, 0x17, 0x40, 0x91, 0xED, 0xA3, 0x37, 0x95, 0xFB, 0xEA, 0x3E, 0x9E, 0xFF, 0xEC,
    0x4F, 0xAA, 0xFF, 0xAB, 0x6E, 0xAA, 0xFF, 0x1E, 0x00, 0x00, 0x00, 0x00, 0x7F, 0xFF, 0xFF, 0x02,
    0x00, 0xFF, 0xFF, 0x01, 0x55, 0xAA, 0xFF, 0x03, 0x3F, 0x7F, 0xFF, 0x04, 0x7F, 0xFF, 0xFF, 0x02,
    0x00, 0x00, 0x00, 0x00, 0x00, 0x00, 0x00, 0x00, 0x00, 0x00, 0x00, 0x00, 0x00, 0x00, 0x00, 0x00,
    0x00, 0x00, 0x00, 0x00, 0x00, 0x00, 0x00, 0x00, 0x00, 0x00, 0x00, 0x00, 0x00, 0x00, 0x00, 0x00,
    0x00, 0x00, 0x00, 0x00, 0x00, 0x00, 0x00, 0x00, 0x00, 0x00, 0x00, 0x00, 0x00, 0x00, 0x00, 0x00,
    0x00, 0x00, 0x00, 0x00, 0x00, 0x00, 0x00, 0x00, 0x00, 0x00, 0x00, 0x00, 0x00, 0x00, 0x00, 0x00,
    0x00, 0x00, 0x00, 0x00, 0x00, 0x00, 0x00, 0x00, 0x00, 0x00, 0x00, 0x00, 0x00, 0x00, 0x00, 0x00,
    0x00, 0x00, 0x00, 0x00, 0x00, 0x00, 0x00, 0x00, 0x00, 0x00, 0x00, 0x00, 0x00, 0x00, 0x00, 0x00,
    0x00, 0x00, 0x00, 0x00, 0x00, 0x00, 0x00, 0x00, 0x00, 0x00, 0x00, 0x00, 0x00, 0x00, 0x00, 0x00,
    0x00, 0x00, 0x00, 0x00, 0x00, 0x00, 0x00, 0x00, 0x00, 0x00, 0x00, 0x00, 0x00, 0x00, 0x00, 0x00,
    0x00, 0x00, 0x00, 0x00, 0x00, 0x00, 0x00, 0x00, 0x00, 0x00, 0x00, 0x00, 0x00, 0x00, 0x00, 0x00,
    0x00, 0x00, 0x00, 0x00, 0x00, 0x00, 0x00, 0x00, 0x00, 0x00, 0x00, 0x00, 0x00, 0x00, 0x00, 0x00,
    0x00, 0x00, 0x00, 0x00, 0x00, 0x00, 0x00, 0x00, 0x00, 0x00, 0x00, 0x00, 0x00, 0x00, 0x00, 0x00,
    0x00, 0x00, 0x00, 0x00, 0x00, 0x00, 0x00, 0x00, 0x00, 0x00, 0x00, 0x00, 0x03, 0x00, 0x00, 0x00,
    0x8B, 0xA2, 0xE7, 0x0B, 0x00, 0x00, 0x00, 0x00, 0x00, 0x00, 0x00, 0x00, 0xFF, 0xCC, 0xCC, 0x05,
    0x38, 0x86, 0xE1, 0xCE, 0x2D, 0x94, 0xFF, 0xFF, 0x2E, 0x94, 0xFF, 0xFF, 0x39, 0x9E, 0xFF, 0xFF,
    0x47, 0xB0, 0xFF, 0xFF, 0x50, 0xAC, 0xFF, 0xDB, 0x7F, 0xB8, 0xFF, 0x12, 0x00, 0x00, 0x00, 0x00,
    0x00, 0x00, 0x00, 0x00, 0x00, 0x00, 0x00, 0x00, 0x00, 0x00, 0x00, 0x00, 0x00, 0x00, 0x00, 0x00,
    0x00, 0xFF, 0xFF, 0x01, 0x00, 0x00, 0x00, 0x00, 0x00, 0x00, 0x00, 0x00, 0x00, 0x00, 0x00, 0x00,
    0x00, 0x00, 0x00, 0x00, 0x00, 0x00, 0x00, 0x00, 0x00, 0x00, 0x00, 0x00, 0x00, 0x00, 0x00, 0x00,
    0x00, 0x00, 0x00, 0x00, 0x00, 0x00, 0x00, 0x00, 0x00, 0x00, 0x00, 0x00, 0x00, 0x00, 0x00, 0x00,
    0x00, 0x00, 0x00, 0x00, 0x00, 0x00, 0x00, 0x00, 0x00, 0x00, 0x00, 0x00, 0x00, 0x00, 0x00, 0x00,
    0x00, 0x00, 0x00, 0x00, 0x00, 0x00, 0x00, 0x00, 0x00, 0x00, 0x00, 0x00, 0x00, 0x00, 0x00, 0x00,
    0x00, 0x00, 0x00, 0x00, 0x00, 0x00, 0x00, 0x00, 0x00, 0x00, 0x00, 0x00, 0x00, 0x00, 0x00, 0x00,
    0x00, 0x00, 0x00, 0x00, 0x00, 0x00, 0x00, 0x00, 0x00, 0x00, 0x00, 0x00, 0x00, 0x00, 0x00, 0x00,
    0x00, 0x00, 0x00, 0x00, 0x00, 0x00, 0x00, 0x00, 0x00, 0x00, 0x00, 0x00, 0x00, 0x00, 0x00, 0x00,
    0x00, 0x00, 0x00, 0x00, 0x00, 0x00, 0x00, 0x00, 0x00, 0x00, 0x00, 0x00, 0x00, 0x00, 0x00, 0x00,
    0x00, 0x00, 0x00, 0x00, 0x00, 0x00, 0x00, 0x00, 0x00, 0x00, 0x00, 0x00, 0x00, 0x00, 0x00, 0x00,
    0x00, 0x00, 0x00, 0x00, 0x00, 0x00, 0x00, 0x00, 0x00, 0x00, 0x00, 0x00, 0x00, 0x00, 0xFF, 0x01,
    0x00, 0xFF, 0xFF, 0x01, 0x02, 0x00, 0x00, 0x00, 0x45, 0x90, 0xE6, 0x6A, 0x39, 0x96, 0xFA, 0xCC,
    0x3C, 0x9C, 0xFF, 0xE3, 0x46, 0xA0, 0xFF, 0xB8, 0x50, 0x9D, 0xFF, 0x49, 0x3C, 0x87, 0xE3, 0x8B,
    0x28, 0x89, 0xF3, 0xFF, 0x25, 0x84, 0xEE, 0xFA, 0x31, 0x8F, 0xFC, 0xFE, 0x3B, 0x99, 0xFF, 0xFE,
    0x41, 0xA0, 0xFF, 0xFA, 0x4A, 0xB1, 0xFF, 0xFF, 0x54, 0xAD, 0xFF, 0xB3, 0x96, 0xD2, 0xFF, 0x11,
    0x72, 0xA5, 0xF2, 0x14, 0x4F, 0x99, 0xF5, 0x50, 0x4D, 0xA0, 0xFF, 0x69, 0x5D, 0xA6, 0xFF, 0x34,
    0x00, 0x00, 0x00, 0x00, 0x00, 0x00, 0x00, 0x00, 0x00, 0x00, 0x00, 0x00, 0x00, 0x00, 0x00, 0x00,
    0x00, 0x00, 0x00, 0x00, 0x00, 0x00, 0x00, 0x00, 0x00, 0x00, 0x00, 0x00, 0x00, 0x00, 0x00, 0x00,
    0x00, 0x00, 0x00, 0x00, 0x00, 0x00, 0x00, 0x00, 0x00, 0x00, 0x00, 0x00, 0x00, 0x00, 0x00, 0x00,
    0x00, 0x00, 0x00, 0x00, 0x00, 0x00, 0x00, 0x00, 0x00, 0x00, 0x00, 0x00, 0x00, 0x00, 0x00, 0x00,
    0x00, 0x00, 0x00, 0x00, 0x00, 0x00, 0x00, 0x00, 0x00, 0x00, 0x00, 0x00, 0x00, 0x00, 0x00, 0x00,
    0x00, 0x00, 0x00, 0x00, 0x00, 0x00, 0x00, 0x00, 0x00, 0x00, 0x00, 0x00, 0x00, 0x00, 0x00, 0x00,
    0x00, 0x00, 0x00, 0x00, 0x00, 0x00, 0x00, 0x00, 0x00, 0x00, 0x00, 0x00, 0x00, 0x00, 0x00, 0x00,
    0x00, 0x00, 0x00, 0x00, 0x00, 0x00, 0x00, 0x00, 0x00, 0x00, 0x00, 0x00, 0x00, 0x00, 0x00, 0x00,
    0x00, 0x00, 0x00, 0x00, 0x00, 0x00, 0x00, 0x00, 0x00, 0x00, 0x00, 0x00, 0x00, 0x00, 0x00, 0x00,
    0x00, 0x00, 0x00, 0x00, 0x00, 0x00, 0x00, 0x00, 0x00, 0x00, 0x00, 0x00, 0x00, 0x00, 0x00, 0x00,
    0x00, 0x00, 0x00, 0x00, 0x00, 0x00, 0x00, 0x00, 0x00, 0x00, 0x00, 0x00, 0x00, 0x55, 0xAA, 0x03,
    0x00, 0x00, 0x00, 0x00, 0x3E, 0x8A, 0xDF, 0x83, 0x2F, 0x94, 0xFF, 0xFF, 0x2F, 0x96, 0xFF, 0xFF,
    0x38, 0x9D, 0xFF, 0xFF, 0x3E, 0xA6, 0xFF, 0xFF, 0x3A, 0x9C, 0xFF, 0xFF, 0x2A, 0x89, 0xFA, 0xFF,
    0x1E, 0x7E, 0xEA, 0xFD, 0x24, 0x88, 0xF0, 0xFF, 0x2C, 0x95, 0xFB, 0xFF, 0x36, 0xA0, 0xFF, 0xFF,
    0x3B, 0xA5, 0xFF, 0xFF, 0x3E, 0xA4, 0xFF, 0xFD, 0x45, 0xA9, 0xFF, 0xFF, 0x3B, 0x97, 0xFF, 0xE8,
    0x2E, 0x8A, 0xF7, 0xEA, 0x33, 0x98, 0xFF, 0xFF, 0x3B, 0xA3, 0xFF, 0xFF, 0x45, 0xA7, 0xFF, 0xFF,
    0x55, 0xAA, 0xFF, 0x99, 0xFF, 0xFF, 0xFF, 0x03, 0x00, 0xFF, 0xFF, 0x01, 0x00, 0x00, 0x00, 0x00,
    0x00, 0x00, 0x00, 0x00, 0x00, 0x00, 0x00, 0x00, 0x00, 0x00, 0x00, 0x00, 0x00, 0x00, 0x00, 0x00,
    0x00, 0x00, 0x00, 0x00, 0x00, 0x00, 0x00, 0x00, 0x00, 0x00, 0x00, 0x00, 0x00, 0x00, 0x00, 0x00,
    0x00, 0x00, 0x00, 0x00, 0x00, 0x00, 0x00, 0x00, 0x00, 0x00, 0x00, 0x00, 0x00, 0x00, 0x00, 0x00,
    0x00, 0x00, 0x00, 0x00, 0x00, 0x00, 0x00, 0x00, 0x00, 0x00, 0x00, 0x00, 0x00, 0x00, 0x00, 0x00,
    0x00, 0x00, 0x00, 0x00, 0x00, 0x00, 0x00, 0x00, 0x00, 0x00, 0x00, 0x00, 0x00, 0x00, 0x00, 0x00,
    0x00, 0x00, 0x00, 0x00, 0x00, 0x00, 0x00, 0x00, 0x00, 0x00, 0x00, 0x00, 0x00, 0x00, 0x00, 0x00,
    0x00, 0x00, 0x00, 0x00, 0x00, 0x00, 0x00, 0x00, 0x00, 0x00, 0x00, 0x00, 0x00, 0x00, 0x00, 0x00,
    0x00, 0x00, 0x00, 0x00, 0x00, 0x00, 0x00, 0x00, 0x00, 0x00, 0x00, 0x00, 0x00, 0x00, 0x00, 0x00,
    0x00, 0x00, 0x00, 0x00, 0x00, 0x00, 0x00, 0x00, 0x00, 0x00, 0x00, 0x00, 0x00, 0x00, 0x00, 0x00,
    0x00, 0x00, 0x00, 0x00, 0x00, 0x00, 0x00, 0x00, 0x00, 0xFF, 0xFF, 0x01, 0x00, 0x00, 0x00, 0x00,
    0x62, 0x93, 0xD7, 0x1A, 0x2E, 0x83, 0xDE, 0xF7, 0x28, 0x89, 0xF0, 0xFD, 0x32, 0x91, 0xFB, 0xFB,
    0x38, 0x97, 0xFF, 0xFE, 0x38, 0x99, 0xFF, 0xFC, 0x35, 0x9D, 0xFA, 0xFD, 0x32, 0xA4, 0xF4, 0xFD,
    0x31, 0xAF, 0xF1, 0xFF, 0x33, 0xBB, 0xF7, 0xFF, 0x33, 0xC1, 0xFC, 0xFF, 0x35, 0xC5, 0xFF, 0xFF,
    0x37, 0xC7, 0xFF, 0xFF, 0x3A, 0xC6, 0xFF, 0xFF, 0x3E, 0xC1, 0xFF, 0xFD, 0x34, 0xAC, 0xFF, 0xFF,
    0x25, 0x90, 0xFF, 0xFF, 0x2C, 0x8E, 0xFF, 0xFD, 0x38, 0x9B, 0xFF, 0xFB, 0x3E, 0xA1, 0xFF, 0xFC,
    0x4F, 0xB7, 0xFF, 0xFF, 0x5C, 0xAD, 0xFF, 0x6E, 0x00, 0x00, 0x00, 0x00, 0x3F, 0x7F, 0xFF, 0x04,
    0x00, 0x00, 0x00, 0x00, 0x00, 0x00, 0x00, 0x00, 0x00, 0x00, 0x00, 0x00, 0x00, 0x00, 0x00, 0x00,
    0x00, 0x00, 0x00, 0x00, 0x00, 0x00, 0x00, 0x00, 0x00, 0x00, 0x00, 0x00, 0x00, 0x00, 0x00, 0x00,
    0x00, 0x00, 0x00, 0x00, 0x00, 0x00, 0x00, 0x00, 0x00, 0x00, 0x00, 0x00, 0x00, 0x00, 0x00, 0x00,
    0x00, 0x00, 0x00, 0x00, 0x00, 0x00, 0x00, 0x00, 0x00, 0x00, 0x00, 0x00, 0x00, 0x00, 0x00, 0x00,
    0x00, 0x00, 0x00, 0x00, 0x00, 0x00, 0x00, 0x00, 0x00, 0x00, 0x00, 0x00, 0x00, 0x00, 0x00, 0x00,
    0x00, 0x00, 0x00, 0x00, 0x00, 0x00, 0x00, 0x00, 0x00, 0x00, 0x00, 0x00, 0x00, 0x00, 0x00, 0x00,
    0x00, 0x00, 0x00, 0x00, 0x00, 0x00, 0x00, 0x00, 0x00, 0x00, 0x00, 0x00, 0x00, 0x00, 0x00, 0x00,
    0x00, 0x00, 0x00, 0x00, 0x00, 0x00, 0x00, 0x00, 0x00, 0x00, 0x00, 0x00, 0x00, 0x00, 0x00, 0x00,
    0x00, 0x00, 0x00, 0x00, 0x00, 0x00, 0x00, 0x00, 0x00, 0x00, 0x00, 0x00, 0x00, 0x00, 0x00, 0x00,
    0x00, 0x00, 0x00, 0x00, 0x00, 0x00, 0x00, 0x00, 0x7F, 0x7F, 0xFF, 0x02, 0x00, 0x00, 0x00, 0x00,
    0x46, 0x8C, 0xDC, 0x33, 0x2A, 0x82, 0xE1, 0xFF, 0x2B, 0x86, 0xEC, 0xFF, 0x2E, 0x8A, 0xFA, 0xFF,
    0x2F, 0x91, 0xFB, 0xFF, 0x32, 0xA5, 0xEF, 0xFF, 0x31, 0xB4, 0xEA, 0xFF, 0x30, 0xBC, 0xF0, 0xFF,
    0x2F, 0xBF, 0xF7, 0xFF, 0x2F, 0xC1, 0xFC, 0xFF, 0x31, 0xC4, 0xFF, 0xFF, 0x34, 0xC7, 0xFF, 0xFF,
    0x37, 0xCA, 0xFF, 0xFF, 0x39, 0xCE, 0xFF, 0xFF, 0x3C, 0xD1, 0xFF, 0xFF, 0x41, 0xD4, 0xFF, 0xFE,
    0x40, 0xCB, 0xFF, 0xFE, 0x38, 0xAD, 0xFE, 0xFF, 0x36, 0x97, 0xFE, 0xFF, 0x3D, 0x9D, 0xFD, 0xFC,
    0x45, 0xAD, 0xFD, 0xFD, 0x4F, 0xA9, 0xFF, 0xC4, 0xFF, 0x7F, 0x7F, 0x02, 0xBF, 0xBF, 0xFF, 0x04,
    0xBF, 0xBF, 0xBF, 0x04, 0xFF, 0xFF, 0xFF, 0x02, 0x00, 0x00, 0x00, 0x00, 0x00, 0x00, 0x00, 0x00,
    0x00, 0x00, 0x00, 0x00, 0x00, 0x00, 0x00, 0x00, 0x00, 0x00, 0x00, 0x00, 0x00, 0x00, 0x00, 0x00,
    0x00, 0x00, 0x00, 0x00, 0x00, 0x00, 0x00, 0x00, 0x00, 0x00, 0x00, 0x00, 0x00, 0x00, 0x00, 0x00,
    0x00, 0x00, 0x00, 0x00, 0x00, 0x00, 0x00, 0x00, 0x00, 0x00, 0x00, 0x00, 0x00, 0x00, 0x00, 0x00,
    0x00, 0x00, 0x00, 0x00, 0x00, 0x00, 0x00, 0x00, 0x00, 0x00, 0x00, 0x00, 0x00, 0x00, 0x00, 0x00,
    0x00, 0x00, 0x00, 0x00, 0x00, 0x00, 0x00, 0x00, 0x00, 0x00, 0x00, 0x00, 0x00, 0x00, 0x00, 0x00,
    0x00, 0x00, 0x00, 0x00, 0x00, 0x00, 0x00, 0x00, 0x00, 0x00, 0x00, 0x00, 0x00, 0x00, 0x00, 0x00,
    0x00, 0x00, 0x00, 0x00, 0x00, 0x00, 0x00, 0x00, 0x00, 0x00, 0x00, 0x00, 0x00, 0x00, 0x00, 0x00,
    0x00, 0x00, 0x00, 0x00, 0x00, 0x00, 0x00, 0x00, 0x00, 0x00, 0x00, 0x00, 0x00, 0x00, 0x00, 0x00,
    0x00, 0x00, 0x00, 0x00, 0x00, 0x00, 0x00, 0x00, 0x55, 0xAA, 0xAA, 0x03, 0x55, 0xAA, 0xFF, 0x03,
    0x5D, 0x90, 0xDD, 0x1E, 0x2D, 0x80, 0xDE, 0xF7, 0x25, 0x80, 0xEC, 0xFF, 0x28, 0x8C, 0xEC, 0xFE,
    0x2E, 0xA9, 0xE3, 0xFF, 0x2D, 0xB5, 0xE7, 0xFF, 0x2B, 0xB7, 0xF0, 0xFF, 0x2B, 0xBB, 0xF6, 0xFF,
    0x2D, 0xBE, 0xFA, 0xFF, 0x2F, 0xC1, 0xFF, 0xFF, 0x32, 0xC5, 0xFF, 0xFF, 0x35, 0xC8, 0xFF, 0xFF,
    0x38, 0xCB, 0xFF, 0xFF, 0x3A, 0xCD, 0xFF, 0xFF, 0x3F, 0xD0, 0xFE, 0xFF, 0x40, 0xD2, 0xFF, 0xFF,
    0x3E, 0xD7, 0xFF, 0xFF, 0x3C, 0xDB, 0xFF, 0xFF, 0x36, 0xC3, 0xFF, 0xFF, 0x31, 0x9D, 0xFF, 0xFD,
    0x3B, 0xA4, 0xFF, 0xFF, 0x41, 0xA1, 0xFF, 0xCA, 0x00, 0x00, 0x00, 0x00, 0x00, 0x00, 0x00, 0x00,
    0x00, 0x00, 0x00, 0x00, 0x00, 0x00, 0x00, 0x00, 0xFF, 0xFF, 0xFF, 0x01, 0xFF, 0xFF, 0xFF, 0x03,
    0x00, 0x00, 0x00, 0x00, 0x00, 0x00, 0x00, 0x00, 0x00, 0x00, 0x00, 0x00, 0x00, 0x00, 0x00, 0x00,
    0x00, 0x00, 0x00, 0x00, 0x00, 0x00, 0x00, 0x00, 0x00, 0x00, 0x00, 0x00, 0x00, 0x00, 0x00, 0x00,
    0x00, 0x00, 0x00, 0x00, 0x00, 0x00, 0x00, 0x00, 0x00, 0x00, 0x00, 0x00, 0x00, 0x00, 0x00, 0x00,
    0x00, 0x00, 0x00, 0x00, 0x00, 0x00, 0x00, 0x00, 0x00, 0x00, 0x00, 0x00, 0x00, 0x00, 0x00, 0x00,
    0x00, 0x00, 0x00, 0x00, 0x00, 0x00, 0x00, 0x00, 0x00, 0x00, 0x00, 0x00, 0x00, 0x00, 0x00, 0x00,
    0x00, 0x00, 0x00, 0x00, 0x00, 0x00, 0x00, 0x00, 0x00, 0x00, 0x00, 0x00, 0x00, 0x00, 0x00, 0x00,
    0x00, 0x00, 0x00, 0x00, 0x00, 0x00, 0x00, 0x00, 0x00, 0x00, 0x00, 0x00, 0x00, 0x00, 0x00, 0x00,
    0x00, 0x00, 0x00, 0x00, 0x00, 0x00, 0x00, 0x00, 0x00, 0x00, 0x00, 0x00, 0x00, 0x00, 0x00, 0x00,
    0x00, 0x00, 0x00, 0x00, 0x7F, 0x7F, 0xFF, 0x02, 0x00, 0x00, 0x00, 0x00, 0x00, 0x00, 0x00, 0x00,
    0x61, 0x91, 0xDA, 0x2A, 0x29, 0x80, 0xE5, 0xF9, 0x25, 0x88, 0xE5, 0xFE, 0x2F, 0xAA, 0xDF, 0xFE,
    0x2B, 0xB2, 0xE5, 0xFF, 0x29, 0xB4, 0xED, 0xFF, 0x29, 0xB9, 0xF3, 0xFF, 0x2B, 0xBC, 0xF7, 0xFF,
    0x2F, 0xBF, 0xFC, 0xFF, 0x31, 0xC2, 0xFF, 0xFF, 0x34, 0xC6, 0xFF, 0xFF, 0x36, 0xC8, 0xFF, 0xFF,
    0x3A, 0xCB, 0xFF, 0xFF, 0x3C, 0xCE, 0xFF, 0xFF, 0x35, 0xD1, 0xFF, 0xFF, 0x3B, 0xD3, 0xFF, 0xFF,
    0x57, 0xD4, 0xF9, 0xFF, 0x7E, 0xD4, 0xEE, 0xFF, 0x9F, 0xD9, 0xE7, 0xFF, 0xB1, 0xCF, 0xE3, 0xFE,
    0xBD, 0xCE, 0xE5, 0xFF, 0xC6, 0xD2, 0xE2, 0xF3, 0xE2, 0xE0, 0xE0, 0xBA, 0xE2, 0xE2, 0xE2, 0x98,
    0xE3, 0xE3, 0xE3, 0x65, 0xE9, 0xE9, 0xE9, 0x24, 0x00, 0x00, 0x00, 0x00, 0x00, 0x00, 0x00, 0x00,
    0xFF, 0xFF, 0xFF, 0x01, 0xFF, 0xFF, 0xFF, 0x02, 0x00, 0x00, 0x00, 0x00, 0x00, 0x00, 0x00, 0x00,
    0x00, 0x00, 0x00, 0x00, 0x00, 0x00, 0x00, 0x00, 0x00, 0x00, 0x00, 0x00, 0x00, 0x00, 0x00, 0x00,
    0x00, 0x00, 0x00, 0x00, 0x00, 0x00, 0x00, 0x00, 0x00, 0x00, 0x00, 0x00, 0x00, 0x00, 0x00, 0x00,
    0x00, 0x00, 0x00, 0x00, 0x00, 0x00, 0x00, 0x00, 0x00, 0x00, 0x00, 0x00, 0x00, 0x00, 0x00, 0x00,
    0x00, 0x00, 0x00, 0x00, 0x00, 0x00, 0x00, 0x00, 0x00, 0x00, 0x00, 0x00, 0x00, 0x00, 0x00, 0x00,
    0x00, 0x00, 0x00, 0x00, 0x00, 0x00, 0x00, 0x00, 0x00, 0x00, 0x00, 0x00, 0x00, 0x00, 0x00, 0x00,
    0x00, 0x00, 0x00, 0x00, 0x00, 0x00, 0x00, 0x00, 0x00, 0x00, 0x00, 0x00, 0x00, 0x00, 0x00, 0x00,
    0x00, 0x00, 0x00, 0x00, 0x00, 0x00, 0x00, 0x00, 0x00, 0x00, 0x00, 0x00, 0x00, 0x00, 0x00, 0x00,
    0x00, 0x7F, 0x7F, 0x02, 0x00, 0x00, 0x00, 0x00, 0x88, 0x99, 0xDD, 0x0F, 0x4B, 0x93, 0xED, 0x66,
    0x32, 0x87, 0xEC, 0xDA, 0x28, 0x87, 0xEC, 0xFF, 0x31, 0xA5, 0xDC, 0xFE, 0x2B, 0xAF, 0xE3, 0xFF,
    0x28, 0xB1, 0xEA, 0xFF, 0x29, 0xB6, 0xEF, 0xFF, 0x2B, 0xBA, 0xF4, 0xFF, 0x2E, 0xBD, 0xF9, 0xFF,
    0x30, 0xC0, 0xFD, 0xFF, 0x33, 0xC3, 0xFF, 0xFF, 0x35, 0xC6, 0xFF, 0xFF, 0x3A, 0xC8, 0xFE, 0xFF,
    0x35, 0xCB, 0xFF, 0xFF, 0x35, 0xCC, 0xFF, 0xFF, 0x68, 0xCD, 0xF0, 0xFF, 0xAC, 0xCE, 0xDC, 0xFF,
    0xD2, 0xD1, 0xD4, 0xFF, 0xE0, 0xD5, 0xD4, 0xFF, 0xE4, 0xD7, 0xD7, 0xFF, 0xE7, 0xDD, 0xDA, 0xFF,
    0xE7, 0xE0, 0xDD, 0xFF, 0xE9, 0xE4, 0xE2, 0xFF, 0xF0, 0xED, 0xEE, 0xFF, 0xF4, 0xF1, 0xF2, 0xFF,
    0xF3, 0xF2, 0xF3, 0xFF, 0xE9, 0xE8, 0xE9, 0xF8, 0xED, 0xEB, 0xEB, 0xBA, 0xEE, 0xEE, 0xEE, 0x4C,
    0x00, 0x00, 0x00, 0x00, 0x00, 0x00, 0x00, 0x00, 0xFF, 0xFF, 0xFF, 0x03, 0x00, 0x00, 0x00, 0x00,
    0x00, 0x00, 0x00, 0x00, 0x00, 0x00, 0x00, 0x00, 0x00, 0x00, 0x00, 0x00, 0x00, 0x00, 0x00, 0x00,
    0x00, 0x00, 0x00, 0x00, 0x00, 0x00, 0x00, 0x00, 0x00, 0x00, 0x00, 0x00, 0x00, 0x00, 0x00, 0x00,
    0x00, 0x00, 0x00, 0x00, 0x00, 0x00, 0x00, 0x00, 0x00, 0x00, 0x00, 0x00, 0x00, 0x00, 0x00, 0x00,
    0x00, 0x00, 0x00, 0x00, 0x00, 0x00, 0x00, 0x00, 0x00, 0x00, 0x00, 0x00, 0x00, 0x00, 0x00, 0x00,
    0x00, 0x00, 0x00, 0x00, 0x00, 0x00, 0x00, 0x00, 0x00, 0x00, 0x00, 0x00, 0x00, 0x00, 0x00, 0x00,
    0x00, 0x00, 0x00, 0x00, 0x00, 0x00, 0x00, 0x00, 0x00, 0x00, 0x00, 0x00, 0x00, 0x00, 0x00, 0x00,
    0x00, 0x00, 0x00, 0x00, 0x00, 0x00, 0x00, 0x00, 0x00, 0x00, 0x00, 0x00, 0x00, 0x7F, 0x7F, 0x02,
    0x00, 0x00, 0x00, 0x00, 0x4A, 0x8E, 0xE0, 0x4B, 0x35, 0x8E, 0xEE, 0xDE, 0x31, 0x93, 0xFD, 0xFF,
    0x27, 0x86, 0xF3, 0xFF, 0x2E, 0x9A, 0xDE, 0xFF, 0x2C, 0xAD, 0xDE, 0xFF, 0x28, 0xAE, 0xE6, 0xFF,
    0x28, 0xB3, 0xEB, 0xFF, 0x2A, 0xB7, 0xF1, 0xFF, 0x2C, 0xBA, 0xF5, 0xFF, 0x2F, 0xBD, 0xF9, 0xFF,
    0x31, 0xC0, 0xFD, 0xFF, 0x34, 0xC3, 0xFF, 0xFF, 0x39, 0xC5, 0xFE, 0xFF, 0x2F, 0xC7, 0xFF, 0xFF,
    0x4A, 0xC7, 0xF7, 0xFF, 0xA6, 0xC9, 0xD9, 0xFF, 0xD7, 0xCD, 0xCD, 0xFF, 0xDC, 0xD2, 0xD1, 0xFF,
    0xDA, 0xD6, 0xD7, 0xFF, 0xDB, 0xD8, 0xDA, 0xFF, 0xDD, 0xDB, 0xDD, 0xFF, 0xDF, 0xDC, 0xDF, 0xFF,
    0xE2, 0xDE, 0xE1, 0xFF, 0xE4, 0xE0, 0xE2, 0xFE, 0xE6, 0xE2, 0xE4, 0xFC, 0xE8, 0xE5, 0xE6, 0xFB,
    0xE9, 0xE6, 0xE7, 0xFC, 0xEC, 0xEA, 0xEB, 0xFF, 0xF7, 0xF5, 0xF6, 0xFF, 0xF6, 0xF5, 0xF5, 0xFF,
    0xEF, 0xEF, 0xEF, 0xB9, 0xE6, 0xE6, 0xE6, 0x2A, 0x00, 0x00, 0x00, 0x00, 0xFF, 0xFF, 0xFF, 0x03,
    0x00, 0x00, 0x00, 0x00, 0x00, 0x00, 0x00, 0x00, 0x00, 0x00, 0x00, 0x00, 0x00, 0x00, 0x00, 0x00,
    0x00, 0x00, 0x00, 0x00, 0x00, 0x00, 0x00, 0x00, 0x00, 0x00, 0x00, 0x00, 0x00, 0x00, 0x00, 0x00,
    0x00, 0x00, 0x00, 0x00, 0x00, 0x00, 0x00, 0x00, 0x00, 0x00, 0x00, 0x00, 0x00, 0x00, 0x00, 0x00,
    0x00, 0x00, 0x00, 0x00, 0x00, 0x00, 0x00, 0x00, 0x00, 0x00, 0x00, 0x00, 0x00, 0x00, 0x00, 0x00,
    0x00, 0x00, 0x00, 0x00, 0x00, 0x00, 0x00, 0x00, 0x00, 0x00, 0x00, 0x00, 0x00, 0x00, 0x00, 0x00,
    0x00, 0x00, 0x00, 0x00, 0x00, 0x00, 0x00, 0x00, 0x00, 0x00, 0x00, 0x00, 0x00, 0x00, 0x00, 0x00,
    0x00, 0x00, 0x00, 0x00, 0x00, 0x00, 0x00, 0x00, 0x7F, 0x7F, 0xFF, 0x02, 0x00, 0x00, 0x00, 0x00,
    0x55, 0x8D, 0xDD, 0x2D, 0x30, 0x87, 0xE5, 0xF9, 0x29, 0x8C, 0xF4, 0xFF, 0x29, 0x83, 0xEB, 0xFB,
    0x29, 0x89, 0xE2, 0xFD, 0x2E, 0xA9, 0xDB, 0xFF, 0x28, 0xAB, 0xE1, 0xFF, 0x28, 0xB0, 0xE7, 0xFF,
    0x28, 0xB4, 0xEC, 0xFF, 0x2B, 0xB7, 0xF1, 0xFF, 0x2E, 0xBA, 0xF5, 0xFF, 0x30, 0xBD, 0xF9, 0xFF,
    0x32, 0xC0, 0xFD, 0xFF, 0x37, 0xC2, 0xFE, 0xFF, 0x2D, 0xC3, 0xFF, 0xFF, 0x5C, 0xC3, 0xEF, 0xFF,
    0xC5, 0xC8, 0xCD, 0xFF, 0xD9, 0xCD, 0xCC, 0xFF, 0xD4, 0xD2, 0xD4, 0xFF, 0xD8, 0xD5, 0xD7, 0xFF,
    0xDC, 0xD7, 0xD9, 0xFF, 0xDF, 0xD9, 0xDB, 0xFF, 0xE1, 0xDB, 0xDD, 0xFF, 0xE3, 0xDE, 0xE0, 0xFF,
    0xE5, 0xDF, 0xE1, 0xFF, 0xE7, 0xE2, 0xE4, 0xFF, 0xE8, 0xE3, 0xE5, 0xFF, 0xEA, 0xE5, 0xE7, 0xFF,
    0xEB, 0xE7, 0xE8, 0xFF, 0xEC, 0xE8, 0xEA, 0xFE, 0xED, 0xEA, 0xEB, 0xFC, 0xED, 0xEB, 0xEC, 0xFD,
    0xFC, 0xFA, 0xFB, 0xFF, 0xF4, 0xF3, 0xF4, 0xF2, 0xED, 0xEA, 0xED, 0x57, 0x00, 0x00, 0x00, 0x00,
    0xFF, 0xFF, 0xFF, 0x03, 0xFF, 0xFF, 0xFF, 0x01, 0xFF, 0xFF, 0xFF, 0x01, 0x7F, 0x7F, 0x7F, 0x02,
    0xFF, 0xFF, 0xFF, 0x03, 0xBF, 0xBF, 0xBF, 0x04, 0xAA, 0xAA, 0xAA, 0x03, 0xFF, 0xFF, 0xFF, 0x01,
    0x00, 0x00, 0x00, 0x00, 0x00, 0x00, 0x00, 0x00, 0x00, 0x00, 0x00, 0x00, 0x00, 0x00, 0x00, 0x00,
    0x00, 0x00, 0x00, 0x00, 0x00, 0x00, 0x00, 0x00, 0x00, 0x00, 0x00, 0x00, 0x00, 0x00, 0x00, 0x00,
    0x00, 0x00, 0x00, 0x00, 0x00, 0x00, 0x00, 0x00, 0x00, 0x00, 0x00, 0x00, 0x00, 0x00, 0x00, 0x00,
    0x00, 0x00, 0x00, 0x00, 0x00, 0x00, 0x00, 0x00, 0x00, 0x00, 0x00, 0x00, 0x00, 0x00, 0x00, 0x00,
    0x00, 0x00, 0x00, 0x00, 0x00, 0x00, 0x00, 0x00, 0x3F, 0x7F, 0xBF, 0x04, 0x00, 0x00, 0x00, 0x00,
    0x42, 0x88, 0xDB, 0x7B, 0x2B, 0x8A, 0xF0, 0xFF, 0x2C, 0x84, 0xE8, 0xF9, 0x2A, 0x7F, 0xE7, 0xFF,
    0x2B, 0x98, 0xDD, 0xFF, 0x2B, 0xAB, 0xDC, 0xFF, 0x28, 0xAB, 0xE3, 0xFF, 0x28, 0xB0, 0xE8, 0xFF,
    0x2A, 0xB4, 0xED, 0xFF, 0x2C, 0xB7, 0xF1, 0xFF, 0x2F, 0xBA, 0xF5, 0xFF, 0x30, 0xBD, 0xF9, 0xFF,
    0x35, 0xBF, 0xFB, 0xFF, 0x2B, 0xC0, 0xFF, 0xFF, 0x5D, 0xC1, 0xED, 0xFF, 0xCC, 0xC7, 0xC9, 0xFF,
    0xD3, 0xCC, 0xCD, 0xFF, 0xD3, 0xD0, 0xD3, 0xFF, 0xD9, 0xD3, 0xD5, 0xFF, 0xDC, 0xD6, 0xD8, 0xFF,
    0xDE, 0xD9, 0xDB, 0xFF, 0xE0, 0xDA, 0xDC, 0xFF, 0xE2, 0xDC, 0xDF, 0xFF, 0xE4, 0xDE, 0xE0, 0xFF,
    0xE6, 0xE0, 0xE2, 0xFF, 0xE7, 0xE2, 0xE4, 0xFF, 0xE8, 0xE4, 0xE6, 0xFF, 0xEA, 0xE6, 0xE8, 0xFF,
    0xEB, 0xE8, 0xE9, 0xFF, 0xED, 0xE9, 0xEB, 0xFF, 0xEE, 0xEB, 0xED, 0xFF, 0xEF, 0xED, 0xEE, 0xFF,
    0xF0, 0xEE, 0xEF, 0xFC, 0xF7, 0xF6, 0xF6, 0xFF, 0xFD, 0xFC, 0xFC, 0xFF, 0xF5, 0xF5, 0xF5, 0x67,
    0x00, 0x00, 0x00, 0x00, 0x00, 0x00, 0x00, 0x00, 0x00, 0x00, 0x00, 0x00, 0x00, 0x00, 0x00, 0x00,
    0x00, 0x00, 0x00, 0x00, 0x00, 0x00, 0x00, 0x00, 0x00, 0x00, 0x00, 0x00, 0x00, 0x00, 0x00, 0x00,
    0xFF, 0xFF, 0xFF, 0x03, 0xFF, 0xFF, 0xFF, 0x02, 0x00, 0x00, 0x00, 0x00, 0x00, 0x00, 0x00, 0x00,
    0x00, 0x00, 0x00, 0x00, 0x00, 0x00, 0x00, 0x00, 0x00, 0x00, 0x00, 0x00, 0x00, 0x00, 0x00, 0x00,
    0x00, 0x00, 0x00, 0x00, 0x00, 0x00, 0x00, 0x00, 0x00, 0x00, 0x00, 0x00, 0x00, 0x00, 0x00, 0x00,
    0x00, 0x00, 0x00, 0x00, 0x00, 0x00, 0x00, 0x00, 0x00, 0x00, 0x00, 0x00, 0x00, 0x00, 0x00, 0x00,
    0x00, 0x00, 0x00, 0x00, 0x00, 0x00, 0x00, 0x00, 0x55, 0xAA, 0xFF, 0x03, 0x00, 0x00, 0x00, 0x00,
    0x49, 0x89, 0xDD, 0x4C, 0x31, 0x86, 0xE9, 0xFF, 0x2D, 0x80, 0xE4, 0xFC, 0x2C, 0x7F, 0xE3, 0xFF,
    0x2D, 0xA2, 0xDA, 0xFF, 0x29, 0xA9, 0xDE, 0xFF, 0x28, 0xAC, 0xE3, 0xFF, 0x28, 0xB0, 0xE8, 0xFF,
    0x2A, 0xB4, 0xED, 0xFF, 0x2D, 0xB7, 0xF2, 0xFF, 0x2F, 0xBA, 0xF5, 0xFF, 0x33, 0xBC, 0xF8, 0xFF,
    0x2C, 0xBD, 0xFC, 0xFF, 0x4D, 0xBD, 0xEF, 0xFF, 0xC7, 0xC5, 0xC9, 0xFF, 0xD1, 0xCB, 0xCC, 0xFF,
    0xD3, 0xCE, 0xD1, 0xFF, 0xD8, 0xD2, 0xD4, 0xFF, 0xDB, 0xD4, 0xD7, 0xFF, 0xDE, 0xD7, 0xDA, 0xFF,
    0xE0, 0xD9, 0xDB, 0xFF, 0xE2, 0xDB, 0xDE, 0xFF, 0xE3, 0xDD, 0xDF, 0xFF, 0xE5, 0xDF, 0xE1, 0xFF,
    0xE6, 0xE0, 0xE3, 0xFF, 0xE7, 0xE2, 0xE4, 0xFF, 0xE9, 0xE4, 0xE6, 0xFF, 0xEA, 0xE6, 0xE8, 0xFF,
    0xEB, 0xE8, 0xE9, 0xFF, 0xEC, 0xEA, 0xEB, 0xFF, 0xEF, 0xED, 0xEE, 0xFF, 0xF2, 0xEF, 0xF1, 0xFF,
    0xF1, 0xEF, 0xF0, 0xFF, 0xEA, 0xE9, 0xEA, 0xFD, 0xE8, 0xE7, 0xE8, 0xFF, 0xE1, 0xE0, 0xE1, 0xFF,
    0xDA, 0xD9, 0xDA, 0xBD, 0xDC, 0xDC, 0xDC, 0xC5, 0xDE, 0xDE, 0xDE, 0xC6, 0xE0, 0xDF, 0xE0, 0xB9,
    0xE1, 0xE1, 0xE1, 0x9D, 0xE4, 0xE4, 0xE4, 0x72, 0xED, 0xED, 0xE9, 0x3A, 0xE5, 0xE5, 0xE5, 0x0A,
    0x00, 0x00, 0x00, 0x00, 0x00, 0x00, 0x00, 0x00, 0xFF, 0xFF, 0xFF, 0x02, 0x7F, 0x7F, 0x7F, 0x02,
    0x00, 0x00, 0x00, 0x00, 0x00, 0x00, 0x00, 0x00, 0x00, 0x00, 0x00, 0x00, 0x00, 0x00, 0x00, 0x00,
    0x00, 0x00, 0x00, 0x00, 0x00, 0x00, 0x00, 0x00, 0x00, 0x00, 0x00, 0x00, 0x00, 0x00, 0x00, 0x00,
    0x00, 0x00, 0x00, 0x00, 0x00, 0x00, 0x00, 0x00, 0x00, 0x00, 0x00, 0x00, 0x00, 0x00, 0x00, 0x00,
    0x00, 0x00, 0x00, 0x00, 0x00, 0x00, 0x00, 0x00, 0x00, 0x00, 0x01, 0x00, 0x00, 0xFF, 0xFF, 0x01,
    0xCC, 0x99, 0xCC, 0x05, 0x3F, 0x80, 0xDA, 0xC6, 0x33, 0x81, 0xED, 0xFF, 0x2D, 0x83, 0xE0, 0xFC,
    0x2D, 0xA6, 0xDA, 0xFF, 0x28, 0xA9, 0xDE, 0xFF, 0x28, 0xAC, 0xE3, 0xFF, 0x29, 0xB0, 0xE8, 0xFF,
    0x2B, 0xB3, 0xED, 0xFF, 0x2D, 0xB6, 0xF1, 0xFF, 0x30, 0xB9, 0xF4, 0xFF, 0x30, 0xBB, 0xF7, 0xFF,
    0x33, 0xBA, 0xF5, 0xFF, 0xB1, 0xC2, 0xCE, 0xFF, 0xD3, 0xC9, 0xC9, 0xFF, 0xD0, 0xCC, 0xD0, 0xFF,
    0xD7, 0xD0, 0xD2, 0xFF, 0xDA, 0xD3, 0xD5, 0xFF, 0xDD, 0xD5, 0xD8, 0xFF, 0xDF, 0xD7, 0xDA, 0xFF,
    0xE0, 0xDA, 0xDC, 0xFF, 0xE2, 0xDC, 0xDE, 0xFF, 0xE4, 0xDD, 0xE0, 0xFF, 0xE5, 0xDF, 0xE1, 0xFF,
    0xE6, 0xE1, 0xE3, 0xFF, 0xE7, 0xE2, 0xE4, 0xFF, 0xE8, 0xE4, 0xE6, 0xFF, 0xE9, 0xE5, 0xE7, 0xFF,
    0xEB, 0xE8, 0xEA, 0xFF, 0xEE, 0xEB, 0xEC, 0xFF, 0xE9, 0xE6, 0xE8, 0xFF, 0xDE, 0xDC, 0xDD, 0xFF,
    0xD6, 0xD5, 0xD5, 0xFF, 0xD5, 0xD3, 0xD4, 0xFF, 0xD5, 0xD3, 0xD4, 0xFE, 0xD9, 0xD7, 0xD8, 0xFF,
    0xE8, 0xE6, 0xE7, 0xFF, 0xEA, 0xE8, 0xE8, 0xFF, 0xEB, 0xE9, 0xEA, 0xFF, 0xEE, 0xEC, 0xED, 0xFF,
    0xF2, 0xF0, 0xF1, 0xFF, 0xF4, 0xF2, 0xF3, 0xFF, 0xEB, 0xEA, 0xEA, 0xFF, 0xE9, 0xE8, 0xE9, 0xDF,
    0xED, 0xEB, 0xEB, 0x8E, 0xE8, 0xE8, 0xE8, 0x2D, 0x00, 0x00, 0x00, 0x00, 0x00, 0x00, 0x00, 0x00,
    0xFF, 0xFF, 0xFF, 0x03, 0x00, 0x00, 0x00, 0x00, 0x00, 0x00, 0x00, 0x00, 0x00, 0x00, 0x00, 0x00,
    0x00, 0x00, 0x00, 0x00, 0x00, 0x00, 0x00, 0x00, 0x00, 0x00, 0x00, 0x00, 0x00, 0x00, 0x00, 0x00,
    0x00, 0x00, 0x00, 0x00, 0x00, 0x00, 0x00, 0x00, 0x00, 0x00, 0x00, 0x00, 0x00, 0x00, 0x00, 0x00,
    0x00, 0x00, 0x00, 0x00, 0x00, 0x00, 0x00, 0x00, 0x00, 0x00, 0x00, 0x00, 0x7F, 0x7F, 0xFF, 0x02,
    0x00, 0x00, 0x00, 0x00, 0x62, 0x8F, 0xD7, 0x27, 0x36, 0x7C, 0xE1, 0xEC, 0x2D, 0x88, 0xE3, 0xFE,
    0x2D, 0xA7, 0xD8, 0xFE, 0x28, 0xA8, 0xDF, 0xFF, 0x29, 0xAC, 0xE3, 0xFF, 0x2A, 0xB0, 0xE7, 0xFF,
    0x2C, 0xB3, 0xEC, 0xFF, 0x2D, 0xB6, 0xF0, 0xFF, 0x32, 0xB8, 0xF2, 0xFF, 0x26, 0xB7, 0xF6, 0xFF,
    0x81, 0xBD, 0xD9, 0xFF, 0xD5, 0xC7, 0xC6, 0xFF, 0xCE, 0xCA, 0xCD, 0xFF, 0xD5, 0xCE, 0xD1, 0xFF,
    0xD8, 0xD1, 0xD4, 0xFF, 0xDB, 0xD4, 0xD6, 0xFF, 0xDD, 0xD6, 0xD9, 0xFF, 0xDF, 0xD8, 0xDB, 0xFF,
    0xE1, 0xDA, 0xDD, 0xFF, 0xE2, 0xDC, 0xDE, 0xFF, 0xE4, 0xDD, 0xE0, 0xFF, 0xE5, 0xDF, 0xE1, 0xFF,
    0xE6, 0xE1, 0xE2, 0xFF, 0xE6, 0xE1, 0xE4, 0xFF, 0xE7, 0xE3, 0xE4, 0xFF, 0xE9, 0xE6, 0xE7, 0xFF,
    0xE6, 0xE3, 0xE4, 0xFF, 0xD8, 0xD6, 0xD7, 0xFF, 0xCF, 0xCD, 0xCE, 0xFF, 0xD1, 0xCE, 0xCF, 0xFF,
    0xD6, 0xD3, 0xD4, 0xFF, 0xDA, 0xD7, 0xD8, 0xFF, 0xDD, 0xD9, 0xDB, 0xFF, 0xDE, 0xDB, 0xDD, 0xFE,
    0xE0, 0xDD, 0xDE, 0xFC, 0xE3, 0xDF, 0xE0, 0xFC, 0xE4, 0xE0, 0xE2, 0xFC, 0xE6, 0xE2, 0xE3, 0xFC,
    0xE8, 0xE4, 0xE6, 0xFB, 0xE9, 0xE6, 0xE7, 0xFB, 0xE9, 0xE6, 0xE8, 0xFE, 0xF1, 0xEF, 0xEF, 0xFF,
    0xFA, 0xF8, 0xF9, 0xFF, 0xEF, 0xEE, 0xEF, 0xF9, 0xEE, 0xEE, 0xEE, 0x9F, 0xE7, 0xE7, 0xE7, 0x20,
    0x00, 0x00, 0x00, 0x00, 0xFF, 0xFF, 0xFF, 0x02, 0xFF, 0xFF, 0xFF, 0x01, 0x00, 0x00, 0x00, 0x00,
    0x00, 0x00, 0x00, 0x00, 0x00, 0x00, 0x00, 0x00, 0x00, 0x00, 0x00, 0x00, 0x00, 0x00, 0x00, 0x00,
    0x00, 0x00, 0x00, 0x00, 0x00, 0x00, 0x00, 0x00, 0x00, 0x00, 0x00, 0x00, 0x00, 0x00, 0x00, 0x00,
    0x00, 0x00, 0x00, 0x00, 0x00, 0x00, 0x00, 0x00, 0x00, 0x00, 0x00, 0x00, 0x00, 0x00, 0x00, 0x00,
    0x00, 0x55, 0xFF, 0x03, 0x00, 0x00, 0x00, 0x00, 0x33, 0x7C, 0xDB, 0xB6, 0x2D, 0x91, 0xEC, 0xFF,
    0x2E, 0xA7, 0xD8, 0xFC, 0x29, 0xA7, 0xDE, 0xFF, 0x2A, 0xAB, 0xE3, 0xFF, 0x2B, 0xAE, 0xE7, 0xFF,
    0x2C, 0xB2, 0xEB, 0xFF, 0x2F, 0xB5, 0xEE, 0xFF, 0x2A, 0xB6, 0xF2, 0xFF, 0x41, 0xB6, 0xE8, 0xFF,
    0xC5, 0xC3, 0xC7, 0xFF, 0xCD, 0xC8, 0xCA, 0xFF, 0xD2, 0xCB, 0xCE, 0xFF, 0xD6, 0xCF, 0xD2, 0xFF,
    0xD9, 0xD2, 0xD5, 0xFF, 0xDB, 0xD4, 0xD7, 0xFF, 0xDE, 0xD6, 0xD9, 0xFF, 0xDF, 0xD8, 0xDB, 0xFF,
    0xE1, 0xDA, 0xDC, 0xFF, 0xE2, 0xDB, 0xDE, 0xFF, 0xE2, 0xDD, 0xDF, 0xFF, 0xE3, 0xDE, 0xDF, 0xFF,
    0xE3, 0xDF, 0xE1, 0xFF, 0xE4, 0xDF, 0xE1, 0xFF, 0xE5, 0xE1, 0xE3, 0xFF, 0xDB, 0xD9, 0xDA, 0xFF,
    0xCC, 0xCB, 0xCC, 0xFF, 0xCD, 0xCA, 0xCB, 0xFF, 0xD3, 0xD0, 0xD1, 0xFF, 0xD8, 0xD4, 0xD5, 0xFF,
    0xDB, 0xD6, 0xD7, 0xFF, 0xDD, 0xD8, 0xDA, 0xFF, 0xDF, 0xDA, 0xDC, 0xFF, 0xE1, 0xDC, 0xDE, 0xFF,
    0xE4, 0xDE, 0xE0, 0xFF, 0xE6, 0xE0, 0xE2, 0xFF, 0xE8, 0xE2, 0xE4, 0xFF, 0xE9, 0xE4, 0xE6, 0xFF,
    0xEA, 0xE6, 0xE7, 0xFF, 0xEC, 0xE7, 0xE9, 0xFF, 0xED, 0xE9, 0xEA, 0xFF, 0xEE, 0xEA, 0xEC, 0xFD,
    0xEE, 0xEB, 0xEC, 0xFB, 0xEF, 0xED, 0xEE, 0xFF, 0xFD, 0xFB, 0xFC, 0xFF, 0xF4, 0xF3, 0xF3, 0xEC,
    0xEE, 0xEE, 0xEE, 0x5F, 0x00, 0x00, 0x00, 0x00, 0xFF, 0xFF, 0xFF, 0x01, 0xFF, 0xFF, 0xFF, 0x01,
    0x00, 0x00, 0x00, 0x00, 0x00, 0x00, 0x00, 0x00, 0x00, 0x00, 0x00, 0x00, 0x00, 0x00, 0x00, 0x00,
    0x00, 0x00, 0x00, 0x00, 0x00, 0x00, 0x00, 0x00, 0x00, 0x00, 0x00, 0x00, 0x00, 0x00, 0x00, 0x00,
    0x00, 0x00, 0x00, 0x00, 0x00, 0x00, 0x00, 0x00, 0x00, 0x00, 0x00, 0x00, 0x7F, 0x7F, 0xFF, 0x02,
    0x00, 0x00, 0x00, 0x00, 0x51, 0x8D, 0xDF, 0x48, 0x29, 0x7F, 0xE6, 0xF6, 0x24, 0x89, 0xE2, 0xFD,
    0x2F, 0xA6, 0xD8, 0xFE, 0x2A, 0xA7, 0xDD, 0xFF, 0x2A, 0xAB, 0xE1, 0xFF, 0x2B, 0xAD, 0xE6, 0xFF,
    0x2C, 0xB1, 0xE9, 0xFF, 0x30, 0xB3, 0xEC, 0xFF, 0x24, 0xB2, 0xEE, 0xFF, 0x86, 0xBB, 0xD4, 0xFF,
    0xD3, 0xC6, 0xC5, 0xFF, 0xCC, 0xC9, 0xCC, 0xFF, 0xD3, 0xCD, 0xCF, 0xFF, 0xD6, 0xD0, 0xD2, 0xFF,
    0xD9, 0xD3, 0xD5, 0xFF, 0xDB, 0xD4, 0xD7, 0xFF, 0xDD, 0xD6, 0xD9, 0xFF, 0xDE, 0xD8, 0xDA, 0xFF,
    0xDF, 0xD9, 0xDC, 0xFF, 0xE0, 0xDA, 0xDD, 0xFF, 0xE1, 0xDB, 0xDD, 0xFF, 0xE0, 0xDB, 0xDD, 0xFF,
    0xE0, 0xDB, 0xDD, 0xFF, 0xE0, 0xDC, 0xDD, 0xFF, 0xD3, 0xD1, 0xD2, 0xFF, 0xC9, 0xC7, 0xC8, 0xFF,
    0xCF, 0xCB, 0xCC, 0xFF, 0xD4, 0xCF, 0xD1, 0xFF, 0xD8, 0xD2, 0xD4, 0xFF, 0xDB, 0xD4, 0xD6, 0xFF,
    0xDD, 0xD7, 0xD9, 0xFF, 0xE0, 0xD9, 0xDB, 0xFF, 0xE2, 0xDB, 0xDE, 0xFF, 0xE4, 0xDD, 0xDF, 0xFF,
    0xE6, 0xDF, 0xE1, 0xFF, 0xE8, 0xE0, 0xE3, 0xFF, 0xEA, 0xE3, 0xE5, 0xFF, 0xEB, 0xE5, 0xE7, 0xFF,
    0xED, 0xE6, 0xE9, 0xFF, 0xEF, 0xE8, 0xEA, 0xFF, 0xF0, 0xEA, 0xEC, 0xFF, 0xF1, 0xEB, 0xED, 0xFF,
    0xF2, 0xED, 0xEE, 0xFF, 0xF2, 0xED, 0xEF, 0xFE, 0xF2, 0xEE, 0xEF, 0xFB, 0xF6, 0xF3, 0xF4, 0xFF,
    0xFE, 0xFC, 0xFD, 0xFF, 0xF2, 0xF2, 0xF2, 0x8E, 0x00, 0x00, 0x00, 0x00, 0xFF, 0xFF, 0xFF, 0x01,
    0xFF, 0xFF, 0xFF, 0x01, 0x00, 0x00, 0x00, 0x00, 0x00, 0x00, 0x00, 0x00, 0x00, 0x00, 0x00, 0x00,
    0x00, 0x00, 0x00, 0x00, 0x00, 0x00, 0x00, 0x00, 0x00, 0x00, 0x00, 0x00, 0x00, 0x00, 0x00, 0x00,
    0x00, 0x00, 0x00, 0x00, 0x00, 0x00, 0x00, 0x00, 0xFF, 0xFF, 0xFF, 0x01, 0x00, 0x00, 0x00, 0x00,
    0x66, 0x99, 0xD6, 0x19, 0x31, 0x82, 0xDD, 0xEE, 0x25, 0x80, 0xE6, 0xFF, 0x24, 0x83, 0xE0, 0xFE,
    0x2F, 0xA4, 0xD8, 0xFF, 0x2C, 0xA6, 0xDC, 0xFF, 0x2C, 0xA9, 0xE0, 0xFF, 0x2C, 0xAC, 0xE4, 0xFF,
    0x2E, 0xAF, 0xE8, 0xFF, 0x2C, 0xB1, 0xEA, 0xFF, 0x35, 0xB0, 0xE5, 0xFF, 0xBA, 0xC1, 0xC7, 0xFF,
    0xCE, 0xC7, 0xC8, 0xFF, 0xCF, 0xCA, 0xCC, 0xFF, 0xD3, 0xCD, 0xD0, 0xFF, 0xD6, 0xD0, 0xD3, 0xFF,
    0xD8, 0xD3, 0xD5, 0xFF, 0xDA, 0xD4, 0xD7, 0xFF, 0xDC, 0xD6, 0xD8, 0xFF, 0xDD, 0xD7, 0xDA, 0xFF,
    0xDE, 0xD8, 0xDA, 0xFF, 0xDE, 0xD8, 0xDA, 0xFF, 0xDE, 0xD8, 0xDA, 0xFF, 0xDC, 0xD8, 0xDA, 0xFF,
    0xDC, 0xD8, 0xD9, 0xFF, 0xCF, 0xCD, 0xCE, 0xFF, 0xC8, 0xC6, 0xC7, 0xFF, 0xCF, 0xCB, 0xCC, 0xFF,
    0xD4, 0xCE, 0xD0, 0xFF, 0xD7, 0xD0, 0xD3, 0xFF, 0xDB, 0xD3, 0xD5, 0xFF, 0xDE, 0xD5, 0xD8, 0xFF,
    0xE0, 0xD7, 0xDB, 0xFF, 0xE2, 0xDA, 0xDD, 0xFF, 0xE5, 0xDC, 0xDF, 0xFF, 0xE7, 0xDE, 0xE1, 0xFF,
    0xE9, 0xDF, 0xE2, 0xFF, 0xEA, 0xE1, 0xE5, 0xFF, 0xEC, 0xE3, 0xE6, 0xFF, 0xEE, 0xE5, 0xE8, 0xFF,
    0xF0, 0xE7, 0xE9, 0xFF, 0xF1, 0xE8, 0xEB, 0xFF, 0xF2, 0xEA, 0xEC, 0xFF, 0xF3, 0xEC, 0xEE, 0xFF,
    0xF4, 0xED, 0xF0, 0xFF, 0xF5, 0xEF, 0xF1, 0xFF, 0xF6, 0xF0, 0xF2, 0xFF, 0xF3, 0xEF, 0xF1, 0xFE,
    0xF5, 0xF2, 0xF3, 0xFB, 0xFF, 0xFF, 0xFF, 0xFF, 0xF2, 0xF0, 0xF0, 0xA2, 0x00, 0x00, 0x00, 0x00,
    0xAA, 0xAA, 0xAA, 0x03, 0xFF, 0xFF, 0xFF, 0x01, 0x00, 0x00, 0x00, 0x00, 0x00, 0x00, 0x00, 0x00,
    0x00, 0x00, 0x00, 0x00, 0x00, 0x00, 0x00, 0x00, 0x00, 0x00, 0x00, 0x00, 0x00, 0x00, 0x00, 0x00,
    0x00, 0x00, 0x00, 0x00, 0x00, 0x00, 0x00, 0x00, 0x3F, 0x7F, 0xBF, 0x04, 0x00, 0x00, 0x00, 0x00,
    0x42, 0x88, 0xDA, 0x63, 0x2C, 0x88, 0xEB, 0xFF, 0x28, 0x7D, 0xDE, 0xFC, 0x26, 0x7F, 0xE2, 0xFF,
    0x2E, 0x9F, 0xD9, 0xFF, 0x2E, 0xA6, 0xDA, 0xFF, 0x2D, 0xA8, 0xDF, 0xFF, 0x2E, 0xAB, 0xE2, 0xFF,
    0x30, 0xAD, 0xE5, 0xFF, 0x25, 0xAD, 0xE8, 0xFF, 0x58, 0xB2, 0xDA, 0xFF, 0xCE, 0xC4, 0xC4, 0xFF,
    0xCB, 0xC7, 0xC9, 0xFF, 0xD0, 0xCB, 0xCD, 0xFF, 0xD3, 0xCE, 0xD0, 0xFF, 0xD5, 0xD1, 0xD3, 0xFF,
    0xD8, 0xD3, 0xD5, 0xFF, 0xD9, 0xD4, 0xD6, 0xFF, 0xDB, 0xD5, 0xD8, 0xFF, 0xDB, 0xD6, 0xD8, 0xFF,
    0xDB, 0xD6, 0xD9, 0xFF, 0xDA, 0xD5, 0xD8, 0xFF, 0xD9, 0xD5, 0xD7, 0xFF, 0xD9, 0xD5, 0xD6, 0xFF,
    0xCF, 0xCD, 0xCE, 0xFF, 0xC8, 0xC6, 0xC7, 0xFF, 0xCF, 0xCA, 0xCC, 0xFF, 0xD4, 0xCC, 0xCF, 0xFF,
    0xD7, 0xCF, 0xD2, 0xFF, 0xDB, 0xD2, 0xD5, 0xFF, 0xDE, 0xD4, 0xD7, 0xFF, 0xE0, 0xD6, 0xD9, 0xFF,
    0xE3, 0xD8, 0xDC, 0xFF, 0xE5, 0xDA, 0xDE, 0xFF, 0xE7, 0xDC, 0xE0, 0xFF, 0xE9, 0xDE, 0xE1, 0xFF,
    0xEB, 0xE0, 0xE4, 0xFF, 0xEC, 0xE2, 0xE5, 0xFF, 0xEE, 0xE3, 0xE7, 0xFF, 0xF0, 0xE5, 0xE8, 0xFF,
    0xF1, 0xE7, 0xEA, 0xFF, 0xF2, 0xE9, 0xEC, 0xFF, 0xF4, 0xEA, 0xED, 0xFF, 0xF5, 0xEC, 0xEF, 0xFF,
    0xF6, 0xEE, 0xF0, 0xFF, 0xF7, 0xEF, 0xF2, 0xFF, 0xF7, 0xF1, 0xF3, 0xFF, 0xF8, 0xF2, 0xF4, 0xFF,
    0xF7, 0xF2, 0xF4, 0xFF, 0xF7, 0xF3, 0xF4, 0xFA, 0xFF, 0xFF, 0xFF, 0xFF, 0xF0, 0xEE, 0xF0, 0x8E,
    0x00, 0x00, 0x00, 0x00, 0xFF, 0xFF, 0xFF, 0x03, 0x00, 0x00, 0x00, 0x00, 0x00, 0x00, 0x00, 0x00,
    0x00, 0x00, 0x00, 0x00, 0x00, 0x00, 0x00, 0x00, 0x00, 0x00, 0x00, 0x00, 0x00, 0x00, 0x00, 0x00,
    0x00, 0x00, 0x00, 0x00, 0x00, 0x00, 0x00, 0x00, 0x3F, 0x7F, 0xBF, 0x04, 0x00, 0x00, 0x00, 0x00,
    0x40, 0x86, 0xDB, 0x72, 0x2E, 0x88, 0xEC, 0xFD, 0x2D, 0x80, 0xE0, 0xFB, 0x2C, 0x7B, 0xE4, 0xFF,
    0x2E, 0x95, 0xDD, 0xFF, 0x31, 0xA6, 0xD8, 0xFF, 0x2F, 0xA6, 0xDD, 0xFF, 0x2F, 0xA9, 0xE0, 0xFF,
    0x32, 0xAC, 0xE3, 0xFF, 0x24, 0xAA, 0xE5, 0xFF, 0x7B, 0xB6, 0xD1, 0xFF, 0xD3, 0xC6, 0xC4, 0xFF,
    0xCB, 0xC8, 0xCA, 0xFF, 0xD0, 0xCB, 0xCD, 0xFF, 0xD3, 0xCE, 0xD0, 0xFF, 0xD5, 0xD1, 0xD3, 0xFF,
    0xD7, 0xD2, 0xD4, 0xFF, 0xD8, 0xD4, 0xD5, 0xFF, 0xD9, 0xD4, 0xD6, 0xFF, 0xD9, 0xD4, 0xD6, 0xFF,
    0xD8, 0xD4, 0xD6, 0xFF, 0xD7, 0xD2, 0xD5, 0xFF, 0xD6, 0xD2, 0xD4, 0xFF, 0xCF, 0xCD, 0xCE, 0xFF,
    0xC8, 0xC6, 0xC7, 0xFF, 0xCE, 0xC8, 0xCA, 0xFF, 0xD3, 0xCB, 0xCD, 0xFF, 0xD7, 0xCE, 0xD0, 0xFF,
    0xDB, 0xD0, 0xD3, 0xFF, 0xDE, 0xD3, 0xD6, 0xFF, 0xE0, 0xD5, 0xD8, 0xFF, 0xE3, 0xD7, 0xDA, 0xFF,
    0xE5, 0xD9, 0xDD, 0xFF, 0xE7, 0xDB, 0xDF, 0xFF, 0xE9, 0xDD, 0xE0, 0xFF, 0xEB, 0xDE, 0xE2, 0xFF,
    0xED, 0xE0, 0xE4, 0xFF, 0xEF, 0xE2, 0xE6, 0xFF, 0xF0, 0xE4, 0xE7, 0xFF, 0xF2, 0xE5, 0xE9, 0xFF,
    0xF3, 0xE7, 0xEB, 0xFF, 0xF5, 0xE9, 0xEC, 0xFF, 0xF6, 0xEA, 0xEE, 0xFF, 0xF7, 0xEC, 0xF0, 0xFF,
    0xF8, 0xEE, 0xF1, 0xFF, 0xF9, 0xEF, 0xF2, 0xFF, 0xF9, 0xF1, 0xF4, 0xFF, 0xFA, 0xF2, 0xF4, 0xFF,
    0xFA, 0xF3, 0xF6, 0xFF, 0xF9, 0xF4, 0xF5, 0xFF, 0xF9, 0xF5, 0xF6, 0xFB, 0xFF, 0xFF, 0xFF, 0xFF,
    0xF3, 0xF1, 0xF1, 0x5C, 0x00, 0x00, 0x00, 0x00, 0xFF, 0xFF, 0xFF, 0x03, 0x00, 0x00, 0x00, 0x00,
    0x00, 0x00, 0x00, 0x00, 0x00, 0x00, 0x00, 0x00, 0x00, 0x00, 0x00, 0x00, 0x00, 0x00, 0x00, 0x00,
    0x00, 0x00, 0x00, 0x00, 0x00, 0x00, 0x00, 0x00, 0x7F, 0x7F, 0xFF, 0x02, 0x00, 0x00, 0x00, 0x00,
    0x5A, 0x8C, 0xDC, 0x33, 0x36, 0x83, 0xE2, 0xFF, 0x30, 0x7F, 0xE1, 0xFC, 0x33, 0x7B, 0xE2, 0xFC,
    0x31, 0x84, 0xE2, 0xFF, 0x35, 0xA4, 0xD7, 0xFF, 0x31, 0xA5, 0xDB, 0xFF, 0x31, 0xA8, 0xDE, 0xFF,
    0x34, 0xAA, 0xE0, 0xFF, 0x29, 0xA8, 0xE1, 0xFF, 0x91, 0xB8, 0xCD, 0xFF, 0xD4, 0xC6, 0xC4, 0xFF,
    0xCB, 0xC8, 0xCA, 0xFF, 0xD0, 0xCC, 0xCD, 0xFF, 0xD3, 0xCE, 0xD0, 0xFF, 0xD5, 0xD1, 0xD2, 0xFF,
    0xD6, 0xD2, 0xD4, 0xFF, 0xD7, 0xD2, 0xD4, 0xFF, 0xD7, 0xD2, 0xD4, 0xFF, 0xD7, 0xD3, 0xD4, 0xFF,
    0xD5, 0xD1, 0xD3, 0xFF, 0xD4, 0xD0, 0xD1, 0xFF, 0xD0, 0xCD, 0xCF, 0xFF, 0xC9, 0xC6, 0xC8, 0xFF,
    0xCD, 0xC7, 0xC9, 0xFF, 0xD2, 0xCA, 0xCC, 0xFF, 0xD6, 0xCC, 0xCF, 0xFF, 0xDA, 0xCE, 0xD2, 0xFF,
    0xDD, 0xD1, 0xD5, 0xFF, 0xE0, 0xD4, 0xD7, 0xFF, 0xE2, 0xD5, 0xD9, 0xFF, 0xE5, 0xD7, 0xDB, 0xFF,
    0xE7, 0xD9, 0xDD, 0xFF, 0xE9, 0xDB, 0xDF, 0xFF, 0xEB, 0xDD, 0xE1, 0xFF, 0xED, 0xDE, 0xE3, 0xFF,
    0xEF, 0xE0, 0xE4, 0xFF, 0xF1, 0xE2, 0xE6, 0xFF, 0xF2, 0xE4, 0xE8, 0xFF, 0xF4, 0xE5, 0xEA, 0xFF,
    0xF5, 0xE7, 0xEB, 0xFF, 0xF6, 0xE9, 0xEC, 0xFF, 0xF7, 0xEA, 0xEE, 0xFF, 0xF8, 0xEC, 0xF0, 0xFF,
    0xF9, 0xEE, 0xF1, 0xFF, 0xFA, 0xF0, 0xF3, 0xFF, 0xFB, 0xF1, 0xF4, 0xFF, 0xFB, 0xF2, 0xF5, 0xFF,
    0xFB, 0xF4, 0xF6, 0xFF, 0xFB, 0xF5, 0xF7, 0xFF, 0xF9, 0xF4, 0xF5, 0xFE, 0xFC, 0xFA, 0xFB, 0xFD,
    0xF6, 0xF5, 0xF5, 0xEF, 0xF5, 0xF5, 0xF5, 0x1B, 0xFF, 0xFF, 0xFF, 0x01, 0xFF, 0xFF, 0xFF, 0x02,
    0x00, 0x00, 0x00, 0x00, 0x00, 0x00, 0x00, 0x00, 0x00, 0x00, 0x00, 0x00, 0x00, 0x00, 0x00, 0x00,
    0x00, 0x00, 0x00, 0x00, 0x00, 0x00, 0x00, 0x00, 0x00, 0x00, 0x00, 0x00, 0x00, 0x7F, 0xFF, 0x02,
    0x01, 0x00, 0x00, 0x00, 0x48, 0x82, 0xD8, 0x93, 0x42, 0x88, 0xEF, 0xFF, 0x3D, 0x80, 0xE7, 0xFF,
    0x34, 0x78, 0xE4, 0xFE, 0x37, 0x95, 0xDC, 0xFF, 0x39, 0xA7, 0xD7, 0xFF, 0x36, 0xA6, 0xDC, 0xFF,
    0x31, 0xA6, 0xDE, 0xFF, 0x1E, 0xA2, 0xDE, 0xFF, 0x95, 0xB8, 0xCB, 0xFF, 0xD4, 0xC6, 0xC4, 0xFF,
    0xCC, 0xC9, 0xCA, 0xFF, 0xD0, 0xCC, 0xCD, 0xFF, 0xD2, 0xCE, 0xCF, 0xFF, 0xD2, 0xCF, 0xD0, 0xFF,
    0xD4, 0xD0, 0xD2, 0xFF, 0xD5, 0xD1, 0xD3, 0xFF, 0xD5, 0xD2, 0xD3, 0xFF, 0xD4, 0xD0, 0xD2, 0xFF,
    0xD2, 0xCF, 0xD0, 0xFF, 0xD0, 0xCD, 0xCE, 0xFF, 0xCA, 0xC8, 0xCA, 0xFF, 0xCB, 0xC6, 0xC8, 0xFF,
    0xD1, 0xC9, 0xCB, 0xFF, 0xD5, 0xCB, 0xCE, 0xFF, 0xD9, 0xCD, 0xD1, 0xFF, 0xDD, 0xD0, 0xD3, 0xFF,
    0xE0, 0xD1, 0xD5, 0xFF, 0xE2, 0xD4, 0xD8, 0xFF, 0xE5, 0xD6, 0xDA, 0xFF, 0xE7, 0xD7, 0xDC, 0xFF,
    0xE9, 0xD9, 0xDE, 0xFF, 0xEB, 0xDB, 0xE0, 0xFF, 0xED, 0xDD, 0xE1, 0xFF, 0xEF, 0xDF, 0xE3, 0xFF,
    0xF1, 0xE0, 0xE5, 0xFF, 0xF2, 0xE2, 0xE7, 0xFF, 0xF4, 0xE4, 0xE8, 0xFF, 0xF5, 0xE5, 0xEA, 0xFF,
    0xF6, 0xE7, 0xEB, 0xFF, 0xF7, 0xE9, 0xED, 0xFF, 0xF9, 0xEA, 0xEE, 0xFF, 0xFA, 0xEC, 0xF0, 0xFF,
    0xFB, 0xED, 0xF1, 0xFF, 0xFB, 0xEF, 0xF3, 0xFF, 0xFC, 0xF1, 0xF4, 0xFF, 0xFD, 0xF2, 0xF5, 0xFF,
    0xFD, 0xF4, 0xF6, 0xFF, 0xFD, 0xF5, 0xF7, 0xFF, 0xFD, 0xF6, 0xF8, 0xFF, 0xF9, 0xF4, 0xF6, 0xFC,
    0xFF, 0xFF, 0xFF, 0xFF, 0xF3, 0xF2, 0xF2, 0x9E, 0x00, 0x00, 0x00, 0x00, 0xAA, 0xAA, 0xAA, 0x03,
    0x00, 0x00, 0x00, 0x00, 0x00, 0x00, 0x00, 0x00, 0x00, 0x00, 0x00, 0x00, 0x00, 0x00, 0x00, 0x00,
    0x00, 0x00, 0x00, 0x00, 0x00, 0x00, 0x00, 0x00, 0x00, 0x00, 0x00, 0x00, 0x00, 0x00, 0xFF, 0x01,
    0x00, 0xFF, 0xFF, 0x01, 0x02, 0x01, 0x00, 0x00, 0x5C, 0x85, 0xDA, 0x69, 0x51, 0x81, 0xE0, 0xD1,
    0x3F, 0x7C, 0xE3, 0xFF, 0x32, 0x7F, 0xE1, 0xFE, 0x33, 0x9C, 0xD8, 0xFF, 0x32, 0xA2, 0xD9, 0xFF,
    0x4B, 0xAB, 0xD9, 0xFF, 0x77, 0xB9, 0xD8, 0xFF, 0xC1, 0xCC, 0xD4, 0xFF, 0xDA, 0xD6, 0xD6, 0xFF,
    0xDA, 0xD9, 0xDB, 0xFF, 0xDD, 0xDB, 0xDD, 0xFF, 0xDE, 0xDC, 0xDD, 0xFF, 0xDC, 0xDA, 0xDB, 0xFF,
    0xD9, 0xD6, 0xD8, 0xFF, 0xD4, 0xD2, 0xD3, 0xFF, 0xD2, 0xCF, 0xD0, 0xFF, 0xD0, 0xCD, 0xCF, 0xFF,
    0xCF, 0xCC, 0xCD, 0xFF, 0xCB, 0xCA, 0xCB, 0xFF, 0xCB, 0xC7, 0xC9, 0xFF, 0xD0, 0xC8, 0xCB, 0xFF,
    0xD4, 0xCA, 0xCD, 0xFF, 0xD8, 0xCC, 0xCF, 0xFF, 0xDC, 0xCE, 0xD2, 0xFF, 0xDF, 0xD0, 0xD4, 0xFF,
    0xE2, 0xD2, 0xD6, 0xFF, 0xE5, 0xD4, 0xD9, 0xFF, 0xE7, 0xD6, 0xDA, 0xFF, 0xE9, 0xD8, 0xDD, 0xFF,
    0xEB, 0xD9, 0xDF, 0xFF, 0xED, 0xDB, 0xE0, 0xFF, 0xEF, 0xDD, 0xE2, 0xFF, 0xF1, 0xDF, 0xE3, 0xFF,
    0xF2, 0xE0, 0xE5, 0xFF, 0xF4, 0xE2, 0xE7, 0xFF, 0xF6, 0xE3, 0xE8, 0xFF, 0xF7, 0xE5, 0xEA, 0xFF,
    0xF8, 0xE7, 0xEB, 0xFF, 0xF9, 0xE8, 0xED, 0xFF, 0xFA, 0xEA, 0xEE, 0xFF, 0xFB, 0xEC, 0xF0, 0xFF,
    0xFC, 0xED, 0xF1, 0xFF, 0xFC, 0xEF, 0xF3, 0xFF, 0xFD, 0xF0, 0xF4, 0xFF, 0xFE, 0xF2, 0xF5, 0xFF,
    0xFE, 0xF4, 0xF7, 0xFF, 0xFE, 0xF5, 0xF7, 0xFF, 0xFE, 0xF6, 0xF8, 0xFF, 0xFD, 0xF6, 0xF8, 0xFE,
    0xFC, 0xF8, 0xF9, 0xFD, 0xF8, 0xF6, 0xF6, 0xFA, 0xF2, 0xF2, 0xF2, 0x28, 0x00, 0x00, 0x00, 0x00,
    0xFF, 0xFF, 0xFF, 0x02, 0x00, 0x00, 0x00, 0x00, 0x00, 0x00, 0x00, 0x00, 0x00, 0x00, 0x00, 0x00,
    0x00, 0x00, 0x00, 0x00, 0x00, 0x00, 0x00, 0x00, 0x00, 0x00, 0x00, 0x00, 0x00, 0x00, 0x00, 0x00,
    0x00, 0x00, 0x00, 0x00, 0x00, 0x00, 0x00, 0x00, 0x00, 0x00, 0x00, 0x00, 0xFF, 0xFF, 0xFF, 0x03,
    0x44, 0x82, 0xDB, 0xA0, 0x1C, 0x7B, 0xEB, 0xFF, 0x47, 0x92, 0xDB, 0xFC, 0xA4, 0xC2, 0xD1, 0xFF,
    0xD1, 0xD1, 0xD3, 0xFF, 0xE2, 0xD9, 0xD6, 0xFF, 0xE0, 0xDB, 0xDB, 0xFF, 0xDF, 0xDD, 0xDF, 0xFF,
    0xE2, 0xDF, 0xE1, 0xFF, 0xE5, 0xE2, 0xE3, 0xFF, 0xE6, 0xE4, 0xE5, 0xFF, 0xE7, 0xE5, 0xE6, 0xFF,
    0xE6, 0xE4, 0xE5, 0xFF, 0xE3, 0xE1, 0xE2, 0xFF, 0xDB, 0xDA, 0xDB, 0xFF, 0xD5, 0xD3, 0xD4, 0xFF,
    0xD0, 0xCE, 0xD0, 0xFF, 0xCE, 0xCB, 0xCC, 0xFF, 0xD0, 0xCA, 0xCC, 0xFF, 0xD4, 0xCA, 0xCD, 0xFF,
    0xD8, 0xCB, 0xCF, 0xFF, 0xDC, 0xCD, 0xD1, 0xFF, 0xDF, 0xCE, 0xD3, 0xFF, 0xE1, 0xD1, 0xD5, 0xFF,
    0xE4, 0xD3, 0xD8, 0xFF, 0xE7, 0xD4, 0xD9, 0xFF, 0xE9, 0xD6, 0xDB, 0xFF, 0xEB, 0xD8, 0xDD, 0xFF,
    0xED, 0xDA, 0xDF, 0xFF, 0xEF, 0xDB, 0xE0, 0xFF, 0xF1, 0xDD, 0xE2, 0xFF, 0xF3, 0xDE, 0xE4, 0xFF,
    0xF4, 0xE0, 0xE6, 0xFF, 0xF6, 0xE2, 0xE7, 0xFF, 0xF7, 0xE3, 0xE9, 0xFF, 0xF8, 0xE5, 0xEA, 0xFF,
    0xF9, 0xE6, 0xEB, 0xFF, 0xFA, 0xE8, 0xED, 0xFF, 0xFB, 0xEA, 0xEE, 0xFF, 0xFC, 0xEB, 0xF0, 0xFF,
    0xFD, 0xED, 0xF1, 0xFF, 0xFE, 0xEE, 0xF3, 0xFF, 0xFF, 0xF0, 0xF4, 0xFF, 0xFF, 0xF1, 0xF5, 0xFF,
    0xFF, 0xF3, 0xF7, 0xFF, 0xFF, 0xF4, 0xF7, 0xFF, 0xFF, 0xF6, 0xF8, 0xFF, 0xFF, 0xF6, 0xF8, 0xFF,
    0xFC, 0xF5, 0xF8, 0xFB, 0xFF, 0xFF, 0xFF, 0xFF, 0xF5, 0xF4, 0xF4, 0x8D, 0x00, 0x00, 0x00, 0x00,
    0xFF, 0xFF, 0xFF, 0x03, 0x00, 0x00, 0x00, 0x00, 0x00, 0x00, 0x00, 0x00, 0x00, 0x00, 0x00, 0x00,
    0x00, 0x00, 0x00, 0x00, 0x00, 0x00, 0x00, 0x00, 0x00, 0x00, 0x00, 0x00, 0x00, 0x00, 0x00, 0x00,
    0x00, 0x00, 0x00, 0x00, 0x00, 0x00, 0x00, 0x00, 0x5F, 0x7F, 0xBF, 0x08, 0x00, 0x00, 0x00, 0x00,
    0x30, 0x7C, 0xDB, 0x64, 0x7D, 0xAD, 0xE2, 0xFF, 0xD2, 0xCD, 0xCD, 0xFB, 0xDC, 0xD3, 0xD1, 0xFF,
    0xD8, 0xD5, 0xD6, 0xFF, 0xDA, 0xD8, 0xDA, 0xFF, 0xDF, 0xDB, 0xDD, 0xFF, 0xE3, 0xDE, 0xE0, 0xFF,
    0xE5, 0xE1, 0xE3, 0xFF, 0xE9, 0xE4, 0xE5, 0xFF, 0xEA, 0xE5, 0xE7, 0xFF, 0xEB, 0xE6, 0xE8, 0xFF,
    0xEB, 0xE7, 0xE8, 0xFF, 0xEA, 0xE7, 0xE8, 0xFF, 0xE7, 0xE4, 0xE5, 0xFF, 0xE2, 0xDF, 0xE0, 0xFF,
    0xDB, 0xD8, 0xD9, 0xFF, 0xD7, 0xD1, 0xD3, 0xFF, 0xD6, 0xCD, 0xD0, 0xFF, 0xD8, 0xCC, 0xCF, 0xFF,
    0xDB, 0xCC, 0xD0, 0xFF, 0xDE, 0xCD, 0xD2, 0xFF, 0xE1, 0xCF, 0xD4, 0xFF, 0xE4, 0xD1, 0xD6, 0xFF,
    0xE7, 0xD3, 0xD8, 0xFF, 0xE9, 0xD4, 0xDA, 0xFF, 0xEB, 0xD6, 0xDC, 0xFF, 0xED, 0xD8, 0xDE, 0xFF,
    0xEF, 0xD9, 0xDF, 0xFF, 0xF1, 0xDB, 0xE1, 0xFF, 0xF3, 0xDD, 0xE3, 0xFF, 0xF4, 0xDE, 0xE4, 0xFF,
    0xF5, 0xE0, 0xE5, 0xFF, 0xF7, 0xE2, 0xE7, 0xFF, 0xF8, 0xE3, 0xE9, 0xFF, 0xF9, 0xE5, 0xEA, 0xFF,
    0xFB, 0xE6, 0xEC, 0xFF, 0xFC, 0xE7, 0xED, 0xFF, 0xFC, 0xE9, 0xEE, 0xFF, 0xFD, 0xEB, 0xF0, 0xFF,
    0xFF, 0xEC, 0xF1, 0xFF, 0xFF, 0xEE, 0xF3, 0xFF, 0xFF, 0xF0, 0xF4, 0xFF, 0xFF, 0xF1, 0xF5, 0xFF,
    0xFF, 0xF3, 0xF6, 0xFF, 0xFF, 0xF4, 0xF7, 0xFF, 0xFF, 0xF5, 0xF8, 0xFF, 0xFF, 0xF6, 0xF8, 0xFF,
    0xFF, 0xF6, 0xF8, 0xFD, 0xFF, 0xFC, 0xFD, 0xFF, 0xF5, 0xF2, 0xF2, 0xE1, 0xFF, 0xE2, 0xE2, 0x09,
    0x00, 0x00, 0x00, 0x00, 0xFF, 0xFF, 0xFF, 0x01, 0x00, 0x00, 0x00, 0x00, 0x00, 0x00, 0x00, 0x00,
    0x00, 0x00, 0x00, 0x00, 0x00, 0x00, 0x00, 0x00, 0x00, 0x00, 0x00, 0x00, 0x00, 0x00, 0x00, 0x00,
    0x00, 0x00, 0x00, 0x00, 0xFF, 0xFF, 0xFF, 0x01, 0x7F, 0x7F, 0x7F, 0x02, 0xFF, 0xFF, 0xFF, 0x05,
    0xC4, 0xC7, 0xCC, 0xB7, 0xDC, 0xD5, 0xD2, 0xFF, 0xD3, 0xCE, 0xCF, 0xFD, 0xD4, 0xD2, 0xD4, 0xFF,
    0xDB, 0xD6, 0xD8, 0xFF, 0xDF, 0xD9, 0xDC, 0xFF, 0xE3, 0xDD, 0xDF, 0xFF, 0xE6, 0xE0, 0xE1, 0xFF,
    0xE9, 0xE2, 0xE5, 0xFF, 0xEB, 0xE5, 0xE7, 0xFF, 0xEE, 0xE7, 0xE9, 0xFF, 0xEF, 0xE9, 0xEB, 0xFF,
    0xF0, 0xEA, 0xEC, 0xFF, 0xEF, 0xEA, 0xEB, 0xFF, 0xED, 0xE8, 0xE9, 0xFF, 0xE9, 0xE4, 0xE6, 0xFF,
    0xE5, 0xDE, 0xE1, 0xFF, 0xDF, 0xD7, 0xDA, 0xFF, 0xDC, 0xD1, 0xD4, 0xFF, 0xDC, 0xCD, 0xD2, 0xFF,
    0xDE, 0xCD, 0xD2, 0xFF, 0xE1, 0xCD, 0xD3, 0xFF, 0xE3, 0xCF, 0xD5, 0xFF, 0xE6, 0xD1, 0xD7, 0xFF,
    0xE9, 0xD3, 0xD8, 0xFF, 0xEB, 0xD4, 0xDA, 0xFF, 0xED, 0xD6, 0xDC, 0xFF, 0xEE, 0xD7, 0xDD, 0xFF,
    0xF1, 0xD9, 0xE0, 0xFF, 0xF3, 0xDB, 0xE1, 0xFF, 0xF3, 0xDC, 0xE2, 0xFF, 0xF6, 0xDE, 0xE4, 0xFF,
    0xF7, 0xDF, 0xE6, 0xFF, 0xF9, 0xE1, 0xE7, 0xFF, 0xFA, 0xE2, 0xE9, 0xFF, 0xFB, 0xE4, 0xEA, 0xFF,
    0xFC, 0xE6, 0xEC, 0xFF, 0xFD, 0xE8, 0xEE, 0xFF, 0xFE, 0xE9, 0xEE, 0xFF, 0xFF, 0xEA, 0xEF, 0xFF,
    0xFF, 0xEC, 0xF1, 0xFF, 0xFF, 0xED, 0xF3, 0xFF, 0xFF, 0xEF, 0xF4, 0xFF, 0xFF, 0xF1, 0xF5, 0xFF,
    0xFF, 0xF2, 0xF6, 0xFF, 0xFF, 0xF4, 0xF7, 0xFF, 0xFF, 0xF4, 0xF8, 0xFF, 0xFF, 0xF6, 0xF8, 0xFF,
    0xFF, 0xF6, 0xF8, 0xFF, 0xFD, 0xF5, 0xF7, 0xFE, 0xFC, 0xF9, 0xF9, 0xFF, 0xF6, 0xF6, 0xF6, 0x39,
    0x00, 0x00, 0x00, 0x00, 0xAA, 0xAA, 0xAA, 0x03, 0x00, 0x00, 0x00, 0x00, 0x00, 0x00, 0x00, 0x00,
    0x00, 0x00, 0x00, 0x00, 0x00, 0x00, 0x00, 0x00, 0x00, 0x00, 0x00, 0x00, 0x00, 0x00, 0x00, 0x00,
    0x00, 0x00, 0x00, 0x01, 0xAA, 0xAA, 0xAA, 0x03, 0x00, 0x00, 0x00, 0x00, 0xC9, 0xC8, 0xC8, 0xA8,
    0xDA, 0xD7, 0xD7, 0xFF, 0xCE, 0xCA, 0xCC, 0xFD, 0xD5, 0xD0, 0xD2, 0xFF, 0xDA, 0xD4, 0xD6, 0xFF,
    0xDE, 0xD7, 0xDA, 0xFF, 0xE2, 0xDB, 0xDD, 0xFF, 0xE5, 0xDD, 0xE0, 0xFF, 0xE9, 0xE0, 0xE3, 0xFF,
    0xEC, 0xE3, 0xE6, 0xFF, 0xEE, 0xE6, 0xE8, 0xFF, 0xF1, 0xE8, 0xEB, 0xFF, 0xF3, 0xEA, 0xED, 0xFF,
    0xF3, 0xEB, 0xEE, 0xFF, 0xF4, 0xEB, 0xEE, 0xFF, 0xF3, 0xEB, 0xED, 0xFF, 0xF0, 0xE8, 0xEB, 0xFF,
    0xEC, 0xE4, 0xE6, 0xFF, 0xE7, 0xDD, 0xE0, 0xFF, 0xE2, 0xD5, 0xD8, 0xFF, 0xE0, 0xD0, 0xD4, 0xFF,
    0xE1, 0xCE, 0xD3, 0xFF, 0xE3, 0xCF, 0xD4, 0xFF, 0xE6, 0xD0, 0xD5, 0xFF, 0xE8, 0xD1, 0xD7, 0xFF,
    0xEA, 0xD3, 0xD9, 0xFF, 0xEC, 0xD4, 0xDA, 0xFF, 0xEF, 0xD6, 0xDC, 0xFF, 0xF1, 0xD7, 0xDE, 0xFF,
    0xF3, 0xD9, 0xE0, 0xFF, 0xF3, 0xDB, 0xE1, 0xFF, 0xF6, 0xDD, 0xE3, 0xFF, 0xF8, 0xDE, 0xE5, 0xFF,
    0xFA, 0xDF, 0xE6, 0xFF, 0xFB, 0xE1, 0xE7, 0xFF, 0xFC, 0xE2, 0xE8, 0xFF, 0xFD, 0xE3, 0xEA, 0xFF,
    0xFD, 0xE4, 0xEB, 0xFF, 0xFF, 0xE7, 0xED, 0xFF, 0xFF, 0xE9, 0xEF, 0xFF, 0xFF, 0xE9, 0xEF, 0xFF,
    0xFF, 0xEC, 0xF1, 0xFF, 0xFF, 0xED, 0xF2, 0xFF, 0xFF, 0xEE, 0xF3, 0xFF, 0xFF, 0xF0, 0xF5, 0xFF,
    0xFF, 0xF2, 0xF6, 0xFF, 0xFF, 0xF3, 0xF7, 0xFF, 0xFF, 0xF4, 0xF8, 0xFF, 0xFF, 0xF5, 0xF8, 0xFF,
    0xFF, 0xF6, 0xF8, 0xFF, 0xFF, 0xF5, 0xF7, 0xFB, 0xFF, 0xFF, 0xFF, 0xFF, 0xF6, 0xF1, 0xF3, 0x73,
    0x00, 0x00, 0x00, 0x00, 0xFF, 0xFF, 0xFF, 0x04, 0x00, 0x00, 0x00, 0x00, 0x00, 0x00, 0x00, 0x00,
    0x00, 0x00, 0x00, 0x00, 0x00, 0x00, 0x00, 0x00, 0x00, 0x00, 0x00, 0x00, 0x00, 0x00, 0x00, 0x00,
    0xAA, 0xAA, 0xAA, 0x03, 0x00, 0x00, 0x00, 0x00, 0xCB, 0xC8, 0xC8, 0x76, 0xDA, 0xD6, 0xD7, 0xFF,
    0xCE, 0xC9, 0xCB, 0xFB, 0xD4, 0xCD, 0xD0, 0xFF, 0xD9, 0xD1, 0xD4, 0xFF, 0xDD, 0xD4, 0xD7, 0xFF,
    0xE1, 0xD8, 0xDB, 0xFF, 0xE5, 0xDB, 0xDE, 0xFF, 0xE9, 0xDE, 0xE1, 0xFF, 0xEC, 0xE1, 0xE5, 0xFF,
    0xEF, 0xE4, 0xE8, 0xFF, 0xF2, 0xE7, 0xEA, 0xFF, 0xF5, 0xE9, 0xEC, 0xFF, 0xF6, 0xEB, 0xEE, 0xFF,
    0xF7, 0xED, 0xF0, 0xFF, 0xF8, 0xED, 0xF1, 0xFF, 0xF6, 0xED, 0xF0, 0xFF, 0xF6, 0xEB, 0xEE, 0xFF,
    0xF3, 0xE8, 0xEB, 0xFF, 0xEE, 0xE1, 0xE5, 0xFF, 0xE8, 0xD8, 0xDD, 0xFF, 0xE5, 0xD2, 0xD7, 0xFF,
    0xE5, 0xCF, 0xD5, 0xFF, 0xE6, 0xCF, 0xD5, 0xFF, 0xE8, 0xD0, 0xD6, 0xFF, 0xEA, 0xD1, 0xD7, 0xFF,
    0xED, 0xD3, 0xD9, 0xFF, 0xEF, 0xD4, 0xDB, 0xFF, 0xF1, 0xD6, 0xDD, 0xFF, 0xF3, 0xD8, 0xDE, 0xFF,
    0xF4, 0xD9, 0xDF, 0xFF, 0xF6, 0xDA, 0xE1, 0xFF, 0xF9, 0xDC, 0xE3, 0xFF, 0xF9, 0xDE, 0xE5, 0xFF,
    0xFA, 0xDF, 0xE6, 0xFF, 0xFB, 0xE1, 0xE7, 0xFF, 0xFC, 0xE2, 0xE9, 0xFF, 0xFE, 0xE3, 0xEA, 0xFF,
    0xFF, 0xE4, 0xEB, 0xFF, 0xFF, 0xE6, 0xEC, 0xFF, 0xFF, 0xE8, 0xEE, 0xFF, 0xFF, 0xEA, 0xF0, 0xFF,
    0xFF, 0xEA, 0xF0, 0xFF, 0xFF, 0xED, 0xF2, 0xFF, 0xFF, 0xEE, 0xF3, 0xFF, 0xFF, 0xEF, 0xF4, 0xFF,
    0xFF, 0xF1, 0xF5, 0xFF, 0xFF, 0xF2, 0xF6, 0xFF, 0xFF, 0xF3, 0xF7, 0xFF, 0xFF, 0xF5, 0xF8, 0xFF,
    0xFF, 0xF5, 0xF8, 0xFF, 0xFF, 0xF5, 0xF7, 0xFB, 0xFF, 0xFF, 0xFF, 0xFF, 0xF6, 0xF3, 0xF3, 0x9C,
    0x00, 0x00, 0x00, 0x00, 0xFF, 0xFF, 0xFF, 0x03, 0x00, 0x00, 0x00, 0x00, 0x00, 0x00, 0x00, 0x00,
    0x00, 0x00, 0x00, 0x00, 0x00, 0x00, 0x00, 0x00, 0x00, 0x00, 0x00, 0x00, 0xFF, 0xFF, 0xFF, 0x02,
    0x00, 0x00, 0x00, 0x01, 0xD0, 0xD0, 0xD0, 0x26, 0xCC, 0xCA, 0xCA, 0xF8, 0xCF, 0xCA, 0xCB, 0xFD,
    0xD2, 0xCA, 0xCC, 0xFE, 0xD7, 0xCE, 0xD1, 0xFF, 0xDC, 0xD2, 0xD5, 0xFF, 0xE0, 0xD5, 0xD8, 0xFF,
    0xE4, 0xD8, 0xDC, 0xFF, 0xE8, 0xDB, 0xDF, 0xFF, 0xEB, 0xDE, 0xE2, 0xFF, 0xEF, 0xE1, 0xE5, 0xFF,
    0xF3, 0xE4, 0xE8, 0xFF, 0xF5, 0xE7, 0xEB, 0xFF, 0xF8, 0xE9, 0xED, 0xFF, 0xF9, 0xEB, 0xF0, 0xFF,
    0xFA, 0xED, 0xF1, 0xFF, 0xFB, 0xEE, 0xF2, 0xFF, 0xFB, 0xEE, 0xF2, 0xFF, 0xF9, 0xED, 0xF1, 0xFF,
    0xF8, 0xEB, 0xEE, 0xFF, 0xF5, 0xE5, 0xEA, 0xFF, 0xEF, 0xDD, 0xE2, 0xFF, 0xEA, 0xD4, 0xDA, 0xFF,
    0xE8, 0xD1, 0xD6, 0xFF, 0xE9, 0xCF, 0xD6, 0xFF, 0xEA, 0xD0, 0xD6, 0xFF, 0xEC, 0xD1, 0xD8, 0xFF,
    0xEF, 0xD2, 0xD9, 0xFF, 0xF1, 0xD4, 0xDB, 0xFF, 0xF3, 0xD6, 0xDD, 0xFF, 0xF5, 0xD7, 0xDE, 0xFF,
    0xF6, 0xD8, 0xDF, 0xFF, 0xF8, 0xDA, 0xE1, 0xFF, 0xFA, 0xDC, 0xE3, 0xFF, 0xFB, 0xDD, 0xE4, 0xFF,
    0xFB, 0xDF, 0xE5, 0xFF, 0xFC, 0xE0, 0xE7, 0xFF, 0xFE, 0xE2, 0xE9, 0xFF, 0xFF, 0xE3, 0xEA, 0xFF,
    0xFF, 0xE4, 0xEB, 0xFF, 0xFF, 0xE5, 0xEC, 0xFF, 0xFF, 0xE7, 0xEE, 0xFF, 0xFF, 0xE9, 0xF0, 0xFF,
    0xFF, 0xEA, 0xF0, 0xFF, 0xFF, 0xEC, 0xF2, 0xFF, 0xFF, 0xED, 0xF3, 0xFF, 0xFF, 0xEE, 0xF4, 0xFF,
    0xFF, 0xF0, 0xF5, 0xFF, 0xFF, 0xF1, 0xF6, 0xFF, 0xFF, 0xF2, 0xF7, 0xFF, 0xFF, 0xF4, 0xF7, 0xFF,
    0xFF, 0xF4, 0xF7, 0xFF, 0xFF, 0xF3, 0xF6, 0xFC, 0xFF, 0xFF, 0xFF, 0xFF, 0xF7, 0xF0, 0xF2, 0xB6,
    0x00, 0x00, 0x00, 0x00, 0xFF, 0xFF, 0xFF, 0x02, 0x00, 0x00, 0x00, 0x00, 0x00, 0x00, 0x00, 0x00,
    0x00, 0x00, 0x00, 0x00, 0x00, 0x00, 0x00, 0x00, 0x00, 0x00, 0x00, 0x00, 0xAA, 0xAA, 0xAA, 0x03,
    0x00, 0x00, 0x00, 0x00, 0xCB, 0xC8, 0xC8, 0x9F, 0xD8, 0xD3, 0xD4, 0xFF, 0xD0, 0xC8, 0xCA, 0xFB,
    0xD6, 0xCB, 0xCE, 0xFF, 0xDA, 0xCF, 0xD2, 0xFF, 0xDF, 0xD2, 0xD6, 0xFF, 0xE3, 0xD5, 0xD9, 0xFF,
    0xE7, 0xD8, 0xDD, 0xFF, 0xEA, 0xDC, 0xDF, 0xFF, 0xEE, 0xDE, 0xE3, 0xFF, 0xF2, 0xE1, 0xE6, 0xFF,
    0xF5, 0xE4, 0xE9, 0xFF, 0xF7, 0xE7, 0xEC, 0xFF, 0xFA, 0xEA, 0xEE, 0xFF, 0xFC, 0xEC, 0xF0, 0xFF,
    0xFD, 0xED, 0xF2, 0xFF, 0xFE, 0xEF, 0xF3, 0xFF, 0xFE, 0xEF, 0xF3, 0xFF, 0xFD, 0xEE, 0xF3, 0xFF,
    0xFC, 0xEC, 0xF1, 0xFF, 0xFA, 0xE8, 0xEC, 0xFF, 0xF5, 0xE0, 0xE5, 0xFF, 0xEF, 0xD7, 0xDD, 0xFF,
    0xEB, 0xD1, 0xD8, 0xFF, 0xEB, 0xD0, 0xD6, 0xFF, 0xEC, 0xD0, 0xD6, 0xFF, 0xEF, 0xD1, 0xD8, 0xFF,
    0xF0, 0xD2, 0xD9, 0xFF, 0xF3, 0xD4, 0xDB, 0xFF, 0xF5, 0xD5, 0xDD, 0xFF, 0xF6, 0xD7, 0xDF, 0xFF,
    0xF7, 0xD8, 0xDF, 0xFF, 0xFA, 0xDA, 0xE2, 0xFF, 0xFB, 0xDC, 0xE3, 0xFF, 0xFC, 0xDC, 0xE4, 0xFF,
    0xFD, 0xDE, 0xE5, 0xFF, 0xFE, 0xE0, 0xE7, 0xFF, 0xFF, 0xE1, 0xE8, 0xFF, 0xFF, 0xE3, 0xEA, 0xFF,
    0xFF, 0xE4, 0xEB, 0xFF, 0xFF, 0xE5, 0xEC, 0xFF, 0xFF, 0xE6, 0xED, 0xFF, 0xFF, 0xE8, 0xEF, 0xFF,
    0xFF, 0xE9, 0xF0, 0xFF, 0xFF, 0xEB, 0xF1, 0xFF, 0xFF, 0xEC, 0xF2, 0xFF, 0xFF, 0xEE, 0xF4, 0xFF,
    0xFF, 0xEF, 0xF5, 0xFF, 0xFF, 0xF1, 0xF5, 0xFF, 0xFF, 0xF2, 0xF6, 0xFF, 0xFF, 0xF3, 0xF7, 0xFF,
    0xFF, 0xF3, 0xF6, 0xFF, 0xFF, 0xF3, 0xF6, 0xFC, 0xFF, 0xFE, 0xFF, 0xFF, 0xF8, 0xF0, 0xF1, 0xC3,
    0x00, 0x00, 0x00, 0x00, 0xFF, 0xFF, 0xFF, 0x01, 0x00, 0x00, 0x00, 0x00, 0x00, 0x00, 0x00, 0x00,
    0x00, 0x00, 0x00, 0x00, 0x00, 0x00, 0x00, 0x00, 0xFF, 0xFF, 0xFF, 0x01, 0x00, 0x00, 0x00, 0x00,
    0xD4, 0xC9, 0xC9, 0x18, 0xCC, 0xC6, 0xC7, 0xF2, 0xD1, 0xC9, 0xCB, 0xFE, 0xD3, 0xC8, 0xCB, 0xFE,
    0xD9, 0xCC, 0xCF, 0xFF, 0xDD, 0xCF, 0xD3, 0xFF, 0xE1, 0xD2, 0xD6, 0xFF, 0xE6, 0xD5, 0xDA, 0xFF,
    0xEA, 0xD8, 0xDD, 0xFF, 0xED, 0xDB, 0xE0, 0xFF, 0xF1, 0xDE, 0xE3, 0xFF, 0xF4, 0xE1, 0xE6, 0xFF,
    0xF8, 0xE4, 0xE9, 0xFF, 0xFA, 0xE6, 0xEC, 0xFF, 0xFD, 0xE9, 0xEE, 0xFF, 0xFE, 0xEC, 0xF1, 0xFF,
    0xFF, 0xED, 0xF2, 0xFF, 0xFF, 0xEF, 0xF4, 0xFF, 0xFF, 0xF0, 0xF4, 0xFF, 0xFF, 0xEF, 0xF4, 0xFF,
    0xFF, 0xED, 0xF3, 0xFF, 0xFE, 0xE9, 0xEF, 0xFF, 0xFA, 0xE2, 0xE8, 0xFF, 0xF4, 0xD9, 0xE0, 0xFF,
    0xEF, 0xD2, 0xDA, 0xFF, 0xEE, 0xD0, 0xD7, 0xFF, 0xEF, 0xD0, 0xD7, 0xFF, 0xF1, 0xD1, 0xD8, 0xFF,
    0xF3, 0xD2, 0xD9, 0xFF, 0xF5, 0xD3, 0xDB, 0xFF, 0xF6, 0xD5, 0xDD, 0xFF, 0xF8, 0xD7, 0xDF, 0xFF,
    0xF9, 0xD7, 0xDF, 0xFF, 0xFB, 0xDA, 0xE2, 0xFF, 0xFD, 0xDB, 0xE3, 0xFF, 0xFD, 0xDC, 0xE4, 0xFF,
    0xFE, 0xDD, 0xE5, 0xFF, 0xFF, 0xDE, 0xE7, 0xFF, 0xFF, 0xE0, 0xE8, 0xFF, 0xFF, 0xE2, 0xEA, 0xFF,
    0xFF, 0xE4, 0xEB, 0xFF, 0xFF, 0xE4, 0xEB, 0xFF, 0xFF, 0xE6, 0xED, 0xFF, 0xFF, 0xE8, 0xEF, 0xFF,
    0xFF, 0xE8, 0xEF, 0xFF, 0xFF, 0xEA, 0xF1, 0xFF, 0xFF, 0xEC, 0xF2, 0xFF, 0xFF, 0xED, 0xF3, 0xFF,
    0xFF, 0xEE, 0xF4, 0xFF, 0xFF, 0xF0, 0xF5, 0xFF, 0xFF, 0xF1, 0xF5, 0xFF, 0xFF, 0xF2, 0xF6, 0xFF,
    0xFF, 0xF2, 0xF6, 0xFF, 0xFF, 0xF2, 0xF4, 0xFC, 0xFF, 0xFC, 0xFF, 0xFF, 0xF8, 0xEE, 0xF0, 0xC3,
    0x00, 0x00, 0x00, 0x00, 0xFF, 0xFF, 0xFF, 0x01, 0x00, 0x00, 0x00, 0x00, 0x00, 0x00, 0x00, 0x00,
    0x00, 0x00, 0x00, 0x00, 0x00, 0x00, 0x00, 0x00, 0xBF, 0xBF, 0xBF, 0x04, 0x00, 0x00, 0x00, 0x00,
    0xCF, 0xCA, 0xCA, 0x5C, 0xD8, 0xD0, 0xD1, 0xFF, 0xD1, 0xC6, 0xC8, 0xFC, 0xD7, 0xC9, 0xCC, 0xFF,
    0xDB, 0xCC, 0xD0, 0xFF, 0xE0, 0xCF, 0xD3, 0xFF, 0xE4, 0xD2, 0xD7, 0xFF, 0xE8, 0xD5, 0xDA, 0xFF,
    0xEC, 0xD8, 0xDD, 0xFF, 0xEF, 0xDB, 0xE0, 0xFF, 0xF4, 0xDE, 0xE3, 0xFF, 0xF7, 0xE1, 0xE6, 0xFF,
    0xFA, 0xE4, 0xE9, 0xFF, 0xFD, 0xE6, 0xEC, 0xFF, 0xFF, 0xE9, 0xEE, 0xFF, 0xFF, 0xEB, 0xF1, 0xFF,
    0xFF, 0xED, 0xF3, 0xFF, 0xFF, 0xEE, 0xF4, 0xFF, 0xFF, 0xF0, 0xF5, 0xFF, 0xFF, 0xEF, 0xF4, 0xFF,
    0xFF, 0xEE, 0xF3, 0xFF, 0xFF, 0xEB, 0xF1, 0xFF, 0xFE, 0xE4, 0xEB, 0xFF, 0xF9, 0xDB, 0xE2, 0xFF,
    0xF3, 0xD4, 0xDB, 0xFF, 0xF1, 0xD0, 0xD8, 0xFF, 0xF1, 0xD0, 0xD7, 0xFF, 0xF3, 0xD0, 0xD8, 0xFF,
    0xF4, 0xD2, 0xD9, 0xFF, 0xF6, 0xD3, 0xDB, 0xFF, 0xF7, 0xD4, 0xDD, 0xFF, 0xF9, 0xD6, 0xDE, 0xFF,
    0xFB, 0xD7, 0xDF, 0xFF, 0xFC, 0xD9, 0xE1, 0xFF, 0xFE, 0xDB, 0xE3, 0xFF, 0xFF, 0xDC, 0xE4, 0xFF,
    0xFF, 0xDD, 0xE5, 0xFF, 0xFF, 0xDE, 0xE6, 0xFF, 0xFF, 0xDF, 0xE8, 0xFF, 0xFF, 0xE1, 0xE9, 0xFF,
    0xFF, 0xE2, 0xEA, 0xFF, 0xFF, 0xE4, 0xEB, 0xFF, 0xFF, 0xE5, 0xED, 0xFF, 0xFF, 0xE7, 0xEE, 0xFF,
    0xFF, 0xE8, 0xEF, 0xFF, 0xFF, 0xE9, 0xF1, 0xFF, 0xFF, 0xEA, 0xF2, 0xFF, 0xFF, 0xEC, 0xF2, 0xFF,
    0xFF, 0xED, 0xF3, 0xFF, 0xFF, 0xEE, 0xF4, 0xFF, 0xFF, 0xF0, 0xF5, 0xFF, 0xFF, 0xF0, 0xF5, 0xFF,
    0xFF, 0xF1, 0xF5, 0xFF, 0xFF, 0xF0, 0xF4, 0xFC, 0xFF, 0xFC, 0xFF, 0xFF, 0xF7, 0xEC, 0xEE, 0xB6,
    0x00, 0x00, 0x00, 0x00, 0xFF, 0xFF, 0xFF, 0x02, 0x00, 0x00, 0x00, 0x00, 0x00, 0x00, 0x00, 0x00,
    0x00, 0x00, 0x00, 0x00, 0x00, 0x00, 0x00, 0x00, 0xBF, 0xBF, 0xBF, 0x04, 0x00, 0x00, 0x00, 0x00,
    0xCE, 0xC7, 0xC7, 0x94, 0xDD, 0xD2, 0xD4, 0xFE, 0xD5, 0xC7, 0xC9, 0xFB, 0xDA, 0xC9, 0xCD, 0xFF,
    0xDE, 0xCC, 0xD0, 0xFF, 0xE2, 0xCF, 0xD4, 0xFF, 0xE6, 0xD2, 0xD7, 0xFF, 0xEB, 0xD5, 0xDA, 0xFF,
    0xEF, 0xD7, 0xDD, 0xFF, 0xF3, 0xDB, 0xE0, 0xFF, 0xF5, 0xDD, 0xE3, 0xFF, 0xF8, 0xDF, 0xE6, 0xFF,
    0xFC, 0xE3, 0xE9, 0xFF, 0xFE, 0xE6, 0xEC, 0xFF, 0xFF, 0xE9, 0xEF, 0xFF, 0xFF, 0xEA, 0xF1, 0xFF,
    0xFF, 0xEC, 0xF2, 0xFF, 0xFF, 0xEE, 0xF4, 0xFF, 0xFF, 0xEF, 0xF4, 0xFF, 0xFF, 0xEF, 0xF4, 0xFF,
    0xFF, 0xEE, 0xF3, 0xFF, 0xFF, 0xEB, 0xF2, 0xFF, 0xFF, 0xE6, 0xED, 0xFF, 0xFD, 0xDD, 0xE4, 0xFF,
    0xF7, 0xD4, 0xDC, 0xFF, 0xF4, 0xD0, 0xD9, 0xFF, 0xF3, 0xCF, 0xD7, 0xFF, 0xF5, 0xD0, 0xD8, 0xFF,
    0xF6, 0xD1, 0xDA, 0xFF, 0xF8, 0xD3, 0xDB, 0xFF, 0xFA, 0xD4, 0xDC, 0xFF, 0xFB, 0xD6, 0xDE, 0xFF,
    0xFD, 0xD7, 0xDF, 0xFF, 0xFE, 0xD8, 0xE0, 0xFF, 0xFF, 0xDB, 0xE3, 0xFF, 0xFF, 0xDC, 0xE4, 0xFF,
    0xFF, 0xDD, 0xE5, 0xFF, 0xFF, 0xDE, 0xE6, 0xFF, 0xFF, 0xDF, 0xE7, 0xFF, 0xFF, 0xE0, 0xE9, 0xFF,
    0xFF, 0xE2, 0xEA, 0xFF, 0xFF, 0xE3, 0xEB, 0xFF, 0xFF, 0xE5, 0xEC, 0xFF, 0xFF, 0xE6, 0xED, 0xFF,
    0xFF, 0xE7, 0xEE, 0xFF, 0xFF, 0xE9, 0xF0, 0xFF, 0xFF, 0xEA, 0xF1, 0xFF, 0xFF, 0xEB, 0xF2, 0xFF,
    0xFF, 0xED, 0xF3, 0xFF, 0xFF, 0xEE, 0xF3, 0xFF, 0xFF, 0xEE, 0xF4, 0xFF, 0xFF, 0xEF, 0xF4, 0xFF,
    0xFF, 0xF0, 0xF4, 0xFF, 0xFF, 0xEF, 0xF3, 0xFB, 0xFF, 0xFD, 0xFF, 0xFF, 0xF8, 0xED, 0xEE, 0x9C,
    0x00, 0x00, 0x00, 0x00, 0xFF, 0xFF, 0xFF, 0x03, 0x00, 0x00, 0x00, 0x00, 0x00, 0x00, 0x00, 0x00,
    0x00, 0x00, 0x00, 0x00, 0x00, 0x00, 0x00, 0x00, 0x7F, 0x7F, 0x7F, 0x02, 0x00, 0x00, 0x00, 0x00,
    0xD1, 0xC7, 0xC8, 0xB8, 0xDD, 0xCF, 0xD2, 0xFF, 0xD7, 0xC6, 0xCA, 0xFC, 0xDC, 0xC9, 0xCD, 0xFF,
    0xE1, 0xCC, 0xD1, 0xFF, 0xE5, 0xCF, 0xD4, 0xFF, 0xE9, 0xD1, 0xD7, 0xFF, 0xED, 0xD4, 0xDA, 0xFF,
    0xF2, 0xD7, 0xDD, 0xFF, 0xF5, 0xDA, 0xE0, 0xFF, 0xF8, 0xDC, 0xE3, 0xFF, 0xFC, 0xDF, 0xE6, 0xFF,
    0xFF, 0xE1, 0xE9, 0xFF, 0xFF, 0xE4, 0xEB, 0xFF, 0xFF, 0xE7, 0xEE, 0xFF, 0xFF, 0xEA, 0xF1, 0xFF,
    0xFF, 0xEB, 0xF2, 0xFF, 0xFF, 0xED, 0xF4, 0xFF, 0xFF, 0xEE, 0xF4, 0xFF, 0xFF, 0xEE, 0xF4, 0xFF,
    0xFF, 0xED, 0xF3, 0xFF, 0xFF, 0xEB, 0xF1, 0xFF, 0xFF, 0xE6, 0xED, 0xFF, 0xFF, 0xDE, 0xE6, 0xFF,
    0xFB, 0xD5, 0xDD, 0xFF, 0xF7, 0xD1, 0xD9, 0xFF, 0xF5, 0xCF, 0xD8, 0xFF, 0xF6, 0xCF, 0xD8, 0xFF,
    0xF8, 0xD1, 0xD9, 0xFF, 0xFA, 0xD2, 0xDB, 0xFF, 0xFB, 0xD3, 0xDC, 0xFF, 0xFD, 0xD5, 0xDE, 0xFF,
    0xFE, 0xD6, 0xDF, 0xFF, 0xFF, 0xD7, 0xE0, 0xFF, 0xFF, 0xD9, 0xE1, 0xFF, 0xFF, 0xDB, 0xE4, 0xFF,
    0xFF, 0xDD, 0xE5, 0xFF, 0xFF, 0xDE, 0xE6, 0xFF, 0xFF, 0xDF, 0xE7, 0xFF, 0xFF, 0xE0, 0xE8, 0xFF,
    0xFF, 0xE1, 0xE9, 0xFF, 0xFF, 0xE3, 0xEB, 0xFF, 0xFF, 0xE4, 0xEC, 0xFF, 0xFF, 0xE5, 0xED, 0xFF,
    0xFF, 0xE6, 0xEE, 0xFF, 0xFF, 0xE8, 0xEF, 0xFF, 0xFF, 0xE9, 0xF0, 0xFF, 0xFF, 0xEA, 0xF1, 0xFF,
    0xFF, 0xEB, 0xF2, 0xFF, 0xFF, 0xEC, 0xF3, 0xFF, 0xFF, 0xED, 0xF3, 0xFF, 0xFF, 0xEE, 0xF3, 0xFF,
    0xFF, 0xEE, 0xF3, 0xFF, 0xFF, 0xED, 0xF1, 0xFB, 0xFF, 0xFA, 0xFD, 0xFF, 0xF8, 0xEA, 0xEC, 0x71,
    0x00, 0x00, 0x00, 0x00, 0xFF, 0xBF, 0xBF, 0x04, 0x00, 0x00, 0x00, 0x00, 0x00, 0x00, 0x00, 0x00,
    0x00, 0x00, 0x00, 0x00, 0x00, 0x00, 0x00, 0x00, 0x00, 0x00, 0x00, 0x00, 0x00, 0x00, 0x00, 0x00,
    0xD1, 0xC6, 0xC7, 0xCB, 0xDD, 0xCD, 0xD0, 0xFF, 0xDA, 0xC7, 0xCB, 0xFC, 0xDE, 0xC9, 0xCD, 0xFF,
    0xE3, 0xCB, 0xD0, 0xFF, 0xE7, 0xCE, 0xD4, 0xFF, 0xEC, 0xD1, 0xD7, 0xFF, 0xF0, 0xD3, 0xDA, 0xFF,
    0xF4, 0xD6, 0xDD, 0xFF, 0xF7, 0xD9, 0xE0, 0xFF, 0xFB, 0xDB, 0xE2, 0xFF, 0xFF, 0xDF, 0xE6, 0xFF,
    0xFF, 0xE1, 0xE9, 0xFF, 0xFF, 0xE2, 0xEA, 0xFF, 0xFF, 0xE5, 0xED, 0xFF, 0xFF, 0xE9, 0xF0, 0xFF,
    0xFF, 0xEA, 0xF1, 0xFF, 0xFF, 0xEC, 0xF3, 0xFF, 0xFF, 0xED, 0xF4, 0xFF, 0xFF, 0xED, 0xF4, 0xFF,
    0xFF, 0xED, 0xF3, 0xFF, 0xFF, 0xEA, 0xF1, 0xFF, 0xFF, 0xE6, 0xEE, 0xFF, 0xFF, 0xDE, 0xE7, 0xFF,
    0xFE, 0xD5, 0xDF, 0xFF, 0xFA, 0xD0, 0xD9, 0xFF, 0xF8, 0xCF, 0xD8, 0xFF, 0xF9, 0xCF, 0xD8, 0xFF,
    0xFA, 0xD0, 0xD9, 0xFF, 0xFB, 0xD1, 0xDA, 0xFF, 0xFD, 0xD3, 0xDC, 0xFF, 0xFE, 0xD4, 0xDD, 0xFF,
    0xFF, 0xD6, 0xDF, 0xFF, 0xFF, 0xD7, 0xE0, 0xFF, 0xFF, 0xD8, 0xE1, 0xFF, 0xFF, 0xD9, 0xE2, 0xFF,
    0xFF, 0xDB, 0xE4, 0xFF, 0xFF, 0xDD, 0xE6, 0xFF, 0xFF, 0xDE, 0xE7, 0xFF, 0xFF, 0xDF, 0xE8, 0xFF,
    0xFF, 0xE0, 0xE9, 0xFF, 0xFF, 0xE2, 0xEA, 0xFF, 0xFF, 0xE3, 0xEB, 0xFF, 0xFF, 0xE4, 0xEC, 0xFF,
    0xFF, 0xE6, 0xED, 0xFF, 0xFF, 0xE7, 0xEE, 0xFF, 0xFF, 0xE8, 0xEF, 0xFF, 0xFF, 0xE9, 0xF0, 0xFF,
    0xFF, 0xEA, 0xF1, 0xFF, 0xFF, 0xEB, 0xF2, 0xFF, 0xFF, 0xEC, 0xF2, 0xFF, 0xFF, 0xEC, 0xF2, 0xFF,
    0xFF, 0xEC, 0xF1, 0xFF, 0xFF, 0xEB, 0xEF, 0xFE, 0xFD, 0xEE, 0xF0, 0xFF, 0xF5, 0xE8, 0xE8, 0x38,
    0x00, 0x00, 0x00, 0x00, 0xAA, 0xAA, 0xAA, 0x03, 0x00, 0x00, 0x00, 0x00, 0x00, 0x00, 0x00, 0x00,
    0x00, 0x00, 0x00, 0x00, 0x00, 0x00, 0x00, 0x00, 0x00, 0x00, 0x00, 0x01, 0x00, 0x00, 0x00, 0x00,
    0xD5, 0xC7, 0xC8, 0xC5, 0xE1, 0xCE, 0xD1, 0xFF, 0xDC, 0xC7, 0xCA, 0xFC, 0xE1, 0xC8, 0xCD, 0xFF,
    0xE6, 0xCB, 0xD0, 0xFF, 0xEA, 0xCD, 0xD4, 0xFF, 0xEE, 0xD0, 0xD7, 0xFF, 0xF3, 0xD2, 0xDA, 0xFF,
    0xF6, 0xD5, 0xDD, 0xFF, 0xFA, 0xD7, 0xDF, 0xFF, 0xFD, 0xDA, 0xE1, 0xFF, 0xFF, 0xDD, 0xE5, 0xFF,
    0xFF, 0xE0, 0xE8, 0xFF, 0xFF, 0xE2, 0xEA, 0xFF, 0xFF, 0xE4, 0xEC, 0xFF, 0xFF, 0xE7, 0xEF, 0xFF,
    0xFF, 0xE9, 0xF1, 0xFF, 0xFF, 0xEA, 0xF2, 0xFF, 0xFF, 0xEC, 0xF3, 0xFF, 0xFF, 0xEC, 0xF3, 0xFF,
    0xFF, 0xEB, 0xF2, 0xFF, 0xFF, 0xE9, 0xF0, 0xFF, 0xFF, 0xE5, 0xED, 0xFF, 0xFF, 0xDD, 0xE7, 0xFF,
    0xFF, 0xD5, 0xDF, 0xFF, 0xFD, 0xD0, 0xDA, 0xFF, 0xFA, 0xCE, 0xD7, 0xFF, 0xFA, 0xCE, 0xD7, 0xFF,
    0xFB, 0xCF, 0xD9, 0xFF, 0xFD, 0xD1, 0xDA, 0xFF, 0xFE, 0xD2, 0xDB, 0xFF, 0xFF, 0xD4, 0xDD, 0xFF,
    0xFF, 0xD4, 0xDE, 0xFF, 0xFF, 0xD7, 0xE0, 0xFF, 0xFF, 0xD8, 0xE1, 0xFF, 0xFF, 0xD9, 0xE2, 0xFF,
    0xFF, 0xDA, 0xE3, 0xFF, 0xFF, 0xDC, 0xE5, 0xFF, 0xFF, 0xDD, 0xE6, 0xFF, 0xFF, 0xDE, 0xE7, 0xFF,
    0xFF, 0xDF, 0xE8, 0xFF, 0xFF, 0xE1, 0xEA, 0xFF, 0xFF, 0xE2, 0xEA, 0xFF, 0xFF, 0xE3, 0xEB, 0xFF,
    0xFF, 0xE4, 0xED, 0xFF, 0xFF, 0xE6, 0xEE, 0xFF, 0xFF, 0xE7, 0xEE, 0xFF, 0xFF, 0xE8, 0xEF, 0xFF,
    0xFF, 0xE9, 0xF0, 0xFF, 0xFF, 0xEA, 0xF0, 0xFF, 0xFF, 0xEB, 0xF0, 0xFF, 0xFF, 0xEB, 0xF0, 0xFF,
    0xFF, 0xEA, 0xEF, 0xFD, 0xFF, 0xF0, 0xF4, 0xFF, 0xFA, 0xE6, 0xE9, 0xDF, 0xFF, 0xFF, 0xFF, 0x08,
    0x00, 0x00, 0x00, 0x00, 0xFF, 0xFF, 0xFF, 0x01, 0x00, 0x00, 0x00, 0x00, 0x00, 0x00, 0x00, 0x00,
    0x00, 0x00, 0x00, 0x00, 0x00, 0x00, 0x00, 0x00, 0xAA, 0xAA, 0xAA, 0x03, 0x00, 0x00, 0x00, 0x00,
    0xD6, 0xC7, 0xC9, 0xAB, 0xE6, 0xD0, 0xD3, 0xFF, 0xDE, 0xC6, 0xCA, 0xFC, 0xE3, 0xC8, 0xCD, 0xFF,
    0xE8, 0xCA, 0xD0, 0xFF, 0xEC, 0xCC, 0xD3, 0xFF, 0xF1, 0xCF, 0xD6, 0xFF, 0xF5, 0xD2, 0xD9, 0xFF,
    0xF9, 0xD4, 0xDD, 0xFF, 0xFC, 0xD7, 0xDF, 0xFF, 0xFE, 0xD9, 0xE1, 0xFF, 0xFF, 0xDC, 0xE4, 0xFF,
    0xFF, 0xDF, 0xE7, 0xFF, 0xFF, 0xE1, 0xE9, 0xFF, 0xFF, 0xE3, 0xEC, 0xFF, 0xFF, 0xE6, 0xEE, 0xFF,
    0xFF, 0xE7, 0xEF, 0xFF, 0xFF, 0xE9, 0xF1, 0xFF, 0xFF, 0xEA, 0xF2, 0xFF, 0xFF, 0xEA, 0xF2, 0xFF,
    0xFF, 0xE9, 0xF1, 0xFF, 0xFF, 0xE7, 0xEF, 0xFF, 0xFF, 0xE4, 0xEC, 0xFF, 0xFF, 0xDD, 0xE7, 0xFF,
    0xFF, 0xD5, 0xDF, 0xFF, 0xFE, 0xCF, 0xD9, 0xFF, 0xFC, 0xCE, 0xD7, 0xFF, 0xFC, 0xCE, 0xD7, 0xFF,
    0xFD, 0xCF, 0xD8, 0xFF, 0xFE, 0xD0, 0xD9, 0xFF, 0xFF, 0xD1, 0xDB, 0xFF, 0xFF, 0xD2, 0xDC, 0xFF,
    0xFF, 0xD4, 0xDE, 0xFF, 0xFF, 0xD5, 0xDF, 0xFF, 0xFF, 0xD6, 0xE0, 0xFF, 0xFF, 0xD8, 0xE2, 0xFF,
    0xFF, 0xDA, 0xE3, 0xFF, 0xFF, 0xDB, 0xE4, 0xFF, 0xFF, 0xDC, 0xE6, 0xFF, 0xFF, 0xDE, 0xE7, 0xFF,
    0xFF, 0xDF, 0xE8, 0xFF, 0xFF, 0xE0, 0xE9, 0xFF, 0xFF, 0xE1, 0xEA, 0xFF, 0xFF, 0xE2, 0xEB, 0xFF,
    0xFF, 0xE3, 0xEC, 0xFF, 0xFF, 0xE4, 0xEC, 0xFF, 0xFF, 0xE6, 0xED, 0xFF, 0xFF, 0xE6, 0xEE, 0xFF,
    0xFF, 0xE8, 0xEF, 0xFF, 0xFF, 0xE8, 0xEF, 0xFF, 0xFF, 0xE9, 0xEF, 0xFF, 0xFF, 0xE9, 0xEE, 0xFF,
    0xFF, 0xE8, 0xEC, 0xFB, 0xFF, 0xF6, 0xFA, 0xFF, 0xFB, 0xE7, 0xE8, 0x8B, 0x00, 0x00, 0x00, 0x00,
    0xFF, 0xFF, 0xFF, 0x03, 0x00, 0x00, 0x00, 0x00, 0x00, 0x00, 0x00, 0x00, 0x00, 0x00, 0x00, 0x00,
    0x00, 0x00, 0x00, 0x00, 0x00, 0x00, 0x00, 0x00, 0xBF, 0xBF, 0xBF, 0x04, 0x00, 0x00, 0x00, 0x00,
    0xD9, 0xC7, 0xC9, 0x81, 0xEA, 0xD1, 0xD5, 0xFF, 0xE0, 0xC5, 0xCA, 0xFB, 0xE6, 0xC7, 0xCD, 0xFF,
    0xEA, 0xC9, 0xD0, 0xFF, 0xEF, 0xCB, 0xD3, 0xFF, 0xF3, 0xCD, 0xD6, 0xFF, 0xF7, 0xD0, 0xD9, 0xFF,
    0xFA, 0xD2, 0xDB, 0xFF, 0xFE, 0xD6, 0xDE, 0xFF, 0xFF, 0xD8, 0xE1, 0xFF, 0xFF, 0xD9, 0xE3, 0xFF,
    0xFF, 0xDC, 0xE5, 0xFF, 0xFF, 0xDE, 0xE8, 0xFF, 0xFF, 0xE1, 0xEA, 0xFF, 0xFF, 0xE4, 0xED, 0xFF,
    0xFF, 0xE6, 0xEE, 0xFF, 0xFF, 0xE7, 0xF0, 0xFF, 0xFF, 0xE8, 0xF0, 0xFF, 0xFF, 0xE8, 0xF0, 0xFF,
    0xFF, 0xE8, 0xEF, 0xFF, 0xFF, 0xE6, 0xED, 0xFF, 0xFF, 0xE2, 0xEA, 0xFF, 0xFF, 0xDC, 0xE5, 0xFF,
    0xFF, 0xD4, 0xDE, 0xFF, 0xFF, 0xCF, 0xD9, 0xFF, 0xFE, 0xCD, 0xD7, 0xFF, 0xFE, 0xCD, 0xD7, 0xFF,
    0xFF, 0xCD, 0xD7, 0xFF, 0xFF, 0xCF, 0xD9, 0xFF, 0xFF, 0xD0, 0xDA, 0xFF, 0xFF, 0xD2, 0xDC, 0xFF,
    0xFF, 0xD3, 0xDD, 0xFF, 0xFF, 0xD4, 0xDF, 0xFF, 0xFF, 0xD6, 0xE0, 0xFF, 0xFF, 0xD7, 0xE1, 0xFF,
    0xFF, 0xD8, 0xE2, 0xFF, 0xFF, 0xDA, 0xE4, 0xFF, 0xFF, 0xDB, 0xE5, 0xFF, 0xFF, 0xDC, 0xE6, 0xFF,
    0xFF, 0xDD, 0xE7, 0xFF, 0xFF, 0xDF, 0xE8, 0xFF, 0xFF, 0xE0, 0xE9, 0xFF, 0xFF, 0xE1, 0xEA, 0xFF,
    0xFF, 0xE2, 0xEB, 0xFF, 0xFF, 0xE3, 0xEB, 0xFF, 0xFF, 0xE4, 0xEC, 0xFF, 0xFF, 0xE5, 0xED, 0xFF,
    0xFF, 0xE6, 0xED, 0xFF, 0xFF, 0xE7, 0xED, 0xFF, 0xFF, 0xE7, 0xED, 0xFF, 0xFF, 0xE7, 0xEC, 0xFE,
    0xFF, 0xE8, 0xEC, 0xFD, 0xFD, 0xE7, 0xEA, 0xF9, 0xF8, 0xE4, 0xE4, 0x26, 0x00, 0x00, 0x00, 0x00,
    0xFF, 0xFF, 0xFF, 0x02, 0x00, 0x00, 0x00, 0x00, 0x00, 0x00, 0x00, 0x00, 0x00, 0x00, 0x00, 0x00,
    0x00, 0x00, 0x00, 0x00, 0x00, 0x00, 0x00, 0x00, 0xAA, 0xAA, 0xAA, 0x03, 0x00, 0x00, 0x00, 0x00,
    0xDB, 0xCB, 0xCB, 0x40, 0xE4, 0xCA, 0xCD, 0xFF, 0xE1, 0xC3, 0xC8, 0xFE, 0xE7, 0xC6, 0xCC, 0xFF,
    0xED, 0xC8, 0xCF, 0xFF, 0xF1, 0xCA, 0xD2, 0xFF, 0xF5, 0xCC, 0xD5, 0xFF, 0xF9, 0xCF, 0xD8, 0xFF,
    0xFD, 0xD1, 0xDB, 0xFF, 0xFF, 0xD4, 0xDD, 0xFF, 0xFF, 0xD6, 0xDF, 0xFF, 0xFF, 0xD9, 0xE2, 0xFF,
    0xFF, 0xDB, 0xE4, 0xFF, 0xFF, 0xDD, 0xE7, 0xFF, 0xFF, 0xDF, 0xE9, 0xFF, 0xFF, 0xE1, 0xEB, 0xFF,
    0xFF, 0xE3, 0xED, 0xFF, 0xFF, 0xE5, 0xEE, 0xFF, 0xFF, 0xE6, 0xEE, 0xFF, 0xFF, 0xE6, 0xEE, 0xFF,
    0xFF, 0xE5, 0xED, 0xFF, 0xFF, 0xE3, 0xEB, 0xFF, 0xFF, 0xE0, 0xE9, 0xFF, 0xFF, 0xDA, 0xE3, 0xFF,
    0xFF, 0xD3, 0xDD, 0xFF, 0xFF, 0xCD, 0xD8, 0xFF, 0xFF, 0xCC, 0xD6, 0xFF, 0xFF, 0xCC, 0xD6, 0xFF,
    0xFF, 0xCD, 0xD7, 0xFF, 0xFF, 0xCE, 0xD8, 0xFF, 0xFF, 0xCF, 0xDA, 0xFF, 0xFF, 0xD0, 0xDB, 0xFF,
    0xFF, 0xD2, 0xDC, 0xFF, 0xFF, 0xD3, 0xDE, 0xFF, 0xFF, 0xD5, 0xDF, 0xFF, 0xFF, 0xD6, 0xE0, 0xFF,
    0xFF, 0xD7, 0xE2, 0xFF, 0xFF, 0xD9, 0xE3, 0xFF, 0xFF, 0xDA, 0xE4, 0xFF, 0xFF, 0xDB, 0xE5, 0xFF,
    0xFF, 0xDC, 0xE6, 0xFF, 0xFF, 0xDE, 0xE7, 0xFF, 0xFF, 0xDF, 0xE8, 0xFF, 0xFF, 0xDF, 0xE8, 0xFF,
    0xFF, 0xE0, 0xE9, 0xFF, 0xFF, 0xE2, 0xEA, 0xFF, 0xFF, 0xE3, 0xEB, 0xFF, 0xFF, 0xE4, 0xEB, 0xFF,
    0xFF, 0xE4, 0xEC, 0xFF, 0xFF, 0xE5, 0xEB, 0xFF, 0xFF, 0xE5, 0xEB, 0xFF, 0xFF, 0xE4, 0xE9, 0xFB,
    0xFF, 0xF2, 0xF7, 0xFF, 0xFD, 0xE3, 0xE4, 0x9B, 0x00, 0x00, 0x00, 0x00, 0xFF, 0xAA, 0xAA, 0x03,
    0x00, 0x00, 0x00, 0x00, 0x00, 0x00, 0x00, 0x00, 0x00, 0x00, 0x00, 0x00, 0x00, 0x00, 0x00, 0x00,
    0x00, 0x00, 0x00, 0x00, 0x00, 0x00, 0x00, 0x00, 0x00, 0xFF, 0xFF, 0x01, 0x00, 0x00, 0x00, 0x01,
    0xFF, 0xFF, 0xD4, 0x06, 0xDE, 0xC4, 0xC7, 0xDB, 0xEB, 0xCA, 0xCF, 0xFE, 0xE8, 0xC5, 0xCB, 0xFD,
    0xEE, 0xC7, 0xCE, 0xFF, 0xF3, 0xC9, 0xD1, 0xFF, 0xF7, 0xCB, 0xD4, 0xFF, 0xFB, 0xCD, 0xD7, 0xFF,
    0xFF, 0xD0, 0xD9, 0xFF, 0xFF, 0xD2, 0xDC, 0xFF, 0xFF, 0xD4, 0xDE, 0xFF, 0xFF, 0xD7, 0xE1, 0xFF,
    0xFF, 0xD9, 0xE3, 0xFF, 0xFF, 0xDB, 0xE5, 0xFF, 0xFF, 0xDD, 0xE7, 0xFF, 0xFF, 0xDF, 0xE9, 0xFF,
    0xFF, 0xE1, 0xEA, 0xFF, 0xFF, 0xE3, 0xEC, 0xFF, 0xFF, 0xE3, 0xEC, 0xFF, 0xFF, 0xE4, 0xEC, 0xFF,
    0xFF, 0xE3, 0xEB, 0xFF, 0xFF, 0xE1, 0xE9, 0xFF, 0xFF, 0xDE, 0xE7, 0xFF, 0xFF, 0xD9, 0xE3, 0xFF,
    0xFF, 0xD2, 0xDD, 0xFF, 0xFF, 0xCD, 0xD8, 0xFF, 0xFF, 0xCC, 0xD6, 0xFF, 0xFF, 0xCB, 0xD5, 0xFF,
    0xFF, 0xCB, 0xD6, 0xFF, 0xFF, 0xCD, 0xD7, 0xFF, 0xFF, 0xCE, 0xD9, 0xFF, 0xFF, 0xCF, 0xDA, 0xFF,
    0xFF, 0xD1, 0xDB, 0xFF, 0xFF, 0xD2, 0xDD, 0xFF, 0xFF, 0xD3, 0xDE, 0xFF, 0xFF, 0xD5, 0xDF, 0xFF,
    0xFF, 0xD6, 0xE0, 0xFF, 0xFF, 0xD7, 0xE2, 0xFF, 0xFF, 0xD9, 0xE3, 0xFF, 0xFF, 0xDA, 0xE4, 0xFF,
    0xFF, 0xDB, 0xE5, 0xFF, 0xFF, 0xDC, 0xE6, 0xFF, 0xFF, 0xDD, 0xE7, 0xFF, 0xFF, 0xDE, 0xE7, 0xFF,
    0xFF, 0xDF, 0xE8, 0xFF, 0xFF, 0xE0, 0xE9, 0xFF, 0xFF, 0xE0, 0xE9, 0xFF, 0xFF, 0xE1, 0xEA, 0xFF,
    0xFF, 0xE2, 0xEA, 0xFF, 0xFF, 0xE3, 0xE9, 0xFF, 0xFF, 0xE2, 0xE8, 0xFD, 0xFF, 0xE6, 0xEB, 0xFE,
    0xFF, 0xE2, 0xE7, 0xEC, 0xFF, 0xEA, 0xEA, 0x19, 0xFF, 0xFF, 0xFF, 0x01, 0xFF, 0x7F, 0xFF, 0x02,
    0x00, 0x00, 0x00, 0x00, 0x00, 0x00, 0x00, 0x00, 0x00, 0x00, 0x00, 0x00, 0x00, 0x00, 0x00, 0x00,
    0x00, 0x00, 0x00, 0x00, 0x00, 0x00, 0x00, 0x00, 0x00, 0x00, 0x00, 0x00, 0xBF, 0x7F, 0xBF, 0x04,
    0x00, 0x00, 0x00, 0x00, 0xE2, 0xC9, 0xCB, 0x6D, 0xF5, 0xD1, 0xD6, 0xFF, 0xEA, 0xC4, 0xCA, 0xFB,
    0xF0, 0xC6, 0xCD, 0xFF, 0xF5, 0xC8, 0xD0, 0xFF, 0xF9, 0xCA, 0xD3, 0xFF, 0xFD, 0xCC, 0xD5, 0xFF,
    0xFF, 0xCE, 0xD8, 0xFF, 0xFF, 0xD0, 0xDB, 0xFF, 0xFF, 0xD3, 0xDD, 0xFF, 0xFF, 0xD4, 0xDF, 0xFF,
    0xFF, 0xD7, 0xE1, 0xFF, 0xFF, 0xD9, 0xE3, 0xFF, 0xFF, 0xDB, 0xE5, 0xFF, 0xFF, 0xDE, 0xE7, 0xFF,
    0xFF, 0xDF, 0xE9, 0xFF, 0xFF, 0xE0, 0xE9, 0xFF, 0xFF, 0xE1, 0xEA, 0xFF, 0xFF, 0xE1, 0xEA, 0xFF,
    0xFF, 0xE1, 0xE9, 0xFF, 0xFF, 0xE0, 0xE8, 0xFF, 0xFF, 0xDE, 0xE6, 0xFF, 0xFF, 0xD9, 0xE3, 0xFF,
    0xFF, 0xD2, 0xDE, 0xFF, 0xFF, 0xCE, 0xD8, 0xFF, 0xFF, 0xCB, 0xD6, 0xFF, 0xFF, 0xCB, 0xD5, 0xFF,
    0xFF, 0xCB, 0xD5, 0xFF, 0xFF, 0xCC, 0xD6, 0xFF, 0xFF, 0xCD, 0xD8, 0xFF, 0xFF, 0xCE, 0xD9, 0xFF,
    0xFF, 0xCF, 0xDA, 0xFF, 0xFF, 0xD1, 0xDB, 0xFF, 0xFF, 0xD2, 0xDD, 0xFF, 0xFF, 0xD3, 0xDE, 0xFF,
    0xFF, 0xD5, 0xDF, 0xFF, 0xFF, 0xD6, 0xE0, 0xFF, 0xFF, 0xD7, 0xE2, 0xFF, 0xFF, 0xD9, 0xE2, 0xFF,
    0xFF, 0xDA, 0xE3, 0xFF, 0xFF, 0xDA, 0xE5, 0xFF, 0xFF, 0xDC, 0xE5, 0xFF, 0xFF, 0xDD, 0xE6, 0xFF,
    0xFF, 0xDE, 0xE6, 0xFF, 0xFF, 0xDE, 0xE7, 0xFF, 0xFF, 0xDF, 0xE7, 0xFF, 0xFF, 0xE0, 0xE7, 0xFF,
    0xFF, 0xE0, 0xE7, 0xFF, 0xFF, 0xDF, 0xE6, 0xFE, 0xFF, 0xE0, 0xE6, 0xFB, 0xFF, 0xEB, 0xEF, 0xFF,
    0xFC, 0xDF, 0xE2, 0x58, 0x00, 0x00, 0x00, 0x00, 0xFF, 0xAA, 0xFF, 0x03, 0x00, 0x00, 0x00, 0x00,
    0x00, 0x00, 0x00, 0x00, 0x00, 0x00, 0x00, 0x00, 0x00, 0x00, 0x00, 0x00, 0x00, 0x00, 0x00, 0x00,
    0x00, 0x00, 0x00, 0x00, 0x00, 0x00, 0x00, 0x00, 0x00, 0x00, 0x00, 0x00, 0xFF, 0xFF, 0xFF, 0x01,
    0xFF, 0x7F, 0x7F, 0x02, 0xE2, 0xC6, 0xC6, 0x09, 0xE8, 0xC5, 0xC8, 0xD4, 0xF6, 0xCC, 0xD2, 0xFF,
    0xF1, 0xC4, 0xCB, 0xFC, 0xF6, 0xC7, 0xCF, 0xFF, 0xFA, 0xC8, 0xD1, 0xFF, 0xFE, 0xCA, 0xD4, 0xFF,
    0xFF, 0xCC, 0xD6, 0xFF, 0xFF, 0xCE, 0xD9, 0xFF, 0xFF, 0xD0, 0xDB, 0xFF, 0xFF, 0xD3, 0xDE, 0xFF,
    0xFF, 0xD5, 0xDF, 0xFF, 0xFF, 0xD7, 0xE1, 0xFF, 0xFF, 0xD9, 0xE3, 0xFF, 0xFF, 0xDB, 0xE4, 0xFF,
    0xFF, 0xDC, 0xE6, 0xFF, 0xFF, 0xDD, 0xE7, 0xFF, 0xFF, 0xDE, 0xE8, 0xFF, 0xFF, 0xDE, 0xE7, 0xFF,
    0xFF, 0xDF, 0xE7, 0xFF, 0xFF, 0xDF, 0xE8, 0xFF, 0xFF, 0xDF, 0xE7, 0xFF, 0xFF, 0xDB, 0xE4, 0xFF,
    0xFF, 0xD5, 0xE0, 0xFF, 0xFF, 0xD0, 0xDB, 0xFF, 0xFF, 0xCD, 0xD7, 0xFF, 0xFF, 0xCB, 0xD6, 0xFF,
    0xFF, 0xCB, 0xD5, 0xFF, 0xFF, 0xCB, 0xD5, 0xFF, 0xFF, 0xCB, 0xD6, 0xFF, 0xFF, 0xCD, 0xD8, 0xFF,
    0xFF, 0xCE, 0xD9, 0xFF, 0xFF, 0xCF, 0xDA, 0xFF, 0xFF, 0xD1, 0xDC, 0xFF, 0xFF, 0xD2, 0xDD, 0xFF,
    0xFF, 0xD3, 0xDE, 0xFF, 0xFF, 0xD4, 0xDF, 0xFF, 0xFF, 0xD5, 0xE0, 0xFF, 0xFF, 0xD7, 0xE1, 0xFF,
    0xFF, 0xD8, 0xE2, 0xFF, 0xFF, 0xD9, 0xE3, 0xFF, 0xFF, 0xDA, 0xE4, 0xFF, 0xFF, 0xDB, 0xE4, 0xFF,
    0xFF, 0xDB, 0xE5, 0xFF, 0xFF, 0xDC, 0xE5, 0xFF, 0xFF, 0xDD, 0xE5, 0xFF, 0xFF, 0xDD, 0xE5, 0xFF,
    0xFF, 0xDD, 0xE4, 0xFF, 0xFF, 0xDC, 0xE2, 0xFB, 0xFF, 0xED, 0xF2, 0xFF, 0xFF, 0xDB, 0xDD, 0x89,
    0x00, 0x00, 0x00, 0x00, 0xFF, 0xFF, 0xFF, 0x03, 0x00, 0x00, 0x00, 0x00, 0x00, 0x00, 0x00, 0x00,
    0x00, 0x00, 0x00, 0x00, 0x00, 0x00, 0x00, 0x00, 0x00, 0x00, 0x00, 0x00, 0x00, 0x00, 0x00, 0x00,
    0x00, 0x00, 0x00, 0x00, 0x00, 0x00, 0x00, 0x00, 0x00, 0x00, 0x00, 0x00, 0x00, 0x00, 0x00, 0x00,
    0xAA, 0xAA, 0xAA, 0x03, 0x00, 0x00, 0x00, 0x00, 0xEC, 0xCB, 0xCB, 0x36, 0xF4, 0xCA, 0xCE, 0xF9,
    0xF5, 0xC6, 0xCD, 0xFE, 0xF6, 0xC4, 0xCC, 0xFD, 0xFC, 0xC7, 0xD0, 0xFF, 0xFF, 0xC8, 0xD2, 0xFF,
    0xFF, 0xCA, 0xD5, 0xFF, 0xFF, 0xCC, 0xD7, 0xFF, 0xFF, 0xCE, 0xD9, 0xFF, 0xFF, 0xD0, 0xDB, 0xFF,
    0xFF, 0xD2, 0xDD, 0xFF, 0xFF, 0xD4, 0xDF, 0xFF, 0xFF, 0xD6, 0xE1, 0xFF, 0xFF, 0xD8, 0xE2, 0xFF,
    0xFF, 0xD9, 0xE3, 0xFF, 0xFF, 0xDB, 0xE4, 0xFF, 0xFF, 0xDB, 0xE5, 0xFF, 0xFF, 0xDD, 0xE6, 0xFF,
    0xFF, 0xDE, 0xE7, 0xFF, 0xFF, 0xDF, 0xE8, 0xFF, 0xFF, 0xE0, 0xE9, 0xFF, 0xFF, 0xDE, 0xE8, 0xFF,
    0xFF, 0xDA, 0xE4, 0xFF, 0xFF, 0xD4, 0xDE, 0xFF, 0xFF, 0xD0, 0xDA, 0xFF, 0xFF, 0xCD, 0xD8, 0xFF,
    0xFF, 0xCB, 0xD6, 0xFF, 0xFF, 0xCB, 0xD5, 0xFF, 0xFF, 0xCB, 0xD6, 0xFF, 0xFF, 0xCC, 0xD6, 0xFF,
    0xFF, 0xCC, 0xD7, 0xFF, 0xFF, 0xCD, 0xD9, 0xFF, 0xFF, 0xCF, 0xDA, 0xFF, 0xFF, 0xD0, 0xDB, 0xFF,
    0xFF, 0xD2, 0xDD, 0xFF, 0xFF, 0xD2, 0xDE, 0xFF, 0xFF, 0xD4, 0xDF, 0xFF, 0xFF, 0xD5, 0xDF, 0xFF,
    0xFF, 0xD6, 0xE0, 0xFF, 0xFF, 0xD7, 0xE1, 0xFF, 0xFF, 0xD8, 0xE2, 0xFF, 0xFF, 0xD8, 0xE2, 0xFF,
    0xFF, 0xD9, 0xE2, 0xFF, 0xFF, 0xDA, 0xE2, 0xFF, 0xFF, 0xDA, 0xE2, 0xFF, 0xFF, 0xD9, 0xE0, 0xFE,
    0xFF, 0xDA, 0xE0, 0xFC, 0xFF, 0xE9, 0xEF, 0xFF, 0xFF, 0xDA, 0xDF, 0x9B, 0x00, 0x00, 0x00, 0x00,
    0xFF, 0xFF, 0xFF, 0x03, 0xFF, 0x00, 0x00, 0x01, 0x00, 0x00, 0x00, 0x00, 0x00, 0x00, 0x00, 0x00,
    0x00, 0x00, 0x00, 0x00, 0x00, 0x00, 0x00, 0x00, 0x00, 0x00, 0x00, 0x00, 0x00, 0x00, 0x00, 0x00,
    0x00, 0x00, 0x00, 0x00, 0x00, 0x00, 0x00, 0x00, 0x00, 0x00, 0x00, 0x00, 0x00, 0x00, 0x00, 0x00,
    0x00, 0x00, 0x00, 0x00, 0xAA, 0xAA, 0xAA, 0x03, 0x00, 0x00, 0x00, 0x00, 0xED, 0xC5, 0xC8, 0x59,
    0xFB, 0xCB, 0xD0, 0xFF, 0xFB, 0xC7, 0xCF, 0xFF, 0xFB, 0xC4, 0xCC, 0xFC, 0xFF, 0xC7, 0xD0, 0xFF,
    0xFF, 0xC9, 0xD3, 0xFF, 0xFF, 0xCA, 0xD5, 0xFF, 0xFF, 0xCC, 0xD7, 0xFF, 0xFF, 0xCD, 0xD8, 0xFF,
    0xFF, 0xCF, 0xDA, 0xFF, 0xFF, 0xD1, 0xDC, 0xFF, 0xFF, 0xD3, 0xDE, 0xFF, 0xFF, 0xD5, 0xDF, 0xFF,
    0xFF, 0xD6, 0xE0, 0xFF, 0xFF, 0xD8, 0xE1, 0xFF, 0xFF, 0xD9, 0xE2, 0xFF, 0xFF, 0xDB, 0xE4, 0xFF,
    0xFF, 0xDD, 0xE6, 0xFF, 0xFF, 0xDF, 0xE9, 0xFF, 0xFF, 0xE1, 0xEA, 0xFF, 0xFF, 0xE0, 0xE9, 0xFF,
    0xFF, 0xDD, 0xE6, 0xFF, 0xFF, 0xD8, 0xE2, 0xFF, 0xFF, 0xD3, 0xDE, 0xFF, 0xFF, 0xD0, 0xDB, 0xFF,
    0xFF, 0xCD, 0xD8, 0xFF, 0xFF, 0xCC, 0xD7, 0xFF, 0xFF, 0xCB, 0xD6, 0xFF, 0xFF, 0xCB, 0xD6, 0xFF,
    0xFF, 0xCB, 0xD6, 0xFF, 0xFF, 0xCC, 0xD7, 0xFF, 0xFF, 0xCD, 0xD8, 0xFF, 0xFF, 0xCE, 0xD9, 0xFF,
    0xFF, 0xCF, 0xDB, 0xFF, 0xFF, 0xD0, 0xDB, 0xFF, 0xFF, 0xD2, 0xDD, 0xFF, 0xFF, 0xD3, 0xDD, 0xFF,
    0xFF, 0xD3, 0xDE, 0xFF, 0xFF, 0xD4, 0xDF, 0xFF, 0xFF, 0xD5, 0xDF, 0xFF, 0xFF, 0xD6, 0xDF, 0xFF,
    0xFF, 0xD7, 0xDF, 0xFF, 0xFF, 0xD6, 0xDE, 0xFE, 0xFF, 0xD6, 0xDE, 0xFB, 0xFF, 0xDA, 0xE1, 0xFF,
    0xFF, 0xE1, 0xE7, 0xFF, 0xFF, 0xD9, 0xDD, 0x89, 0x00, 0x00, 0x00, 0x00, 0xFF, 0xFF, 0xFF, 0x02,
    0xFF, 0xFF, 0xFF, 0x01, 0x00, 0x00, 0x00, 0x00, 0x00, 0x00, 0x00, 0x00, 0x00, 0x00, 0x00, 0x00,
    0x00, 0x00, 0x00, 0x00, 0x00, 0x00, 0x00, 0x00, 0x00, 0x00, 0x00, 0x00, 0x00, 0x00, 0x00, 0x00,
    0x00, 0x00, 0x00, 0x00, 0x00, 0x00, 0x00, 0x00, 0x00, 0x00, 0x00, 0x00, 0x00, 0x00, 0x00, 0x00,
    0x00, 0x00, 0x00, 0x00, 0x00, 0x00, 0x00, 0x00, 0xBF, 0xBF, 0xBF, 0x04, 0x00, 0x00, 0x00, 0x00,
    0xF5, 0xC7, 0xCA, 0x53, 0xFC, 0xCA, 0xD0, 0xF2, 0xFF, 0xCF, 0xD6, 0xFF, 0xFF, 0xC4, 0xCC, 0xFD,
    0xFF, 0xC6, 0xCF, 0xFC, 0xFF, 0xC7, 0xD1, 0xFE, 0xFF, 0xC9, 0xD4, 0xFF, 0xFF, 0xCB, 0xD6, 0xFF,
    0xFF, 0xCC, 0xD7, 0xFF, 0xFF, 0xCE, 0xD9, 0xFF, 0xFF, 0xCF, 0xDB, 0xFF, 0xFF, 0xD1, 0xDC, 0xFF,
    0xFF, 0xD3, 0xDD, 0xFF, 0xFF, 0xD4, 0xDE, 0xFF, 0xFF, 0xD6, 0xE0, 0xFF, 0xFF, 0xD9, 0xE2, 0xFF,
    0xFF, 0xDB, 0xE5, 0xFF, 0xFF, 0xDD, 0xE7, 0xFF, 0xFF, 0xDE, 0xE8, 0xFF, 0xFF, 0xDE, 0xE8, 0xFF,
    0xFF, 0xDC, 0xE6, 0xFF, 0xFF, 0xDA, 0xE3, 0xFF, 0xFF, 0xD6, 0xE1, 0xFF, 0xFF, 0xD3, 0xDE, 0xFF,
    0xFF, 0xD0, 0xDB, 0xFF, 0xFF, 0xCD, 0xD9, 0xFF, 0xFF, 0xCC, 0xD7, 0xFF, 0xFF, 0xCB, 0xD6, 0xFF,
    0xFF, 0xCA, 0xD6, 0xFF, 0xFF, 0xCB, 0xD6, 0xFF, 0xFF, 0xCB, 0xD6, 0xFF, 0xFF, 0xCC, 0xD7, 0xFF,
    0xFF, 0xCD, 0xD8, 0xFF, 0xFF, 0xCE, 0xD9, 0xFF, 0xFF, 0xCF, 0xDA, 0xFF, 0xFF, 0xD0, 0xDA, 0xFF,
    0xFF, 0xD0, 0xDB, 0xFF, 0xFF, 0xD1, 0xDC, 0xFF, 0xFF, 0xD2, 0xDC, 0xFF, 0xFF, 0xD2, 0xDC, 0xFD,
    0xFF, 0xD3, 0xDB, 0xFB, 0xFF, 0xD3, 0xDC, 0xFF, 0xFF, 0xDF, 0xE8, 0xFF, 0xFF, 0xD8, 0xDE, 0xE8,
    0xFF, 0xD4, 0xDA, 0x5A, 0x00, 0x00, 0x00, 0x00, 0xFF, 0x7F, 0xFF, 0x02, 0xFF, 0xFF, 0xFF, 0x01,
    0x00, 0x00, 0x00, 0x00, 0x00, 0x00, 0x00, 0x00, 0x00, 0x00, 0x00, 0x00, 0x00, 0x00, 0x00, 0x00,
    0x00, 0x00, 0x00, 0x00, 0x00, 0x00, 0x00, 0x00, 0x00, 0x00, 0x00, 0x00, 0x00, 0x00, 0x00, 0x00,
    0x00, 0x00, 0x00, 0x00, 0x00, 0x00, 0x00, 0x00, 0x00, 0x00, 0x00, 0x00, 0x00, 0x00, 0x00, 0x00,
    0x00, 0x00, 0x00, 0x00, 0x00, 0x00, 0x00, 0x00, 0x00, 0x00, 0x00, 0x00, 0xFF, 0xFF, 0xFF, 0x03,
    0x00, 0x00, 0x00, 0x00, 0xF9, 0xC9, 0xC9, 0x2B, 0xFF, 0xC9, 0xCF, 0xBB, 0xFF, 0xCD, 0xD5, 0xFF,
    0xFF, 0xCF, 0xD8, 0xFF, 0xFF, 0xC7, 0xD1, 0xFF, 0xFF, 0xC6, 0xD0, 0xFD, 0xFF, 0xC8, 0xD2, 0xFB,
    0xFF, 0xC9, 0xD3, 0xFC, 0xFF, 0xCB, 0xD5, 0xFC, 0xFF, 0xCC, 0xD7, 0xFC, 0xFF, 0xCD, 0xD7, 0xFD,
    0xFF, 0xCF, 0xD9, 0xFD, 0xFF, 0xD1, 0xDB, 0xFC, 0xFF, 0xD3, 0xDD, 0xFC, 0xFF, 0xD4, 0xDE, 0xFC,
    0xFF, 0xD6, 0xE0, 0xFC, 0xFF, 0xD7, 0xE2, 0xFC, 0xFF, 0xD8, 0xE2, 0xFC, 0xFF, 0xD8, 0xE2, 0xFC,
    0xFF, 0xD7, 0xE1, 0xFC, 0xFF, 0xD6, 0xE0, 0xFC, 0xFF, 0xD4, 0xDF, 0xFC, 0xFF, 0xD2, 0xDD, 0xFC,
    0xFF, 0xD0, 0xDB, 0xFC, 0xFF, 0xCE, 0xD9, 0xFC, 0xFF, 0xCC, 0xD7, 0xFC, 0xFF, 0xCA, 0xD5, 0xFC,
    0xFF, 0xCA, 0xD5, 0xFC, 0xFF, 0xC9, 0xD3, 0xFD, 0xFF, 0xC8, 0xD3, 0xFD, 0xFF, 0xC9, 0xD4, 0xFD,
    0xFF, 0xCA, 0xD5, 0xFD, 0xFF, 0xCA, 0xD5, 0xFD, 0xFF, 0xCB, 0xD6, 0xFD, 0xFF, 0xCC, 0xD7, 0xFC,
    0xFF, 0xCD, 0xD8, 0xFB, 0xFF, 0xCE, 0xD8, 0xFB, 0xFF, 0xCD, 0xD7, 0xFF, 0xFF, 0xD4, 0xDD, 0xFF,
    0xFF, 0xDB, 0xE4, 0xFF, 0xFF, 0xD2, 0xD8, 0xF7, 0xFF, 0xD3, 0xDA, 0x99, 0xFF, 0xD1, 0xD1, 0x1C,
    0x00, 0x00, 0x00, 0x00, 0xFF, 0xAA, 0xAA, 0x03, 0x00, 0x00, 0x00, 0x00, 0x00, 0x00, 0x00, 0x00,
    0x00, 0x00, 0x00, 0x00, 0x00, 0x00, 0x00, 0x00, 0x00, 0x00, 0x00, 0x00, 0x00, 0x00, 0x00, 0x00,
    0x00, 0x00, 0x00, 0x00, 0x00, 0x00, 0x00, 0x00, 0x00, 0x00, 0x00, 0x00, 0x00, 0x00, 0x00, 0x00,
    0x00, 0x00, 0x00, 0x00, 0x00, 0x00, 0x00, 0x00, 0x00, 0x00, 0x00, 0x00, 0x00, 0x00, 0x00, 0x00,
    0x00, 0x00, 0x00, 0x00, 0x00, 0x00, 0x00, 0x00, 0x00, 0x00, 0x00, 0x00, 0x00, 0x00, 0x00, 0x00,
    0xFF, 0xAA, 0xAA, 0x03, 0x00, 0x00, 0x00, 0x00, 0x00, 0x00, 0x00, 0x00, 0xFF, 0xCF, 0xD2, 0x4B,
    0xFF, 0xC9, 0xD0, 0xB4, 0xFF, 0xC7, 0xCF, 0xF1, 0xFF, 0xCE, 0xD6, 0xFF, 0xFF, 0xD3, 0xDC, 0xFF,
    0xFF, 0xD2, 0xDC, 0xFF, 0xFF, 0xD1, 0xDB, 0xFF, 0xFF, 0xD1, 0xDB, 0xFF, 0xFF, 0xD2, 0xDC, 0xFF,
    0xFF, 0xD3, 0xDD, 0xFF, 0xFF, 0xD4, 0xDF, 0xFF, 0xFF, 0xD5, 0xE0, 0xFF, 0xFF, 0xD6, 0xE1, 0xFF,
    0xFF, 0xD7, 0xE2, 0xFF, 0xFF, 0xD7, 0xE3, 0xFF, 0xFF, 0xD8, 0xE4, 0xFF, 0xFF, 0xD8, 0xE4, 0xFF,
    0xFF, 0xD8, 0xE4, 0xFF, 0xFF, 0xD7, 0xE4, 0xFF, 0xFF, 0xD7, 0xE3, 0xFF, 0xFF, 0xD6, 0xE2, 0xFF,
    0xFF, 0xD5, 0xE1, 0xFF, 0xFF, 0xD4, 0xDF, 0xFF, 0xFF, 0xD3, 0xDE, 0xFF, 0xFF, 0xD1, 0xDD, 0xFF,
    0xFF, 0xD0, 0xDB, 0xFF, 0xFF, 0xD0, 0xDB, 0xFF, 0xFF, 0xCF, 0xDA, 0xFF, 0xFF, 0xCF, 0xD9, 0xFF,
    0xFF, 0xCF, 0xD9, 0xFF, 0xFF, 0xCF, 0xDA, 0xFF, 0xFF, 0xD0, 0xDB, 0xFF, 0xFF, 0xD3, 0xDD, 0xFF,
    0xFF, 0xD6, 0xE0, 0xFF, 0xFF, 0xD6, 0xE0, 0xFF, 0xFF, 0xCD, 0xD6, 0xFF, 0xFF, 0xCC, 0xD4, 0xDC,
    0xFF, 0xD0, 0xD7, 0x88, 0xFF, 0xD2, 0xD8, 0x28, 0x00, 0x00, 0x00, 0x00, 0x00, 0x00, 0x00, 0x00,
    0xFF, 0xFF, 0xFF, 0x03, 0x00, 0x00, 0x00, 0x00, 0x00, 0x00, 0x00, 0x00, 0x00, 0x00, 0x00, 0x00,
    0x00, 0x00, 0x00, 0x00, 0x00, 0x00, 0x00, 0x00, 0x00, 0x00, 0x00, 0x00, 0x00, 0x00, 0x00, 0x00,
    0x00, 0x00, 0x00, 0x00, 0x00, 0x00, 0x00, 0x00, 0x00, 0x00, 0x00, 0x00, 0x00, 0x00, 0x00, 0x00,
    0x00, 0x00, 0x00, 0x00, 0x00, 0x00, 0x00, 0x00, 0x00, 0x00, 0x00, 0x00, 0x00, 0x00, 0x00, 0x00,
    0x00, 0x00, 0x00, 0x00, 0x00, 0x00, 0x00, 0x00, 0x00, 0x00, 0x00, 0x00, 0x00, 0x00, 0x00, 0x00,
    0x00, 0x00, 0x00, 0x00, 0xFF, 0xFF, 0xFF, 0x02, 0xFF, 0x00, 0xFF, 0x01, 0x00, 0x00, 0x00, 0x00,
    0x00, 0x00, 0x00, 0x00, 0xFF, 0xCF, 0xD9, 0x1B, 0xFF, 0xC9, 0xCF, 0x51, 0xFF, 0xC8, 0xCF, 0x82,
    0xFF, 0xC8, 0xCE, 0xA9, 0xFF, 0xC7, 0xCF, 0xC0, 0xFF, 0xC7, 0xCF, 0xCA, 0xFF, 0xC6, 0xCF, 0xCC,
    0xFF, 0xC7, 0xD0, 0xCB, 0xFF, 0xC9, 0xD2, 0xC8, 0xFF, 0xC9, 0xD1, 0xC5, 0xFF, 0xC8, 0xD1, 0xC3,
    0xFF, 0xC7, 0xD0, 0xC1, 0xFF, 0xC7, 0xD0, 0xC0, 0xFF, 0xC7, 0xD0, 0xC0, 0xFF, 0xC7, 0xD0, 0xC0,
    0xFF, 0xC7, 0xD0, 0xC0, 0xFF, 0xC7, 0xD0, 0xC0, 0xFF, 0xC7, 0xD0, 0xC0, 0xFF, 0xC7, 0xD0, 0xC0,
    0xFF, 0xC8, 0xD0, 0xC0, 0xFF, 0xC7, 0xD0, 0xC1, 0xFF, 0xC8, 0xD1, 0xC3, 0xFF, 0xC8, 0xD1, 0xC5,
    0xFF, 0xC7, 0xD0, 0xC9, 0xFF, 0xC7, 0xCF, 0xCB, 0xFF, 0xC7, 0xCE, 0xCE, 0xFF, 0xC7, 0xCF, 0xD2,
    0xFF, 0xC8, 0xD0, 0xD4, 0xFF, 0xC8, 0xCF, 0xD3, 0xFF, 0xC7, 0xCF, 0xCD, 0xFF, 0xCA, 0xD0, 0xBC,
    0xFF, 0xC9, 0xCF, 0x9D, 0xFF, 0xCA, 0xD1, 0x70, 0xFF, 0xD0, 0xD5, 0x37, 0xFF, 0xDA, 0xDA, 0x07,
    0x00, 0x00, 0x00, 0x00, 0x00, 0x00, 0x00, 0x00, 0xFF, 0xAA, 0xAA, 0x03, 0xFF, 0xFF, 0xFF, 0x01,
    0x00, 0x00, 0x00, 0x00, 0x00, 0x00, 0x00, 0x00, 0x00, 0x00, 0x00, 0x00, 0x00, 0x00, 0x00, 0x00,
    0x00, 0x00, 0x00, 0x00, 0x00, 0x00, 0x00, 0x00, 0x00, 0x00, 0x00, 0x00, 0x00, 0x00, 0x00, 0x00,
    0x00, 0x00, 0x00, 0x00, 0x00, 0x00, 0x00, 0x00, 0x00, 0x00, 0x00, 0x00, 0x00, 0x00, 0x00, 0x00,
    0x00, 0x00, 0x00, 0x00, 0x00, 0x00, 0x00, 0x00, 0x00, 0x00, 0x00, 0x00, 0x00, 0x00, 0x00, 0x00,
    0x00, 0x00, 0x00, 0x00, 0x00, 0x00, 0x00, 0x00, 0x00, 0x00, 0x00, 0x00, 0x00, 0x00, 0x00, 0x00,
    0x00, 0x00, 0x00, 0x00, 0x00, 0x00, 0x00, 0x00, 0x00, 0x00, 0x00, 0x00, 0xFF, 0xAA, 0xAA, 0x03,
    0xFF, 0x7F, 0x7F, 0x02, 0x00, 0x00, 0x00, 0x00, 0x00, 0x00, 0x00, 0x00, 0x00, 0x00, 0x00, 0x00,
    0x00, 0x00, 0x00, 0x00, 0x00, 0x00, 0x00, 0x00, 0x00, 0x00, 0x00, 0x00, 0x00, 0x00, 0x00, 0x00,
    0x00, 0x00, 0x00, 0x00, 0x00, 0x00, 0x00, 0x00, 0x00, 0x00, 0x00, 0x00, 0x00, 0x00, 0x00, 0x00,
    0x00, 0x00, 0x00, 0x00, 0x00, 0x00, 0x00, 0x00, 0x00, 0x00, 0x00, 0x00, 0x00, 0x00, 0x00, 0x00,
    0x00, 0x00, 0x00, 0x00, 0x00, 0x00, 0x00, 0x00, 0x00, 0x00, 0x00, 0x00, 0x00, 0x00, 0x00, 0x00,
    0x00, 0x00, 0x00, 0x00, 0x00, 0x00, 0x00, 0x00, 0x00, 0x00, 0x00, 0x00, 0x00, 0x00, 0x00, 0x00,
    0x00, 0x00, 0x00, 0x00, 0x00, 0x00, 0x00, 0x00, 0x00, 0x00, 0x00, 0x00, 0x00, 0x01, 0x00, 0x00,
    0xFF, 0xFF, 0xFF, 0x01, 0xFF, 0xFF, 0xFF, 0x01, 0x00, 0x00, 0x00, 0x00, 0x00, 0x00, 0x00, 0x00,
    0x00, 0x00, 0x00, 0x00, 0x00, 0x00, 0x00, 0x00, 0x00, 0x00, 0x00, 0x00, 0x00, 0x00, 0x00, 0x00,
    0xFF, 0xFF, 0xFF, 0x03, 0xFF, 0xFF, 0xFF, 0x02, 0x00, 0x00, 0x00, 0x00, 0x00, 0x00, 0x00, 0x00,
    0x00, 0x00, 0x00, 0x00, 0x00, 0x00, 0x00, 0x00, 0x00, 0x00, 0x00, 0x00, 0x00, 0x00, 0x00, 0x00,
    0x00, 0x00, 0x00, 0x00, 0x00, 0x00, 0x00, 0x00, 0x00, 0x00, 0x00, 0x00, 0x00, 0x00, 0x00, 0x00,
    0x00, 0x00, 0x00, 0x00, 0x00, 0x00, 0x00, 0x00, 0x00, 0x00, 0x00, 0x00, 0x00, 0x00, 0x00, 0x00,
    0x00, 0x00, 0x00, 0x00, 0x00, 0x00, 0x00, 0x00, 0x00, 0x00, 0x00, 0x00, 0x00, 0x00, 0x00, 0x00,
    0x00, 0x00, 0x00, 0x00, 0x00, 0x00, 0x00, 0x00, 0x00, 0x00, 0x00, 0x00, 0x00, 0x00, 0x00, 0x00,
    0x00, 0x00, 0x00, 0x00, 0x00, 0x00, 0x00, 0x00, 0x00, 0x00, 0x00, 0x00, 0x00, 0x00, 0x00, 0x00,
    0x00, 0x00, 0x00, 0x00, 0xFF, 0x7F, 0x7F, 0x02, 0xFF, 0xFF, 0xFF, 0x03, 0xFF, 0xBF, 0xBF, 0x04,
    0xFF, 0xAA, 0xAA, 0x03, 0xFF, 0xFF, 0xFF, 0x01, 0x00, 0x00, 0x00, 0x00, 0x00, 0x00, 0x00, 0x00,
    0x00, 0x00, 0x00, 0x00, 0xFF, 0x00, 0x00, 0x01, 0xFF, 0x00, 0xFF, 0x01, 0xFF, 0xFF, 0xFF, 0x01,
    0xFF, 0xFF, 0xFF, 0x01, 0xFF, 0xFF, 0xFF, 0x01, 0xFF, 0xFF, 0xFF, 0x01, 0xFF, 0xFF, 0xFF, 0x01,
    0xFF, 0xFF, 0xFF, 0x01, 0xFF, 0xFF, 0xFF, 0x01, 0xFF, 0xFF, 0xFF, 0x01, 0xFF, 0xFF, 0xFF, 0x01,
    0xFF, 0xFF, 0xFF, 0x01, 0xFF, 0xFF, 0xFF, 0x01, 0xFF, 0xFF, 0xFF, 0x01, 0xFF, 0x00, 0xFF, 0x01,
    0xFF, 0x00, 0x00, 0x01, 0x00, 0x00, 0x00, 0x00, 0x00, 0x00, 0x00, 0x00, 0x00, 0x00, 0x00, 0x00,
    0x00, 0x00, 0x00, 0x00, 0x00, 0x00, 0x00, 0x00, 0x00, 0x00, 0x00, 0x00, 0xFF, 0xFF, 0xFF, 0x01,
    0xFF, 0xAA, 0xFF, 0x03, 0xFF, 0xBF, 0xBF, 0x04, 0xFF, 0xAA, 0xAA, 0x03, 0xFF, 0xFF, 0xFF, 0x01,
    0x00, 0x00, 0x00, 0x00, 0x00, 0x00, 0x00, 0x00, 0x00, 0x00, 0x00, 0x00, 0x00, 0x00, 0x00, 0x00,
    0x00, 0x00, 0x00, 0x00, 0x00, 0x00, 0x00, 0x00, 0x00, 0x00, 0x00, 0x00, 0x00, 0x00, 0x00, 0x00,
    0x00, 0x00, 0x00, 0x00, 0x00, 0x00, 0x00, 0x00, 0x00, 0x00, 0x00, 0x00, 0x00, 0x00, 0x00, 0x00,
    0x00, 0x00, 0x00, 0x00, 0x00, 0x00, 0x00, 0x00, 0x00, 0x00, 0x00, 0x00, 0x00, 0x00, 0x00, 0x00,
    0x00, 0x00, 0x00, 0x00, 0x00, 0x00, 0x00, 0x00, 0x00, 0x00, 0x00, 0x00, 0x00, 0x00, 0x00, 0x00,
    0x00, 0x00, 0x00, 0x00, 0x00, 0x00, 0x00, 0x00, 0x00, 0x00, 0x00, 0x00, 0x00, 0x00, 0x00, 0x00,
    0x00, 0x00, 0x00, 0x00, 0x00, 0x00, 0x00, 0x00, 0x00, 0x00, 0x00, 0x00, 0x00, 0x00, 0x00, 0x00,
    0x00, 0x00, 0x00, 0x00, 0x00, 0x00, 0x00, 0x00, 0x00, 0x00, 0x00, 0x00, 0x00, 0x00, 0x00, 0x00,
    0x00, 0x00, 0x00, 0x00, 0x00, 0x00, 0x00, 0x00, 0x00, 0x00, 0x00, 0x00, 0x00, 0x00, 0x00, 0x00,
    0x00, 0x00, 0x00, 0x00, 0x00, 0x00, 0x00, 0x00, 0x00, 0x00, 0x00, 0x00, 0x00, 0x00, 0x00, 0x00,
    0x00, 0x00, 0x00, 0x00, 0x00, 0x00, 0x00, 0x00, 0x00, 0x00, 0x00, 0x00, 0x00, 0x00, 0x00, 0x00,
    0x00, 0x00, 0x00, 0x00, 0x00, 0x00, 0x00, 0x00, 0x00, 0x00, 0x00, 0x00, 0x00, 0x00, 0x00, 0x00,
    0x00, 0x00, 0x00, 0x00, 0x00, 0x00, 0x00, 0x00, 0x00, 0x00, 0x00, 0x00, 0x00, 0x00, 0x00, 0x00,
    0x00, 0x00, 0x00, 0x00, 0x00, 0x00, 0x00, 0x00, 0x00, 0x00, 0x00, 0x00, 0xFF, 0x00, 0x00, 0x01,
    0xFF, 0x00, 0x00, 0x01, 0xFF, 0x00, 0x00, 0x01, 0x00, 0x00, 0x00, 0x00, 0x00, 0x00, 0x00, 0x00,
    0x00, 0x00, 0x00, 0x00, 0x00, 0x00, 0x00, 0x00, 0x00, 0x00, 0x00, 0x00, 0x00, 0x00, 0x00, 0x00,
    0x00, 0x00, 0x00, 0x00, 0x00, 0x00, 0x00, 0x00, 0x00, 0x00, 0x00, 0x00, 0x00, 0x00, 0x00, 0x00,
    0x00, 0x00, 0x00, 0x00, 0x00, 0x00, 0x00, 0x00, 0x00, 0x00, 0x00, 0x00, 0x00, 0x00, 0x00, 0x00,
    0x00, 0x00, 0x00, 0x00, 0x00, 0x00, 0x00, 0x00, 0x00, 0x00, 0x00, 0x00, 0x00, 0x00, 0x00, 0x00,
    0x00, 0x00, 0x00, 0x00, 0x00, 0x00, 0x00, 0x00, 0x00, 0x00, 0x00, 0x00, 0x00, 0x00, 0x00, 0x00,
    0x00, 0x00, 0x00, 0x00, 0x00, 0x00, 0x00, 0x00, 0x00, 0x00, 0x00, 0x00, 0x00, 0x00, 0x00, 0x00,
    0x00, 0x00, 0x00, 0x00, 0x00, 0x00, 0x00, 0x00, 0x00, 0x00, 0x00, 0x00, 0x00, 0x00, 0x00, 0x00,
    0x00, 0x00, 0x00, 0x00, 0x00, 0x00, 0x00, 0x00, 0x00, 0x00, 0x00, 0x00, 0x00, 0x00, 0x00, 0x00,
    0x00, 0x00, 0x00, 0x00, 0x00, 0x00, 0x00, 0x00, 0x00, 0x00, 0x00, 0x00, 0x00, 0x00, 0x00, 0x00,
    0x00, 0x00, 0x00, 0x00, 0x00, 0x00, 0x00, 0x00, 0x00, 0x00, 0x00, 0x00, 0x00, 0x00, 0x00, 0x00,
    0x00, 0x00, 0x00, 0x00, 0x00, 0x00, 0x00, 0x00, 0x00, 0x00, 0x00, 0x00, 0x00, 0x00, 0x00, 0x00,
    0x00, 0x00, 0x00, 0x00, 0x00, 0x00, 0x00, 0x00, 0x00, 0x00, 0x00, 0x00, 0x00, 0x00, 0x00, 0x00,
    0x00, 0x00, 0x00, 0x00, 0x00, 0x00, 0x00, 0x00, 0x00, 0x00, 0x00, 0x00, 0x00, 0x00, 0x00, 0x00,
    0x00, 0x00, 0x00, 0x00, 0x00, 0x00, 0x00, 0x00, 0x00, 0x00, 0x00, 0x00, 0x00, 0x00, 0x00, 0x00,
    0x00, 0x00, 0x00, 0x00, 0x00, 0x00, 0x00, 0x00, 0x00, 0x00, 0x00, 0x00, 0x00, 0x00, 0x00, 0x00,
    0x00, 0x00, 0x00, 0x00, 0x00, 0x00, 0x00, 0x00, 0x00, 0x00, 0x00, 0x00, 0x00, 0x00, 0x00, 0x00,
    0x00, 0x00, 0x00, 0x00, 0x00, 0x00, 0x00, 0x00, 0x00, 0x00, 0x00, 0x00, 0x00, 0x00, 0x00, 0x00,
    0x00, 0x00, 0x00, 0x00, 0x00, 0x00, 0x00, 0x00, 0x00, 0x00, 0x00, 0x00, 0x00, 0x00, 0x00, 0x00,
    0x00, 0x00, 0x00, 0x00, 0x00, 0x00, 0x00, 0x00, 0x00, 0x00, 0x00, 0x00, 0x00, 0x00, 0x00, 0x00,
    0x00, 0x00, 0x00, 0x00, 0x00, 0x00, 0x00, 0x00, 0x00, 0x00, 0x00, 0x00, 0x00, 0x00, 0x00, 0x00,
    0x00, 0x00, 0x00, 0x00, 0x00, 0x00, 0x00, 0x00, 0x00, 0x00, 0x00, 0x00, 0x00, 0x00, 0x00, 0x00,
};

const lv_image_dsc_t UI_IMG_WMO_OVERCAST_PNG = {
    .header.w     = 64,
    .header.h     = 64,
    .data_size    = sizeof(UI_IMG_WMO_OVERCAST_PNG_DATA),
    .header.cf    = LV_COLOR_FORMAT_ARGB8888,
    .header.magic = LV_IMAGE_HEADER_MAGIC,
    .data         = UI_IMG_WMO_OVERCAST_PNG_DATA};
