// Auto-generated from wx-partly.png — 64x64 ARGB8888
#include "../../ui.h"

#ifndef LV_ATTRIBUTE_MEM_ALIGN
#    define LV_ATTRIBUTE_MEM_ALIGN
#endif

const LV_ATTRIBUTE_MEM_ALIGN uint8_t UI_IMG_WX_PARTLY_PNG_DATA[] = {
    0x00, 0x00, 0x00, 0x00, 0x00, 0x00, 0x00, 0x00, 0x00, 0x00, 0x00, 0x00, 0x00, 0x00, 0x00, 0x00,
    0x00, 0x00, 0x00, 0x00, 0x00, 0x00, 0x00, 0x00, 0x00, 0x00, 0x00, 0x00, 0x00, 0x00, 0x00, 0x00,
    0x00, 0x00, 0x00, 0x00, 0x00, 0x00, 0x00, 0x00, 0x00, 0x00, 0x00, 0x00, 0x00, 0x00, 0x00, 0x00,
    0x00, 0x00, 0x00, 0x00, 0x00, 0x00, 0x00, 0x00, 0x00, 0x00, 0x00, 0x00, 0x00, 0x00, 0x00, 0x00,
    0x00, 0x00, 0x00, 0x00, 0x00, 0x00, 0x00, 0x00, 0x00, 0x00, 0x00, 0x00, 0x00, 0x00, 0x00, 0x00,
    0x00, 0x00, 0x00, 0x00, 0x00, 0x00, 0x00, 0x00, 0x00, 0x00, 0x00, 0x00, 0x00, 0x00, 0x00, 0x00,
    0x00, 0x00, 0x00, 0x00, 0x00, 0x00, 0x00, 0x00, 0x00, 0x00, 0x00, 0x00, 0x00, 0x00, 0x00, 0x00,
    0x00, 0x00, 0x00, 0x00, 0x00, 0x00, 0x00, 0x00, 0x00, 0x00, 0x00, 0x00, 0x00, 0x00, 0x00, 0x00,
    0x00, 0x00, 0x00, 0x00, 0x00, 0x00, 0x00, 0x00, 0x00, 0x00, 0x00, 0x00, 0x00, 0x00, 0x00, 0x00,
    0x00, 0x00, 0x00, 0x00, 0x00, 0x00, 0x00, 0x00, 0x00, 0x00, 0x00, 0x00, 0x00, 0x00, 0x00, 0x00,
    0x00, 0x00, 0x00, 0x00, 0x00, 0x00, 0x00, 0x00, 0x00, 0x00, 0x00, 0x00, 0x00, 0x00, 0x00, 0x00,
    0x00, 0x00, 0x00, 0x00, 0x00, 0x00, 0x00, 0x00, 0x00, 0x00, 0x00, 0x00, 0x00, 0x00, 0x00, 0x00,
    0x00, 0x00, 0x00, 0x00, 0x00, 0x00, 0x00, 0x00, 0x00, 0x00, 0x00, 0x00, 0x00, 0x00, 0x00, 0x00,
    0x00, 0x00, 0x00, 0x00, 0x00, 0x00, 0x00, 0x00, 0x00, 0x00, 0x00, 0x00, 0x00, 0x00, 0x00, 0x00,
    0x00, 0x00, 0x00, 0x00, 0x00, 0x00, 0x00, 0x00, 0x00, 0x00, 0x00, 0x00, 0x00, 0x00, 0x00, 0x00,
    0x00, 0x00, 0x00, 0x00, 0x00, 0x00, 0x00, 0x00, 0x00, 0x00, 0x00, 0x00, 0x00, 0x00, 0x00, 0x00,
    0x00, 0x00, 0x00, 0x00, 0x00, 0x00, 0x00, 0x00, 0x00, 0x00, 0x00, 0x00, 0x00, 0x00, 0x00, 0x00,
    0x00, 0x00, 0x00, 0x00, 0x00, 0x00, 0x00, 0x00, 0x00, 0x00, 0x00, 0x00, 0x00, 0x00, 0x00, 0x00,
    0x00, 0x00, 0x00, 0x00, 0x00, 0x00, 0x00, 0x00, 0x00, 0x00, 0x00, 0x00, 0x00, 0x00, 0x00, 0x00,
    0x00, 0x00, 0x00, 0x00, 0x00, 0x00, 0x00, 0x00, 0x00, 0x00, 0x00, 0x00, 0x00, 0x00, 0x00, 0x00,
    0x00, 0x00, 0x00, 0x00, 0x00, 0x00, 0x00, 0x00, 0x00, 0x00, 0x00, 0x00, 0x00, 0x00, 0x00, 0x00,
    0x00, 0x00, 0x00, 0x00, 0x00, 0x00, 0x00, 0x00, 0x00, 0x00, 0x00, 0x00, 0x00, 0x00, 0x00, 0x00,
    0x00, 0x00, 0x00, 0x00, 0x00, 0x00, 0x00, 0x00, 0x00, 0x00, 0x00, 0x00, 0x00, 0x00, 0x00, 0x00,
    0x00, 0x00, 0x00, 0x00, 0x00, 0x00, 0x00, 0x00, 0x00, 0x00, 0x00, 0x00, 0x00, 0x00, 0x00, 0x00,
    0x00, 0x00, 0x00, 0x00, 0x00, 0x00, 0x00, 0x00, 0x00, 0x00, 0x00, 0x00, 0x00, 0x00, 0x00, 0x00,
    0x00, 0x00, 0x00, 0x00, 0x00, 0x00, 0x00, 0x00, 0x00, 0x00, 0x00, 0x00, 0x00, 0x00, 0x00, 0x00,
    0x00, 0x00, 0x00, 0x00, 0x00, 0x00, 0x00, 0x00, 0x00, 0x00, 0x00, 0x00, 0x00, 0x00, 0x00, 0x00,
    0x00, 0x00, 0x00, 0x00, 0x00, 0x00, 0x00, 0x00, 0x00, 0x00, 0x00, 0x00, 0x00, 0x00, 0x00, 0x00,
    0x00, 0x00, 0x00, 0x00, 0x00, 0x00, 0x00, 0x00, 0x00, 0x00, 0x00, 0x00, 0x00, 0x00, 0x00, 0x00,
    0x00, 0x00, 0x00, 0x00, 0x00, 0x00, 0x00, 0x00, 0x00, 0x00, 0x00, 0x00, 0x00, 0x00, 0x00, 0x00,
    0x00, 0x00, 0x00, 0x00, 0x00, 0x00, 0x00, 0x00, 0x00, 0x00, 0x00, 0x00, 0x00, 0x00, 0x00, 0x00,
    0x00, 0x00, 0x00, 0x00, 0x00, 0x00, 0x00, 0x00, 0x00, 0x00, 0x00, 0x00, 0x00, 0x00, 0x00, 0x00,
    0x00, 0x00, 0x00, 0x00, 0x00, 0x00, 0x00, 0x00, 0x00, 0x00, 0x00, 0x00, 0x00, 0x00, 0x00, 0x00,
    0x00, 0x00, 0x00, 0x00, 0x00, 0x00, 0x00, 0x00, 0x00, 0x00, 0x00, 0x00, 0x00, 0x00, 0x00, 0x00,
    0x00, 0x00, 0x00, 0x00, 0x00, 0x00, 0x00, 0x00, 0x00, 0x00, 0x00, 0x00, 0x00, 0x00, 0x00, 0x00,
    0x00, 0x00, 0x00, 0x00, 0x00, 0x00, 0x00, 0x00, 0x00, 0x00, 0x00, 0x00, 0x00, 0x00, 0x00, 0x00,
    0x00, 0x00, 0x00, 0x00, 0x00, 0x00, 0x00, 0x00, 0x00, 0x00, 0x00, 0x00, 0x00, 0x00, 0x00, 0x00,
    0x00, 0x00, 0x00, 0x00, 0x00, 0x00, 0x00, 0x00, 0x00, 0x00, 0x00, 0x00, 0x00, 0x00, 0x00, 0x00,
    0x00, 0x00, 0x00, 0x00, 0x00, 0x00, 0x00, 0x00, 0x00, 0x00, 0x00, 0x00, 0x00, 0x00, 0x00, 0x00,
    0x00, 0x00, 0x00, 0x00, 0x00, 0x00, 0x00, 0x00, 0x00, 0x00, 0x00, 0x00, 0x00, 0x00, 0x00, 0x00,
    0x00, 0x00, 0x00, 0x00, 0x00, 0x00, 0x00, 0x00, 0x00, 0x00, 0x00, 0x00, 0x00, 0x00, 0x00, 0x00,
    0x00, 0x00, 0x00, 0x00, 0x00, 0x00, 0x00, 0x00, 0x00, 0x00, 0x00, 0x00, 0x00, 0x00, 0x00, 0x00,
    0x00, 0x00, 0x00, 0x00, 0x00, 0x00, 0x00, 0x00, 0x00, 0x00, 0x00, 0x00, 0x00, 0x00, 0x00, 0x00,
    0x00, 0x00, 0x00, 0x00, 0x00, 0x00, 0x00, 0x00, 0x00, 0x00, 0x00, 0x00, 0x00, 0x00, 0x00, 0x00,
    0x00, 0x00, 0x00, 0x00, 0x00, 0x00, 0x00, 0x00, 0x00, 0x00, 0x00, 0x00, 0x00, 0x00, 0x00, 0x00,
    0x00, 0x00, 0x00, 0x00, 0x00, 0x00, 0x00, 0x00, 0x00, 0x00, 0x00, 0x00, 0x00, 0x00, 0x00, 0x00,
    0x00, 0x00, 0x00, 0x00, 0x00, 0x00, 0x00, 0x00, 0x00, 0x00, 0x00, 0x00, 0x00, 0x00, 0x00, 0x00,
    0x00, 0x00, 0x00, 0x00, 0x00, 0x00, 0x00, 0x00, 0x00, 0x00, 0x00, 0x00, 0x00, 0x00, 0x00, 0x00,
    0x00, 0x00, 0x00, 0x00, 0x00, 0x00, 0x00, 0x00, 0x00, 0x00, 0x00, 0x00, 0x00, 0x00, 0x00, 0x00,
    0x00, 0x00, 0x00, 0x00, 0x00, 0x00, 0x00, 0x00, 0x00, 0x00, 0x00, 0x00, 0x00, 0x00, 0x00, 0x00,
    0x00, 0x00, 0x00, 0x00, 0x00, 0x00, 0x00, 0x00, 0x00, 0x00, 0x00, 0x00, 0x00, 0x00, 0x00, 0x00,
    0x00, 0x00, 0x00, 0x00, 0x00, 0x00, 0x00, 0x00, 0x00, 0x00, 0x00, 0x00, 0x00, 0x00, 0x00, 0x00,
    0x00, 0x00, 0x00, 0x00, 0x00, 0x00, 0x00, 0x00, 0x00, 0x00, 0x00, 0x00, 0x00, 0x00, 0x00, 0x00,
    0x00, 0x00, 0x00, 0x00, 0x00, 0x00, 0x00, 0x00, 0x00, 0x00, 0x00, 0x00, 0x00, 0x00, 0x00, 0x00,
    0x00, 0x00, 0x00, 0x00, 0x00, 0x00, 0x00, 0x00, 0x00, 0x00, 0x00, 0x00, 0x00, 0x00, 0x00, 0x00,
    0x00, 0x00, 0x00, 0x00, 0x00, 0x00, 0x00, 0x00, 0x00, 0x00, 0x00, 0x00, 0x00, 0x00, 0x00, 0x00,
    0x00, 0x00, 0x00, 0x00, 0x00, 0x00, 0x00, 0x00, 0x00, 0x00, 0x00, 0x00, 0x00, 0x00, 0x00, 0x00,
    0x00, 0x00, 0x00, 0x00, 0x00, 0x00, 0x00, 0x00, 0x00, 0x00, 0x00, 0x00, 0x00, 0x00, 0x00, 0x00,
    0x00, 0x00, 0x00, 0x00, 0x00, 0x00, 0x00, 0x00, 0x00, 0x00, 0x00, 0x00, 0x00, 0x00, 0x00, 0x00,
    0x00, 0x00, 0x00, 0x00, 0x00, 0x00, 0x00, 0x00, 0x00, 0x00, 0x00, 0x00, 0x00, 0x00, 0x00, 0x00,
    0x00, 0x00, 0x00, 0x00, 0x00, 0x00, 0x00, 0x00, 0x00, 0x00, 0x00, 0x00, 0x00, 0x00, 0x00, 0x00,
    0x00, 0x00, 0x00, 0x00, 0x00, 0x00, 0x00, 0x00, 0x00, 0x00, 0x00, 0x00, 0x00, 0x00, 0x00, 0x00,
    0x00, 0x00, 0x00, 0x00, 0x00, 0x00, 0x00, 0x00, 0x00, 0x00, 0x00, 0x00, 0x00, 0x00, 0x00, 0x00,
    0x00, 0x00, 0x00, 0x00, 0x00, 0x00, 0x00, 0x00, 0x00, 0x00, 0x00, 0x00, 0x00, 0x00, 0x00, 0x00,
    0x00, 0x00, 0x00, 0x00, 0x00, 0x00, 0x00, 0x00, 0x00, 0x00, 0x00, 0x00, 0x00, 0x00, 0x00, 0x00,
    0x00, 0x00, 0x00, 0x00, 0x00, 0x00, 0x00, 0x00, 0x00, 0x00, 0x00, 0x00, 0x00, 0x00, 0x00, 0x00,
    0x00, 0x00, 0x00, 0x00, 0x00, 0x00, 0x00, 0x00, 0x00, 0x00, 0x00, 0x00, 0x00, 0x00, 0x00, 0x00,
    0x00, 0x00, 0x00, 0x00, 0x00, 0x00, 0x00, 0x00, 0x00, 0x00, 0x00, 0x00, 0x00, 0x00, 0x00, 0x00,
    0x00, 0x00, 0x00, 0x00, 0x00, 0x00, 0x00, 0x00, 0x00, 0x00, 0x00, 0x00, 0x00, 0x00, 0x00, 0x00,
    0x00, 0x00, 0x00, 0x00, 0x00, 0x00, 0x00, 0x00, 0x00, 0x00, 0x00, 0x00, 0x00, 0x00, 0x00, 0x00,
    0x00, 0x00, 0x00, 0x00, 0x00, 0x00, 0x00, 0x00, 0x00, 0x00, 0x00, 0x00, 0x00, 0x00, 0x00, 0x00,
    0x00, 0x00, 0x00, 0x00, 0x00, 0x00, 0x00, 0x00, 0x00, 0x00, 0x00, 0x00, 0x00, 0x00, 0x00, 0x00,
    0x00, 0x00, 0x00, 0x00, 0x00, 0x00, 0x00, 0x00, 0x00, 0x00, 0x00, 0x00, 0x00, 0x00, 0x00, 0x00,
    0x00, 0x00, 0x00, 0x00, 0x00, 0x00, 0x00, 0x00, 0x00, 0x00, 0x00, 0x00, 0x00, 0x00, 0x00, 0x00,
    0x00, 0x00, 0x00, 0x00, 0x00, 0x00, 0x00, 0x00, 0x00, 0x00, 0x00, 0x00, 0x00, 0x00, 0x00, 0x00,
    0x00, 0x00, 0x00, 0x00, 0x00, 0x00, 0x00, 0x00, 0x00, 0x00, 0x00, 0x00, 0x00, 0x00, 0x00, 0x00,
    0x00, 0x00, 0x00, 0x00, 0x00, 0x00, 0x00, 0x00, 0x00, 0x00, 0x00, 0x00, 0x00, 0x00, 0x00, 0x00,
    0x00, 0x00, 0x00, 0x00, 0x00, 0x00, 0x00, 0x00, 0x00, 0x00, 0x00, 0x00, 0x00, 0x00, 0x00, 0x00,
    0x00, 0x00, 0x00, 0x00, 0x00, 0x00, 0x00, 0x00, 0x00, 0x00, 0x00, 0x00, 0x00, 0x00, 0x00, 0x00,
    0x00, 0x00, 0x00, 0x00, 0x00, 0x00, 0x00, 0x00, 0x00, 0x00, 0x00, 0x00, 0x00, 0x00, 0x00, 0x00,
    0x00, 0x00, 0x00, 0x00, 0x00, 0x00, 0x00, 0x00, 0x00, 0x00, 0x00, 0x00, 0x00, 0x00, 0x00, 0x00,
    0x00, 0x00, 0x00, 0x00, 0x00, 0x00, 0x00, 0x00, 0x00, 0x00, 0x00, 0x00, 0x00, 0x00, 0x00, 0x00,
    0x00, 0x00, 0x00, 0x00, 0x00, 0x00, 0x00, 0x00, 0x00, 0x00, 0x00, 0x00, 0x00, 0x00, 0x00, 0x00,
    0x00, 0x00, 0x00, 0x00, 0x00, 0x00, 0x00, 0x00, 0x00, 0x00, 0x00, 0x00, 0x00, 0x00, 0x00, 0x00,
    0x00, 0x00, 0x00, 0x00, 0x00, 0x00, 0x00, 0x00, 0x00, 0x00, 0x00, 0x00, 0x00, 0x00, 0x00, 0x00,
    0x00, 0x00, 0x00, 0x00, 0x00, 0x00, 0x00, 0x00, 0x00, 0x00, 0x00, 0x00, 0x00, 0xFF, 0xFF, 0x01,
    0x00, 0x00, 0x00, 0x00, 0x00, 0x00, 0x00, 0x00, 0x00, 0x00, 0x00, 0x00, 0x00, 0x00, 0x00, 0x00,
    0x00, 0x00, 0x00, 0x00, 0x00, 0x00, 0x00, 0x00, 0x00, 0x00, 0x00, 0x00, 0x00, 0x00, 0x00, 0x00,
    0x00, 0x00, 0x00, 0x00, 0x00, 0x00, 0x00, 0x00, 0x00, 0x00, 0x00, 0x00, 0x00, 0x00, 0x00, 0x00,
    0x00, 0x00, 0x00, 0x00, 0x00, 0x00, 0x00, 0x00, 0x00, 0x00, 0x00, 0x00, 0x00, 0x00, 0x00, 0x00,
    0x00, 0x00, 0x00, 0x00, 0x00, 0x00, 0x00, 0x00, 0x00, 0x00, 0x00, 0x00, 0x00, 0x00, 0x00, 0x00,
    0x00, 0x00, 0x00, 0x00, 0x00, 0x00, 0x00, 0x00, 0x00, 0x00, 0x00, 0x00, 0x00, 0x00, 0x00, 0x00,
    0x00, 0x00, 0x00, 0x00, 0x00, 0x00, 0x00, 0x00, 0x00, 0x00, 0x00, 0x00, 0x00, 0x00, 0x00, 0x00,
    0x00, 0x00, 0x00, 0x00, 0x00, 0x00, 0x00, 0x00, 0x00, 0x00, 0x00, 0x00, 0x00, 0x00, 0x00, 0x00,
    0x00, 0x00, 0x00, 0x00, 0x00, 0x00, 0x00, 0x00, 0x00, 0x00, 0x00, 0x00, 0x00, 0x00, 0x00, 0x00,
    0x00, 0x00, 0x00, 0x00, 0x00, 0x00, 0x00, 0x00, 0x00, 0x00, 0x00, 0x00, 0x00, 0x00, 0x00, 0x00,
    0x00, 0x00, 0x00, 0x00, 0x00, 0x00, 0x00, 0x00, 0x00, 0x00, 0x00, 0x00, 0x00, 0x00, 0x00, 0x00,
    0x00, 0x00, 0x00, 0x00, 0x00, 0x00, 0x00, 0x00, 0x00, 0x00, 0x00, 0x00, 0x00, 0x00, 0x00, 0x00,
    0x00, 0x00, 0x00, 0x00, 0x00, 0x00, 0x00, 0x00, 0x00, 0x00, 0x00, 0x00, 0x00, 0x00, 0x00, 0x00,
    0x00, 0x00, 0x00, 0x00, 0x00, 0x00, 0x00, 0x00, 0x00, 0x00, 0x00, 0x00, 0x00, 0x00, 0x00, 0x00,
    0x00, 0x00, 0x00, 0x00, 0x00, 0x00, 0x00, 0x00, 0x00, 0x00, 0x00, 0x00, 0x00, 0x00, 0x00, 0x00,
    0x00, 0x00, 0xFF, 0x01, 0x3F, 0x7F, 0xBF, 0x04, 0x00, 0x00, 0x00, 0x00, 0x00, 0x00, 0x00, 0x00,
    0x00, 0x00, 0x00, 0x00, 0x3F, 0x7F, 0xFF, 0x04, 0x00, 0xFF, 0xFF, 0x01, 0x00, 0x00, 0x00, 0x00,
    0x00, 0x00, 0x00, 0x00, 0x00, 0x00, 0x00, 0x00, 0x00, 0x00, 0x00, 0x00, 0x00, 0x00, 0x00, 0x00,
    0x00, 0x00, 0x00, 0x00, 0x00, 0x00, 0x00, 0x00, 0x00, 0x00, 0x00, 0x00, 0x00, 0x00, 0x00, 0x00,
    0x00, 0x00, 0x00, 0x00, 0x00, 0x00, 0x00, 0x00, 0x00, 0x00, 0x00, 0x00, 0x00, 0x00, 0x00, 0x00,
    0x00, 0x00, 0x00, 0x00, 0x00, 0x00, 0x00, 0x00, 0x00, 0x00, 0x00, 0x00, 0x00, 0x00, 0x00, 0x00,
    0x00, 0x00, 0x00, 0x00, 0x00, 0x00, 0x00, 0x00, 0x00, 0x00, 0x00, 0x00, 0x00, 0x00, 0x00, 0x00,
    0x00, 0x00, 0x00, 0x00, 0x00, 0x00, 0x00, 0x00, 0x00, 0x00, 0x00, 0x00, 0x00, 0x00, 0x00, 0x00,
    0x00, 0x00, 0x00, 0x00, 0x00, 0x00, 0x00, 0x00, 0x00, 0x00, 0x00, 0x00, 0x00, 0x00, 0x00, 0x00,
    0x00, 0x00, 0x00, 0x00, 0x00, 0x00, 0x00, 0x00, 0x00, 0x00, 0x00, 0x00, 0x00, 0x00, 0x00, 0x00,
    0x00, 0x00, 0x00, 0x00, 0x00, 0x00, 0x00, 0x00, 0x00, 0x00, 0x00, 0x00, 0x00, 0x00, 0x00, 0x00,
    0x00, 0x00, 0x00, 0x00, 0x00, 0x00, 0x00, 0x00, 0x00, 0x00, 0x00, 0x00, 0x00, 0x00, 0x00, 0x00,
    0x00, 0x00, 0x00, 0x00, 0x00, 0x00, 0x00, 0x00, 0x00, 0x00, 0x00, 0x00, 0x00, 0x00, 0x00, 0x00,
    0x00, 0x00, 0x00, 0x00, 0x00, 0x00, 0x00, 0x00, 0x00, 0x00, 0x00, 0x00, 0x00, 0x00, 0x00, 0x00,
    0x00, 0x00, 0x00, 0x00, 0x00, 0x00, 0x00, 0x00, 0x00, 0x00, 0x00, 0x00, 0x00, 0x00, 0x00, 0x00,
    0x00, 0x00, 0x00, 0x00, 0x00, 0x00, 0x00, 0x00, 0x00, 0x00, 0x00, 0x00, 0x00, 0x00, 0xFF, 0x01,
    0x00, 0x00, 0x00, 0x00, 0x00, 0x00, 0x00, 0x00, 0x01, 0x00, 0x00, 0x00, 0x4E, 0x89, 0xEB, 0x0D,
    0x00, 0x00, 0x00, 0x00, 0x00, 0x00, 0x00, 0x00, 0x00, 0x00, 0x00, 0x00, 0x00, 0xFF, 0xFF, 0x01,
    0x00, 0x00, 0x00, 0x00, 0x00, 0x00, 0x00, 0x00, 0x00, 0x00, 0x00, 0x00, 0x00, 0x00, 0x00, 0x00,
    0x00, 0x00, 0x00, 0x00, 0x00, 0x00, 0x00, 0x00, 0x00, 0x00, 0x00, 0x00, 0x00, 0x00, 0x00, 0x00,
    0x00, 0x00, 0x00, 0x00, 0x00, 0x00, 0x00, 0x00, 0x00, 0x00, 0x00, 0x00, 0x00, 0x00, 0x00, 0x00,
    0x00, 0x00, 0x00, 0x00, 0x00, 0x00, 0x00, 0x00, 0x00, 0x00, 0x00, 0x00, 0x00, 0x00, 0x00, 0x00,
    0x00, 0x00, 0x00, 0x00, 0x00, 0x00, 0x00, 0x00, 0x00, 0x00, 0x00, 0x00, 0x00, 0x00, 0x00, 0x00,
    0x00, 0x00, 0x00, 0x00, 0x00, 0x00, 0x00, 0x00, 0x00, 0x00, 0x00, 0x00, 0x00, 0x00, 0x00, 0x00,
    0x00, 0x00, 0x00, 0x00, 0x00, 0x00, 0x00, 0x00, 0x00, 0x00, 0x00, 0x00, 0x00, 0x00, 0x00, 0x00,
    0x00, 0x00, 0x00, 0x00, 0x00, 0x00, 0x00, 0x00, 0x00, 0x00, 0x00, 0x00, 0x00, 0x00, 0x00, 0x00,
    0x00, 0x00, 0x00, 0x00, 0x00, 0x00, 0x00, 0x00, 0x00, 0x00, 0x00, 0x00, 0x00, 0x00, 0x00, 0x00,
    0x00, 0x00, 0x00, 0x00, 0x00, 0x00, 0x00, 0x00, 0x00, 0x00, 0x00, 0x00, 0x00, 0x00, 0x00, 0x00,
    0x00, 0x00, 0x00, 0x00, 0x00, 0x00, 0x00, 0x00, 0x00, 0x00, 0x00, 0x00, 0x00, 0x00, 0x00, 0x00,
    0x00, 0x00, 0x00, 0x00, 0x00, 0x00, 0x00, 0x00, 0x00, 0x00, 0x00, 0x00, 0x00, 0x00, 0x00, 0x00,
    0x00, 0x00, 0x00, 0x00, 0x00, 0x00, 0xFF, 0x01, 0x00, 0xFF, 0xFF, 0x01, 0x00, 0x00, 0xFF, 0x01,
    0x00, 0x00, 0x00, 0x00, 0x00, 0x00, 0x00, 0x00, 0x00, 0xFF, 0xFF, 0x01, 0x00, 0x00, 0x00, 0x00,
    0x3F, 0x7F, 0xD4, 0x0C, 0x2E, 0x84, 0xE6, 0x7F, 0x2A, 0x89, 0xF1, 0xCE, 0x2C, 0x8D, 0xFA, 0xE6,
    0x33, 0x97, 0xFF, 0xCC, 0x3A, 0x9A, 0xFF, 0x7A, 0x4C, 0x7F, 0xFF, 0x0A, 0x00, 0x00, 0x00, 0x00,
    0x7F, 0x7F, 0xFF, 0x02, 0x00, 0x00, 0x00, 0x00, 0x00, 0x00, 0x00, 0x00, 0x00, 0x00, 0x00, 0x00,
    0x00, 0x00, 0x00, 0x00, 0x00, 0x00, 0x00, 0x00, 0x00, 0x00, 0x00, 0x00, 0x00, 0x00, 0x00, 0x00,
    0x00, 0x00, 0x00, 0x00, 0x00, 0x00, 0x00, 0x00, 0x00, 0x00, 0x00, 0x00, 0x00, 0x00, 0x00, 0x00,
    0x00, 0x00, 0x00, 0x00, 0x00, 0x00, 0x00, 0x00, 0x00, 0x00, 0x00, 0x00, 0x00, 0x00, 0x00, 0x00,
    0x00, 0x00, 0x00, 0x00, 0x00, 0x00, 0x00, 0x00, 0x00, 0x00, 0x00, 0x00, 0x00, 0x00, 0x00, 0x00,
    0x00, 0x00, 0x00, 0x00, 0x00, 0x00, 0x00, 0x00, 0x00, 0x00, 0x00, 0x00, 0x00, 0x00, 0x00, 0x00,
    0x00, 0x00, 0x00, 0x00, 0x00, 0x00, 0x00, 0x00, 0x00, 0x00, 0x00, 0x00, 0x00, 0x00, 0x00, 0x00,
    0x00, 0x00, 0x00, 0x00, 0x00, 0x00, 0x00, 0x00, 0x00, 0x00, 0x00, 0x00, 0x00, 0x00, 0x00, 0x00,
    0x00, 0x00, 0x00, 0x00, 0x00, 0x00, 0x00, 0x00, 0x00, 0x00, 0x00, 0x00, 0x00, 0x00, 0x00, 0x00,
    0x00, 0x00, 0x00, 0x00, 0x00, 0x00, 0x00, 0x00, 0x00, 0x00, 0x00, 0x00, 0x00, 0x00, 0x00, 0x00,
    0x00, 0x00, 0x00, 0x00, 0x00, 0x00, 0x00, 0x00, 0x00, 0x00, 0x00, 0x00, 0x00, 0x00, 0x00, 0x00,
    0x00, 0x00, 0x00, 0x00, 0x00, 0x00, 0x00, 0x00, 0x00, 0x00, 0x00, 0x00, 0x00, 0xFF, 0xFF, 0x01,
    0x00, 0xAA, 0xFF, 0x03, 0x00, 0x00, 0x00, 0x00, 0x00, 0x00, 0x00, 0x00, 0x00, 0x00, 0x00, 0x00,
    0x3F, 0x7F, 0xFF, 0x04, 0x3F, 0x7F, 0xFF, 0x04, 0x00, 0x7F, 0xBF, 0x04, 0x4C, 0x7F, 0xE5, 0x0A,
    0x26, 0x7C, 0xDC, 0xC7, 0x23, 0x8C, 0xFB, 0xFF, 0x22, 0x8D, 0xFE, 0xFF, 0x28, 0x93, 0xFF, 0xFF,
    0x32, 0x9D, 0xFF, 0xFF, 0x3C, 0xA9, 0xFF, 0xFF, 0x41, 0xA1, 0xFF, 0xCC, 0x44, 0x93, 0xFF, 0x1A,
    0x00, 0x00, 0x00, 0x00, 0x33, 0x99, 0xFF, 0x05, 0x00, 0x55, 0xFF, 0x03, 0x3F, 0x7F, 0xFF, 0x04,
    0x00, 0xAA, 0xFF, 0x03, 0x3F, 0x7F, 0xFF, 0x04, 0x55, 0xAA, 0xFF, 0x03, 0x00, 0x00, 0x00, 0x00,
    0x00, 0x00, 0x00, 0x00, 0x00, 0x00, 0x00, 0x00, 0x00, 0x00, 0x00, 0x00, 0x00, 0x00, 0x00, 0x00,
    0x00, 0x00, 0x00, 0x00, 0x00, 0x00, 0x00, 0x00, 0x00, 0x00, 0x00, 0x00, 0x00, 0x00, 0x00, 0x00,
    0x00, 0x00, 0x00, 0x00, 0x00, 0x00, 0x00, 0x00, 0x00, 0x00, 0x00, 0x00, 0x00, 0x00, 0x00, 0x00,
    0x00, 0x00, 0x00, 0x00, 0x00, 0x00, 0x00, 0x00, 0x00, 0x00, 0x00, 0x00, 0x00, 0x00, 0x00, 0x00,
    0x00, 0x00, 0x00, 0x00, 0x00, 0x00, 0x00, 0x00, 0x00, 0x00, 0x00, 0x00, 0x00, 0x00, 0x00, 0x00,
    0x00, 0x00, 0x00, 0x00, 0x00, 0x00, 0x00, 0x00, 0x00, 0x00, 0x00, 0x00, 0x00, 0x00, 0x00, 0x00,
    0x00, 0x00, 0x00, 0x00, 0x00, 0x00, 0x00, 0x00, 0x00, 0x00, 0x00, 0x00, 0x00, 0x00, 0x00, 0x00,
    0x00, 0x00, 0x00, 0x00, 0x00, 0x00, 0x00, 0x00, 0x00, 0x00, 0x00, 0x00, 0x00, 0x00, 0x00, 0x00,
    0x00, 0x00, 0x00, 0x00, 0x00, 0x00, 0x00, 0x00, 0x00, 0x00, 0x00, 0x00, 0x00, 0x00, 0x00, 0x00,
    0x00, 0x00, 0x00, 0x00, 0x00, 0x00, 0x00, 0x00, 0x00, 0x7F, 0x7F, 0x02, 0x00, 0x00, 0x00, 0x00,
    0x00, 0x00, 0x00, 0x00, 0x5F, 0x7F, 0xDF, 0x08, 0x45, 0x96, 0xF3, 0x16, 0xFF, 0x00, 0xFF, 0x01,
    0x00, 0x00, 0x00, 0x00, 0x00, 0x00, 0x00, 0x00, 0x00, 0x00, 0x00, 0x00, 0x29, 0x78, 0xD9, 0x9B,
    0x20, 0x85, 0xF1, 0xFF, 0x1A, 0x80, 0xE8, 0xF9, 0x22, 0x89, 0xF5, 0xFD, 0x2B, 0x91, 0xFF, 0xFE,
    0x32, 0x98, 0xFF, 0xFD, 0x38, 0x9D, 0xFF, 0xF9, 0x42, 0xAC, 0xFF, 0xFF, 0x43, 0xA2, 0xFF, 0xCD,
    0x48, 0x91, 0xFF, 0x0E, 0x00, 0x00, 0x00, 0x00, 0x00, 0x00, 0x00, 0x00, 0x00, 0x00, 0x00, 0x00,
    0x00, 0x00, 0x00, 0x00, 0x00, 0x00, 0x00, 0x00, 0x00, 0x00, 0x00, 0x00, 0x00, 0xFF, 0xFF, 0x01,
    0x00, 0xFF, 0xFF, 0x01, 0x00, 0x00, 0x00, 0x00, 0x00, 0x00, 0x00, 0x00, 0x00, 0x00, 0x00, 0x00,
    0x00, 0x00, 0x00, 0x00, 0x00, 0x00, 0x00, 0x00, 0x00, 0x00, 0x00, 0x00, 0x00, 0x00, 0x00, 0x00,
    0x00, 0x00, 0x00, 0x00, 0x00, 0x00, 0x00, 0x00, 0x00, 0x00, 0x00, 0x00, 0x00, 0x00, 0x00, 0x00,
    0x00, 0x00, 0x00, 0x00, 0x00, 0x00, 0x00, 0x00, 0x00, 0x00, 0x00, 0x00, 0x00, 0x00, 0x00, 0x00,
    0x00, 0x00, 0x00, 0x00, 0x00, 0x00, 0x00, 0x00, 0x00, 0x00, 0x00, 0x00, 0x00, 0x00, 0x00, 0x00,
    0x00, 0x00, 0x00, 0x00, 0x00, 0x00, 0x00, 0x00, 0x00, 0x00, 0x00, 0x00, 0x00, 0x00, 0x00, 0x00,
    0x00, 0x00, 0x00, 0x00, 0x00, 0x00, 0x00, 0x00, 0x00, 0x00, 0x00, 0x00, 0x00, 0x00, 0x00, 0x00,
    0x00, 0x00, 0x00, 0x00, 0x00, 0x00, 0x00, 0x00, 0x00, 0x00, 0x00, 0x00, 0x00, 0x00, 0x00, 0x00,
    0x00, 0x00, 0x00, 0x00, 0x00, 0x00, 0x00, 0x00, 0x00, 0x00, 0x00, 0x00, 0x00, 0x00, 0x00, 0x00,
    0x00, 0x00, 0x00, 0x00, 0x00, 0xFF, 0xFF, 0x01, 0x00, 0x00, 0x00, 0x00, 0x43, 0x78, 0xD6, 0x13,
    0x2B, 0x83, 0xE9, 0x91, 0x29, 0x89, 0xF3, 0xDE, 0x2A, 0x8F, 0xFB, 0xF0, 0x31, 0x93, 0xFD, 0xD4,
    0x34, 0x8F, 0xFD, 0x8E, 0x30, 0x87, 0xF2, 0x4F, 0x26, 0x7E, 0xDF, 0x91, 0x1E, 0x7E, 0xE8, 0xFF,
    0x17, 0x78, 0xE3, 0xFC, 0x1A, 0x7C, 0xEB, 0xFF, 0x20, 0x82, 0xF7, 0xFF, 0x29, 0x8B, 0xFF, 0xFF,
    0x31, 0x93, 0xFF, 0xFF, 0x37, 0x9A, 0xFF, 0xFF, 0x39, 0x9D, 0xFF, 0xFB, 0x42, 0xAA, 0xFF, 0xFF,
    0x3F, 0xA0, 0xFF, 0xCA, 0x38, 0x98, 0xFB, 0x48, 0x32, 0x88, 0xF0, 0x47, 0x2E, 0x87, 0xEE, 0x7E,
    0x2F, 0x8D, 0xF8, 0xA2, 0x33, 0x95, 0xFF, 0x8A, 0x3D, 0x98, 0xFF, 0x3E, 0x00, 0x00, 0x00, 0x00,
    0x00, 0x00, 0x00, 0x00, 0x00, 0xFF, 0xFF, 0x01, 0x00, 0x00, 0x00, 0x00, 0x00, 0x00, 0x00, 0x00,
    0x00, 0x00, 0x00, 0x00, 0x00, 0x00, 0x00, 0x00, 0x00, 0x00, 0x00, 0x00, 0x00, 0x00, 0x00, 0x00,
    0x00, 0x00, 0x00, 0x00, 0x00, 0x00, 0x00, 0x00, 0x00, 0x00, 0x00, 0x00, 0x00, 0x00, 0x00, 0x00,
    0x00, 0x00, 0x00, 0x00, 0x00, 0x00, 0x00, 0x00, 0x00, 0x00, 0x00, 0x00, 0x00, 0x00, 0x00, 0x00,
    0x00, 0x00, 0x00, 0x00, 0x00, 0x00, 0x00, 0x00, 0x00, 0x00, 0x00, 0x00, 0x00, 0x00, 0x00, 0x00,
    0x00, 0x00, 0x00, 0x00, 0x00, 0x00, 0x00, 0x00, 0x00, 0x00, 0x00, 0x00, 0x00, 0x00, 0x00, 0x00,
    0x00, 0x00, 0x00, 0x00, 0x00, 0x00, 0x00, 0x00, 0x00, 0x00, 0x00, 0x00, 0x00, 0x00, 0x00, 0x00,
    0x00, 0x00, 0x00, 0x00, 0x00, 0x00, 0x00, 0x00, 0x00, 0x00, 0x00, 0x00, 0x00, 0x00, 0x00, 0x00,
    0x00, 0x00, 0x00, 0x00, 0x00, 0x00, 0x00, 0x00, 0x00, 0x00, 0x00, 0x00, 0x00, 0x00, 0x00, 0x00,
    0x00, 0x7F, 0x7F, 0x02, 0x00, 0xFF, 0xFF, 0x01, 0x38, 0x7A, 0xCF, 0x1B, 0x26, 0x7E, 0xE0, 0xD6,
    0x23, 0x8C, 0xFC, 0xFF, 0x21, 0x8B, 0xFB, 0xFF, 0x28, 0x91, 0xFF, 0xFF, 0x30, 0x9A, 0xFF, 0xFF,
    0x33, 0x9E, 0xFF, 0xFF, 0x2D, 0x94, 0xFF, 0xFF, 0x22, 0x88, 0xFF, 0xFF, 0x17, 0x7B, 0xE6, 0xFE,
    0x1A, 0x83, 0xE7, 0xFF, 0x1F, 0x8F, 0xEE, 0xFF, 0x24, 0x99, 0xF5, 0xFF, 0x28, 0xA0, 0xFB, 0xFF,
    0x2D, 0xA5, 0xFC, 0xFF, 0x32, 0xA7, 0xFE, 0xFF, 0x35, 0xA5, 0xFF, 0xFF, 0x39, 0xA0, 0xFF, 0xFD,
    0x3A, 0xA1, 0xFF, 0xFF, 0x2A, 0x92, 0xFF, 0xFF, 0x23, 0x8A, 0xFF, 0xFF, 0x26, 0x92, 0xFF, 0xFF,
    0x29, 0x97, 0xFF, 0xFF, 0x32, 0x9F, 0xFF, 0xFF, 0x39, 0xA1, 0xFF, 0xFF, 0x3F, 0x9F, 0xFF, 0xAD,
    0x4B, 0xA5, 0xFF, 0x11, 0x00, 0x00, 0xFF, 0x01, 0x00, 0xFF, 0xFF, 0x01, 0x00, 0x00, 0x00, 0x00,
    0x00, 0x00, 0x00, 0x00, 0x00, 0x00, 0x00, 0x00, 0x00, 0x00, 0x00, 0x00, 0x00, 0x00, 0x00, 0x00,
    0x00, 0x00, 0x00, 0x00, 0x00, 0x00, 0x00, 0x00, 0x00, 0x00, 0x00, 0x00, 0x00, 0x00, 0x00, 0x00,
    0x00, 0x00, 0x00, 0x00, 0x00, 0x00, 0x00, 0x00, 0x00, 0x00, 0x00, 0x00, 0x00, 0x00, 0x00, 0x00,
    0x00, 0x00, 0x00, 0x00, 0x00, 0x00, 0x00, 0x00, 0x00, 0x00, 0x00, 0x00, 0x00, 0x00, 0x00, 0x00,
    0x00, 0x00, 0x00, 0x00, 0x00, 0x00, 0x00, 0x00, 0x00, 0x00, 0x00, 0x00, 0x00, 0x00, 0x00, 0x00,
    0x00, 0x00, 0x00, 0x00, 0x00, 0x00, 0x00, 0x00, 0x00, 0x00, 0x00, 0x00, 0x00, 0x00, 0x00, 0x00,
    0x00, 0x00, 0x00, 0x00, 0x00, 0x00, 0x00, 0x00, 0x00, 0x00, 0x00, 0x00, 0x00, 0x00, 0x00, 0x00,
    0x00, 0x00, 0x00, 0x00, 0x00, 0x00, 0x00, 0x00, 0x00, 0x00, 0x00, 0x00, 0x00, 0x00, 0x00, 0x00,
    0x00, 0x7F, 0xFF, 0x02, 0x00, 0x00, 0x00, 0x00, 0x28, 0x79, 0xD6, 0xAC, 0x20, 0x86, 0xF2, 0xFF,
    0x1C, 0x81, 0xEB, 0xF8, 0x24, 0x89, 0xF7, 0xFD, 0x2B, 0x90, 0xFF, 0xFE, 0x2F, 0x93, 0xFF, 0xFD,
    0x2E, 0x93, 0xFF, 0xFB, 0x2C, 0x97, 0xF8, 0xFC, 0x2B, 0x9F, 0xEE, 0xFC, 0x2A, 0xAA, 0xEB, 0xFF,
    0x2A, 0xB5, 0xEF, 0xFF, 0x2A, 0xBB, 0xF3, 0xFF, 0x2A, 0xBF, 0xF7, 0xFF, 0x2A, 0xC1, 0xFA, 0xFF,
    0x2B, 0xC2, 0xFD, 0xFF, 0x2D, 0xC3, 0xFE, 0xFF, 0x30, 0xC4, 0xFF, 0xFF, 0x33, 0xC1, 0xFF, 0xFF,
    0x35, 0xB8, 0xFF, 0xFD, 0x29, 0xA0, 0xFD, 0xFD, 0x1B, 0x86, 0xF8, 0xFD, 0x1E, 0x84, 0xFC, 0xFB,
    0x28, 0x90, 0xFF, 0xFB, 0x30, 0x97, 0xFF, 0xFB, 0x35, 0x9B, 0xFF, 0xFC, 0x42, 0xAE, 0xFF, 0xFF,
    0x42, 0xA0, 0xFF, 0xBC, 0x3F, 0x7F, 0xFF, 0x04, 0x7F, 0x7F, 0xFF, 0x02, 0x00, 0x00, 0x00, 0x00,
    0x00, 0x00, 0x00, 0x00, 0x00, 0x00, 0x00, 0x00, 0x00, 0x00, 0x00, 0x00, 0x00, 0x00, 0x00, 0x00,
    0x00, 0x00, 0x00, 0x00, 0x00, 0x00, 0x00, 0x00, 0x00, 0x00, 0x00, 0x00, 0x00, 0x00, 0x00, 0x00,
    0x00, 0x00, 0x00, 0x00, 0x00, 0x00, 0x00, 0x00, 0x00, 0x00, 0x00, 0x00, 0x00, 0x00, 0x00, 0x00,
    0x00, 0x00, 0x00, 0x00, 0x00, 0x00, 0x00, 0x00, 0x00, 0x00, 0x00, 0x00, 0x00, 0x00, 0x00, 0x00,
    0x00, 0x00, 0x00, 0x00, 0x00, 0x00, 0x00, 0x00, 0x00, 0x00, 0x00, 0x00, 0x00, 0x00, 0x00, 0x00,
    0x00, 0x00, 0x00, 0x00, 0x00, 0x00, 0x00, 0x00, 0x00, 0x00, 0x00, 0x00, 0x00, 0x00, 0x00, 0x00,
    0x00, 0x00, 0x00, 0x00, 0x00, 0x00, 0x00, 0x00, 0x00, 0x00, 0x00, 0x00, 0x00, 0x00, 0x00, 0x00,
    0x00, 0x00, 0x00, 0x00, 0x00, 0x00, 0x00, 0x00, 0x00, 0x00, 0x00, 0x00, 0x00, 0xFF, 0xFF, 0x01,
    0x00, 0x00, 0x00, 0x00, 0x33, 0x7A, 0xCC, 0x19, 0x21, 0x78, 0xD6, 0xF6, 0x1C, 0x7C, 0xE4, 0xFD,
    0x20, 0x82, 0xEB, 0xFE, 0x25, 0x87, 0xF6, 0xFF, 0x28, 0x89, 0xFE, 0xFF, 0x2A, 0x93, 0xF7, 0xFF,
    0x2A, 0xA3, 0xE9, 0xFF, 0x29, 0xAE, 0xE4, 0xFF, 0x26, 0xB4, 0xEA, 0xFF, 0x24, 0xB7, 0xF0, 0xFF,
    0x23, 0xB9, 0xF5, 0xFF, 0x24, 0xBB, 0xF8, 0xFF, 0x25, 0xBD, 0xFB, 0xFF, 0x27, 0xBF, 0xFF, 0xFF,
    0x29, 0xC2, 0xFF, 0xFF, 0x2B, 0xC4, 0xFF, 0xFF, 0x2D, 0xC7, 0xFF, 0xFF, 0x30, 0xC9, 0xFF, 0xFF,
    0x32, 0xCC, 0xFF, 0xFF, 0x37, 0xCE, 0xFF, 0xFF, 0x35, 0xC2, 0xFF, 0xFF, 0x2B, 0xA5, 0xFF, 0xFF,
    0x28, 0x8F, 0xFF, 0xFF, 0x30, 0x94, 0xFF, 0xFF, 0x36, 0x9C, 0xFF, 0xFF, 0x3A, 0x9E, 0xFF, 0xFA,
    0x44, 0xAC, 0xFF, 0xFF, 0x44, 0x9E, 0xFF, 0x52, 0x00, 0x00, 0x00, 0x00, 0x55, 0xAA, 0xFF, 0x03,
    0x00, 0x00, 0x00, 0x00, 0x00, 0x00, 0x00, 0x00, 0x00, 0x00, 0x00, 0x00, 0x00, 0x00, 0x00, 0x00,
    0x00, 0x00, 0x00, 0x00, 0x00, 0x00, 0x00, 0x00, 0x00, 0x00, 0x00, 0x00, 0x00, 0x00, 0x00, 0x00,
    0x00, 0x00, 0x00, 0x00, 0x00, 0x00, 0x00, 0x00, 0x00, 0x00, 0x00, 0x00, 0x00, 0x00, 0x00, 0x00,
    0x00, 0x00, 0x00, 0x00, 0x00, 0x00, 0x00, 0x00, 0x00, 0x00, 0x00, 0x00, 0x00, 0x00, 0x00, 0x00,
    0x00, 0x00, 0x00, 0x00, 0x00, 0x00, 0x00, 0x00, 0x00, 0x00, 0x00, 0x00, 0x00, 0x00, 0x00, 0x00,
    0x00, 0x00, 0x00, 0x00, 0x00, 0x00, 0x00, 0x00, 0x00, 0x00, 0x00, 0x00, 0x00, 0x00, 0x00, 0x00,
    0x00, 0x00, 0x00, 0x00, 0x00, 0x00, 0x00, 0x00, 0x00, 0x00, 0x00, 0x00, 0x00, 0x00, 0x00, 0x00,
    0x00, 0x00, 0x00, 0x00, 0x00, 0x00, 0x00, 0x00, 0x00, 0x00, 0x00, 0x00, 0x00, 0x55, 0xAA, 0x03,
    0x00, 0x00, 0x00, 0x00, 0x2B, 0x78, 0xD3, 0x35, 0x20, 0x78, 0xDB, 0xFF, 0x1C, 0x7B, 0xE1, 0xFF,
    0x1E, 0x7E, 0xEA, 0xFF, 0x1F, 0x80, 0xF0, 0xFF, 0x24, 0x95, 0xE7, 0xFF, 0x26, 0xA9, 0xDF, 0xFF,
    0x23, 0xAF, 0xE4, 0xFF, 0x21, 0xB1, 0xEB, 0xFF, 0x20, 0xB4, 0xF0, 0xFF, 0x20, 0xB7, 0xF3, 0xFF,
    0x22, 0xBA, 0xF7, 0xFF, 0x24, 0xBD, 0xFA, 0xFF, 0x26, 0xBF, 0xFD, 0xFF, 0x28, 0xC1, 0xFF, 0xFF,
    0x29, 0xC3, 0xFF, 0xFF, 0x2C, 0xC5, 0xFF, 0xFF, 0x2E, 0xC8, 0xFF, 0xFF, 0x30, 0xCA, 0xFF, 0xFF,
    0x32, 0xCB, 0xFF, 0xFF, 0x34, 0xCC, 0xFF, 0xFF, 0x37, 0xD0, 0xFF, 0xFF, 0x3A, 0xD2, 0xFF, 0xFF,
    0x36, 0xBF, 0xFF, 0xFF, 0x2F, 0x9C, 0xFF, 0xFF, 0x33, 0x96, 0xFF, 0xFF, 0x37, 0x9E, 0xFF, 0xFB,
    0x3F, 0xAA, 0xFF, 0xFD, 0x40, 0x9D, 0xFF, 0x9B, 0x00, 0x00, 0x00, 0x00, 0x3F, 0x7F, 0xFF, 0x04,
    0x00, 0x00, 0x00, 0x00, 0x00, 0x00, 0x00, 0x00, 0x00, 0x00, 0x00, 0x00, 0x00, 0x00, 0x00, 0x00,
    0x00, 0x00, 0x00, 0x00, 0x00, 0x00, 0x00, 0x00, 0x00, 0x00, 0x00, 0x00, 0x00, 0x00, 0x00, 0x00,
    0x00, 0x00, 0x00, 0x00, 0x00, 0x00, 0x00, 0x00, 0x00, 0x00, 0x00, 0x00, 0x00, 0x00, 0x00, 0x00,
    0x00, 0x00, 0x00, 0x00, 0x00, 0x00, 0x00, 0x00, 0x00, 0x00, 0x00, 0x00, 0x00, 0x00, 0x00, 0x00,
    0x00, 0x00, 0x00, 0x00, 0x00, 0x00, 0x00, 0x00, 0x00, 0x00, 0x00, 0x00, 0x00, 0x00, 0x00, 0x00,
    0x00, 0x00, 0x00, 0x00, 0x00, 0x00, 0x00, 0x00, 0x00, 0x00, 0x00, 0x00, 0x00, 0x00, 0x00, 0x00,
    0x00, 0x00, 0x00, 0x00, 0x00, 0x00, 0x00, 0x00, 0x00, 0x00, 0x00, 0x00, 0x00, 0x00, 0x00, 0x00,
    0x00, 0x00, 0x00, 0x00, 0x00, 0x00, 0x00, 0x00, 0x00, 0x00, 0x00, 0x00, 0x00, 0x7F, 0xFF, 0x02,
    0x00, 0xFF, 0xFF, 0x01, 0x2D, 0x77, 0xD1, 0x2D, 0x1F, 0x76, 0xD8, 0xFE, 0x1A, 0x78, 0xE1, 0xFF,
    0x1B, 0x7B, 0xE4, 0xFE, 0x24, 0x99, 0xDD, 0xFF, 0x24, 0xAB, 0xDD, 0xFF, 0x20, 0xAC, 0xE5, 0xFF,
    0x1E, 0xAF, 0xEA, 0xFF, 0x1E, 0xB3, 0xEE, 0xFF, 0x1F, 0xB5, 0xF2, 0xFF, 0x20, 0xB8, 0xF5, 0xFF,
    0x22, 0xBB, 0xF8, 0xFF, 0x24, 0xBD, 0xFC, 0xFF, 0x27, 0xC0, 0xFF, 0xFF, 0x28, 0xC2, 0xFF, 0xFF,
    0x2B, 0xC4, 0xFF, 0xFF, 0x2D, 0xC6, 0xFF, 0xFF, 0x2F, 0xC8, 0xFF, 0xFF, 0x31, 0xCA, 0xFF, 0xFF,
    0x33, 0xCC, 0xFF, 0xFF, 0x35, 0xCE, 0xFF, 0xFF, 0x37, 0xCE, 0xFF, 0xFF, 0x38, 0xD0, 0xFF, 0xFF,
    0x3C, 0xD4, 0xFF, 0xFF, 0x3C, 0xCE, 0xFF, 0xFF, 0x33, 0xA6, 0xFF, 0xFF, 0x31, 0x95, 0xFF, 0xFC,
    0x39, 0xA5, 0xFF, 0xFF, 0x39, 0x9A, 0xFF, 0xB1, 0x00, 0xFF, 0xFF, 0x01, 0x3F, 0x7F, 0xFF, 0x04,
    0x00, 0x00, 0x00, 0x00, 0x00, 0x00, 0x00, 0x00, 0x00, 0x00, 0x00, 0x00, 0x00, 0x00, 0x00, 0x00,
    0x00, 0x00, 0x00, 0x00, 0x00, 0x00, 0x00, 0x00, 0x00, 0x00, 0x00, 0x00, 0x00, 0x00, 0x00, 0x00,
    0x00, 0x00, 0x00, 0x00, 0x00, 0x00, 0x00, 0x00, 0x00, 0x00, 0x00, 0x00, 0x00, 0x00, 0x00, 0x00,
    0x00, 0x00, 0x00, 0x00, 0x00, 0x00, 0x00, 0x00, 0x00, 0x00, 0x00, 0x00, 0x00, 0x00, 0x00, 0x00,
    0x00, 0x00, 0x00, 0x00, 0x00, 0x00, 0x00, 0x00, 0x00, 0x00, 0x00, 0x00, 0x00, 0x00, 0x00, 0x00,
    0x00, 0x00, 0x00, 0x00, 0x00, 0x00, 0x00, 0x00, 0x00, 0x00, 0x00, 0x00, 0x00, 0x00, 0x00, 0x00,
    0x00, 0x00, 0x00, 0x00, 0x00, 0x00, 0x00, 0x00, 0x00, 0x00, 0x00, 0x00, 0x00, 0x00, 0x00, 0x00,
    0x00, 0x00, 0x00, 0x00, 0x00, 0x00, 0x00, 0x00, 0x00, 0x7F, 0xFF, 0x02, 0x24, 0x6D, 0xDA, 0x07,
    0x00, 0x00, 0x00, 0x00, 0x2C, 0x74, 0xCD, 0x39, 0x1E, 0x79, 0xE2, 0xFF, 0x18, 0x76, 0xDF, 0xFD,
    0x24, 0x9A, 0xD9, 0xFF, 0x23, 0xAA, 0xDC, 0xFF, 0x1E, 0xAA, 0xE3, 0xFF, 0x1D, 0xAD, 0xE8, 0xFF,
    0x1D, 0xB1, 0xEB, 0xFF, 0x1E, 0xB4, 0xF0, 0xFF, 0x20, 0xB6, 0xF3, 0xFF, 0x21, 0xB9, 0xF7, 0xFF,
    0x24, 0xBB, 0xFA, 0xFF, 0x26, 0xBD, 0xFD, 0xFF, 0x28, 0xC0, 0xFF, 0xFF, 0x2A, 0xC2, 0xFF, 0xFF,
    0x2C, 0xC4, 0xFF, 0xFF, 0x2E, 0xC6, 0xFF, 0xFF, 0x30, 0xC8, 0xFF, 0xFF, 0x32, 0xCA, 0xFF, 0xFF,
    0x33, 0xCC, 0xFF, 0xFF, 0x35, 0xCE, 0xFF, 0xFF, 0x37, 0xD0, 0xFF, 0xFF, 0x39, 0xD1, 0xFF, 0xFF,
    0x3A, 0xD1, 0xFF, 0xFF, 0x3D, 0xD4, 0xFF, 0xFF, 0x3F, 0xD2, 0xFF, 0xFF, 0x33, 0xA6, 0xFF, 0xFD,
    0x32, 0x9B, 0xFF, 0xFF, 0x3C, 0x9F, 0xFF, 0xD6, 0x00, 0x00, 0x00, 0x00, 0x00, 0x00, 0x00, 0x00,
    0x3F, 0x7F, 0xFF, 0x04, 0x00, 0xFF, 0xFF, 0x01, 0x00, 0x00, 0x00, 0x00, 0x00, 0x00, 0x00, 0x00,
    0x00, 0x00, 0x00, 0x00, 0x00, 0x00, 0x00, 0x00, 0x00, 0x00, 0x00, 0x00, 0x00, 0x00, 0x00, 0x00,
    0x00, 0x00, 0x00, 0x00, 0x00, 0x00, 0x00, 0x00, 0x00, 0x00, 0x00, 0x00, 0x00, 0x00, 0x00, 0x00,
    0x00, 0x00, 0x00, 0x00, 0x00, 0x00, 0x00, 0x00, 0x00, 0x00, 0x00, 0x00, 0x00, 0x00, 0x00, 0x00,
    0x00, 0x00, 0x00, 0x00, 0x00, 0x00, 0x00, 0x00, 0x00, 0x00, 0x00, 0x00, 0x00, 0x00, 0x00, 0x00,
    0x00, 0x00, 0x00, 0x00, 0x00, 0x00, 0x00, 0x00, 0x00, 0x00, 0x00, 0x00, 0x00, 0x00, 0x00, 0x00,
    0x00, 0x00, 0x00, 0x00, 0x00, 0x00, 0x00, 0x00, 0x00, 0x00, 0x00, 0x00, 0x00, 0x00, 0x00, 0x00,
    0x00, 0x00, 0x00, 0x00, 0x00, 0x7F, 0xFF, 0x02, 0x00, 0x00, 0x00, 0x00, 0x00, 0x00, 0x00, 0x00,
    0x3A, 0x7F, 0xD7, 0x1A, 0x23, 0x7A, 0xDE, 0xBD, 0x1C, 0x7B, 0xE7, 0xFF, 0x26, 0x95, 0xD8, 0xFC,
    0x24, 0xA8, 0xDA, 0xFF, 0x1D, 0xA7, 0xE1, 0xFF, 0x1C, 0xAB, 0xE5, 0xFF, 0x1C, 0xAF, 0xE9, 0xFF,
    0x1D, 0xB1, 0xED, 0xFF, 0x1F, 0xB4, 0xF1, 0xFF, 0x21, 0xB7, 0xF4, 0xFF, 0x23, 0xB9, 0xF7, 0xFF,
    0x26, 0xBC, 0xFA, 0xFF, 0x28, 0xBE, 0xFD, 0xFF, 0x2A, 0xC0, 0xFF, 0xFF, 0x2C, 0xC2, 0xFF, 0xFF,
    0x2E, 0xC4, 0xFF, 0xFF, 0x2F, 0xC6, 0xFF, 0xFF, 0x31, 0xC8, 0xFF, 0xFF, 0x32, 0xCA, 0xFF, 0xFF,
    0x34, 0xCC, 0xFF, 0xFF, 0x36, 0xCD, 0xFF, 0xFF, 0x37, 0xD0, 0xFF, 0xFF, 0x39, 0xD1, 0xFF, 0xFF,
    0x3A, 0xD3, 0xFF, 0xFF, 0x3C, 0xD3, 0xFF, 0xFF, 0x3F, 0xD5, 0xFF, 0xFF, 0x41, 0xD1, 0xFF, 0xFF,
    0x37, 0xA5, 0xFF, 0xFD, 0x3E, 0xA3, 0xFF, 0xFF, 0x3F, 0xA0, 0xFF, 0x8D, 0x46, 0x9B, 0xFF, 0x12,
    0x00, 0x00, 0x00, 0x00, 0x00, 0x00, 0x00, 0x00, 0x00, 0xFF, 0xFF, 0x01, 0x00, 0x00, 0x00, 0x00,
    0x00, 0x00, 0x00, 0x00, 0x00, 0x00, 0x00, 0x00, 0x00, 0x00, 0x00, 0x00, 0x00, 0x00, 0x00, 0x00,
    0x00, 0x00, 0x00, 0x00, 0x00, 0x00, 0x00, 0x00, 0x00, 0x00, 0x00, 0x00, 0x00, 0x00, 0x00, 0x00,
    0x00, 0x00, 0x00, 0x00, 0x00, 0x00, 0x00, 0x00, 0x00, 0x00, 0x00, 0x00, 0x00, 0x00, 0x00, 0x00,
    0x00, 0x00, 0x00, 0x00, 0x00, 0x00, 0x00, 0x00, 0x00, 0x00, 0x00, 0x00, 0x00, 0x00, 0x00, 0x00,
    0x00, 0x00, 0x00, 0x00, 0x00, 0x00, 0x00, 0x00, 0x00, 0x00, 0x00, 0x00, 0x00, 0x00, 0x00, 0x00,
    0x00, 0x00, 0x00, 0x00, 0x00, 0x00, 0x00, 0x00, 0x00, 0x00, 0x00, 0x00, 0x00, 0x00, 0x00, 0x00,
    0x00, 0x7F, 0xFF, 0x02, 0x00, 0x00, 0x00, 0x00, 0x33, 0x7A, 0xDB, 0x32, 0x2C, 0x82, 0xE6, 0x9A,
    0x27, 0x82, 0xE7, 0xEB, 0x1D, 0x7D, 0xEC, 0xFF, 0x23, 0x8B, 0xD9, 0xFF, 0x26, 0xA6, 0xD8, 0xFF,
    0x1D, 0xA5, 0xDE, 0xFF, 0x1C, 0xA9, 0xE2, 0xFF, 0x1C, 0xAD, 0xE6, 0xFF, 0x1C, 0xB0, 0xEA, 0xFF,
    0x1E, 0xB2, 0xEE, 0xFF, 0x20, 0xB5, 0xF2, 0xFF, 0x23, 0xB7, 0xF5, 0xFF, 0x25, 0xB9, 0xF8, 0xFF,
    0x27, 0xBC, 0xFA, 0xFF, 0x29, 0xBE, 0xFD, 0xFF, 0x2B, 0xC0, 0xFF, 0xFF, 0x2D, 0xC2, 0xFF, 0xFF,
    0x2E, 0xC4, 0xFF, 0xFF, 0x30, 0xC6, 0xFF, 0xFF, 0x31, 0xC8, 0xFF, 0xFF, 0x33, 0xCA, 0xFF, 0xFF,
    0x34, 0xCB, 0xFF, 0xFF, 0x36, 0xCD, 0xFF, 0xFF, 0x37, 0xCF, 0xFF, 0xFF, 0x38, 0xD1, 0xFF, 0xFF,
    0x3A, 0xD3, 0xFF, 0xFF, 0x3C, 0xD4, 0xFF, 0xFF, 0x3D, 0xD4, 0xFF, 0xFF, 0x40, 0xD7, 0xFF, 0xFF,
    0x42, 0xCA, 0xFF, 0xFF, 0x31, 0x99, 0xFF, 0xFE, 0x33, 0xA0, 0xFF, 0xFF, 0x36, 0x9B, 0xFF, 0xE5,
    0x3C, 0x9C, 0xFF, 0x82, 0x4C, 0x7F, 0xFF, 0x0A, 0x00, 0x00, 0x00, 0x00, 0x00, 0x00, 0xFF, 0x01,
    0x00, 0x00, 0x00, 0x00, 0x00, 0x00, 0x00, 0x00, 0x00, 0x00, 0x00, 0x00, 0x00, 0x00, 0x00, 0x00,
    0x00, 0x00, 0x00, 0x00, 0x00, 0x00, 0x00, 0x00, 0x00, 0x00, 0x00, 0x00, 0x00, 0x00, 0x00, 0x00,
    0x00, 0x00, 0x00, 0x00, 0x00, 0x00, 0x00, 0x00, 0x00, 0x00, 0x00, 0x00, 0x00, 0x00, 0x00, 0x00,
    0x00, 0x00, 0x00, 0x00, 0x00, 0x00, 0x00, 0x00, 0x00, 0x00, 0x00, 0x00, 0x00, 0x00, 0x00, 0x00,
    0x00, 0x00, 0x00, 0x00, 0x00, 0x00, 0x00, 0x00, 0x00, 0x00, 0x00, 0x00, 0x00, 0x00, 0x00, 0x00,
    0x00, 0x00, 0x00, 0x00, 0x00, 0x00, 0x00, 0x00, 0x00, 0x00, 0x00, 0x00, 0x00, 0x7F, 0xFF, 0x02,
    0x00, 0x00, 0x00, 0x00, 0x2A, 0x79, 0xD6, 0x6B, 0x25, 0x82, 0xE9, 0xFA, 0x23, 0x89, 0xF6, 0xFF,
    0x1F, 0x7E, 0xEA, 0xFF, 0x1C, 0x7D, 0xDE, 0xFD, 0x27, 0xA1, 0xD6, 0xFF, 0x1E, 0xA4, 0xDB, 0xFF,
    0x1C, 0xA7, 0xE0, 0xFF, 0x1C, 0xAA, 0xE3, 0xFF, 0x1C, 0xAD, 0xE8, 0xFF, 0x1E, 0xB0, 0xEB, 0xFF,
    0x20, 0xB3, 0xEF, 0xFF, 0x22, 0xB5, 0xF2, 0xFF, 0x24, 0xB7, 0xF5, 0xFF, 0x26, 0xBA, 0xF8, 0xFF,
    0x28, 0xBC, 0xFA, 0xFF, 0x2A, 0xBE, 0xFD, 0xFF, 0x2C, 0xC0, 0xFF, 0xFF, 0x2E, 0xC2, 0xFF, 0xFF,
    0x2F, 0xC4, 0xFF, 0xFF, 0x30, 0xC6, 0xFF, 0xFF, 0x32, 0xC7, 0xFF, 0xFF, 0x33, 0xC9, 0xFF, 0xFF,
    0x35, 0xCB, 0xFF, 0xFF, 0x36, 0xCD, 0xFF, 0xFF, 0x37, 0xCF, 0xFF, 0xFF, 0x38, 0xD1, 0xFF, 0xFF,
    0x3A, 0xD2, 0xFF, 0xFF, 0x3B, 0xD4, 0xFF, 0xFF, 0x3D, 0xD5, 0xFF, 0xFF, 0x3E, 0xD4, 0xFF, 0xFF,
    0x43, 0xD9, 0xFF, 0xFF, 0x35, 0xB2, 0xFF, 0xFF, 0x27, 0x8F, 0xFF, 0xFC, 0x34, 0x9D, 0xFF, 0xFF,
    0x3E, 0xAB, 0xFF, 0xFF, 0x41, 0xA0, 0xFF, 0xC8, 0x43, 0xA1, 0xFF, 0x13, 0x00, 0x7F, 0xFF, 0x02,
    0x00, 0xFF, 0xFF, 0x01, 0x00, 0x00, 0x00, 0x00, 0x00, 0x00, 0x00, 0x00, 0x00, 0x00, 0x00, 0x00,
    0x00, 0x00, 0x00, 0x00, 0x00, 0x00, 0x00, 0x00, 0x00, 0x00, 0x00, 0x00, 0x00, 0x00, 0x00, 0x00,
    0x00, 0x00, 0x00, 0x00, 0x00, 0x00, 0x00, 0x00, 0x00, 0x00, 0x00, 0x00, 0x00, 0x00, 0x00, 0x00,
    0x00, 0x00, 0x00, 0x00, 0x00, 0x00, 0x00, 0x00, 0x00, 0x00, 0x00, 0x00, 0x00, 0x00, 0x00, 0x00,
    0x00, 0x00, 0x00, 0x00, 0x00, 0x00, 0x00, 0x00, 0x00, 0x00, 0x00, 0x00, 0x00, 0x00, 0x00, 0x00,
    0x00, 0x00, 0x00, 0x00, 0x00, 0x00, 0x00, 0x00, 0x55, 0xAA, 0xAA, 0x03, 0x00, 0x00, 0x00, 0x00,
    0x2C, 0x79, 0xD2, 0x3F, 0x24, 0x80, 0xE4, 0xFF, 0x1B, 0x7E, 0xE5, 0xFE, 0x1F, 0x7E, 0xE5, 0xFB,
    0x1B, 0x77, 0xE2, 0xFE, 0x22, 0x91, 0xD8, 0xFF, 0x22, 0xA5, 0xD7, 0xFF, 0x1C, 0xA4, 0xDD, 0xFF,
    0x1B, 0xA8, 0xE1, 0xFF, 0x1C, 0xAB, 0xE4, 0xFF, 0x1D, 0xAE, 0xE9, 0xFF, 0x1F, 0xB0, 0xEC, 0xFF,
    0x21, 0xB3, 0xEF, 0xFF, 0x23, 0xB5, 0xF2, 0xFF, 0x25, 0xB7, 0xF5, 0xFF, 0x27, 0xBA, 0xF8, 0xFF,
    0x29, 0xBB, 0xFB, 0xFF, 0x2B, 0xBE, 0xFD, 0xFF, 0x2D, 0xBF, 0xFF, 0xFF, 0x2E, 0xC1, 0xFF, 0xFF,
    0x30, 0xC3, 0xFF, 0xFF, 0x31, 0xC5, 0xFF, 0xFF, 0x32, 0xC7, 0xFF, 0xFF, 0x33, 0xC9, 0xFF, 0xFF,
    0x35, 0xCB, 0xFF, 0xFF, 0x36, 0xCD, 0xFF, 0xFF, 0x38, 0xCE, 0xFF, 0xFF, 0x38, 0xD0, 0xFF, 0xFF,
    0x39, 0xD2, 0xFF, 0xFF, 0x3B, 0xD3, 0xFF, 0xFF, 0x3C, 0xD4, 0xFF, 0xFF, 0x3E, 0xD5, 0xFF, 0xFF,
    0x40, 0xD7, 0xFF, 0xFF, 0x40, 0xD0, 0xFF, 0xFF, 0x2E, 0x9B, 0xFF, 0xFF, 0x33, 0x98, 0xFF, 0xFE,
    0x3A, 0x9F, 0xFF, 0xF8, 0x45, 0xB0, 0xFF, 0xFF, 0x45, 0xA0, 0xFF, 0xA2, 0x00, 0x00, 0x00, 0x00,
    0x55, 0xAA, 0xFF, 0x03, 0x00, 0x00, 0x00, 0x00, 0x00, 0x00, 0x00, 0x00, 0x00, 0x00, 0x00, 0x00,
    0x00, 0x00, 0x00, 0x00, 0x00, 0x00, 0x00, 0x00, 0x00, 0x00, 0x00, 0x00, 0x00, 0x00, 0x00, 0x00,
    0x00, 0x00, 0x00, 0x00, 0x00, 0x00, 0x00, 0x00, 0x00, 0x00, 0x00, 0x00, 0x00, 0x00, 0x00, 0x00,
    0x00, 0x00, 0x00, 0x00, 0x00, 0x00, 0x00, 0x00, 0x00, 0x00, 0x00, 0x00, 0x00, 0x00, 0x00, 0x00,
    0x00, 0x00, 0x00, 0x00, 0x00, 0x00, 0x00, 0x00, 0x00, 0x00, 0x00, 0x00, 0x00, 0x00, 0x00, 0x00,
    0x00, 0x00, 0x00, 0x00, 0x00, 0x00, 0x00, 0x00, 0x00, 0x55, 0xAA, 0x03, 0x00, 0x00, 0x00, 0x00,
    0x26, 0x77, 0xD4, 0xB5, 0x1E, 0x81, 0xE9, 0xFE, 0x1D, 0x7B, 0xE2, 0xFB, 0x20, 0x7A, 0xE3, 0xFF,
    0x1C, 0x7C, 0xDE, 0xFF, 0x24, 0x9F, 0xD5, 0xFF, 0x1E, 0xA3, 0xD9, 0xFF, 0x1C, 0xA5, 0xDE, 0xFF,
    0x1B, 0xA8, 0xE1, 0xFF, 0x1C, 0xAB, 0xE6, 0xFF, 0x1E, 0xAE, 0xE9, 0xFF, 0x20, 0xB0, 0xEC, 0xFF,
    0x22, 0xB3, 0xEF, 0xFF, 0x24, 0xB5, 0xF2, 0xFF, 0x26, 0xB7, 0xF5, 0xFF, 0x28, 0xB9, 0xF8, 0xFF,
    0x2A, 0xBB, 0xFA, 0xFF, 0x2C, 0xBD, 0xFD, 0xFF, 0x2D, 0xBF, 0xFF, 0xFF, 0x2F, 0xC1, 0xFF, 0xFF,
    0x30, 0xC3, 0xFF, 0xFF, 0x31, 0xC5, 0xFF, 0xFF, 0x33, 0xC7, 0xFF, 0xFF, 0x33, 0xC9, 0xFF, 0xFF,
    0x35, 0xCA, 0xFF, 0xFF, 0x36, 0xCC, 0xFF, 0xFF, 0x37, 0xCE, 0xFF, 0xFF, 0x38, 0xD0, 0xFF, 0xFF,
    0x39, 0xD1, 0xFF, 0xFF, 0x3A, 0xD3, 0xFF, 0xFF, 0x3B, 0xD4, 0xFF, 0xFF, 0x3D, 0xD5, 0xFF, 0xFF,
    0x40, 0xD4, 0xFE, 0xFF, 0x45, 0xD8, 0xFE, 0xFF, 0x39, 0xB3, 0xFE, 0xFF, 0x31, 0x95, 0xFF, 0xFF,
    0x37, 0x9E, 0xFF, 0xFE, 0x39, 0xA1, 0xFF, 0xFD, 0x3D, 0xA1, 0xFF, 0xFA, 0x37, 0x9F, 0xFF, 0x20,
    0xFF, 0xFF, 0xFF, 0x01, 0xAA, 0xAA, 0xD4, 0x06, 0xFF, 0xBF, 0xBF, 0x04, 0xFF, 0x7F, 0x7F, 0x02,
    0x00, 0x00, 0x00, 0x00, 0x00, 0x00, 0x00, 0x00, 0x00, 0x00, 0x00, 0x00, 0x00, 0x00, 0x00, 0x00,
    0x00, 0x00, 0x00, 0x00, 0x00, 0x00, 0x00, 0x00, 0x00, 0x00, 0x00, 0x00, 0x00, 0x00, 0x00, 0x00,
    0x00, 0x00, 0x00, 0x00, 0x00, 0x00, 0x00, 0x00, 0x00, 0x00, 0x00, 0x00, 0x00, 0x00, 0x00, 0x00,
    0x00, 0x00, 0x00, 0x00, 0x00, 0x00, 0x00, 0x00, 0x00, 0x00, 0x00, 0x00, 0x00, 0x00, 0x00, 0x00,
    0x00, 0x00, 0x00, 0x00, 0x00, 0x00, 0x00, 0x01, 0x00, 0x00, 0x00, 0x00, 0xFF, 0x7F, 0x7F, 0x02,
    0x23, 0x76, 0xD5, 0xD8, 0x1D, 0x7C, 0xE3, 0xFF, 0x20, 0x7A, 0xE0, 0xFD, 0x1F, 0x74, 0xE0, 0xFF,
    0x1F, 0x88, 0xDA, 0xFF, 0x23, 0xA3, 0xD5, 0xFF, 0x1C, 0xA2, 0xDB, 0xFF, 0x1C, 0xA6, 0xDE, 0xFF,
    0x1C, 0xA8, 0xE2, 0xFF, 0x1D, 0xAB, 0xE6, 0xFF, 0x1F, 0xAE, 0xE9, 0xFF, 0x21, 0xB0, 0xEC, 0xFF,
    0x23, 0xB3, 0xEF, 0xFF, 0x25, 0xB5, 0xF2, 0xFF, 0x27, 0xB7, 0xF5, 0xFF, 0x29, 0xB9, 0xF7, 0xFF,
    0x2A, 0xBB, 0xFA, 0xFF, 0x2C, 0xBD, 0xFC, 0xFF, 0x2E, 0xBF, 0xFE, 0xFF, 0x2F, 0xC1, 0xFF, 0xFF,
    0x30, 0xC3, 0xFF, 0xFF, 0x31, 0xC5, 0xFF, 0xFF, 0x32, 0xC6, 0xFF, 0xFF, 0x34, 0xC8, 0xFF, 0xFF,
    0x35, 0xCA, 0xFF, 0xFF, 0x36, 0xCB, 0xFF, 0xFF, 0x37, 0xCD, 0xFF, 0xFF, 0x38, 0xCF, 0xFF, 0xFF,
    0x38, 0xD1, 0xFF, 0xFF, 0x3B, 0xD2, 0xFF, 0xFF, 0x3E, 0xD3, 0xFE, 0xFF, 0x3C, 0xD4, 0xFF, 0xFF,
    0x36, 0xD6, 0xFF, 0xFF, 0x33, 0xD9, 0xFF, 0xFF, 0x32, 0xC9, 0xFF, 0xFF, 0x30, 0x96, 0xFF, 0xFF,
    0x41, 0x9C, 0xFC, 0xFF, 0x48, 0x9F, 0xF9, 0xFC, 0x4C, 0xA7, 0xFC, 0xFF, 0x4F, 0x9B, 0xF5, 0x4D,
    0x00, 0x00, 0x00, 0x00, 0x00, 0x00, 0x00, 0x00, 0x00, 0x00, 0x00, 0x00, 0x00, 0x00, 0x00, 0x00,
    0xFF, 0xFF, 0xFF, 0x02, 0xFF, 0xAA, 0xAA, 0x03, 0x00, 0x00, 0x00, 0x00, 0x00, 0x00, 0x00, 0x00,
    0x00, 0x00, 0x00, 0x00, 0x00, 0x00, 0x00, 0x00, 0x00, 0x00, 0x00, 0x00, 0x00, 0x00, 0x00, 0x00,
    0x00, 0x00, 0x00, 0x00, 0x00, 0x00, 0x00, 0x00, 0x00, 0x00, 0x00, 0x00, 0x00, 0x00, 0x00, 0x00,
    0x00, 0x00, 0x00, 0x00, 0x00, 0x00, 0x00, 0x00, 0x00, 0x00, 0x00, 0x00, 0x00, 0x00, 0x00, 0x00,
    0x00, 0x00, 0x00, 0x00, 0x00, 0x00, 0x00, 0x00, 0x00, 0x7F, 0xFF, 0x02, 0x00, 0x00, 0x00, 0x00,
    0x26, 0x74, 0xD3, 0xC2, 0x21, 0x7C, 0xE5, 0xFE, 0x22, 0x77, 0xDE, 0xFC, 0x21, 0x73, 0xDE, 0xFF,
    0x22, 0x93, 0xD7, 0xFF, 0x20, 0xA3, 0xD6, 0xFF, 0x1C, 0xA2, 0xDB, 0xFF, 0x1C, 0xA6, 0xDF, 0xFF,
    0x1C, 0xA8, 0xE2, 0xFF, 0x1E, 0xAB, 0xE6, 0xFF, 0x20, 0xAD, 0xE9, 0xFF, 0x22, 0xB0, 0xEC, 0xFF,
    0x24, 0xB2, 0xEF, 0xFF, 0x26, 0xB4, 0xF2, 0xFF, 0x28, 0xB7, 0xF5, 0xFF, 0x29, 0xB9, 0xF7, 0xFF,
    0x2B, 0xBA, 0xF9, 0xFF, 0x2C, 0xBD, 0xFC, 0xFF, 0x2E, 0xBF, 0xFE, 0xFF, 0x2F, 0xC0, 0xFF, 0xFF,
    0x30, 0xC2, 0xFF, 0xFF, 0x31, 0xC4, 0xFF, 0xFF, 0x32, 0xC6, 0xFF, 0xFF, 0x34, 0xC8, 0xFF, 0xFF,
    0x35, 0xC9, 0xFF, 0xFF, 0x36, 0xCB, 0xFF, 0xFF, 0x37, 0xCD, 0xFF, 0xFF, 0x38, 0xCE, 0xFF, 0xFF,
    0x3B, 0xCF, 0xFE, 0xFF, 0x38, 0xD2, 0xFF, 0xFF, 0x2D, 0xD4, 0xFF, 0xFF, 0x3A, 0xD4, 0xFF, 0xFF,
    0x63, 0xCE, 0xF2, 0xFF, 0x95, 0xC7, 0xE0, 0xFF, 0xBF, 0xC1, 0xD1, 0xFF, 0xD8, 0xB5, 0xC9, 0xFF,
    0xEB, 0xB8, 0xC4, 0xFF, 0xF2, 0xBB, 0xC2, 0xFE, 0xF1, 0xBD, 0xC4, 0xFE, 0xF7, 0xBC, 0xC0, 0xE6,
    0xFF, 0xBD, 0xBD, 0xC3, 0xFF, 0xBF, 0xBF, 0x99, 0xFF, 0xBD, 0xBD, 0x5D, 0xFF, 0xBB, 0xBB, 0x1E,
    0x00, 0x00, 0x00, 0x00, 0x00, 0x00, 0x00, 0x00, 0x7F, 0x7F, 0x7F, 0x02, 0xFF, 0xFF, 0xFF, 0x02,
    0x00, 0x00, 0x00, 0x00, 0x00, 0x00, 0x00, 0x00, 0x00, 0x00, 0x00, 0x00, 0x00, 0x00, 0x00, 0x00,
    0x00, 0x00, 0x00, 0x00, 0x00, 0x00, 0x00, 0x00, 0x00, 0x00, 0x00, 0x00, 0x00, 0x00, 0x00, 0x00,
    0x00, 0x00, 0x00, 0x00, 0x00, 0x00, 0x00, 0x00, 0x00, 0x00, 0x00, 0x00, 0x00, 0x00, 0x00, 0x00,
    0x00, 0x00, 0x00, 0x00, 0x00, 0x00, 0x00, 0x00, 0x3F, 0x7F, 0xBF, 0x04, 0x00, 0x00, 0x00, 0x00,
    0x2B, 0x72, 0xD1, 0x6F, 0x29, 0x7D, 0xE8, 0xFF, 0x25, 0x73, 0xDB, 0xFC, 0x24, 0x76, 0xDE, 0xFF,
    0x24, 0x9B, 0xD5, 0xFF, 0x1F, 0xA2, 0xD7, 0xFF, 0x1C, 0xA3, 0xDC, 0xFF, 0x1C, 0xA6, 0xDF, 0xFF,
    0x1D, 0xA8, 0xE2, 0xFF, 0x1E, 0xAB, 0xE6, 0xFF, 0x20, 0xAD, 0xE9, 0xFF, 0x22, 0xB0, 0xEC, 0xFF,
    0x24, 0xB2, 0xEE, 0xFF, 0x26, 0xB4, 0xF2, 0xFF, 0x28, 0xB6, 0xF4, 0xFF, 0x29, 0xB8, 0xF6, 0xFF,
    0x2B, 0xBA, 0xF9, 0xFF, 0x2C, 0xBC, 0xFB, 0xFF, 0x2E, 0xBE, 0xFE, 0xFF, 0x2F, 0xC0, 0xFF, 0xFF,
    0x30, 0xC2, 0xFF, 0xFF, 0x31, 0xC4, 0xFF, 0xFF, 0x32, 0xC5, 0xFF, 0xFF, 0x34, 0xC7, 0xFF, 0xFF,
    0x35, 0xC9, 0xFF, 0xFF, 0x35, 0xCA, 0xFF, 0xFF, 0x38, 0xCC, 0xFF, 0xFF, 0x39, 0xCE, 0xFE, 0xFF,
    0x2C, 0xD1, 0xFF, 0xFF, 0x40, 0xD0, 0xFC, 0xFF, 0x8B, 0xC6, 0xE1, 0xFF, 0xD7, 0xBE, 0xC7, 0xFF,
    0xFF, 0xBB, 0xBB, 0xFF, 0xFF, 0xBC, 0xBA, 0xFF, 0xFF, 0xC0, 0xBE, 0xFF, 0xFF, 0xC6, 0xC2, 0xFF,
    0xFF, 0xC8, 0xC6, 0xFF, 0xFF, 0xC9, 0xC8, 0xFF, 0xFF, 0xCA, 0xC9, 0xFF, 0xFF, 0xCF, 0xCE, 0xFF,
    0xFF, 0xD3, 0xD3, 0xFF, 0xFF, 0xD5, 0xD5, 0xFF, 0xFF, 0xD1, 0xD1, 0xFF, 0xFF, 0xC5, 0xC5, 0xF2,
    0xFF, 0xC2, 0xC2, 0xAC, 0xFB, 0xBC, 0xBC, 0x45, 0x00, 0x00, 0x00, 0x00, 0x00, 0x00, 0x00, 0x00,
    0xFF, 0xFF, 0xFF, 0x03, 0x00, 0x00, 0x00, 0x00, 0x00, 0x00, 0x00, 0x00, 0x00, 0x00, 0x00, 0x00,
    0x00, 0x00, 0x00, 0x00, 0x00, 0x00, 0x00, 0x00, 0x00, 0x00, 0x00, 0x00, 0x00, 0x00, 0x00, 0x00,
    0x00, 0x00, 0x00, 0x00, 0x00, 0x00, 0x00, 0x00, 0x00, 0x00, 0x00, 0x00, 0x00, 0x00, 0x00, 0x00,
    0x00, 0x00, 0x00, 0x00, 0x00, 0x00, 0x00, 0x00, 0x00, 0x00, 0xFF, 0x01, 0x00, 0x00, 0xFF, 0x01,
    0x45, 0x73, 0xD0, 0x0B, 0x2C, 0x73, 0xD5, 0xD8, 0x29, 0x75, 0xE4, 0xFF, 0x24, 0x78, 0xDB, 0xFD,
    0x25, 0x9F, 0xD4, 0xFF, 0x1E, 0xA0, 0xD7, 0xFF, 0x1C, 0xA3, 0xDB, 0xFF, 0x1C, 0xA5, 0xDF, 0xFF,
    0x1E, 0xA8, 0xE2, 0xFF, 0x1F, 0xAB, 0xE5, 0xFF, 0x21, 0xAD, 0xE8, 0xFF, 0x22, 0xAF, 0xEB, 0xFF,
    0x24, 0xB2, 0xEE, 0xFF, 0x26, 0xB4, 0xF1, 0xFF, 0x28, 0xB6, 0xF3, 0xFF, 0x29, 0xB8, 0xF6, 0xFF,
    0x2A, 0xBA, 0xF8, 0xFF, 0x2C, 0xBC, 0xFA, 0xFF, 0x2F, 0xBE, 0xFC, 0xFF, 0x31, 0xBF, 0xFE, 0xFF,
    0x33, 0xC1, 0xFE, 0xFF, 0x34, 0xC3, 0xFE, 0xFF, 0x33, 0xC5, 0xFE, 0xFF, 0x33, 0xC6, 0xFF, 0xFF,
    0x34, 0xC8, 0xFF, 0xFF, 0x38, 0xC9, 0xFE, 0xFF, 0x33, 0xCB, 0xFF, 0xFF, 0x2F, 0xCD, 0xFF, 0xFF,
    0x7F, 0xC5, 0xE5, 0xFF, 0xE3, 0xBA, 0xC1, 0xFF, 0xFF, 0xB9, 0xB7, 0xFF, 0xFF, 0xBE, 0xBD, 0xFF,
    0xFF, 0xC4, 0xC4, 0xFF, 0xFC, 0xC8, 0xC9, 0xFF, 0xFC, 0xCB, 0xCD, 0xFF, 0xFD, 0xCE, 0xD0, 0xFF,
    0xFE, 0xD1, 0xD2, 0xFF, 0xFE, 0xD3, 0xD4, 0xFF, 0xFE, 0xD4, 0xD6, 0xFF, 0xFD, 0xD4, 0xD5, 0xFE,
    0xFF, 0xD5, 0xD6, 0xFC, 0xFF, 0xD4, 0xD5, 0xFB, 0xFF, 0xD2, 0xD2, 0xFC, 0xFF, 0xD1, 0xD2, 0xFF,
    0xFF, 0xD7, 0xD7, 0xFF, 0xFF, 0xCD, 0xCD, 0xFF, 0xFF, 0xC5, 0xC5, 0xB5, 0xFF, 0xB8, 0xB8, 0x2F,
    0x00, 0x00, 0x00, 0x00, 0xFF, 0xAA, 0xAA, 0x03, 0xFF, 0xFF, 0xFF, 0x01, 0x00, 0x00, 0x00, 0x00,
    0x00, 0x00, 0x00, 0x00, 0x00, 0x00, 0x00, 0x00, 0x00, 0x00, 0x00, 0x00, 0x00, 0x00, 0x00, 0x00,
    0x00, 0x00, 0x00, 0x00, 0x00, 0x00, 0x00, 0x00, 0x00, 0x00, 0x00, 0x00, 0x00, 0x00, 0x00, 0x00,
    0x00, 0x00, 0x00, 0x00, 0x00, 0x00, 0x00, 0x00, 0x00, 0x00, 0x00, 0x00, 0x00, 0x55, 0xFF, 0x03,
    0x00, 0x00, 0x00, 0x00, 0x30, 0x73, 0xD1, 0x49, 0x26, 0x74, 0xE2, 0xFD, 0x24, 0x7C, 0xDB, 0xFD,
    0x25, 0xA0, 0xD3, 0xFF, 0x1E, 0xA0, 0xD8, 0xFF, 0x1D, 0xA3, 0xDB, 0xFF, 0x1D, 0xA5, 0xDF, 0xFF,
    0x1F, 0xA8, 0xE1, 0xFF, 0x20, 0xAA, 0xE5, 0xFF, 0x21, 0xAC, 0xE7, 0xFF, 0x23, 0xAF, 0xEB, 0xFF,
    0x25, 0xB1, 0xED, 0xFF, 0x26, 0xB3, 0xF0, 0xFF, 0x28, 0xB5, 0xF2, 0xFF, 0x28, 0xB7, 0xF5, 0xFF,
    0x2C, 0xB9, 0xF6, 0xFF, 0x2C, 0xBB, 0xF8, 0xFF, 0x26, 0xBD, 0xFD, 0xFF, 0x21, 0xBF, 0xFF, 0xFF,
    0x22, 0xC0, 0xFF, 0xFF, 0x24, 0xC2, 0xFF, 0xFF, 0x29, 0xC4, 0xFF, 0xFF, 0x31, 0xC5, 0xFF, 0xFF,
    0x38, 0xC5, 0xFE, 0xFF, 0x2C, 0xC8, 0xFF, 0xFF, 0x40, 0xC7, 0xFA, 0xFF, 0xBC, 0xBC, 0xCE, 0xFF,
    0xFF, 0xB7, 0xB5, 0xFF, 0xFF, 0xBD, 0xBC, 0xFF, 0xFC, 0xC3, 0xC4, 0xFF, 0xFD, 0xC7, 0xC8, 0xFF,
    0xFF, 0xCB, 0xCC, 0xFF, 0xFF, 0xD0, 0xD1, 0xFF, 0xFF, 0xD3, 0xD4, 0xFF, 0xFF, 0xD7, 0xD8, 0xFF,
    0xFF, 0xD9, 0xDA, 0xFF, 0xFF, 0xDB, 0xDD, 0xFF, 0xFF, 0xDD, 0xDE, 0xFF, 0xFF, 0xDE, 0xDF, 0xFF,
    0xFF, 0xDE, 0xDF, 0xFF, 0xFF, 0xDE, 0xDF, 0xFF, 0xFF, 0xDD, 0xDE, 0xFF, 0xFF, 0xDA, 0xDB, 0xFE,
    0xFF, 0xD7, 0xD8, 0xFC, 0xFF, 0xD3, 0xD3, 0xFD, 0xFF, 0xD8, 0xD9, 0xFF, 0xFF, 0xCB, 0xCB, 0xF6,
    0xFC, 0xBE, 0xBE, 0x6F, 0x00, 0x00, 0x00, 0x00, 0xFF, 0xFF, 0xFF, 0x01, 0xFF, 0xFF, 0xFF, 0x01,
    0x00, 0x00, 0x00, 0x00, 0x00, 0x00, 0x00, 0x00, 0x00, 0x00, 0x00, 0x00, 0x00, 0x00, 0x00, 0x00,
    0x00, 0x00, 0x00, 0x00, 0x00, 0x00, 0x00, 0x00, 0x00, 0x00, 0x00, 0x00, 0x00, 0x00, 0x00, 0x00,
    0x00, 0x00, 0x00, 0x00, 0x00, 0x00, 0x00, 0x00, 0x00, 0x00, 0x00, 0x00, 0x00, 0x00, 0xFF, 0x01,
    0x00, 0x7F, 0x7F, 0x02, 0x33, 0x7F, 0xCC, 0x0A, 0x1E, 0x71, 0xD6, 0xEF, 0x22, 0x81, 0xDE, 0xFF,
    0x25, 0xA0, 0xD3, 0xFE, 0x1E, 0xA0, 0xD7, 0xFF, 0x1E, 0xA2, 0xDB, 0xFF, 0x1E, 0xA5, 0xDE, 0xFF,
    0x1F, 0xA7, 0xE1, 0xFF, 0x21, 0xAA, 0xE4, 0xFF, 0x22, 0xAC, 0xE7, 0xFF, 0x23, 0xAE, 0xE9, 0xFF,
    0x24, 0xB0, 0xEC, 0xFF, 0x26, 0xB2, 0xEE, 0xFF, 0x28, 0xB4, 0xF0, 0xFF, 0x2B, 0xB6, 0xF2, 0xFF,
    0x1E, 0xB8, 0xF8, 0xFF, 0x23, 0xB9, 0xF9, 0xFF, 0x48, 0xBA, 0xF0, 0xFF, 0x6E, 0xBB, 0xE7, 0xFF,
    0x7E, 0xBC, 0xE4, 0xFF, 0x75, 0xBE, 0xE8, 0xFF, 0x57, 0xBF, 0xF2, 0xFF, 0x33, 0xC2, 0xFE, 0xFF,
    0x1F, 0xC5, 0xFF, 0xFF, 0x51, 0xC2, 0xF4, 0xFF, 0xE0, 0xB7, 0xC1, 0xFF, 0xFF, 0xB8, 0xB5, 0xFF,
    0xFC, 0xBF, 0xC0, 0xFF, 0xFE, 0xC4, 0xC5, 0xFF, 0xFF, 0xC9, 0xCA, 0xFF, 0xFF, 0xCE, 0xCF, 0xFF,
    0xFF, 0xD3, 0xD5, 0xFF, 0xFF, 0xD7, 0xD8, 0xFF, 0xFF, 0xD9, 0xDC, 0xFF, 0xFF, 0xDD, 0xDE, 0xFF,
    0xFF, 0xDF, 0xE1, 0xFF, 0xFF, 0xE1, 0xE2, 0xFF, 0xFF, 0xE2, 0xE4, 0xFF, 0xFF, 0xE4, 0xE6, 0xFF,
    0xFF, 0xE5, 0xE7, 0xFF, 0xFF, 0xE5, 0xE7, 0xFF, 0xFF, 0xE5, 0xE7, 0xFF, 0xFF, 0xE4, 0xE5, 0xFF,
    0xFF, 0xE1, 0xE2, 0xFF, 0xFF, 0xDE, 0xDE, 0xFF, 0xFF, 0xD7, 0xD9, 0xFC, 0xFF, 0xD4, 0xD4, 0xFF,
    0xFF, 0xD7, 0xD7, 0xFF, 0xFF, 0xC1, 0xC3, 0x9A, 0xFF, 0x7F, 0x7F, 0x02, 0xFF, 0x7F, 0x7F, 0x02,
    0xFF, 0xFF, 0xFF, 0x01, 0x00, 0x00, 0x00, 0x00, 0x00, 0x00, 0x00, 0x00, 0x00, 0x00, 0x00, 0x00,
    0x00, 0x00, 0x00, 0x00, 0x00, 0x00, 0x00, 0x00, 0x00, 0x00, 0x00, 0x00, 0x00, 0x00, 0x00, 0x00,
    0x00, 0x00, 0x00, 0x00, 0x00, 0x00, 0x00, 0x00, 0x00, 0x00, 0x00, 0x00, 0x00, 0x55, 0xAA, 0x03,
    0x00, 0x00, 0x00, 0x00, 0x2A, 0x78, 0xD2, 0x55, 0x1C, 0x77, 0xE2, 0xFE, 0x1B, 0x7D, 0xDA, 0xFD,
    0x26, 0xA0, 0xD4, 0xFF, 0x1F, 0x9F, 0xD7, 0xFF, 0x1E, 0xA2, 0xDA, 0xFF, 0x1F, 0xA4, 0xDE, 0xFF,
    0x20, 0xA6, 0xE1, 0xFF, 0x21, 0xA9, 0xE3, 0xFF, 0x22, 0xAB, 0xE6, 0xFF, 0x23, 0xAD, 0xE9, 0xFF,
    0x25, 0xAF, 0xEB, 0xFF, 0x27, 0xB1, 0xEC, 0xFF, 0x27, 0xB3, 0xEF, 0xFF, 0x1C, 0xB4, 0xF3, 0xFF,
    0x5F, 0xB5, 0xE3, 0xFF, 0xC2, 0xB7, 0xC8, 0xFF, 0xF5, 0xBA, 0xBD, 0xFF, 0xFF, 0xBD, 0xBC, 0xFF,
    0xFF, 0xBF, 0xBD, 0xFF, 0xFF, 0xBF, 0xBD, 0xFF, 0xFD, 0xBD, 0xBF, 0xFF, 0xD4, 0xBB, 0xC9, 0xFF,
    0x91, 0xBC, 0xDC, 0xFF, 0xEA, 0xB6, 0xBE, 0xFF, 0xFF, 0xB9, 0xB6, 0xFF, 0xFC, 0xBF, 0xC2, 0xFF,
    0xFF, 0xC4, 0xC5, 0xFF, 0xFF, 0xCA, 0xCB, 0xFF, 0xFF, 0xCF, 0xD1, 0xFF, 0xFF, 0xD4, 0xD6, 0xFF,
    0xFF, 0xD8, 0xDA, 0xFF, 0xFF, 0xDA, 0xDC, 0xFF, 0xFF, 0xDD, 0xDF, 0xFF, 0xFF, 0xDF, 0xE1, 0xFF,
    0xFF, 0xE1, 0xE3, 0xFF, 0xFF, 0xE3, 0xE5, 0xFF, 0xFF, 0xE5, 0xE7, 0xFF, 0xFF, 0xE7, 0xE9, 0xFF,
    0xFF, 0xE8, 0xEA, 0xFF, 0xFF, 0xE9, 0xEB, 0xFF, 0xFF, 0xEA, 0xEC, 0xFF, 0xFF, 0xEB, 0xEC, 0xFF,
    0xFF, 0xE9, 0xEA, 0xFF, 0xFF, 0xE6, 0xE7, 0xFF, 0xFF, 0xE2, 0xE3, 0xFF, 0xFF, 0xDB, 0xDC, 0xFE,
    0xFF, 0xD6, 0xD7, 0xFA, 0xFF, 0xDC, 0xDC, 0xFF, 0xFD, 0xC1, 0xC3, 0xA7, 0xFF, 0x00, 0x00, 0x01,
    0xFF, 0xFF, 0xFF, 0x03, 0xFF, 0x00, 0x00, 0x01, 0x00, 0x00, 0x00, 0x00, 0x00, 0x00, 0x00, 0x00,
    0x00, 0x00, 0x00, 0x00, 0x00, 0x00, 0x00, 0x00, 0x00, 0x00, 0x00, 0x00, 0x00, 0x00, 0x00, 0x00,
    0x00, 0x00, 0x00, 0x00, 0x00, 0x00, 0x00, 0x00, 0x00, 0x7F, 0xFF, 0x02, 0x00, 0x00, 0xFF, 0x01,
    0x33, 0x7A, 0xD6, 0x19, 0x23, 0x78, 0xD9, 0xE7, 0x18, 0x77, 0xE1, 0xFF, 0x19, 0x7A, 0xDB, 0xFD,
    0x26, 0x9D, 0xD4, 0xFF, 0x20, 0x9F, 0xD7, 0xFF, 0x20, 0xA1, 0xDA, 0xFF, 0x20, 0xA4, 0xDD, 0xFF,
    0x20, 0xA5, 0xDF, 0xFF, 0x21, 0xA8, 0xE2, 0xFF, 0x23, 0xAA, 0xE5, 0xFF, 0x23, 0xAC, 0xE7, 0xFF,
    0x25, 0xAE, 0xE9, 0xFF, 0x25, 0xAF, 0xEA, 0xFF, 0x1F, 0xAE, 0xEB, 0xFF, 0x97, 0xB2, 0xCE, 0xFF,
    0xFF, 0xB7, 0xB6, 0xFF, 0xFF, 0xBD, 0xBB, 0xFF, 0xFF, 0xC2, 0xC3, 0xFF, 0xFD, 0xC6, 0xC8, 0xFF,
    0xFD, 0xC6, 0xC8, 0xFF, 0xFD, 0xC2, 0xC4, 0xFF, 0xFD, 0xBC, 0xBD, 0xFF, 0xFF, 0xB5, 0xB5, 0xFF,
    0xFF, 0xB4, 0xB2, 0xFF, 0xFF, 0xB9, 0xB8, 0xFF, 0xFE, 0xBF, 0xC0, 0xFF, 0xFF, 0xC4, 0xC5, 0xFF,
    0xFF, 0xCA, 0xCC, 0xFF, 0xFF, 0xCF, 0xD1, 0xFF, 0xFF, 0xD3, 0xD6, 0xFF, 0xFF, 0xD7, 0xD9, 0xFF,
    0xFF, 0xDA, 0xDC, 0xFF, 0xFF, 0xDC, 0xDF, 0xFF, 0xFF, 0xDE, 0xE1, 0xFF, 0xFF, 0xE0, 0xE3, 0xFF,
    0xFF, 0xE2, 0xE5, 0xFF, 0xFF, 0xE4, 0xE7, 0xFF, 0xFF, 0xE6, 0xE8, 0xFF, 0xFF, 0xE7, 0xEA, 0xFF,
    0xFF, 0xE9, 0xEC, 0xFF, 0xFF, 0xEB, 0xED, 0xFF, 0xFF, 0xEC, 0xEE, 0xFF, 0xFF, 0xED, 0xEF, 0xFF,
    0xFF, 0xED, 0xEF, 0xFF, 0xFF, 0xEC, 0xEE, 0xFF, 0xFF, 0xEA, 0xEB, 0xFF, 0xFF, 0xE5, 0xE6, 0xFF,
    0xFF, 0xDE, 0xDF, 0xFF, 0xFF, 0xD7, 0xD8, 0xFA, 0xFF, 0xDD, 0xDD, 0xFF, 0xFD, 0xBF, 0xBF, 0x91,
    0x00, 0x00, 0x00, 0x00, 0xFF, 0xAA, 0xAA, 0x03, 0x00, 0x00, 0x00, 0x00, 0x00, 0x00, 0x00, 0x00,
    0x00, 0x00, 0x00, 0x00, 0x00, 0x00, 0x00, 0x00, 0x00, 0x00, 0x00, 0x00, 0x00, 0x00, 0x00, 0x00,
    0x00, 0x00, 0x00, 0x00, 0x00, 0x00, 0x00, 0x00, 0x3F, 0x7F, 0xBF, 0x04, 0x00, 0x00, 0x00, 0x00,
    0x28, 0x78, 0xD6, 0x8A, 0x20, 0x80, 0xEA, 0xFF, 0x19, 0x74, 0xDA, 0xFB, 0x18, 0x77, 0xDE, 0xFF,
    0x25, 0x99, 0xD5, 0xFF, 0x22, 0x9F, 0xD6, 0xFF, 0x20, 0xA0, 0xD9, 0xFF, 0x21, 0xA3, 0xDC, 0xFF,
    0x21, 0xA4, 0xDF, 0xFF, 0x22, 0xA7, 0xE1, 0xFF, 0x23, 0xA8, 0xE3, 0xFF, 0x24, 0xAA, 0xE4, 0xFF,
    0x27, 0xAA, 0xE4, 0xFF, 0x1A, 0xA9, 0xE6, 0xFF, 0x9D, 0xAF, 0xC8, 0xFF, 0xFF, 0xB7, 0xB3, 0xFF,
    0xFB, 0xBD, 0xBE, 0xFF, 0xFC, 0xC3, 0xC5, 0xFF, 0xFF, 0xC9, 0xCA, 0xFF, 0xFF, 0xCA, 0xCC, 0xFF,
    0xFF, 0xC6, 0xC7, 0xFF, 0xFF, 0xBE, 0xBE, 0xFF, 0xFC, 0xB5, 0xB6, 0xFF, 0xFA, 0xB4, 0xB5, 0xFF,
    0xFC, 0xB8, 0xBA, 0xFF, 0xFE, 0xBE, 0xBF, 0xFF, 0xFF, 0xC3, 0xC4, 0xFF, 0xFF, 0xC9, 0xCA, 0xFF,
    0xFF, 0xCE, 0xD1, 0xFF, 0xFF, 0xD2, 0xD5, 0xFF, 0xFF, 0xD6, 0xD9, 0xFF, 0xFF, 0xD9, 0xDB, 0xFF,
    0xFF, 0xDB, 0xDE, 0xFF, 0xFF, 0xDD, 0xE0, 0xFF, 0xFF, 0xDF, 0xE2, 0xFF, 0xFF, 0xE0, 0xE4, 0xFF,
    0xFF, 0xE3, 0xE5, 0xFF, 0xFF, 0xE4, 0xE7, 0xFF, 0xFF, 0xE6, 0xE9, 0xFF, 0xFF, 0xE8, 0xEB, 0xFF,
    0xFF, 0xE9, 0xEC, 0xFF, 0xFF, 0xEB, 0xED, 0xFF, 0xFF, 0xEC, 0xEF, 0xFF, 0xFF, 0xEE, 0xF1, 0xFF,
    0xFF, 0xEF, 0xF1, 0xFF, 0xFF, 0xEF, 0xF1, 0xFF, 0xFF, 0xEF, 0xF1, 0xFF, 0xFF, 0xEC, 0xED, 0xFF,
    0xFF, 0xE6, 0xE7, 0xFF, 0xFF, 0xDF, 0xDF, 0xFF, 0xFF, 0xD8, 0xD9, 0xFA, 0xFF, 0xD6, 0xD7, 0xFF,
    0xFF, 0xBD, 0xBD, 0x59, 0x00, 0x00, 0x00, 0x00, 0xFF, 0xAA, 0xAA, 0x03, 0x00, 0x00, 0x00, 0x00,
    0x00, 0x00, 0x00, 0x00, 0x00, 0x00, 0x00, 0x00, 0x00, 0x00, 0x00, 0x00, 0x00, 0x00, 0x00, 0x00,
    0x00, 0x00, 0x00, 0x00, 0x00, 0x00, 0x00, 0x00, 0x00, 0x00, 0xFF, 0x01, 0xFF, 0x00, 0xFF, 0x01,
    0x23, 0x76, 0xD4, 0xCE, 0x1D, 0x7B, 0xE2, 0xFE, 0x1D, 0x76, 0xDB, 0xFC, 0x1B, 0x73, 0xDE, 0xFF,
    0x23, 0x92, 0xD7, 0xFF, 0x25, 0xA0, 0xD5, 0xFF, 0x22, 0x9F, 0xD8, 0xFF, 0x22, 0xA1, 0xDB, 0xFF,
    0x22, 0xA3, 0xDE, 0xFF, 0x24, 0xA5, 0xDF, 0xFF, 0x26, 0xA7, 0xE0, 0xFF, 0x2B, 0xA7, 0xE0, 0xFF,
    0x19, 0xA5, 0xE2, 0xFF, 0x6E, 0xAA, 0xCF, 0xFF, 0xFF, 0xB6, 0xB3, 0xFF, 0xF9, 0xBB, 0xBC, 0xFF,
    0xFE, 0xC1, 0xC2, 0xFF, 0xFF, 0xC8, 0xC9, 0xFF, 0xFF, 0xCD, 0xCE, 0xFF, 0xFF, 0xCB, 0xCC, 0xFF,
    0xFF, 0xC2, 0xC3, 0xFF, 0xFF, 0xB8, 0xB9, 0xFF, 0xFD, 0xB4, 0xB5, 0xFF, 0xFF, 0xB6, 0xB7, 0xFF,
    0xFF, 0xBC, 0xBC, 0xFF, 0xFF, 0xC1, 0xC3, 0xFF, 0xFF, 0xC7, 0xC9, 0xFF, 0xFF, 0xCD, 0xCF, 0xFF,
    0xFF, 0xD1, 0xD4, 0xFF, 0xFF, 0xD4, 0xD7, 0xFF, 0xFF, 0xD7, 0xDA, 0xFF, 0xFF, 0xD9, 0xDC, 0xFF,
    0xFF, 0xDB, 0xDF, 0xFF, 0xFF, 0xDD, 0xE0, 0xFF, 0xFF, 0xDF, 0xE2, 0xFF, 0xFF, 0xE0, 0xE4, 0xFF,
    0xFF, 0xE2, 0xE6, 0xFF, 0xFF, 0xE4, 0xE7, 0xFF, 0xFF, 0xE6, 0xE9, 0xFF, 0xFF, 0xE8, 0xEB, 0xFF,
    0xFF, 0xE9, 0xEC, 0xFF, 0xFF, 0xEB, 0xEE, 0xFF, 0xFF, 0xEC, 0xEF, 0xFF, 0xFF, 0xEE, 0xF1, 0xFF,
    0xFF, 0xEF, 0xF2, 0xFF, 0xFF, 0xF0, 0xF3, 0xFF, 0xFF, 0xF1, 0xF3, 0xFF, 0xFF, 0xF0, 0xF2, 0xFF,
    0xFF, 0xEC, 0xEE, 0xFF, 0xFF, 0xE6, 0xE7, 0xFF, 0xFF, 0xDD, 0xDE, 0xFD, 0xFF, 0xD9, 0xDA, 0xFD,
    0xFF, 0xC7, 0xC8, 0xEC, 0xFF, 0xB4, 0xB4, 0x18, 0xFF, 0x7F, 0x7F, 0x02, 0xFF, 0x7F, 0x7F, 0x02,
    0x00, 0x00, 0x00, 0x00, 0x00, 0x00, 0x00, 0x00, 0x00, 0x00, 0x00, 0x00, 0x00, 0x00, 0x00, 0x00,
    0x00, 0x00, 0x00, 0x00, 0x00, 0x00, 0xFF, 0x01, 0x00, 0x00, 0x00, 0x00, 0xAA, 0x55, 0xAA, 0x03,
    0x24, 0x76, 0xD4, 0xD8, 0x1F, 0x7A, 0xE1, 0xFF, 0x22, 0x76, 0xDB, 0xFD, 0x22, 0x72, 0xDF, 0xFF,
    0x23, 0x86, 0xDA, 0xFF, 0x27, 0xA0, 0xD4, 0xFF, 0x24, 0x9E, 0xD8, 0xFF, 0x26, 0xA0, 0xDA, 0xFF,
    0x27, 0xA2, 0xDC, 0xFF, 0x23, 0xA3, 0xDE, 0xFF, 0x1E, 0xA3, 0xDF, 0xFF, 0x17, 0xA2, 0xE0, 0xFF,
    0x22, 0xA1, 0xDC, 0xFF, 0xDA, 0xB0, 0xB9, 0xFF, 0xFD, 0xB7, 0xB6, 0xFF, 0xFC, 0xBB, 0xBD, 0xFF,
    0xFF, 0xC2, 0xC3, 0xFF, 0xFF, 0xC7, 0xC8, 0xFF, 0xFF, 0xCA, 0xCC, 0xFF, 0xFF, 0xC7, 0xC8, 0xFF,
    0xFF, 0xBD, 0xBE, 0xFF, 0xFF, 0xB6, 0xB6, 0xFF, 0xFF, 0xB6, 0xB6, 0xFF, 0xFF, 0xB9, 0xBA, 0xFF,
    0xFF, 0xBF, 0xC0, 0xFF, 0xFF, 0xC4, 0xC7, 0xFF, 0xFF, 0xCA, 0xCD, 0xFF, 0xFF, 0xCF, 0xD2, 0xFF,
    0xFF, 0xD2, 0xD5, 0xFF, 0xFF, 0xD5, 0xD8, 0xFF, 0xFF, 0xD7, 0xDB, 0xFF, 0xFF, 0xD9, 0xDD, 0xFF,
    0xFF, 0xDB, 0xDF, 0xFF, 0xFF, 0xDD, 0xE1, 0xFF, 0xFF, 0xDF, 0xE3, 0xFF, 0xFF, 0xE0, 0xE4, 0xFF,
    0xFF, 0xE2, 0xE6, 0xFF, 0xFF, 0xE4, 0xE8, 0xFF, 0xFF, 0xE5, 0xE9, 0xFF, 0xFF, 0xE7, 0xEB, 0xFF,
    0xFF, 0xE9, 0xEC, 0xFF, 0xFF, 0xEA, 0xEE, 0xFF, 0xFF, 0xEC, 0xEF, 0xFF, 0xFF, 0xED, 0xF1, 0xFF,
    0xFF, 0xEF, 0xF2, 0xFF, 0xFF, 0xF0, 0xF3, 0xFF, 0xFF, 0xF1, 0xF4, 0xFF, 0xFF, 0xF2, 0xF4, 0xFF,
    0xFF, 0xF0, 0xF2, 0xFF, 0xFF, 0xEB, 0xEE, 0xFF, 0xFF, 0xE4, 0xE5, 0xFF, 0xFF, 0xDA, 0xDB, 0xFB,
    0xFF, 0xDD, 0xDE, 0xFF, 0xFF, 0xC1, 0xC1, 0x96, 0x00, 0x00, 0x00, 0x00, 0xFF, 0xAA, 0xAA, 0x03,
    0x00, 0x00, 0x00, 0x00, 0x00, 0x00, 0x00, 0x00, 0x00, 0x00, 0x00, 0x00, 0x00, 0x00, 0x00, 0x00,
    0x00, 0x00, 0x00, 0x00, 0x00, 0x00, 0x00, 0x00, 0x00, 0x7F, 0xFF, 0x02, 0x00, 0x00, 0x00, 0x00,
    0x28, 0x75, 0xD4, 0xBB, 0x25, 0x7B, 0xE6, 0xFD, 0x27, 0x75, 0xDC, 0xFC, 0x29, 0x73, 0xDF, 0xFF,
    0x27, 0x79, 0xDF, 0xFF, 0x2B, 0x9C, 0xD4, 0xFF, 0x29, 0x9E, 0xD6, 0xFF, 0x1D, 0x9E, 0xDA, 0xFF,
    0x18, 0x9F, 0xDD, 0xFF, 0x2A, 0xA1, 0xDA, 0xFF, 0x4A, 0xA5, 0xD6, 0xFF, 0x60, 0xA7, 0xD2, 0xFF,
    0x9C, 0xAC, 0xC7, 0xFF, 0xFF, 0xB6, 0xB6, 0xFF, 0xFB, 0xB7, 0xB9, 0xFF, 0xFE, 0xBA, 0xBB, 0xFF,
    0xFF, 0xBD, 0xBE, 0xFF, 0xFF, 0xC1, 0xC2, 0xFF, 0xFF, 0xC3, 0xC4, 0xFF, 0xFF, 0xC0, 0xC1, 0xFF,
    0xFF, 0xBA, 0xBA, 0xFF, 0xFF, 0xB6, 0xB7, 0xFF, 0xFF, 0xB8, 0xB9, 0xFF, 0xFF, 0xBC, 0xBE, 0xFF,
    0xFF, 0xC1, 0xC4, 0xFF, 0xFF, 0xC7, 0xCA, 0xFF, 0xFF, 0xCC, 0xD0, 0xFF, 0xFF, 0xD0, 0xD4, 0xFF,
    0xFF, 0xD3, 0xD7, 0xFF, 0xFF, 0xD5, 0xD9, 0xFF, 0xFF, 0xD7, 0xDB, 0xFF, 0xFF, 0xD9, 0xDD, 0xFF,
    0xFF, 0xDB, 0xDF, 0xFF, 0xFF, 0xDD, 0xE1, 0xFF, 0xFF, 0xDE, 0xE3, 0xFF, 0xFF, 0xE0, 0xE4, 0xFF,
    0xFF, 0xE2, 0xE6, 0xFF, 0xFF, 0xE3, 0xE8, 0xFF, 0xFF, 0xE5, 0xE9, 0xFF, 0xFF, 0xE7, 0xEB, 0xFF,
    0xFF, 0xE8, 0xED, 0xFF, 0xFF, 0xEA, 0xEE, 0xFF, 0xFF, 0xEB, 0xEF, 0xFF, 0xFF, 0xED, 0xF1, 0xFF,
    0xFF, 0xEE, 0xF2, 0xFF, 0xFF, 0xF0, 0xF3, 0xFF, 0xFF, 0xF1, 0xF4, 0xFF, 0xFF, 0xF2, 0xF5, 0xFF,
    0xFF, 0xF2, 0xF4, 0xFF, 0xFF, 0xF0, 0xF2, 0xFF, 0xFF, 0xE9, 0xEB, 0xFF, 0xFF, 0xE0, 0xE1, 0xFE,
    0xFF, 0xD9, 0xDA, 0xFD, 0xFF, 0xCA, 0xCB, 0xF6, 0xF7, 0xB7, 0xB7, 0x20, 0x00, 0x00, 0x00, 0x00,
    0xFF, 0x7F, 0x7F, 0x02, 0x00, 0x00, 0x00, 0x00, 0x00, 0x00, 0x00, 0x00, 0x00, 0x00, 0x00, 0x00,
    0x00, 0x00, 0x00, 0x00, 0x00, 0x00, 0x00, 0x00, 0x55, 0xAA, 0xFF, 0x03, 0x00, 0x00, 0x00, 0x00,
    0x30, 0x74, 0xD4, 0x5A, 0x2E, 0x7D, 0xE9, 0xFF, 0x2C, 0x74, 0xDD, 0xF9, 0x2F, 0x74, 0xDD, 0xFE,
    0x30, 0x71, 0xE1, 0xFF, 0x29, 0x8B, 0xDA, 0xFF, 0x1F, 0x9D, 0xD7, 0xFF, 0x50, 0xA1, 0xD1, 0xFF,
    0xA2, 0xAD, 0xC6, 0xFF, 0xDF, 0xB5, 0xBE, 0xFF, 0xFC, 0xBB, 0xBD, 0xFF, 0xFF, 0xBF, 0xBD, 0xFF,
    0xFF, 0xC1, 0xBF, 0xFF, 0xFE, 0xC1, 0xC2, 0xFF, 0xFF, 0xC0, 0xC1, 0xFF, 0xFF, 0xBF, 0xC0, 0xFF,
    0xFF, 0xBE, 0xBE, 0xFF, 0xFF, 0xBD, 0xBE, 0xFF, 0xFF, 0xBE, 0xBE, 0xFF, 0xFF, 0xBD, 0xBE, 0xFF,
    0xFF, 0xBA, 0xBB, 0xFF, 0xFF, 0xB9, 0xBA, 0xFF, 0xFF, 0xBB, 0xBC, 0xFF, 0xFF, 0xBF, 0xC1, 0xFF,
    0xFF, 0xC4, 0xC7, 0xFF, 0xFF, 0xCA, 0xCD, 0xFF, 0xFF, 0xCE, 0xD2, 0xFF, 0xFF, 0xD1, 0xD5, 0xFF,
    0xFF, 0xD3, 0xD8, 0xFF, 0xFF, 0xD5, 0xDA, 0xFF, 0xFF, 0xD7, 0xDC, 0xFF, 0xFF, 0xD9, 0xDD, 0xFF,
    0xFF, 0xDB, 0xDF, 0xFF, 0xFF, 0xDC, 0xE1, 0xFF, 0xFF, 0xDE, 0xE3, 0xFF, 0xFF, 0xE0, 0xE4, 0xFF,
    0xFF, 0xE1, 0xE6, 0xFF, 0xFF, 0xE3, 0xE8, 0xFF, 0xFF, 0xE5, 0xE9, 0xFF, 0xFF, 0xE6, 0xEB, 0xFF,
    0xFF, 0xE7, 0xEC, 0xFF, 0xFF, 0xE9, 0xED, 0xFF, 0xFF, 0xEB, 0xEF, 0xFF, 0xFF, 0xEC, 0xF0, 0xFF,
    0xFF, 0xED, 0xF2, 0xFF, 0xFF, 0xEF, 0xF3, 0xFF, 0xFF, 0xF1, 0xF4, 0xFF, 0xFF, 0xF2, 0xF5, 0xFF,
    0xFF, 0xF2, 0xF5, 0xFF, 0xFF, 0xF1, 0xF4, 0xFF, 0xFF, 0xED, 0xEF, 0xFF, 0xFF, 0xE5, 0xE7, 0xFF,
    0xFF, 0xDB, 0xDC, 0xFB, 0xFF, 0xDC, 0xDD, 0xFF, 0xFD, 0xC1, 0xC1, 0x80, 0x00, 0x00, 0x00, 0x00,
    0xFF, 0xBF, 0xBF, 0x04, 0x00, 0x00, 0x00, 0x00, 0x00, 0x00, 0x00, 0x00, 0x00, 0x00, 0x00, 0x00,
    0x00, 0x00, 0x00, 0x00, 0x00, 0x00, 0x00, 0x00, 0x00, 0x00, 0x00, 0x00, 0x7F, 0x7F, 0xFF, 0x02,
    0x7F, 0x7F, 0x7F, 0x02, 0x35, 0x71, 0xD4, 0xAD, 0x38, 0x7E, 0xEF, 0xFF, 0x37, 0x75, 0xDE, 0xFF,
    0x29, 0x6D, 0xE2, 0xFF, 0x40, 0x7D, 0xDC, 0xFF, 0xAF, 0xAD, 0xC1, 0xFF, 0xFD, 0xB8, 0xB8, 0xFF,
    0xFF, 0xBE, 0xBB, 0xFF, 0xFF, 0xC2, 0xC0, 0xFF, 0xFF, 0xC5, 0xC5, 0xFF, 0xFD, 0xC8, 0xC9, 0xFF,
    0xFD, 0xCA, 0xCB, 0xFF, 0xFF, 0xCB, 0xCC, 0xFF, 0xFF, 0xCC, 0xCC, 0xFF, 0xFF, 0xCA, 0xCB, 0xFF,
    0xFF, 0xC7, 0xC8, 0xFF, 0xFF, 0xC3, 0xC4, 0xFF, 0xFF, 0xC2, 0xC2, 0xFF, 0xFF, 0xC2, 0xC2, 0xFF,
    0xFF, 0xC1, 0xC1, 0xFF, 0xFF, 0xBF, 0xC1, 0xFF, 0xFF, 0xC0, 0xC1, 0xFF, 0xFF, 0xC2, 0xC4, 0xFF,
    0xFF, 0xC7, 0xCA, 0xFF, 0xFF, 0xCB, 0xCF, 0xFF, 0xFF, 0xCE, 0xD2, 0xFF, 0xFF, 0xD1, 0xD6, 0xFF,
    0xFF, 0xD3, 0xD8, 0xFF, 0xFF, 0xD5, 0xDA, 0xFF, 0xFF, 0xD7, 0xDC, 0xFF, 0xFF, 0xD9, 0xDE, 0xFF,
    0xFF, 0xDB, 0xDF, 0xFF, 0xFF, 0xDC, 0xE1, 0xFF, 0xFF, 0xDE, 0xE2, 0xFF, 0xFF, 0xDF, 0xE4, 0xFF,
    0xFF, 0xE1, 0xE6, 0xFF, 0xFF, 0xE2, 0xE7, 0xFF, 0xFF, 0xE4, 0xE9, 0xFF, 0xFF, 0xE6, 0xEB, 0xFF,
    0xFF, 0xE7, 0xEC, 0xFF, 0xFF, 0xE9, 0xED, 0xFF, 0xFF, 0xEA, 0xEE, 0xFF, 0xFF, 0xEC, 0xF1, 0xFF,
    0xFF, 0xED, 0xF1, 0xFF, 0xFF, 0xEF, 0xF3, 0xFF, 0xFF, 0xF0, 0xF4, 0xFF, 0xFF, 0xF1, 0xF5, 0xFF,
    0xFF, 0xF2, 0xF5, 0xFF, 0xFF, 0xF2, 0xF5, 0xFF, 0xFF, 0xF0, 0xF2, 0xFF, 0xFF, 0xE9, 0xEA, 0xFF,
    0xFF, 0xDE, 0xE0, 0xFD, 0xFF, 0xDB, 0xDC, 0xFF, 0xFF, 0xC3, 0xC4, 0xD3, 0xFF, 0xAA, 0xAA, 0x03,
    0xFF, 0xFF, 0xFF, 0x01, 0x00, 0x00, 0x00, 0x00, 0x00, 0x00, 0x00, 0x00, 0x00, 0x00, 0x00, 0x00,
    0x00, 0x00, 0x00, 0x00, 0x00, 0x00, 0x00, 0x00, 0x00, 0x00, 0x00, 0x00, 0x00, 0x00, 0xFF, 0x01,
    0x00, 0xFF, 0xFF, 0x01, 0x55, 0x7F, 0xD4, 0x06, 0x46, 0x74, 0xD9, 0x90, 0x34, 0x6F, 0xE4, 0xED,
    0x68, 0x81, 0xD5, 0xFD, 0xE8, 0xAF, 0xB9, 0xFF, 0xFF, 0xBC, 0xB7, 0xFF, 0xFF, 0xBF, 0xC0, 0xFF,
    0xFC, 0xC3, 0xC5, 0xFF, 0xFD, 0xC8, 0xC9, 0xFF, 0xFE, 0xCD, 0xCE, 0xFF, 0xFF, 0xD1, 0xD2, 0xFF,
    0xFF, 0xD4, 0xD5, 0xFF, 0xFF, 0xD6, 0xD7, 0xFF, 0xFF, 0xD6, 0xD7, 0xFF, 0xFF, 0xD5, 0xD6, 0xFF,
    0xFF, 0xD2, 0xD3, 0xFF, 0xFF, 0xCE, 0xCF, 0xFF, 0xFF, 0xCB, 0xCC, 0xFF, 0xFF, 0xCC, 0xCD, 0xFF,
    0xFF, 0xCC, 0xCE, 0xFF, 0xFF, 0xC9, 0xCB, 0xFF, 0xFF, 0xC6, 0xC8, 0xFF, 0xFF, 0xC6, 0xC9, 0xFF,
    0xFF, 0xC9, 0xCC, 0xFF, 0xFF, 0xCC, 0xD0, 0xFF, 0xFF, 0xCF, 0xD3, 0xFF, 0xFF, 0xD1, 0xD6, 0xFF,
    0xFF, 0xD3, 0xD8, 0xFF, 0xFF, 0xD5, 0xDA, 0xFF, 0xFF, 0xD7, 0xDC, 0xFF, 0xFF, 0xD8, 0xDE, 0xFF,
    0xFF, 0xDA, 0xE0, 0xFF, 0xFF, 0xDC, 0xE1, 0xFF, 0xFF, 0xDD, 0xE2, 0xFF, 0xFF, 0xDF, 0xE4, 0xFF,
    0xFF, 0xE0, 0xE6, 0xFF, 0xFF, 0xE2, 0xE7, 0xFF, 0xFF, 0xE3, 0xE9, 0xFF, 0xFF, 0xE4, 0xEA, 0xFF,
    0xFF, 0xE6, 0xEB, 0xFF, 0xFF, 0xE8, 0xED, 0xFF, 0xFF, 0xEA, 0xEE, 0xFF, 0xFF, 0xEA, 0xEF, 0xFF,
    0xFF, 0xED, 0xF1, 0xFF, 0xFF, 0xED, 0xF2, 0xFF, 0xFF, 0xF0, 0xF4, 0xFF, 0xFF, 0xF0, 0xF4, 0xFF,
    0xFF, 0xF2, 0xF5, 0xFF, 0xFF, 0xF2, 0xF5, 0xFF, 0xFF, 0xF1, 0xF3, 0xFF, 0xFF, 0xEB, 0xED, 0xFF,
    0xFF, 0xE2, 0xE3, 0xFF, 0xFF, 0xD8, 0xD9, 0xFE, 0xFF, 0xCA, 0xCB, 0xFC, 0xFF, 0xBC, 0xBC, 0x2A,
    0x00, 0x00, 0x00, 0x00, 0xFF, 0xFF, 0xFF, 0x02, 0x00, 0x00, 0x00, 0x00, 0x00, 0x00, 0x00, 0x00,
    0x00, 0x00, 0x00, 0x00, 0x00, 0x00, 0x00, 0x00, 0x00, 0x00, 0x00, 0x00, 0x00, 0x00, 0x00, 0x00,
    0x00, 0x00, 0x00, 0x00, 0xFF, 0xFF, 0xFF, 0x02, 0x00, 0x00, 0x00, 0x00, 0xB9, 0x9A, 0xBE, 0x6B,
    0xFA, 0xBB, 0xBF, 0xFF, 0xFF, 0xBD, 0xB9, 0xFC, 0xFC, 0xBE, 0xC1, 0xFF, 0xFF, 0xC5, 0xC6, 0xFF,
    0xFF, 0xCB, 0xCC, 0xFF, 0xFF, 0xD0, 0xD2, 0xFF, 0xFF, 0xD6, 0xD8, 0xFF, 0xFF, 0xDA, 0xDB, 0xFF,
    0xFF, 0xDD, 0xDE, 0xFF, 0xFF, 0xDF, 0xE1, 0xFF, 0xFF, 0xE0, 0xE2, 0xFF, 0xFF, 0xDF, 0xE1, 0xFF,
    0xFF, 0xDD, 0xDE, 0xFF, 0xFF, 0xD9, 0xDA, 0xFF, 0xFF, 0xD6, 0xD7, 0xFF, 0xFF, 0xD7, 0xD8, 0xFF,
    0xFF, 0xD9, 0xDB, 0xFF, 0xFF, 0xD4, 0xD7, 0xFF, 0xFF, 0xCD, 0xD0, 0xFF, 0xFF, 0xC9, 0xCD, 0xFF,
    0xFF, 0xCA, 0xCE, 0xFF, 0xFF, 0xCC, 0xD1, 0xFF, 0xFF, 0xCF, 0xD4, 0xFF, 0xFF, 0xD1, 0xD6, 0xFF,
    0xFF, 0xD3, 0xD8, 0xFF, 0xFF, 0xD4, 0xDA, 0xFF, 0xFF, 0xD6, 0xDC, 0xFF, 0xFF, 0xD8, 0xDE, 0xFF,
    0xFF, 0xDA, 0xDF, 0xFF, 0xFF, 0xDB, 0xE1, 0xFF, 0xFF, 0xDD, 0xE3, 0xFF, 0xFF, 0xDF, 0xE4, 0xFF,
    0xFF, 0xE0, 0xE6, 0xFF, 0xFF, 0xE2, 0xE7, 0xFF, 0xFF, 0xE3, 0xE9, 0xFF, 0xFF, 0xE4, 0xEA, 0xFF,
    0xFF, 0xE5, 0xEB, 0xFF, 0xFF, 0xE7, 0xEC, 0xFF, 0xFF, 0xE9, 0xEE, 0xFF, 0xFF, 0xEA, 0xEF, 0xFF,
    0xFF, 0xEB, 0xF1, 0xFF, 0xFF, 0xED, 0xF2, 0xFF, 0xFF, 0xEE, 0xF3, 0xFF, 0xFF, 0xF0, 0xF4, 0xFF,
    0xFF, 0xF1, 0xF5, 0xFF, 0xFF, 0xF1, 0xF5, 0xFF, 0xFF, 0xF1, 0xF4, 0xFF, 0xFF, 0xED, 0xEF, 0xFF,
    0xFF, 0xE4, 0xE6, 0xFF, 0xFF, 0xD9, 0xDA, 0xFC, 0xFF, 0xD7, 0xD8, 0xFF, 0xFF, 0xBF, 0xBF, 0x5C,
    0x00, 0x00, 0x00, 0x00, 0xFF, 0xBF, 0xBF, 0x04, 0x00, 0x00, 0x00, 0x00, 0x00, 0x00, 0x00, 0x00,
    0x00, 0x00, 0x00, 0x00, 0x00, 0x00, 0x00, 0x00, 0x00, 0x00, 0x00, 0x00, 0x00, 0x00, 0x00, 0x00,
    0xFF, 0xFF, 0xFF, 0x02, 0x00, 0xFF, 0xFF, 0x01, 0xE7, 0xAD, 0xB3, 0x2C, 0xFF, 0xBC, 0xB8, 0xEA,
    0xFF, 0xBC, 0xBC, 0xFE, 0xFD, 0xBD, 0xBF, 0xFE, 0xFF, 0xC5, 0xC6, 0xFF, 0xFF, 0xCB, 0xCC, 0xFF,
    0xFF, 0xD1, 0xD3, 0xFF, 0xFF, 0xD7, 0xD9, 0xFF, 0xFF, 0xDB, 0xDD, 0xFF, 0xFF, 0xDF, 0xE1, 0xFF,
    0xFF, 0xE2, 0xE4, 0xFF, 0xFF, 0xE4, 0xE7, 0xFF, 0xFF, 0xE6, 0xE8, 0xFF, 0xFF, 0xE6, 0xE9, 0xFF,
    0xFF, 0xE5, 0xE7, 0xFF, 0xFF, 0xE3, 0xE4, 0xFF, 0xFF, 0xDF, 0xE1, 0xFF, 0xFF, 0xDF, 0xE1, 0xFF,
    0xFF, 0xE1, 0xE3, 0xFF, 0xFF, 0xDB, 0xDE, 0xFF, 0xFF, 0xD2, 0xD6, 0xFF, 0xFF, 0xCC, 0xD1, 0xFF,
    0xFF, 0xCB, 0xD0, 0xFF, 0xFF, 0xCD, 0xD2, 0xFF, 0xFF, 0xCF, 0xD4, 0xFF, 0xFF, 0xD1, 0xD7, 0xFF,
    0xFF, 0xD2, 0xD8, 0xFF, 0xFF, 0xD4, 0xDB, 0xFF, 0xFF, 0xD6, 0xDC, 0xFF, 0xFF, 0xD8, 0xDE, 0xFF,
    0xFF, 0xD9, 0xDF, 0xFF, 0xFF, 0xDB, 0xE1, 0xFF, 0xFF, 0xDD, 0xE3, 0xFF, 0xFF, 0xDE, 0xE4, 0xFF,
    0xFF, 0xDF, 0xE5, 0xFF, 0xFF, 0xE1, 0xE7, 0xFF, 0xFF, 0xE3, 0xE9, 0xFF, 0xFF, 0xE4, 0xEA, 0xFF,
    0xFF, 0xE5, 0xEB, 0xFF, 0xFF, 0xE5, 0xEB, 0xFF, 0xFF, 0xE8, 0xEE, 0xFF, 0xFF, 0xEA, 0xEF, 0xFF,
    0xFF, 0xEA, 0xF0, 0xFF, 0xFF, 0xEC, 0xF1, 0xFF, 0xFF, 0xEE, 0xF2, 0xFF, 0xFF, 0xEF, 0xF4, 0xFF,
    0xFF, 0xF0, 0xF5, 0xFF, 0xFF, 0xF1, 0xF5, 0xFF, 0xFF, 0xF0, 0xF4, 0xFF, 0xFF, 0xED, 0xF0, 0xFF,
    0xFF, 0xE6, 0xE8, 0xFF, 0xFF, 0xDB, 0xDD, 0xFB, 0xFF, 0xDB, 0xDC, 0xFF, 0xFF, 0xC0, 0xC2, 0x87,
    0x00, 0x00, 0x00, 0x00, 0xFF, 0xBF, 0xBF, 0x04, 0x00, 0x00, 0x00, 0x00, 0x00, 0x00, 0x00, 0x00,
    0x00, 0x00, 0x00, 0x00, 0x00, 0x00, 0x00, 0x00, 0x00, 0x00, 0x00, 0x00, 0x00, 0x00, 0x00, 0x01,
    0xFF, 0xFF, 0xFF, 0x02, 0xFF, 0xBF, 0xBF, 0x04, 0xF9, 0xB3, 0xB3, 0xC8, 0xFF, 0xC2, 0xC3, 0xFF,
    0xFF, 0xBC, 0xBD, 0xFC, 0xFF, 0xC3, 0xC4, 0xFF, 0xFF, 0xCA, 0xCB, 0xFF, 0xFF, 0xD0, 0xD2, 0xFF,
    0xFF, 0xD5, 0xD8, 0xFF, 0xFF, 0xDA, 0xDC, 0xFF, 0xFF, 0xDD, 0xE0, 0xFF, 0xFF, 0xE0, 0xE3, 0xFF,
    0xFF, 0xE3, 0xE6, 0xFF, 0xFF, 0xE6, 0xE9, 0xFF, 0xFF, 0xE8, 0xEB, 0xFF, 0xFF, 0xE9, 0xEC, 0xFF,
    0xFF, 0xEA, 0xEC, 0xFF, 0xFF, 0xE9, 0xEB, 0xFF, 0xFF, 0xE6, 0xE9, 0xFF, 0xFF, 0xE5, 0xE7, 0xFF,
    0xFF, 0xE5, 0xE8, 0xFF, 0xFF, 0xDF, 0xE3, 0xFF, 0xFF, 0xD6, 0xDB, 0xFF, 0xFF, 0xCF, 0xD4, 0xFF,
    0xFF, 0xCC, 0xD2, 0xFF, 0xFF, 0xCD, 0xD3, 0xFF, 0xFF, 0xCE, 0xD5, 0xFF, 0xFF, 0xD0, 0xD7, 0xFF,
    0xFF, 0xD2, 0xD8, 0xFF, 0xFF, 0xD4, 0xDA, 0xFF, 0xFF, 0xD6, 0xDC, 0xFF, 0xFF, 0xD7, 0xDE, 0xFF,
    0xFF, 0xD8, 0xDF, 0xFF, 0xFF, 0xDB, 0xE1, 0xFF, 0xFF, 0xDB, 0xE2, 0xFF, 0xFF, 0xDC, 0xE3, 0xFF,
    0xFF, 0xDE, 0xE5, 0xFF, 0xFF, 0xE0, 0xE6, 0xFF, 0xFF, 0xE2, 0xE8, 0xFF, 0xFF, 0xE4, 0xEA, 0xFF,
    0xFF, 0xE5, 0xEB, 0xFF, 0xFF, 0xE5, 0xEB, 0xFF, 0xFF, 0xE6, 0xED, 0xFF, 0xFF, 0xE9, 0xEF, 0xFF,
    0xFF, 0xEA, 0xF0, 0xFF, 0xFF, 0xEB, 0xF1, 0xFF, 0xFF, 0xEC, 0xF2, 0xFF, 0xFF, 0xEE, 0xF3, 0xFF,
    0xFF, 0xEF, 0xF4, 0xFF, 0xFF, 0xF0, 0xF4, 0xFF, 0xFF, 0xF0, 0xF4, 0xFF, 0xFF, 0xED, 0xF0, 0xFF,
    0xFF, 0xE6, 0xE8, 0xFF, 0xFF, 0xDC, 0xDE, 0xFB, 0xFF, 0xDB, 0xDC, 0xFF, 0xFF, 0xC0, 0xC1, 0xA3,
    0x00, 0x00, 0x00, 0x00, 0xFF, 0xFF, 0xFF, 0x03, 0x00, 0x00, 0x00, 0x00, 0x00, 0x00, 0x00, 0x00,
    0x00, 0x00, 0x00, 0x00, 0x00, 0x00, 0x00, 0x00, 0x00, 0x00, 0x00, 0x00, 0xBF, 0xBF, 0xBF, 0x04,
    0x00, 0x00, 0x00, 0x00, 0xF7, 0xB2, 0xB2, 0x61, 0xFF, 0xC2, 0xC3, 0xFF, 0xFF, 0xB9, 0xBA, 0xFB,
    0xFF, 0xC0, 0xC2, 0xFF, 0xFF, 0xC7, 0xC9, 0xFF, 0xFF, 0xCD, 0xD0, 0xFF, 0xFF, 0xD2, 0xD6, 0xFF,
    0xFF, 0xD7, 0xDA, 0xFF, 0xFF, 0xDA, 0xDE, 0xFF, 0xFF, 0xDE, 0xE1, 0xFF, 0xFF, 0xE0, 0xE4, 0xFF,
    0xFF, 0xE4, 0xE7, 0xFF, 0xFF, 0xE6, 0xEA, 0xFF, 0xFF, 0xE9, 0xEC, 0xFF, 0xFF, 0xEA, 0xEE, 0xFF,
    0xFF, 0xEB, 0xEF, 0xFF, 0xFF, 0xEB, 0xEF, 0xFF, 0xFF, 0xEA, 0xED, 0xFF, 0xFF, 0xE8, 0xEC, 0xFF,
    0xFF, 0xE7, 0xEB, 0xFF, 0xFF, 0xE2, 0xE6, 0xFF, 0xFF, 0xD9, 0xDE, 0xFF, 0xFF, 0xD1, 0xD7, 0xFF,
    0xFF, 0xCD, 0xD3, 0xFF, 0xFF, 0xCD, 0xD3, 0xFF, 0xFF, 0xCE, 0xD4, 0xFF, 0xFF, 0xD0, 0xD6, 0xFF,
    0xFF, 0xD2, 0xD9, 0xFF, 0xFF, 0xD3, 0xDA, 0xFF, 0xFF, 0xD5, 0xDC, 0xFF, 0xFF, 0xD6, 0xDE, 0xFF,
    0xFF, 0xD8, 0xDF, 0xFF, 0xFF, 0xDA, 0xE1, 0xFF, 0xFF, 0xDA, 0xE2, 0xFF, 0xFF, 0xDC, 0xE2, 0xFF,
    0xFF, 0xDD, 0xE4, 0xFF, 0xFF, 0xDF, 0xE6, 0xFF, 0xFF, 0xE1, 0xE8, 0xFF, 0xFF, 0xE3, 0xE9, 0xFF,
    0xFF, 0xE4, 0xEB, 0xFF, 0xFF, 0xE5, 0xEB, 0xFF, 0xFF, 0xE5, 0xEC, 0xFF, 0xFF, 0xE8, 0xEE, 0xFF,
    0xFF, 0xE9, 0xEF, 0xFF, 0xFF, 0xEA, 0xF1, 0xFF, 0xFF, 0xEC, 0xF1, 0xFF, 0xFF, 0xED, 0xF2, 0xFF,
    0xFF, 0xEE, 0xF3, 0xFF, 0xFF, 0xEF, 0xF4, 0xFF, 0xFF, 0xEF, 0xF3, 0xFF, 0xFF, 0xEC, 0xF0, 0xFF,
    0xFF, 0xE5, 0xE8, 0xFF, 0xFF, 0xDB, 0xDD, 0xFC, 0xFF, 0xDA, 0xDB, 0xFF, 0xFF, 0xC1, 0xC2, 0xAE,
    0x00, 0x00, 0x00, 0x00, 0xFF, 0xAA, 0xAA, 0x03, 0x00, 0x00, 0x00, 0x00, 0x00, 0x00, 0x00, 0x00,
    0x00, 0x00, 0x00, 0x00, 0x00, 0x00, 0x00, 0x00, 0x00, 0x00, 0x00, 0x00, 0xFF, 0xFF, 0xFF, 0x01,
    0xFF, 0xBF, 0xBF, 0x04, 0xF8, 0xB3, 0xB3, 0xD4, 0xFF, 0xBE, 0xBF, 0xFE, 0xFF, 0xBD, 0xBE, 0xFC,
    0xFF, 0xC3, 0xC5, 0xFF, 0xFF, 0xCA, 0xCC, 0xFF, 0xFF, 0xCF, 0xD3, 0xFF, 0xFF, 0xD3, 0xD7, 0xFF,
    0xFF, 0xD7, 0xDB, 0xFF, 0xFF, 0xDA, 0xDE, 0xFF, 0xFF, 0xDE, 0xE1, 0xFF, 0xFF, 0xE0, 0xE5, 0xFF,
    0xFF, 0xE4, 0xE8, 0xFF, 0xFF, 0xE6, 0xEA, 0xFF, 0xFF, 0xE8, 0xED, 0xFF, 0xFF, 0xEA, 0xEE, 0xFF,
    0xFF, 0xEC, 0xF0, 0xFF, 0xFF, 0xED, 0xF0, 0xFF, 0xFF, 0xEC, 0xF0, 0xFF, 0xFF, 0xEB, 0xEE, 0xFF,
    0xFF, 0xE9, 0xED, 0xFF, 0xFF, 0xE5, 0xE9, 0xFF, 0xFF, 0xDD, 0xE2, 0xFF, 0xFF, 0xD4, 0xDA, 0xFF,
    0xFF, 0xCE, 0xD5, 0xFF, 0xFF, 0xCD, 0xD4, 0xFF, 0xFF, 0xCD, 0xD5, 0xFF, 0xFF, 0xCF, 0xD7, 0xFF,
    0xFF, 0xD1, 0xD8, 0xFF, 0xFF, 0xD3, 0xDA, 0xFF, 0xFF, 0xD4, 0xDC, 0xFF, 0xFF, 0xD5, 0xDD, 0xFF,
    0xFF, 0xD7, 0xDF, 0xFF, 0xFF, 0xD9, 0xE1, 0xFF, 0xFF, 0xDA, 0xE2, 0xFF, 0xFF, 0xDA, 0xE2, 0xFF,
    0xFF, 0xDC, 0xE4, 0xFF, 0xFF, 0xDE, 0xE5, 0xFF, 0xFF, 0xE0, 0xE7, 0xFF, 0xFF, 0xE2, 0xE9, 0xFF,
    0xFF, 0xE3, 0xEA, 0xFF, 0xFF, 0xE4, 0xEB, 0xFF, 0xFF, 0xE5, 0xEC, 0xFF, 0xFF, 0xE7, 0xED, 0xFF,
    0xFF, 0xE8, 0xEE, 0xFF, 0xFF, 0xE9, 0xEF, 0xFF, 0xFF, 0xEB, 0xF1, 0xFF, 0xFF, 0xEC, 0xF2, 0xFF,
    0xFF, 0xED, 0xF3, 0xFF, 0xFF, 0xED, 0xF2, 0xFF, 0xFF, 0xEE, 0xF2, 0xFF, 0xFF, 0xEB, 0xEF, 0xFF,
    0xFF, 0xE4, 0xE7, 0xFF, 0xFF, 0xDA, 0xDC, 0xFC, 0xFF, 0xD9, 0xDB, 0xFF, 0xFF, 0xC1, 0xC1, 0xAD,
    0x00, 0x00, 0x00, 0x00, 0xFF, 0xAA, 0xAA, 0x03, 0x00, 0x00, 0x00, 0x00, 0x00, 0x00, 0x00, 0x00,
    0x00, 0x00, 0x00, 0x00, 0x00, 0x00, 0x00, 0x00, 0xFF, 0xAA, 0xAA, 0x03, 0x00, 0x00, 0x00, 0x00,
    0xF6, 0xB4, 0xB4, 0x3A, 0xFE, 0xBA, 0xBA, 0xFF, 0xFF, 0xB8, 0xB9, 0xFE, 0xFF, 0xBE, 0xC0, 0xFF,
    0xFF, 0xC5, 0xC8, 0xFF, 0xFF, 0xCB, 0xCF, 0xFF, 0xFF, 0xD0, 0xD4, 0xFF, 0xFF, 0xD3, 0xD7, 0xFF,
    0xFF, 0xD7, 0xDB, 0xFF, 0xFF, 0xDA, 0xDE, 0xFF, 0xFF, 0xDD, 0xE1, 0xFF, 0xFF, 0xE0, 0xE5, 0xFF,
    0xFF, 0xE2, 0xE8, 0xFF, 0xFF, 0xE5, 0xEA, 0xFF, 0xFF, 0xE7, 0xED, 0xFF, 0xFF, 0xEA, 0xEF, 0xFF,
    0xFF, 0xEB, 0xF0, 0xFF, 0xFF, 0xED, 0xF1, 0xFF, 0xFF, 0xEC, 0xF1, 0xFF, 0xFF, 0xEB, 0xEF, 0xFF,
    0xFF, 0xEA, 0xEE, 0xFF, 0xFF, 0xE6, 0xEC, 0xFF, 0xFF, 0xDF, 0xE5, 0xFF, 0xFF, 0xD5, 0xDC, 0xFF,
    0xFF, 0xCF, 0xD6, 0xFF, 0xFF, 0xCC, 0xD4, 0xFF, 0xFF, 0xCD, 0xD5, 0xFF, 0xFF, 0xCE, 0xD6, 0xFF,
    0xFF, 0xD0, 0xD8, 0xFF, 0xFF, 0xD1, 0xDA, 0xFF, 0xFF, 0xD4, 0xDC, 0xFF, 0xFF, 0xD5, 0xDD, 0xFF,
    0xFF, 0xD6, 0xDF, 0xFF, 0xFF, 0xD8, 0xE0, 0xFF, 0xFF, 0xD9, 0xE2, 0xFF, 0xFF, 0xDA, 0xE2, 0xFF,
    0xFF, 0xDB, 0xE3, 0xFF, 0xFF, 0xDD, 0xE5, 0xFF, 0xFF, 0xDE, 0xE6, 0xFF, 0xFF, 0xE0, 0xE8, 0xFF,
    0xFF, 0xE2, 0xEA, 0xFF, 0xFF, 0xE3, 0xEA, 0xFF, 0xFF, 0xE4, 0xEB, 0xFF, 0xFF, 0xE6, 0xED, 0xFF,
    0xFF, 0xE7, 0xEE, 0xFF, 0xFF, 0xE8, 0xEF, 0xFF, 0xFF, 0xE9, 0xF0, 0xFF, 0xFF, 0xEA, 0xF1, 0xFF,
    0xFF, 0xEC, 0xF1, 0xFF, 0xFF, 0xEC, 0xF2, 0xFF, 0xFF, 0xEC, 0xF1, 0xFF, 0xFF, 0xE9, 0xED, 0xFF,
    0xFF, 0xE2, 0xE6, 0xFF, 0xFF, 0xD9, 0xDB, 0xFB, 0xFF, 0xD8, 0xD9, 0xFF, 0xFF, 0xBE, 0xBE, 0x9F,
    0x00, 0x00, 0x00, 0x00, 0xFF, 0xFF, 0xFF, 0x03, 0x00, 0x00, 0x00, 0x00, 0x00, 0x00, 0x00, 0x00,
    0x00, 0x00, 0x00, 0x00, 0x00, 0x00, 0x00, 0x00, 0xFF, 0xBF, 0xBF, 0x04, 0x00, 0x00, 0x00, 0x00,
    0xF8, 0xB2, 0xB2, 0x7C, 0xFF, 0xC2, 0xC3, 0xFF, 0xFF, 0xB9, 0xBB, 0xFB, 0xFF, 0xC0, 0xC2, 0xFF,
    0xFF, 0xC6, 0xC9, 0xFF, 0xFF, 0xCB, 0xD0, 0xFF, 0xFF, 0xD0, 0xD4, 0xFF, 0xFF, 0xD3, 0xD8, 0xFF,
    0xFF, 0xD6, 0xDB, 0xFF, 0xFF, 0xD9, 0xDE, 0xFF, 0xFF, 0xDC, 0xE2, 0xFF, 0xFF, 0xDF, 0xE4, 0xFF,
    0xFF, 0xE2, 0xE7, 0xFF, 0xFF, 0xE5, 0xEA, 0xFF, 0xFF, 0xE7, 0xEC, 0xFF, 0xFF, 0xE9, 0xEE, 0xFF,
    0xFF, 0xEB, 0xF0, 0xFF, 0xFF, 0xEC, 0xF1, 0xFF, 0xFF, 0xEC, 0xF1, 0xFF, 0xFF, 0xEB, 0xF0, 0xFF,
    0xFF, 0xEA, 0xEF, 0xFF, 0xFF, 0xE7, 0xEC, 0xFF, 0xFF, 0xE1, 0xE7, 0xFF, 0xFF, 0xD7, 0xDE, 0xFF,
    0xFF, 0xCF, 0xD7, 0xFF, 0xFF, 0xCC, 0xD4, 0xFF, 0xFF, 0xCC, 0xD5, 0xFF, 0xFF, 0xCE, 0xD6, 0xFF,
    0xFF, 0xCF, 0xD8, 0xFF, 0xFF, 0xD1, 0xDA, 0xFF, 0xFF, 0xD2, 0xDB, 0xFF, 0xFF, 0xD4, 0xDD, 0xFF,
    0xFF, 0xD5, 0xDE, 0xFF, 0xFF, 0xD8, 0xE0, 0xFF, 0xFF, 0xD9, 0xE1, 0xFF, 0xFF, 0xDA, 0xE2, 0xFF,
    0xFF, 0xDA, 0xE3, 0xFF, 0xFF, 0xDC, 0xE5, 0xFF, 0xFF, 0xDE, 0xE6, 0xFF, 0xFF, 0xDF, 0xE7, 0xFF,
    0xFF, 0xE0, 0xE8, 0xFF, 0xFF, 0xE2, 0xEA, 0xFF, 0xFF, 0xE3, 0xEB, 0xFF, 0xFF, 0xE5, 0xEC, 0xFF,
    0xFF, 0xE6, 0xED, 0xFF, 0xFF, 0xE7, 0xEE, 0xFF, 0xFF, 0xE8, 0xEF, 0xFF, 0xFF, 0xE9, 0xF0, 0xFF,
    0xFF, 0xEA, 0xF1, 0xFF, 0xFF, 0xEB, 0xF1, 0xFF, 0xFF, 0xEA, 0xEF, 0xFF, 0xFF, 0xE7, 0xEC, 0xFF,
    0xFF, 0xDF, 0xE3, 0xFF, 0xFF, 0xD6, 0xD8, 0xFB, 0xFF, 0xD6, 0xD8, 0xFF, 0xFC, 0xBC, 0xBC, 0x7F,
    0x00, 0x00, 0x00, 0x00, 0xFF, 0xBF, 0xBF, 0x04, 0x00, 0x00, 0x00, 0x00, 0x00, 0x00, 0x00, 0x00,
    0x00, 0x00, 0x00, 0x00, 0x00, 0x00, 0x00, 0x00, 0xFF, 0xAA, 0xAA, 0x03, 0x00, 0x00, 0x00, 0x00,
    0xF7, 0xB2, 0xB4, 0xAB, 0xFF, 0xC1, 0xC3, 0xFF, 0xFF, 0xBB, 0xBD, 0xFC, 0xFF, 0xC1, 0xC3, 0xFF,
    0xFF, 0xC7, 0xCB, 0xFF, 0xFF, 0xCB, 0xD0, 0xFF, 0xFF, 0xCF, 0xD5, 0xFF, 0xFF, 0xD2, 0xD8, 0xFF,
    0xFF, 0xD6, 0xDB, 0xFF, 0xFF, 0xD9, 0xDE, 0xFF, 0xFF, 0xDB, 0xE1, 0xFF, 0xFF, 0xDE, 0xE4, 0xFF,
    0xFF, 0xE1, 0xE7, 0xFF, 0xFF, 0xE4, 0xEA, 0xFF, 0xFF, 0xE7, 0xED, 0xFF, 0xFF, 0xE8, 0xEE, 0xFF,
    0xFF, 0xEA, 0xF0, 0xFF, 0xFF, 0xEB, 0xF1, 0xFF, 0xFF, 0xEC, 0xF1, 0xFF, 0xFF, 0xEB, 0xF1, 0xFF,
    0xFF, 0xE9, 0xEF, 0xFF, 0xFF, 0xE7, 0xED, 0xFF, 0xFF, 0xE1, 0xE8, 0xFF, 0xFF, 0xD8, 0xE0, 0xFF,
    0xFF, 0xD0, 0xD8, 0xFF, 0xFF, 0xCC, 0xD5, 0xFF, 0xFF, 0xCB, 0xD4, 0xFF, 0xFF, 0xCD, 0xD6, 0xFF,
    0xFF, 0xCE, 0xD7, 0xFF, 0xFF, 0xD0, 0xD9, 0xFF, 0xFF, 0xD1, 0xDA, 0xFF, 0xFF, 0xD3, 0xDD, 0xFF,
    0xFF, 0xD5, 0xDE, 0xFF, 0xFF, 0xD6, 0xDF, 0xFF, 0xFF, 0xD8, 0xE1, 0xFF, 0xFF, 0xDA, 0xE2, 0xFF,
    0xFF, 0xDB, 0xE3, 0xFF, 0xFF, 0xDC, 0xE4, 0xFF, 0xFF, 0xDD, 0xE6, 0xFF, 0xFF, 0xDF, 0xE7, 0xFF,
    0xFF, 0xDF, 0xE8, 0xFF, 0xFF, 0xE1, 0xE9, 0xFF, 0xFF, 0xE2, 0xEA, 0xFF, 0xFF, 0xE3, 0xEB, 0xFF,
    0xFF, 0xE5, 0xEC, 0xFF, 0xFF, 0xE6, 0xEE, 0xFF, 0xFF, 0xE7, 0xEE, 0xFF, 0xFF, 0xE8, 0xEF, 0xFF,
    0xFF, 0xE9, 0xF0, 0xFF, 0xFF, 0xE9, 0xF0, 0xFF, 0xFF, 0xE8, 0xED, 0xFF, 0xFF, 0xE4, 0xE9, 0xFF,
    0xFF, 0xDC, 0xE0, 0xFF, 0xFF, 0xD2, 0xD5, 0xFC, 0xFF, 0xCF, 0xD1, 0xFF, 0xFB, 0xBB, 0xBB, 0x53,
    0x00, 0x00, 0x00, 0x00, 0xFF, 0xBF, 0xBF, 0x04, 0x00, 0x00, 0x00, 0x00, 0x00, 0x00, 0x00, 0x00,
    0x00, 0x00, 0x00, 0x00, 0x00, 0x00, 0x00, 0x00, 0xFF, 0x7F, 0x7F, 0x02, 0x00, 0x00, 0x00, 0x00,
    0xF9, 0xB3, 0xB3, 0xC5, 0xFF, 0xBF, 0xC0, 0xFF, 0xFF, 0xBB, 0xBE, 0xFC, 0xFF, 0xC1, 0xC4, 0xFF,
    0xFF, 0xC6, 0xCB, 0xFF, 0xFF, 0xCB, 0xD0, 0xFF, 0xFF, 0xCE, 0xD5, 0xFF, 0xFF, 0xD1, 0xD7, 0xFF,
    0xFF, 0xD5, 0xDB, 0xFF, 0xFF, 0xD7, 0xDE, 0xFF, 0xFF, 0xD9, 0xE0, 0xFF, 0xFF, 0xDC, 0xE3, 0xFF,
    0xFF, 0xDF, 0xE7, 0xFF, 0xFF, 0xE2, 0xE9, 0xFF, 0xFF, 0xE5, 0xEC, 0xFF, 0xFF, 0xE7, 0xEE, 0xFF,
    0xFF, 0xE8, 0xEF, 0xFF, 0xFF, 0xEA, 0xF0, 0xFF, 0xFF, 0xEB, 0xF1, 0xFF, 0xFF, 0xEA, 0xF0, 0xFF,
    0xFF, 0xE9, 0xEE, 0xFF, 0xFF, 0xE6, 0xED, 0xFF, 0xFF, 0xE2, 0xE9, 0xFF, 0xFF, 0xD9, 0xE2, 0xFF,
    0xFF, 0xD0, 0xDA, 0xFF, 0xFF, 0xCC, 0xD5, 0xFF, 0xFF, 0xCB, 0xD4, 0xFF, 0xFF, 0xCC, 0xD5, 0xFF,
    0xFF, 0xCD, 0xD7, 0xFF, 0xFF, 0xCF, 0xD8, 0xFF, 0xFF, 0xD1, 0xDA, 0xFF, 0xFF, 0xD2, 0xDC, 0xFF,
    0xFF, 0xD4, 0xDE, 0xFF, 0xFF, 0xD5, 0xDF, 0xFF, 0xFF, 0xD6, 0xDF, 0xFF, 0xFF, 0xD8, 0xE1, 0xFF,
    0xFF, 0xDA, 0xE3, 0xFF, 0xFF, 0xDB, 0xE4, 0xFF, 0xFF, 0xDC, 0xE5, 0xFF, 0xFF, 0xDE, 0xE6, 0xFF,
    0xFF, 0xDE, 0xE7, 0xFF, 0xFF, 0xDF, 0xE9, 0xFF, 0xFF, 0xE1, 0xE9, 0xFF, 0xFF, 0xE2, 0xEA, 0xFF,
    0xFF, 0xE3, 0xEB, 0xFF, 0xFF, 0xE5, 0xEC, 0xFF, 0xFF, 0xE6, 0xED, 0xFF, 0xFF, 0xE7, 0xEE, 0xFF,
    0xFF, 0xE7, 0xEE, 0xFF, 0xFF, 0xE7, 0xEE, 0xFF, 0xFF, 0xE6, 0xEC, 0xFF, 0xFF, 0xE1, 0xE5, 0xFF,
    0xFF, 0xD7, 0xDB, 0xFE, 0xFF, 0xCF, 0xD2, 0xFF, 0xFF, 0xC1, 0xC3, 0xF8, 0xFF, 0xB7, 0xB7, 0x20,
    0x00, 0x00, 0x00, 0x00, 0xFF, 0x7F, 0x7F, 0x02, 0x00, 0x00, 0x00, 0x00, 0x00, 0x00, 0x00, 0x00,
    0x00, 0x00, 0x00, 0x00, 0x00, 0x00, 0x00, 0x00, 0xFF, 0x00, 0xFF, 0x01, 0x00, 0x00, 0x00, 0x00,
    0xF9, 0xB3, 0xB4, 0xCA, 0xFF, 0xBE, 0xC0, 0xFF, 0xFF, 0xBB, 0xBE, 0xFC, 0xFF, 0xC0, 0xC4, 0xFF,
    0xFF, 0xC6, 0xCB, 0xFF, 0xFF, 0xCA, 0xD0, 0xFF, 0xFF, 0xCE, 0xD4, 0xFF, 0xFF, 0xD0, 0xD7, 0xFF,
    0xFF, 0xD3, 0xDA, 0xFF, 0xFF, 0xD6, 0xDE, 0xFF, 0xFF, 0xD8, 0xE0, 0xFF, 0xFF, 0xDB, 0xE3, 0xFF,
    0xFF, 0xDE, 0xE5, 0xFF, 0xFF, 0xE1, 0xE8, 0xFF, 0xFF, 0xE3, 0xEB, 0xFF, 0xFF, 0xE6, 0xED, 0xFF,
    0xFF, 0xE7, 0xEE, 0xFF, 0xFF, 0xE8, 0xF0, 0xFF, 0xFF, 0xE9, 0xF0, 0xFF, 0xFF, 0xE9, 0xF0, 0xFF,
    0xFF, 0xE7, 0xEE, 0xFF, 0xFF, 0xE5, 0xEC, 0xFF, 0xFF, 0xE1, 0xEA, 0xFF, 0xFF, 0xDA, 0xE3, 0xFF,
    0xFF, 0xD2, 0xDB, 0xFF, 0xFF, 0xCC, 0xD5, 0xFF, 0xFF, 0xCB, 0xD4, 0xFF, 0xFF, 0xCB, 0xD5, 0xFF,
    0xFF, 0xCC, 0xD6, 0xFF, 0xFF, 0xCE, 0xD8, 0xFF, 0xFF, 0xCF, 0xDA, 0xFF, 0xFF, 0xD1, 0xDB, 0xFF,
    0xFF, 0xD2, 0xDD, 0xFF, 0xFF, 0xD4, 0xDF, 0xFF, 0xFF, 0xD5, 0xDF, 0xFF, 0xFF, 0xD6, 0xE0, 0xFF,
    0xFF, 0xD8, 0xE1, 0xFF, 0xFF, 0xD9, 0xE3, 0xFF, 0xFF, 0xDB, 0xE5, 0xFF, 0xFF, 0xDC, 0xE5, 0xFF,
    0xFF, 0xDD, 0xE7, 0xFF, 0xFF, 0xDF, 0xE8, 0xFF, 0xFF, 0xE0, 0xE9, 0xFF, 0xFF, 0xE1, 0xEA, 0xFF,
    0xFF, 0xE2, 0xEB, 0xFF, 0xFF, 0xE3, 0xEC, 0xFF, 0xFF, 0xE5, 0xEC, 0xFF, 0xFF, 0xE5, 0xED, 0xFF,
    0xFF, 0xE6, 0xED, 0xFF, 0xFF, 0xE5, 0xEB, 0xFF, 0xFF, 0xE3, 0xE9, 0xFF, 0xFF, 0xDC, 0xE1, 0xFF,
    0xFF, 0xD3, 0xD7, 0xFC, 0xFF, 0xD1, 0xD4, 0xFE, 0xFF, 0xBD, 0xBF, 0xC4, 0x00, 0x00, 0x00, 0x00,
    0xFF, 0xFF, 0xFF, 0x01, 0x00, 0x00, 0x00, 0x00, 0x00, 0x00, 0x00, 0x00, 0x00, 0x00, 0x00, 0x00,
    0x00, 0x00, 0x00, 0x00, 0x00, 0x00, 0x00, 0x00, 0xFF, 0x7F, 0x7F, 0x02, 0x00, 0x00, 0x00, 0x00,
    0xF9, 0xB2, 0xB3, 0xBE, 0xFF, 0xBF, 0xC1, 0xFF, 0xFF, 0xBA, 0xBD, 0xFC, 0xFF, 0xC0, 0xC4, 0xFF,
    0xFF, 0xC5, 0xCB, 0xFF, 0xFF, 0xC9, 0xD0, 0xFF, 0xFF, 0xCC, 0xD4, 0xFF, 0xFF, 0xCF, 0xD7, 0xFF,
    0xFF, 0xD2, 0xDA, 0xFF, 0xFF, 0xD5, 0xDD, 0xFF, 0xFF, 0xD6, 0xDF, 0xFF, 0xFF, 0xD9, 0xE1, 0xFF,
    0xFF, 0xDD, 0xE5, 0xFF, 0xFF, 0xDF, 0xE7, 0xFF, 0xFF, 0xE2, 0xEA, 0xFF, 0xFF, 0xE4, 0xEC, 0xFF,
    0xFF, 0xE5, 0xED, 0xFF, 0xFF, 0xE7, 0xEF, 0xFF, 0xFF, 0xE8, 0xEF, 0xFF, 0xFF, 0xE7, 0xEF, 0xFF,
    0xFF, 0xE6, 0xED, 0xFF, 0xFF, 0xE4, 0xEC, 0xFF, 0xFF, 0xE1, 0xEA, 0xFF, 0xFF, 0xDA, 0xE4, 0xFF,
    0xFF, 0xD2, 0xDC, 0xFF, 0xFF, 0xCC, 0xD7, 0xFF, 0xFF, 0xCA, 0xD4, 0xFF, 0xFF, 0xCA, 0xD5, 0xFF,
    0xFF, 0xCB, 0xD6, 0xFF, 0xFF, 0xCD, 0xD8, 0xFF, 0xFF, 0xCE, 0xD9, 0xFF, 0xFF, 0xD0, 0xDA, 0xFF,
    0xFF, 0xD1, 0xDC, 0xFF, 0xFF, 0xD2, 0xDD, 0xFF, 0xFF, 0xD4, 0xDF, 0xFF, 0xFF, 0xD6, 0xE0, 0xFF,
    0xFF, 0xD7, 0xE1, 0xFF, 0xFF, 0xD8, 0xE2, 0xFF, 0xFF, 0xDA, 0xE4, 0xFF, 0xFF, 0xDB, 0xE5, 0xFF,
    0xFF, 0xDC, 0xE6, 0xFF, 0xFF, 0xDD, 0xE7, 0xFF, 0xFF, 0xDF, 0xE7, 0xFF, 0xFF, 0xE0, 0xE9, 0xFF,
    0xFF, 0xE0, 0xEA, 0xFF, 0xFF, 0xE2, 0xEA, 0xFF, 0xFF, 0xE2, 0xEB, 0xFF, 0xFF, 0xE3, 0xEB, 0xFF,
    0xFF, 0xE3, 0xEB, 0xFF, 0xFF, 0xE2, 0xE9, 0xFF, 0xFF, 0xDE, 0xE4, 0xFF, 0xFF, 0xD7, 0xDC, 0xFF,
    0xFF, 0xCD, 0xD0, 0xFC, 0xFF, 0xCF, 0xD2, 0xFF, 0xFC, 0xB7, 0xB9, 0x6B, 0x00, 0x00, 0x00, 0x00,
    0xFF, 0xBF, 0xBF, 0x04, 0x00, 0x00, 0x00, 0x00, 0x00, 0x00, 0x00, 0x00, 0x00, 0x00, 0x00, 0x00,
    0x00, 0x00, 0x00, 0x00, 0x00, 0x00, 0x00, 0x00, 0xFF, 0xBF, 0xBF, 0x04, 0x00, 0x00, 0x00, 0x00,
    0xFA, 0xB2, 0xB4, 0x99, 0xFF, 0xC1, 0xC3, 0xFE, 0xFF, 0xB9, 0xBC, 0xFB, 0xFF, 0xBE, 0xC3, 0xFF,
    0xFF, 0xC3, 0xCA, 0xFF, 0xFF, 0xC7, 0xCF, 0xFF, 0xFF, 0xCA, 0xD3, 0xFF, 0xFF, 0xCD, 0xD6, 0xFF,
    0xFF, 0xD0, 0xD9, 0xFF, 0xFF, 0xD3, 0xDC, 0xFF, 0xFF, 0xD6, 0xDF, 0xFF, 0xFF, 0xD7, 0xE0, 0xFF,
    0xFF, 0xDA, 0xE4, 0xFF, 0xFF, 0xDD, 0xE6, 0xFF, 0xFF, 0xDF, 0xE9, 0xFF, 0xFF, 0xE1, 0xEA, 0xFF,
    0xFF, 0xE4, 0xEC, 0xFF, 0xFF, 0xE5, 0xED, 0xFF, 0xFF, 0xE5, 0xEE, 0xFF, 0xFF, 0xE5, 0xEE, 0xFF,
    0xFF, 0xE5, 0xEC, 0xFF, 0xFF, 0xE4, 0xEC, 0xFF, 0xFF, 0xE2, 0xEA, 0xFF, 0xFF, 0xDD, 0xE5, 0xFF,
    0xFF, 0xD5, 0xDE, 0xFF, 0xFF, 0xCF, 0xD8, 0xFF, 0xFF, 0xCB, 0xD5, 0xFF, 0xFF, 0xCB, 0xD5, 0xFF,
    0xFF, 0xCB, 0xD6, 0xFF, 0xFF, 0xCC, 0xD7, 0xFF, 0xFF, 0xCD, 0xD8, 0xFF, 0xFF, 0xCE, 0xDA, 0xFF,
    0xFF, 0xD0, 0xDB, 0xFF, 0xFF, 0xD2, 0xDD, 0xFF, 0xFF, 0xD3, 0xDE, 0xFF, 0xFF, 0xD4, 0xDF, 0xFF,
    0xFF, 0xD5, 0xE0, 0xFF, 0xFF, 0xD7, 0xE2, 0xFF, 0xFF, 0xD8, 0xE3, 0xFF, 0xFF, 0xD9, 0xE4, 0xFF,
    0xFF, 0xDB, 0xE4, 0xFF, 0xFF, 0xDC, 0xE6, 0xFF, 0xFF, 0xDD, 0xE7, 0xFF, 0xFF, 0xDE, 0xE8, 0xFF,
    0xFF, 0xDF, 0xE9, 0xFF, 0xFF, 0xE0, 0xE9, 0xFF, 0xFF, 0xE0, 0xE9, 0xFF, 0xFF, 0xE1, 0xE9, 0xFF,
    0xFF, 0xE0, 0xE8, 0xFF, 0xFF, 0xDE, 0xE5, 0xFF, 0xFF, 0xD8, 0xDE, 0xFF, 0xFF, 0xD0, 0xD5, 0xFD,
    0xFF, 0xCB, 0xCF, 0xFE, 0xFF, 0xBD, 0xBF, 0xEA, 0xFF, 0xAA, 0xAA, 0x12, 0x00, 0x00, 0x00, 0x00,
    0xFF, 0xFF, 0xFF, 0x01, 0x00, 0x00, 0x00, 0x00, 0x00, 0x00, 0x00, 0x00, 0x00, 0x00, 0x00, 0x00,
    0x00, 0x00, 0x00, 0x00, 0x00, 0x00, 0x00, 0x00, 0xFF, 0xBF, 0xBF, 0x04, 0x00, 0x00, 0x00, 0x00,
    0xF9, 0xB2, 0xB2, 0x61, 0xFF, 0xBF, 0xC1, 0xFF, 0xFF, 0xB7, 0xBB, 0xFC, 0xFF, 0xBC, 0xC1, 0xFF,
    0xFF, 0xC2, 0xC8, 0xFF, 0xFF, 0xC6, 0xCE, 0xFF, 0xFF, 0xC9, 0xD2, 0xFF, 0xFF, 0xCC, 0xD5, 0xFF,
    0xFF, 0xCE, 0xD8, 0xFF, 0xFF, 0xD1, 0xDB, 0xFF, 0xFF, 0xD4, 0xDE, 0xFF, 0xFF, 0xD7, 0xE0, 0xFF,
    0xFF, 0xD9, 0xE3, 0xFF, 0xFF, 0xDB, 0xE5, 0xFF, 0xFF, 0xDE, 0xE7, 0xFF, 0xFF, 0xE0, 0xE9, 0xFF,
    0xFF, 0xE1, 0xEB, 0xFF, 0xFF, 0xE2, 0xEC, 0xFF, 0xFF, 0xE3, 0xEC, 0xFF, 0xFF, 0xE3, 0xEC, 0xFF,
    0xFF, 0xE4, 0xEC, 0xFF, 0xFF, 0xE4, 0xEC, 0xFF, 0xFF, 0xE3, 0xEB, 0xFF, 0xFF, 0xDF, 0xE7, 0xFF,
    0xFF, 0xD8, 0xE0, 0xFF, 0xFF, 0xD2, 0xDB, 0xFF, 0xFF, 0xCE, 0xD8, 0xFF, 0xFF, 0xCC, 0xD6, 0xFF,
    0xFF, 0xCB, 0xD6, 0xFF, 0xFF, 0xCB, 0xD7, 0xFF, 0xFF, 0xCC, 0xD8, 0xFF, 0xFF, 0xCD, 0xD9, 0xFF,
    0xFF, 0xCF, 0xDA, 0xFF, 0xFF, 0xD0, 0xDC, 0xFF, 0xFF, 0xD2, 0xDD, 0xFF, 0xFF, 0xD3, 0xDE, 0xFF,
    0xFF, 0xD4, 0xE0, 0xFF, 0xFF, 0xD6, 0xE1, 0xFF, 0xFF, 0xD7, 0xE2, 0xFF, 0xFF, 0xD8, 0xE3, 0xFF,
    0xFF, 0xD9, 0xE4, 0xFF, 0xFF, 0xDA, 0xE5, 0xFF, 0xFF, 0xDB, 0xE5, 0xFF, 0xFF, 0xDC, 0xE6, 0xFF,
    0xFF, 0xDD, 0xE7, 0xFF, 0xFF, 0xDE, 0xE7, 0xFF, 0xFF, 0xDF, 0xE8, 0xFF, 0xFF, 0xDE, 0xE7, 0xFF,
    0xFF, 0xDD, 0xE4, 0xFF, 0xFF, 0xD8, 0xDF, 0xFF, 0xFF, 0xD2, 0xD7, 0xFF, 0xFF, 0xC9, 0xCE, 0xFB,
    0xFF, 0xCF, 0xD1, 0xFF, 0xFC, 0xB8, 0xB8, 0x78, 0x00, 0x00, 0x00, 0x00, 0xFF, 0xAA, 0xAA, 0x03,
    0x00, 0x00, 0x00, 0x00, 0x00, 0x00, 0x00, 0x00, 0x00, 0x00, 0x00, 0x00, 0x00, 0x00, 0x00, 0x00,
    0x00, 0x00, 0x00, 0x00, 0x00, 0x00, 0x00, 0x00, 0xFF, 0x7F, 0x7F, 0x02, 0x00, 0x00, 0x00, 0x00,
    0xF5, 0xAD, 0xAD, 0x1C, 0xFC, 0xB4, 0xB6, 0xF5, 0xFF, 0xB7, 0xBB, 0xFE, 0xFF, 0xB9, 0xBF, 0xFE,
    0xFF, 0xBF, 0xC6, 0xFF, 0xFF, 0xC4, 0xCC, 0xFF, 0xFF, 0xC7, 0xD1, 0xFF, 0xFF, 0xCA, 0xD4, 0xFF,
    0xFF, 0xCD, 0xD7, 0xFF, 0xFF, 0xCF, 0xDA, 0xFF, 0xFF, 0xD1, 0xDC, 0xFF, 0xFF, 0xD4, 0xDF, 0xFF,
    0xFF, 0xD7, 0xE1, 0xFF, 0xFF, 0xD9, 0xE4, 0xFF, 0xFF, 0xDB, 0xE5, 0xFF, 0xFF, 0xDD, 0xE8, 0xFF,
    0xFF, 0xDF, 0xE9, 0xFF, 0xFF, 0xE0, 0xEA, 0xFF, 0xFF, 0xE1, 0xEA, 0xFF, 0xFF, 0xE1, 0xEB, 0xFF,
    0xFF, 0xE2, 0xEB, 0xFF, 0xFF, 0xE3, 0xEB, 0xFF, 0xFF, 0xE3, 0xEB, 0xFF, 0xFF, 0xE0, 0xE7, 0xFF,
    0xFF, 0xDB, 0xE2, 0xFF, 0xFF, 0xD6, 0xDE, 0xFF, 0xFF, 0xD2, 0xDC, 0xFF, 0xFF, 0xCF, 0xD9, 0xFF,
    0xFF, 0xCC, 0xD8, 0xFF, 0xFF, 0xCB, 0xD7, 0xFF, 0xFF, 0xCB, 0xD8, 0xFF, 0xFF, 0xCC, 0xD8, 0xFF,
    0xFF, 0xCD, 0xD9, 0xFF, 0xFF, 0xCE, 0xDB, 0xFF, 0xFF, 0xD0, 0xDC, 0xFF, 0xFF, 0xD1, 0xDD, 0xFF,
    0xFF, 0xD2, 0xDE, 0xFF, 0xFF, 0xD4, 0xE0, 0xFF, 0xFF, 0xD5, 0xE1, 0xFF, 0xFF, 0xD6, 0xE1, 0xFF,
    0xFF, 0xD7, 0xE2, 0xFF, 0xFF, 0xD8, 0xE3, 0xFF, 0xFF, 0xD9, 0xE4, 0xFF, 0xFF, 0xDA, 0xE5, 0xFF,
    0xFF, 0xDB, 0xE5, 0xFF, 0xFF, 0xDB, 0xE5, 0xFF, 0xFF, 0xDC, 0xE5, 0xFF, 0xFF, 0xDA, 0xE3, 0xFF,
    0xFF, 0xD7, 0xDF, 0xFF, 0xFF, 0xD1, 0xD8, 0xFF, 0xFF, 0xCA, 0xCF, 0xFC, 0xFF, 0xCB, 0xCE, 0xFF,
    0xFF, 0xBA, 0xBC, 0xD7, 0xFF, 0xC6, 0xC6, 0x09, 0xFF, 0x7F, 0xFF, 0x02, 0xFF, 0xFF, 0xFF, 0x01,
    0x00, 0x00, 0x00, 0x00, 0x00, 0x00, 0x00, 0x00, 0x00, 0x00, 0x00, 0x00, 0x00, 0x00, 0x00, 0x00,
    0x00, 0x00, 0x00, 0x00, 0x00, 0x00, 0x00, 0x00, 0x00, 0x00, 0x00, 0x00, 0xFF, 0xAA, 0xAA, 0x03,
    0x00, 0x00, 0x00, 0x00, 0xFB, 0xB2, 0xB3, 0xA6, 0xFF, 0xC0, 0xC3, 0xFF, 0xFF, 0xB7, 0xBC, 0xFB,
    0xFF, 0xBC, 0xC2, 0xFF, 0xFF, 0xC1, 0xC9, 0xFF, 0xFF, 0xC5, 0xCE, 0xFF, 0xFF, 0xC8, 0xD2, 0xFF,
    0xFF, 0xCB, 0xD5, 0xFF, 0xFF, 0xCD, 0xD8, 0xFF, 0xFF, 0xCF, 0xDB, 0xFF, 0xFF, 0xD2, 0xDD, 0xFF,
    0xFF, 0xD4, 0xE0, 0xFF, 0xFF, 0xD7, 0xE2, 0xFF, 0xFF, 0xD9, 0xE4, 0xFF, 0xFF, 0xDA, 0xE6, 0xFF,
    0xFF, 0xDC, 0xE7, 0xFF, 0xFF, 0xDD, 0xE7, 0xFF, 0xFF, 0xDD, 0xE8, 0xFF, 0xFF, 0xDE, 0xE9, 0xFF,
    0xFF, 0xE0, 0xEA, 0xFF, 0xFF, 0xE1, 0xEA, 0xFF, 0xFF, 0xE1, 0xE9, 0xFF, 0xFF, 0xDF, 0xE7, 0xFF,
    0xFF, 0xDC, 0xE4, 0xFF, 0xFF, 0xD8, 0xE1, 0xFF, 0xFF, 0xD4, 0xDF, 0xFF, 0xFF, 0xD2, 0xDC, 0xFF,
    0xFF, 0xCF, 0xDA, 0xFF, 0xFF, 0xCC, 0xD8, 0xFF, 0xFF, 0xCB, 0xD8, 0xFF, 0xFF, 0xCB, 0xD8, 0xFF,
    0xFF, 0xCC, 0xD8, 0xFF, 0xFF, 0xCC, 0xDA, 0xFF, 0xFF, 0xCE, 0xDB, 0xFF, 0xFF, 0xCF, 0xDC, 0xFF,
    0xFF, 0xD1, 0xDD, 0xFF, 0xFF, 0xD2, 0xDE, 0xFF, 0xFF, 0xD3, 0xDF, 0xFF, 0xFF, 0xD4, 0xE0, 0xFF,
    0xFF, 0xD6, 0xE1, 0xFF, 0xFF, 0xD6, 0xE2, 0xFF, 0xFF, 0xD7, 0xE2, 0xFF, 0xFF, 0xD8, 0xE2, 0xFF,
    0xFF, 0xD8, 0xE3, 0xFF, 0xFF, 0xD8, 0xE2, 0xFF, 0xFF, 0xD7, 0xE0, 0xFF, 0xFF, 0xD4, 0xDD, 0xFF,
    0xFF, 0xCF, 0xD7, 0xFF, 0xFF, 0xC8, 0xCF, 0xFE, 0xFF, 0xC5, 0xCA, 0xFC, 0xFF, 0xC1, 0xC4, 0xFC,
    0xFF, 0xB2, 0xB2, 0x39, 0x00, 0x00, 0x00, 0x00, 0xFF, 0xAA, 0xAA, 0x03, 0x00, 0x00, 0x00, 0x00,
    0x00, 0x00, 0x00, 0x00, 0x00, 0x00, 0x00, 0x00, 0x00, 0x00, 0x00, 0x00, 0x00, 0x00, 0x00, 0x00,
    0x00, 0x00, 0x00, 0x00, 0x00, 0x00, 0x00, 0x00, 0x00, 0x00, 0x00, 0x00, 0xFF, 0xAA, 0xAA, 0x03,
    0xFF, 0x00, 0x00, 0x01, 0xF9, 0xB1, 0xB1, 0x2B, 0xFF, 0xB6, 0xB9, 0xFA, 0xFF, 0xB7, 0xBC, 0xFC,
    0xFF, 0xB8, 0xBE, 0xFE, 0xFF, 0xBD, 0xC5, 0xFF, 0xFF, 0xC2, 0xCB, 0xFF, 0xFF, 0xC5, 0xD0, 0xFF,
    0xFF, 0xC8, 0xD4, 0xFF, 0xFF, 0xCA, 0xD7, 0xFF, 0xFF, 0xCC, 0xD9, 0xFF, 0xFF, 0xCF, 0xDB, 0xFF,
    0xFF, 0xD1, 0xDE, 0xFF, 0xFF, 0xD4, 0xE0, 0xFF, 0xFF, 0xD6, 0xE2, 0xFF, 0xFF, 0xD7, 0xE3, 0xFF,
    0xFF, 0xD9, 0xE4, 0xFF, 0xFF, 0xD9, 0xE4, 0xFF, 0xFF, 0xDA, 0xE5, 0xFF, 0xFF, 0xDC, 0xE6, 0xFF,
    0xFF, 0xDD, 0xE7, 0xFF, 0xFF, 0xDD, 0xE7, 0xFF, 0xFF, 0xDD, 0xE7, 0xFF, 0xFF, 0xDC, 0xE5, 0xFF,
    0xFF, 0xDB, 0xE4, 0xFF, 0xFF, 0xD9, 0xE2, 0xFF, 0xFF, 0xD6, 0xE0, 0xFF, 0xFF, 0xD3, 0xDE, 0xFF,
    0xFF, 0xD1, 0xDC, 0xFF, 0xFF, 0xCE, 0xDA, 0xFF, 0xFF, 0xCB, 0xD8, 0xFF, 0xFF, 0xCA, 0xD7, 0xFF,
    0xFF, 0xCA, 0xD7, 0xFF, 0xFF, 0xCB, 0xD8, 0xFF, 0xFF, 0xCC, 0xD9, 0xFF, 0xFF, 0xCD, 0xDB, 0xFF,
    0xFF, 0xCE, 0xDC, 0xFF, 0xFF, 0xD0, 0xDD, 0xFF, 0xFF, 0xD1, 0xDE, 0xFF, 0xFF, 0xD2, 0xDE, 0xFF,
    0xFF, 0xD3, 0xDF, 0xFF, 0xFF, 0xD4, 0xE0, 0xFF, 0xFF, 0xD4, 0xE0, 0xFF, 0xFF, 0xD5, 0xE0, 0xFF,
    0xFF, 0xD4, 0xDF, 0xFF, 0xFF, 0xD3, 0xDD, 0xFF, 0xFF, 0xD1, 0xDA, 0xFF, 0xFF, 0xCD, 0xD5, 0xFF,
    0xFF, 0xC7, 0xCE, 0xFE, 0xFF, 0xC4, 0xC9, 0xFB, 0xFF, 0xC8, 0xCC, 0xFF, 0xFF, 0xB3, 0xB6, 0x69,
    0x00, 0x00, 0x00, 0x00, 0xFF, 0xAA, 0xAA, 0x03, 0x00, 0x00, 0x00, 0x00, 0x00, 0x00, 0x00, 0x00,
    0x00, 0x00, 0x00, 0x00, 0x00, 0x00, 0x00, 0x00, 0x00, 0x00, 0x00, 0x00, 0x00, 0x00, 0x00, 0x00,
    0x00, 0x00, 0x00, 0x00, 0x00, 0x00, 0x00, 0x00, 0x00, 0x00, 0x00, 0x00, 0x00, 0x00, 0x00, 0x00,
    0xFF, 0xAA, 0xAA, 0x03, 0x00, 0x00, 0x00, 0x00, 0xFB, 0xAF, 0xB1, 0x80, 0xFF, 0xC2, 0xC6, 0xFF,
    0xFF, 0xB6, 0xBB, 0xF9, 0xFF, 0xB9, 0xC0, 0xFF, 0xFF, 0xBD, 0xC6, 0xFF, 0xFF, 0xC1, 0xCC, 0xFF,
    0xFF, 0xC4, 0xD0, 0xFF, 0xFF, 0xC8, 0xD4, 0xFF, 0xFF, 0xC9, 0xD6, 0xFF, 0xFF, 0xCC, 0xD9, 0xFF,
    0xFF, 0xCE, 0xDB, 0xFF, 0xFF, 0xD0, 0xDD, 0xFF, 0xFF, 0xD2, 0xDF, 0xFF, 0xFF, 0xD3, 0xE0, 0xFF,
    0xFF, 0xD5, 0xE1, 0xFF, 0xFF, 0xD6, 0xE2, 0xFF, 0xFF, 0xD7, 0xE3, 0xFF, 0xFF, 0xD8, 0xE4, 0xFF,
    0xFF, 0xD9, 0xE4, 0xFF, 0xFF, 0xD8, 0xE3, 0xFF, 0xFF, 0xD8, 0xE3, 0xFF, 0xFF, 0xD8, 0xE3, 0xFF,
    0xFF, 0xD8, 0xE3, 0xFF, 0xFF, 0xD7, 0xE2, 0xFF, 0xFF, 0xD6, 0xE1, 0xFF, 0xFF, 0xD4, 0xDF, 0xFF,
    0xFF, 0xD1, 0xDD, 0xFF, 0xFF, 0xCE, 0xDB, 0xFF, 0xFF, 0xCC, 0xD9, 0xFF, 0xFF, 0xCA, 0xD8, 0xFF,
    0xFF, 0xC9, 0xD7, 0xFF, 0xFF, 0xC9, 0xD7, 0xFF, 0xFF, 0xCA, 0xD8, 0xFF, 0xFF, 0xCB, 0xD9, 0xFF,
    0xFF, 0xCC, 0xDA, 0xFF, 0xFF, 0xCD, 0xDB, 0xFF, 0xFF, 0xCE, 0xDC, 0xFF, 0xFF, 0xCF, 0xDC, 0xFF,
    0xFF, 0xD0, 0xDD, 0xFF, 0xFF, 0xD1, 0xDD, 0xFF, 0xFF, 0xD0, 0xDC, 0xFF, 0xFF, 0xD0, 0xDB, 0xFF,
    0xFF, 0xCE, 0xD9, 0xFF, 0xFF, 0xCC, 0xD6, 0xFF, 0xFF, 0xC9, 0xD1, 0xFF, 0xFF, 0xC3, 0xCA, 0xFD,
    0xFF, 0xC1, 0xC6, 0xFD, 0xFF, 0xC7, 0xCB, 0xFF, 0xFF, 0xB3, 0xB7, 0x7D, 0x00, 0x00, 0x00, 0x00,
    0xFF, 0xBF, 0xBF, 0x04, 0x00, 0x00, 0x00, 0x00, 0x00, 0x00, 0x00, 0x00, 0x00, 0x00, 0x00, 0x00,
    0x00, 0x00, 0x00, 0x00, 0x00, 0x00, 0x00, 0x00, 0x00, 0x00, 0x00, 0x00, 0x00, 0x00, 0x00, 0x00,
    0x00, 0x00, 0x00, 0x00, 0x00, 0x00, 0x00, 0x00, 0x00, 0x00, 0x00, 0x00, 0x00, 0x00, 0x00, 0x00,
    0x00, 0x00, 0x00, 0x00, 0xFF, 0xAA, 0xAA, 0x03, 0xFF, 0xFF, 0xFF, 0x01, 0xFD, 0xB2, 0xB5, 0xB0,
    0xFF, 0xC1, 0xC7, 0xFF, 0xFF, 0xB5, 0xBB, 0xFA, 0xFF, 0xB8, 0xC0, 0xFE, 0xFF, 0xBC, 0xC6, 0xFF,
    0xFF, 0xBF, 0xCA, 0xFF, 0xFF, 0xC2, 0xCF, 0xFF, 0xFF, 0xC5, 0xD2, 0xFF, 0xFF, 0xC7, 0xD5, 0xFF,
    0xFF, 0xCA, 0xD7, 0xFF, 0xFF, 0xCB, 0xD9, 0xFF, 0xFF, 0xCE, 0xDB, 0xFF, 0xFF, 0xCF, 0xDC, 0xFF,
    0xFF, 0xD1, 0xDD, 0xFF, 0xFF, 0xD3, 0xDF, 0xFF, 0xFF, 0xD5, 0xE1, 0xFF, 0xFF, 0xD5, 0xE2, 0xFF,
    0xFF, 0xD6, 0xE2, 0xFF, 0xFF, 0xD5, 0xE1, 0xFF, 0xFF, 0xD5, 0xE1, 0xFF, 0xFF, 0xD5, 0xE0, 0xFF,
    0xFF, 0xD5, 0xE0, 0xFF, 0xFF, 0xD4, 0xE0, 0xFF, 0xFF, 0xD4, 0xE0, 0xFF, 0xFF, 0xD3, 0xDF, 0xFF,
    0xFF, 0xD2, 0xDE, 0xFF, 0xFF, 0xCF, 0xDC, 0xFF, 0xFF, 0xCD, 0xDA, 0xFF, 0xFF, 0xCB, 0xD9, 0xFF,
    0xFF, 0xC9, 0xD7, 0xFF, 0xFF, 0xC9, 0xD7, 0xFF, 0xFF, 0xC9, 0xD7, 0xFF, 0xFF, 0xC9, 0xD7, 0xFF,
    0xFF, 0xCA, 0xD7, 0xFF, 0xFF, 0xCA, 0xD8, 0xFF, 0xFF, 0xCC, 0xD9, 0xFF, 0xFF, 0xCC, 0xD9, 0xFF,
    0xFF, 0xCC, 0xD9, 0xFF, 0xFF, 0xCC, 0xD8, 0xFF, 0xFF, 0xCA, 0xD6, 0xFF, 0xFF, 0xC9, 0xD4, 0xFF,
    0xFF, 0xC7, 0xD0, 0xFF, 0xFF, 0xC3, 0xCC, 0xFE, 0xFF, 0xC0, 0xC7, 0xFB, 0xFF, 0xC3, 0xC9, 0xFF,
    0xFF, 0xBE, 0xC2, 0xFD, 0xFF, 0xB3, 0xB7, 0x6F, 0x00, 0x00, 0x00, 0x00, 0xFF, 0xFF, 0xFF, 0x03,
    0xFF, 0x00, 0x00, 0x01, 0x00, 0x00, 0x00, 0x00, 0x00, 0x00, 0x00, 0x00, 0x00, 0x00, 0x00, 0x00,
    0x00, 0x00, 0x00, 0x00, 0x00, 0x00, 0x00, 0x00, 0x00, 0x00, 0x00, 0x00, 0x00, 0x00, 0x00, 0x00,
    0x00, 0x00, 0x00, 0x00, 0x00, 0x00, 0x00, 0x00, 0x00, 0x00, 0x00, 0x00, 0x00, 0x00, 0x00, 0x00,
    0x00, 0x00, 0x00, 0x00, 0xFF, 0xFF, 0xFF, 0x01, 0xFF, 0xFF, 0xFF, 0x01, 0xFF, 0x9F, 0x9F, 0x08,
    0xFF, 0xB4, 0xB6, 0xB1, 0xFF, 0xC1, 0xC7, 0xFF, 0xFF, 0xB5, 0xBC, 0xFD, 0xFF, 0xB7, 0xBF, 0xFC,
    0xFF, 0xBA, 0xC3, 0xFE, 0xFF, 0xBD, 0xC7, 0xFF, 0xFF, 0xBF, 0xCA, 0xFF, 0xFF, 0xC1, 0xCE, 0xFF,
    0xFF, 0xC4, 0xD1, 0xFF, 0xFF, 0xC6, 0xD3, 0xFF, 0xFF, 0xC8, 0xD5, 0xFF, 0xFF, 0xCA, 0xD8, 0xFF,
    0xFF, 0xCD, 0xDA, 0xFF, 0xFF, 0xD0, 0xDD, 0xFF, 0xFF, 0xD2, 0xDF, 0xFF, 0xFF, 0xD3, 0xE0, 0xFF,
    0xFF, 0xD3, 0xE0, 0xFF, 0xFF, 0xD3, 0xE0, 0xFF, 0xFF, 0xD3, 0xDF, 0xFF, 0xFF, 0xD3, 0xDF, 0xFF,
    0xFF, 0xD3, 0xDF, 0xFF, 0xFF, 0xD3, 0xDF, 0xFF, 0xFF, 0xD2, 0xDF, 0xFF, 0xFF, 0xD2, 0xDF, 0xFF,
    0xFF, 0xD1, 0xDE, 0xFF, 0xFF, 0xD0, 0xDD, 0xFF, 0xFF, 0xCE, 0xDB, 0xFF, 0xFF, 0xCC, 0xDA, 0xFF,
    0xFF, 0xCA, 0xD8, 0xFF, 0xFF, 0xC9, 0xD7, 0xFF, 0xFF, 0xC8, 0xD5, 0xFF, 0xFF, 0xC8, 0xD6, 0xFF,
    0xFF, 0xC8, 0xD5, 0xFF, 0xFF, 0xC8, 0xD6, 0xFF, 0xFF, 0xC8, 0xD6, 0xFF, 0xFF, 0xC8, 0xD5, 0xFF,
    0xFF, 0xC7, 0xD3, 0xFF, 0xFF, 0xC6, 0xD1, 0xFF, 0xFF, 0xC3, 0xCD, 0xFF, 0xFF, 0xC1, 0xCA, 0xFD,
    0xFF, 0xBE, 0xC7, 0xFB, 0xFF, 0xBE, 0xC5, 0xFF, 0xFF, 0xC6, 0xCC, 0xFF, 0xFF, 0xBA, 0xBF, 0xD9,
    0xFF, 0xB2, 0xB6, 0x43, 0x00, 0x00, 0x00, 0x00, 0xFF, 0xAA, 0xAA, 0x03, 0x00, 0x00, 0x00, 0x00,
    0x00, 0x00, 0x00, 0x00, 0x00, 0x00, 0x00, 0x00, 0x00, 0x00, 0x00, 0x00, 0x00, 0x00, 0x00, 0x00,
    0x00, 0x00, 0x00, 0x00, 0x00, 0x00, 0x00, 0x00, 0x00, 0x00, 0x00, 0x00, 0x00, 0x00, 0x00, 0x00,
    0x00, 0x00, 0x00, 0x00, 0x00, 0x00, 0x00, 0x00, 0x00, 0x00, 0x00, 0x00, 0x00, 0x00, 0x00, 0x00,
    0x00, 0x00, 0x00, 0x00, 0x00, 0x00, 0x00, 0x00, 0xFF, 0xFF, 0xFF, 0x01, 0x00, 0x00, 0x00, 0x00,
    0xFF, 0x7F, 0x7F, 0x02, 0xFF, 0xB3, 0xB7, 0x87, 0xFD, 0xB6, 0xBB, 0xFD, 0xFF, 0xBE, 0xC5, 0xFF,
    0xFF, 0xB5, 0xBD, 0xFF, 0xFF, 0xB7, 0xC0, 0xFB, 0xFF, 0xB9, 0xC2, 0xFC, 0xFF, 0xBB, 0xC5, 0xFD,
    0xFF, 0xBD, 0xC7, 0xFE, 0xFF, 0xBF, 0xCA, 0xFE, 0xFF, 0xC1, 0xCD, 0xFE, 0xFF, 0xC3, 0xD0, 0xFE,
    0xFF, 0xC6, 0xD3, 0xFE, 0xFF, 0xCA, 0xD7, 0xFD, 0xFF, 0xCC, 0xDA, 0xFD, 0xFF, 0xCE, 0xDB, 0xFD,
    0xFF, 0xCE, 0xDC, 0xFD, 0xFF, 0xCE, 0xDC, 0xFD, 0xFF, 0xCE, 0xDC, 0xFD, 0xFF, 0xCE, 0xDC, 0xFD,
    0xFF, 0xCE, 0xDC, 0xFD, 0xFF, 0xCE, 0xDC, 0xFD, 0xFF, 0xCE, 0xDC, 0xFD, 0xFF, 0xCE, 0xDC, 0xFD,
    0xFF, 0xCE, 0xDB, 0xFD, 0xFF, 0xCD, 0xDB, 0xFD, 0xFF, 0xCC, 0xDA, 0xFD, 0xFF, 0xCA, 0xD8, 0xFD,
    0xFF, 0xC8, 0xD6, 0xFD, 0xFF, 0xC6, 0xD4, 0xFD, 0xFF, 0xC4, 0xD2, 0xFE, 0xFF, 0xC3, 0xD1, 0xFE,
    0xFF, 0xC3, 0xD0, 0xFE, 0xFF, 0xC3, 0xD0, 0xFE, 0xFF, 0xC3, 0xCF, 0xFE, 0xFF, 0xC2, 0xCE, 0xFD,
    0xFF, 0xC1, 0xCB, 0xFC, 0xFF, 0xBE, 0xC8, 0xFB, 0xFF, 0xBB, 0xC4, 0xFF, 0xFF, 0xC0, 0xC8, 0xFF,
    0xFF, 0xC4, 0xCB, 0xFF, 0xFF, 0xB9, 0xBE, 0xEE, 0xFF, 0xB6, 0xB9, 0x85, 0xFF, 0xA3, 0xA3, 0x0E,
    0x00, 0x00, 0x00, 0x00, 0xFF, 0xAA, 0xFF, 0x03, 0x00, 0x00, 0x00, 0x00, 0x00, 0x00, 0x00, 0x00,
    0x00, 0x00, 0x00, 0x00, 0x00, 0x00, 0x00, 0x00, 0x00, 0x00, 0x00, 0x00, 0x00, 0x00, 0x00, 0x00,
    0x00, 0x00, 0x00, 0x00, 0x00, 0x00, 0x00, 0x00, 0x00, 0x00, 0x00, 0x00, 0x00, 0x00, 0x00, 0x00,
    0x00, 0x00, 0x00, 0x00, 0x00, 0x00, 0x00, 0x00, 0x00, 0x00, 0x00, 0x00, 0x00, 0x00, 0x00, 0x00,
    0x00, 0x00, 0x00, 0x00, 0x00, 0x00, 0x00, 0x00, 0x00, 0x00, 0x00, 0x00, 0xFF, 0xFF, 0xFF, 0x01,
    0xFF, 0xFF, 0xFF, 0x01, 0x00, 0x00, 0x00, 0x00, 0xFF, 0xB1, 0xB6, 0x38, 0xFF, 0xB5, 0xB9, 0xB1,
    0xFF, 0xB3, 0xB9, 0xFB, 0xFF, 0xBF, 0xC6, 0xFF, 0xFF, 0xBF, 0xC7, 0xFF, 0xFF, 0xBC, 0xC5, 0xFF,
    0xFF, 0xBB, 0xC4, 0xFF, 0xFF, 0xBC, 0xC5, 0xFF, 0xFF, 0xBD, 0xC7, 0xFF, 0xFF, 0xBF, 0xC9, 0xFF,
    0xFF, 0xC1, 0xCC, 0xFF, 0xFF, 0xC4, 0xCF, 0xFF, 0xFF, 0xC6, 0xD1, 0xFF, 0xFF, 0xC7, 0xD4, 0xFF,
    0xFF, 0xC8, 0xD4, 0xFF, 0xFF, 0xC8, 0xD5, 0xFF, 0xFF, 0xC8, 0xD5, 0xFF, 0xFF, 0xC8, 0xD5, 0xFF,
    0xFF, 0xC8, 0xD5, 0xFF, 0xFF, 0xC8, 0xD5, 0xFF, 0xFF, 0xC8, 0xD5, 0xFF, 0xFF, 0xC8, 0xD5, 0xFF,
    0xFF, 0xC8, 0xD4, 0xFF, 0xFF, 0xC8, 0xD4, 0xFF, 0xFF, 0xC7, 0xD3, 0xFF, 0xFF, 0xC6, 0xD2, 0xFF,
    0xFF, 0xC4, 0xD0, 0xFF, 0xFF, 0xC2, 0xCE, 0xFF, 0xFF, 0xC1, 0xCC, 0xFF, 0xFF, 0xC0, 0xCB, 0xFF,
    0xFF, 0xBF, 0xCA, 0xFF, 0xFF, 0xBF, 0xC9, 0xFF, 0xFF, 0xC0, 0xCA, 0xFF, 0xFF, 0xC2, 0xCB, 0xFF,
    0xFF, 0xC4, 0xCC, 0xFF, 0xFF, 0xC4, 0xCB, 0xFF, 0xFF, 0xB8, 0xBF, 0xFF, 0xFF, 0xB6, 0xBC, 0xD2,
    0xFF, 0xB7, 0xBB, 0x7C, 0xFF, 0xB6, 0xB6, 0x1C, 0x00, 0x00, 0x00, 0x00, 0x00, 0x00, 0x00, 0x00,
    0xFF, 0xAA, 0xAA, 0x03, 0x00, 0x00, 0x00, 0x00, 0x00, 0x00, 0x00, 0x00, 0x00, 0x00, 0x00, 0x00,
    0x00, 0x00, 0x00, 0x00, 0x00, 0x00, 0x00, 0x00, 0x00, 0x00, 0x00, 0x00, 0x00, 0x00, 0x00, 0x00,
    0x00, 0x00, 0x00, 0x00, 0x00, 0x00, 0x00, 0x00, 0x00, 0x00, 0x00, 0x00, 0x00, 0x00, 0x00, 0x00,
    0x00, 0x00, 0x00, 0x00, 0x00, 0x00, 0x00, 0x00, 0x00, 0x00, 0x00, 0x00, 0x00, 0x00, 0x00, 0x00,
    0x00, 0x00, 0x00, 0x00, 0x00, 0x00, 0x00, 0x00, 0x00, 0x00, 0x00, 0x00, 0x00, 0x00, 0x00, 0x00,
    0x00, 0x00, 0x00, 0x00, 0xFF, 0xAA, 0xAA, 0x03, 0x00, 0x00, 0x00, 0x00, 0x00, 0x00, 0x00, 0x00,
    0xFF, 0xAE, 0xB4, 0x29, 0xFF, 0xB6, 0xBA, 0x70, 0xFF, 0xB3, 0xB9, 0xAD, 0xFF, 0xB3, 0xB9, 0xD2,
    0xFF, 0xB1, 0xB8, 0xE7, 0xFF, 0xB2, 0xB8, 0xF0, 0xFF, 0xB3, 0xB9, 0xF0, 0xFF, 0xB3, 0xBA, 0xED,
    0xFF, 0xB3, 0xBA, 0xE6, 0xFF, 0xB3, 0xBA, 0xE0, 0xFF, 0xB4, 0xBB, 0xDB, 0xFF, 0xB4, 0xBA, 0xD8,
    0xFF, 0xB3, 0xBB, 0xD6, 0xFF, 0xB3, 0xBB, 0xD6, 0xFF, 0xB3, 0xBA, 0xD5, 0xFF, 0xB3, 0xBA, 0xD5,
    0xFF, 0xB3, 0xBA, 0xD5, 0xFF, 0xB3, 0xBA, 0xD5, 0xFF, 0xB3, 0xBA, 0xD5, 0xFF, 0xB4, 0xBA, 0xD5,
    0xFF, 0xB3, 0xBB, 0xD6, 0xFF, 0xB4, 0xBA, 0xD7, 0xFF, 0xB4, 0xBA, 0xD8, 0xFF, 0xB3, 0xBB, 0xDB,
    0xFF, 0xB4, 0xBB, 0xDE, 0xFF, 0xB4, 0xBB, 0xE2, 0xFF, 0xB3, 0xBA, 0xE8, 0xFF, 0xB3, 0xBB, 0xED,
    0xFF, 0xB3, 0xBB, 0xF0, 0xFF, 0xB3, 0xBB, 0xF0, 0xFF, 0xB3, 0xBA, 0xE7, 0xFF, 0xB4, 0xBB, 0xD2,
    0xFF, 0xB4, 0xBA, 0xAC, 0xFF, 0xB7, 0xBB, 0x72, 0xFF, 0xB4, 0xBE, 0x33, 0xFF, 0x7F, 0x7F, 0x02,
    0x00, 0x00, 0x00, 0x00, 0x00, 0x00, 0x00, 0x00, 0xFF, 0xAA, 0xFF, 0x03, 0xFF, 0xFF, 0xFF, 0x01,
    0x00, 0x00, 0x00, 0x00, 0x00, 0x00, 0x00, 0x00, 0x00, 0x00, 0x00, 0x00, 0x00, 0x00, 0x00, 0x00,
    0x00, 0x00, 0x00, 0x00, 0x00, 0x00, 0x00, 0x00, 0x00, 0x00, 0x00, 0x00, 0x00, 0x00, 0x00, 0x00,
    0x00, 0x00, 0x00, 0x00, 0x00, 0x00, 0x00, 0x00, 0x00, 0x00, 0x00, 0x00, 0x00, 0x00, 0x00, 0x00,
    0x00, 0x00, 0x00, 0x00, 0x00, 0x00, 0x00, 0x00, 0x00, 0x00, 0x00, 0x00, 0x00, 0x00, 0x00, 0x00,
    0x00, 0x00, 0x00, 0x00, 0x00, 0x00, 0x00, 0x00, 0x00, 0x00, 0x00, 0x00, 0x00, 0x00, 0x00, 0x00,
    0x00, 0x00, 0x00, 0x00, 0x00, 0x00, 0x00, 0x00, 0xFF, 0xFF, 0xFF, 0x02, 0xFF, 0x7F, 0x7F, 0x02,
    0x00, 0x00, 0x00, 0x00, 0x00, 0x00, 0x00, 0x00, 0x00, 0x00, 0x00, 0x00, 0xFF, 0xFF, 0x00, 0x01,
    0xFF, 0xAA, 0xBF, 0x0C, 0xFF, 0xAE, 0xAE, 0x13, 0xFF, 0xA5, 0xB2, 0x14, 0xFF, 0xAF, 0xAF, 0x10,
    0xFF, 0xAA, 0xAA, 0x0C, 0xFF, 0xBF, 0x9F, 0x08, 0xFF, 0xAA, 0xAA, 0x06, 0xFF, 0x7F, 0x7F, 0x04,
    0xFF, 0xAA, 0x55, 0x03, 0xFF, 0x7F, 0x7F, 0x02, 0xFF, 0x7F, 0x7F, 0x02, 0xFF, 0x7F, 0x7F, 0x02,
    0xFF, 0x7F, 0x7F, 0x02, 0xFF, 0x7F, 0x7F, 0x02, 0xFF, 0x7F, 0x7F, 0x02, 0xFF, 0x7F, 0x7F, 0x02,
    0xFF, 0x7F, 0x7F, 0x02, 0xFF, 0xAA, 0xAA, 0x03, 0xFF, 0x7F, 0x7F, 0x04, 0xFF, 0x99, 0x99, 0x05,
    0xFF, 0xB6, 0xB6, 0x07, 0xFF, 0x99, 0x99, 0x0A, 0xFF, 0xB0, 0xB0, 0x0D, 0xFF, 0xAF, 0xAF, 0x10,
    0xFF, 0xAE, 0xAE, 0x13, 0xFF, 0xAE, 0xAE, 0x13, 0xFF, 0xB0, 0xB0, 0x0D, 0x00, 0x00, 0x00, 0x00,
    0x00, 0x00, 0x00, 0x00, 0x00, 0x00, 0x00, 0x00, 0x00, 0x00, 0x00, 0x00, 0x00, 0x00, 0x00, 0x00,
    0xFF, 0xBF, 0xBF, 0x04, 0xFF, 0x7F, 0x7F, 0x02, 0x00, 0x00, 0x00, 0x00, 0x00, 0x00, 0x00, 0x00,
    0x00, 0x00, 0x00, 0x00, 0x00, 0x00, 0x00, 0x00, 0x00, 0x00, 0x00, 0x00, 0x00, 0x00, 0x00, 0x00,
    0x00, 0x00, 0x00, 0x00, 0x00, 0x00, 0x00, 0x00, 0x00, 0x00, 0x00, 0x00, 0x00, 0x00, 0x00, 0x00,
    0x00, 0x00, 0x00, 0x00, 0x00, 0x00, 0x00, 0x00, 0x00, 0x00, 0x00, 0x00, 0x00, 0x00, 0x00, 0x00,
    0x00, 0x00, 0x00, 0x00, 0x00, 0x00, 0x00, 0x00, 0x00, 0x00, 0x00, 0x00, 0x00, 0x00, 0x00, 0x00,
    0x00, 0x00, 0x00, 0x00, 0x00, 0x00, 0x00, 0x00, 0x00, 0x00, 0x00, 0x00, 0x00, 0x00, 0x00, 0x00,
    0x00, 0x00, 0x00, 0x00, 0x00, 0x00, 0x00, 0x00, 0x00, 0x00, 0x00, 0x00, 0x00, 0x00, 0x00, 0x00,
    0xFF, 0x7F, 0x7F, 0x02, 0xFF, 0xBF, 0xBF, 0x04, 0xFF, 0xAA, 0xAA, 0x03, 0x00, 0x00, 0x00, 0x00,
    0x00, 0x00, 0x00, 0x00, 0x00, 0x00, 0x00, 0x00, 0x00, 0x00, 0x00, 0x00, 0x00, 0x00, 0x00, 0x00,
    0x00, 0x00, 0x00, 0x00, 0x00, 0x00, 0x00, 0x00, 0x00, 0x00, 0x00, 0x00, 0x00, 0x00, 0x00, 0x00,
    0x00, 0x00, 0x00, 0x00, 0x00, 0x00, 0x00, 0x00, 0x00, 0x00, 0x00, 0x00, 0x00, 0x00, 0x00, 0x00,
    0x00, 0x00, 0x00, 0x00, 0x00, 0x00, 0x00, 0x00, 0x00, 0x00, 0x00, 0x00, 0x00, 0x00, 0x00, 0x00,
    0x00, 0x00, 0x00, 0x00, 0x00, 0x00, 0x00, 0x00, 0x00, 0x00, 0x00, 0x00, 0x00, 0x00, 0x00, 0x00,
    0x00, 0x00, 0x00, 0x00, 0x00, 0x00, 0x00, 0x00, 0x00, 0x00, 0x00, 0x00, 0x00, 0x00, 0x00, 0x00,
    0x00, 0x00, 0x00, 0x00, 0x00, 0x00, 0x00, 0x00, 0x00, 0x00, 0x00, 0x00, 0x00, 0x00, 0x00, 0x00,
    0xFF, 0xAA, 0xAA, 0x03, 0xFF, 0xBF, 0xBF, 0x04, 0xFF, 0xFF, 0xFF, 0x02, 0xFF, 0x00, 0x00, 0x01,
    0x00, 0x00, 0x00, 0x00, 0x00, 0x00, 0x00, 0x00, 0x00, 0x00, 0x00, 0x00, 0x00, 0x00, 0x00, 0x00,
    0x00, 0x00, 0x00, 0x00, 0x00, 0x00, 0x00, 0x00, 0x00, 0x00, 0x00, 0x00, 0x00, 0x00, 0x00, 0x00,
    0x00, 0x00, 0x00, 0x00, 0x00, 0x00, 0x00, 0x00, 0x00, 0x00, 0x00, 0x00, 0x00, 0x00, 0x00, 0x00,
    0x00, 0x00, 0x00, 0x00, 0x00, 0x00, 0x00, 0x00, 0x00, 0x00, 0x00, 0x00, 0x00, 0x00, 0x00, 0x00,
    0x00, 0x00, 0x00, 0x00, 0x00, 0x00, 0x00, 0x00, 0x00, 0x00, 0x00, 0x00, 0x00, 0x00, 0x00, 0x00,
    0x00, 0x00, 0x00, 0x00, 0x00, 0x00, 0x00, 0x00, 0x00, 0x00, 0x00, 0x00, 0x00, 0x00, 0x00, 0x00,
    0x00, 0x00, 0x00, 0x00, 0x00, 0x00, 0x00, 0x00, 0x00, 0x00, 0x00, 0x00, 0x00, 0x00, 0x00, 0x00,
    0x00, 0x00, 0x00, 0x00, 0x00, 0x00, 0x00, 0x00, 0x00, 0x00, 0x00, 0x00, 0xFF, 0x00, 0x00, 0x01,
    0xFF, 0xFF, 0xFF, 0x01, 0xFF, 0xFF, 0xFF, 0x01, 0xFF, 0xFF, 0xFF, 0x01, 0xFF, 0xFF, 0xFF, 0x01,
    0xFF, 0xFF, 0xFF, 0x01, 0xFF, 0xFF, 0xFF, 0x01, 0xFF, 0x00, 0xFF, 0x01, 0xFF, 0x00, 0x00, 0x01,
    0xFF, 0x00, 0x00, 0x01, 0xFF, 0x00, 0x00, 0x01, 0xFF, 0x00, 0x00, 0x01, 0xFF, 0x00, 0x00, 0x01,
    0xFF, 0x00, 0x00, 0x01, 0xFF, 0x00, 0x00, 0x01, 0xFF, 0x00, 0x00, 0x01, 0xFF, 0x00, 0x00, 0x01,
    0xFF, 0x00, 0x00, 0x01, 0xFF, 0x00, 0x00, 0x01, 0xFF, 0x00, 0x00, 0x01, 0xFF, 0x00, 0xFF, 0x01,
    0xFF, 0xFF, 0xFF, 0x01, 0xFF, 0xFF, 0xFF, 0x01, 0xFF, 0xFF, 0xFF, 0x01, 0xFF, 0xFF, 0xFF, 0x01,
    0xFF, 0xFF, 0xFF, 0x01, 0xFF, 0xFF, 0xFF, 0x01, 0xFF, 0xFF, 0xFF, 0x01, 0xFF, 0x00, 0x00, 0x01,
    0x00, 0x00, 0x00, 0x00, 0x00, 0x00, 0x00, 0x00, 0x00, 0x00, 0x00, 0x00, 0x00, 0x00, 0x00, 0x00,
    0x00, 0x00, 0x00, 0x00, 0x00, 0x00, 0x00, 0x00, 0x00, 0x00, 0x00, 0x00, 0x00, 0x00, 0x00, 0x00,
    0x00, 0x00, 0x00, 0x00, 0x00, 0x00, 0x00, 0x00, 0x00, 0x00, 0x00, 0x00, 0x00, 0x00, 0x00, 0x00,
    0x00, 0x00, 0x00, 0x00, 0x00, 0x00, 0x00, 0x00, 0x00, 0x00, 0x00, 0x00, 0x00, 0x00, 0x00, 0x00,
    0x00, 0x00, 0x00, 0x00, 0x00, 0x00, 0x00, 0x00, 0x00, 0x00, 0x00, 0x00, 0x00, 0x00, 0x00, 0x00,
    0x00, 0x00, 0x00, 0x00, 0x00, 0x00, 0x00, 0x00, 0x00, 0x00, 0x00, 0x00, 0x00, 0x00, 0x00, 0x00,
    0x00, 0x00, 0x00, 0x00, 0x00, 0x00, 0x00, 0x00, 0x00, 0x00, 0x00, 0x00, 0x00, 0x00, 0x00, 0x00,
    0x00, 0x00, 0x00, 0x00, 0x00, 0x00, 0x00, 0x00, 0x00, 0x00, 0x00, 0x00, 0x00, 0x00, 0x00, 0x00,
    0x00, 0x00, 0x00, 0x00, 0x00, 0x00, 0x00, 0x00, 0x00, 0x00, 0x00, 0x00, 0x00, 0x00, 0x00, 0x00,
    0x00, 0x00, 0x00, 0x00, 0x00, 0x00, 0x00, 0x00, 0x00, 0x00, 0x00, 0x00, 0x00, 0x00, 0x00, 0x00,
    0x00, 0x00, 0x00, 0x00, 0x00, 0x00, 0x00, 0x00, 0x00, 0x00, 0x00, 0x00, 0x00, 0x00, 0x00, 0x00,
    0x00, 0x00, 0x00, 0x00, 0x00, 0x00, 0x00, 0x00, 0x00, 0x00, 0x00, 0x00, 0x00, 0x00, 0x00, 0x00,
    0x00, 0x00, 0x00, 0x00, 0x00, 0x00, 0x00, 0x00, 0x00, 0x00, 0x00, 0x00, 0x00, 0x00, 0x00, 0x00,
    0x00, 0x00, 0x00, 0x00, 0x00, 0x00, 0x00, 0x00, 0x00, 0x00, 0x00, 0x00, 0x00, 0x00, 0x00, 0x00,
    0x00, 0x00, 0x00, 0x00, 0x00, 0x00, 0x00, 0x00, 0x00, 0x00, 0x00, 0x00, 0x00, 0x00, 0x00, 0x00,
    0x00, 0x00, 0x00, 0x00, 0x00, 0x00, 0x00, 0x00, 0x00, 0x00, 0x00, 0x00, 0x00, 0x00, 0x00, 0x00,
    0x00, 0x00, 0x00, 0x00, 0x00, 0x00, 0x00, 0x00, 0x00, 0x00, 0x00, 0x00, 0x00, 0x00, 0x00, 0x00,
    0x00, 0x00, 0x00, 0x00, 0x00, 0x00, 0x00, 0x00, 0x00, 0x00, 0x00, 0x00, 0x00, 0x00, 0x00, 0x00,
    0x00, 0x00, 0x00, 0x00, 0x00, 0x00, 0x00, 0x00, 0x00, 0x00, 0x00, 0x00, 0x00, 0x00, 0x00, 0x00,
    0x00, 0x00, 0x00, 0x00, 0x00, 0x00, 0x00, 0x00, 0x00, 0x00, 0x00, 0x00, 0x00, 0x00, 0x00, 0x00,
    0x00, 0x00, 0x00, 0x00, 0x00, 0x00, 0x00, 0x00, 0x00, 0x00, 0x00, 0x00, 0x00, 0x00, 0x00, 0x00,
};

const lv_image_dsc_t UI_IMG_WX_PARTLY_PNG = {
    .header.w     = 64,
    .header.h     = 64,
    .data_size    = sizeof(UI_IMG_WX_PARTLY_PNG_DATA),
    .header.cf    = LV_COLOR_FORMAT_ARGB8888,
    .header.magic = LV_IMAGE_HEADER_MAGIC,
    .data         = UI_IMG_WX_PARTLY_PNG_DATA};
