// Auto-generated from wmo-clear.png — 64x64 ARGB8888
#include "../../ui.h"

#ifndef LV_ATTRIBUTE_MEM_ALIGN
#    define LV_ATTRIBUTE_MEM_ALIGN
#endif

const LV_ATTRIBUTE_MEM_ALIGN uint8_t UI_IMG_WMO_CLEAR_PNG_DATA[] = {
    0x00, 0x00, 0x00, 0x00, 0x00, 0x00, 0x00, 0x00, 0x00, 0x00, 0x00, 0x00, 0x00, 0x00, 0x00, 0x00,
    0x00, 0x00, 0x00, 0x00, 0x00, 0x00, 0x00, 0x00, 0x00, 0x00, 0x00, 0x00, 0x00, 0x00, 0x00, 0x00,
    0x00, 0x00, 0x00, 0x00, 0x00, 0x00, 0x00, 0x00, 0x00, 0x00, 0x00, 0x00, 0x00, 0x00, 0x00, 0x00,
    0x00, 0x00, 0x00, 0x00, 0x00, 0x00, 0x00, 0x00, 0x00, 0x00, 0x00, 0x00, 0x00, 0x00, 0x00, 0x00,
    0x00, 0x00, 0x00, 0x00, 0x00, 0x00, 0x00, 0x00, 0x00, 0x00, 0x00, 0x00, 0x00, 0x00, 0x00, 0x00,
    0x00, 0x00, 0x00, 0x00, 0x00, 0x00, 0x00, 0x00, 0x00, 0x00, 0x00, 0x00, 0x00, 0x00, 0x00, 0x00,
    0x00, 0x00, 0x00, 0x00, 0x00, 0x00, 0x00, 0x00, 0x00, 0x00, 0x00, 0x00, 0x00, 0x00, 0x00, 0x00,
    0x00, 0x00, 0x00, 0x00, 0x00, 0x00, 0x00, 0x00, 0x00, 0x00, 0x00, 0x00, 0x00, 0x00, 0x00, 0x00,
    0x00, 0x00, 0x00, 0x00, 0x00, 0x00, 0x00, 0x00, 0x00, 0x00, 0x00, 0x00, 0x00, 0x00, 0x00, 0x00,
    0x00, 0x00, 0x00, 0x00, 0x00, 0x00, 0x00, 0x00, 0x00, 0x00, 0x00, 0x00, 0x00, 0x00, 0x00, 0x00,
    0x00, 0x00, 0x00, 0x00, 0x00, 0x00, 0x00, 0x00, 0x00, 0x00, 0x00, 0x00, 0x00, 0x00, 0x00, 0x00,
    0x00, 0x00, 0x00, 0x00, 0x00, 0x00, 0x00, 0x00, 0x00, 0x00, 0x00, 0x00, 0x00, 0x00, 0x00, 0x00,
    0x00, 0x00, 0x00, 0x00, 0x00, 0x00, 0x00, 0x00, 0x00, 0x00, 0x00, 0x00, 0x00, 0x00, 0x00, 0x00,
    0x00, 0x00, 0x00, 0x00, 0x00, 0x00, 0x00, 0x00, 0x00, 0x00, 0x00, 0x00, 0x00, 0x00, 0x00, 0x00,
    0x00, 0x00, 0x00, 0x00, 0x00, 0x00, 0x00, 0x00, 0x00, 0x00, 0x00, 0x00, 0x00, 0x00, 0x00, 0x00,
    0x00, 0x00, 0x00, 0x00, 0x00, 0x00, 0x00, 0x00, 0x00, 0x00, 0x00, 0x00, 0x00, 0x00, 0x00, 0x00,
    0x00, 0x00, 0x00, 0x00, 0x00, 0x00, 0x00, 0x00, 0x00, 0x00, 0x00, 0x00, 0x00, 0x00, 0x00, 0x00,
    0x00, 0x00, 0x00, 0x00, 0x00, 0x00, 0x00, 0x00, 0x00, 0x00, 0x00, 0x00, 0x00, 0x00, 0x00, 0x00,
    0x00, 0x00, 0x00, 0x00, 0x00, 0x00, 0x00, 0x00, 0x00, 0x00, 0x00, 0x00, 0x00, 0x00, 0x00, 0x00,
    0x00, 0x00, 0x00, 0x00, 0x00, 0x00, 0x00, 0x00, 0x00, 0x00, 0x00, 0x00, 0x00, 0x00, 0x00, 0x00,
    0x00, 0x00, 0x00, 0x00, 0x00, 0x00, 0x00, 0x00, 0x00, 0x00, 0x00, 0x00, 0x00, 0x00, 0x00, 0x00,
    0x00, 0x00, 0x00, 0x00, 0x00, 0x00, 0x00, 0x00, 0x00, 0x00, 0x00, 0x00, 0x00, 0x00, 0x00, 0x00,
    0x00, 0x00, 0x00, 0x00, 0x00, 0x00, 0x00, 0x00, 0x00, 0x00, 0x00, 0x00, 0x00, 0x00, 0x00, 0x00,
    0x00, 0x00, 0x00, 0x00, 0x00, 0x00, 0x00, 0x00, 0x00, 0xFF, 0xFF, 0x01, 0x00, 0x7F, 0xFF, 0x02,
    0x00, 0x7F, 0xFF, 0x02, 0x00, 0xFF, 0xFF, 0x01, 0x00, 0x00, 0x00, 0x00, 0x00, 0x00, 0x00, 0x00,
    0x00, 0x00, 0x00, 0x00, 0x00, 0x00, 0x00, 0x00, 0x00, 0x00, 0x00, 0x00, 0x00, 0x00, 0x00, 0x00,
    0x00, 0x00, 0x00, 0x00, 0x00, 0x00, 0x00, 0x00, 0x00, 0x00, 0x00, 0x00, 0x00, 0x00, 0x00, 0x00,
    0x00, 0x00, 0x00, 0x00, 0x00, 0x00, 0x00, 0x00, 0x00, 0x00, 0x00, 0x00, 0x00, 0x00, 0x00, 0x00,
    0x00, 0x00, 0x00, 0x00, 0x00, 0x00, 0x00, 0x00, 0x00, 0x00, 0x00, 0x00, 0x00, 0x00, 0x00, 0x00,
    0x00, 0x00, 0x00, 0x00, 0x00, 0x00, 0x00, 0x00, 0x00, 0x00, 0x00, 0x00, 0x00, 0x00, 0x00, 0x00,
    0x00, 0x00, 0x00, 0x00, 0x00, 0x00, 0x00, 0x00, 0x00, 0x00, 0x00, 0x00, 0x00, 0x00, 0x00, 0x00,
    0x00, 0x00, 0x00, 0x00, 0x00, 0x00, 0x00, 0x00, 0x00, 0x00, 0x00, 0x00, 0x00, 0x00, 0x00, 0x00,
    0x00, 0x00, 0x00, 0x00, 0x00, 0x00, 0x00, 0x00, 0x00, 0x00, 0x00, 0x00, 0x00, 0x00, 0x00, 0x00,
    0x00, 0x00, 0x00, 0x00, 0x00, 0x00, 0x00, 0x00, 0x00, 0x00, 0x00, 0x00, 0x00, 0x00, 0x00, 0x00,
    0x00, 0x00, 0x00, 0x00, 0x00, 0x00, 0x00, 0x00, 0x00, 0x00, 0x00, 0x00, 0x00, 0x00, 0x00, 0x00,
    0x00, 0x00, 0x00, 0x00, 0x00, 0x00, 0x00, 0x00, 0x00, 0x00, 0x00, 0x00, 0x00, 0x00, 0x00, 0x00,
    0x00, 0x00, 0x00, 0x00, 0x00, 0x00, 0x00, 0x00, 0x00, 0x00, 0x00, 0x00, 0x00, 0x00, 0x00, 0x00,
    0x00, 0x00, 0x00, 0x00, 0x00, 0x00, 0x00, 0x00, 0x00, 0x00, 0x00, 0x00, 0x00, 0x00, 0x00, 0x00,
    0x00, 0x00, 0x00, 0x00, 0x00, 0x00, 0x00, 0x00, 0x00, 0x00, 0x00, 0x00, 0x00, 0x00, 0x00, 0x00,
    0x00, 0x7F, 0xFF, 0x02, 0x00, 0xAA, 0xFF, 0x03, 0x00, 0x00, 0x00, 0x00, 0x00, 0x00, 0x00, 0x00,
    0x00, 0x00, 0x00, 0x00, 0x00, 0x00, 0x00, 0x00, 0x55, 0xAA, 0xFF, 0x03, 0x00, 0x7F, 0xFF, 0x02,
    0x00, 0x00, 0x00, 0x00, 0x00, 0x00, 0x00, 0x00, 0x00, 0x00, 0x00, 0x00, 0x00, 0x00, 0x00, 0x00,
    0x00, 0x00, 0x00, 0x00, 0x00, 0x00, 0x00, 0x00, 0x00, 0x00, 0x00, 0x00, 0x00, 0x00, 0x00, 0x00,
    0x00, 0x00, 0x00, 0x00, 0x00, 0x00, 0x00, 0x00, 0x00, 0x00, 0x00, 0x00, 0x00, 0x00, 0x00, 0x00,
    0x00, 0x00, 0x00, 0x00, 0x00, 0x00, 0x00, 0x00, 0x00, 0x00, 0x00, 0x00, 0x00, 0x00, 0x00, 0x00,
    0x00, 0x00, 0x00, 0x00, 0x00, 0x00, 0x00, 0x00, 0x00, 0x00, 0x00, 0x00, 0x00, 0x00, 0x00, 0x00,
    0x00, 0x00, 0x00, 0x00, 0x00, 0x00, 0x00, 0x00, 0x00, 0x00, 0x00, 0x00, 0x00, 0x00, 0x00, 0x00,
    0x00, 0x00, 0x00, 0x00, 0x00, 0x00, 0x00, 0x00, 0x00, 0x00, 0x00, 0x00, 0x00, 0x00, 0x00, 0x00,
    0x00, 0x00, 0x00, 0x00, 0x00, 0x00, 0x00, 0x00, 0x00, 0x00, 0x00, 0x00, 0x00, 0x00, 0x00, 0x00,
    0x00, 0x00, 0x00, 0x00, 0x00, 0x00, 0x00, 0x00, 0x00, 0x00, 0x00, 0x00, 0x00, 0x00, 0x00, 0x00,
    0x00, 0x00, 0x00, 0x00, 0x00, 0x00, 0x00, 0x00, 0x00, 0x00, 0x00, 0x00, 0x00, 0x00, 0x00, 0x00,
    0x00, 0x00, 0x00, 0x00, 0x00, 0x00, 0x00, 0x00, 0x00, 0x00, 0x00, 0x00, 0x00, 0x00, 0x00, 0x00,
    0x00, 0x00, 0x00, 0x00, 0x00, 0x00, 0x00, 0x00, 0x00, 0x00, 0x00, 0x00, 0x00, 0x00, 0x00, 0x00,
    0x00, 0x00, 0x00, 0x00, 0x00, 0x00, 0x00, 0x00, 0x00, 0x00, 0x00, 0x00, 0x00, 0x00, 0x00, 0x00,
    0x00, 0x00, 0x00, 0x00, 0x00, 0x00, 0x00, 0x00, 0x00, 0x00, 0x00, 0x00, 0x00, 0x55, 0xAA, 0x03,
    0x00, 0x00, 0x00, 0x00, 0x00, 0x00, 0x00, 0x00, 0x48, 0x7F, 0xDA, 0x0E, 0x39, 0x8B, 0xF3, 0x2C,
    0x39, 0x90, 0xF9, 0x2C, 0x48, 0x91, 0xFF, 0x0E, 0x00, 0x00, 0x00, 0x00, 0x00, 0x00, 0x00, 0x00,
    0x55, 0xAA, 0xFF, 0x03, 0x00, 0x00, 0x00, 0x00, 0x00, 0x00, 0x00, 0x00, 0x00, 0x00, 0x00, 0x00,
    0x00, 0x00, 0x00, 0x00, 0x00, 0x00, 0x00, 0x00, 0x00, 0x00, 0x00, 0x00, 0x00, 0x00, 0x00, 0x00,
    0x00, 0x00, 0x00, 0x00, 0x00, 0x00, 0x00, 0x00, 0x00, 0x00, 0x00, 0x00, 0x00, 0x00, 0x00, 0x00,
    0x00, 0x00, 0x00, 0x00, 0x00, 0x00, 0x00, 0x00, 0x00, 0x00, 0x00, 0x00, 0x00, 0x00, 0x00, 0x00,
    0x00, 0x00, 0x00, 0x00, 0x00, 0x00, 0x00, 0x00, 0x00, 0x00, 0x00, 0x00, 0x00, 0x00, 0x00, 0x00,
    0x00, 0x00, 0x00, 0x00, 0x00, 0x00, 0x00, 0x00, 0x00, 0x00, 0x00, 0x00, 0x00, 0x00, 0x00, 0x00,
    0x00, 0x00, 0x00, 0x00, 0x00, 0x00, 0x00, 0x00, 0x00, 0x00, 0x00, 0x00, 0x00, 0x00, 0x00, 0x00,
    0x00, 0x00, 0x00, 0x00, 0x00, 0x00, 0x00, 0x00, 0x00, 0x00, 0x00, 0x00, 0x00, 0x00, 0x00, 0x00,
    0x00, 0x00, 0x00, 0x00, 0x00, 0x00, 0x00, 0x00, 0x00, 0x00, 0x00, 0x00, 0x00, 0x00, 0x00, 0x00,
    0x00, 0x00, 0x00, 0x00, 0x00, 0x00, 0x00, 0x00, 0x00, 0x00, 0x00, 0x00, 0x00, 0x00, 0x00, 0x00,
    0x00, 0x00, 0x00, 0x00, 0x00, 0x00, 0x00, 0x00, 0x00, 0x00, 0x00, 0x00, 0x00, 0x00, 0x00, 0x00,
    0x00, 0x00, 0x00, 0x00, 0x00, 0x00, 0x00, 0x00, 0x00, 0x00, 0x00, 0x00, 0x00, 0x00, 0x00, 0x00,
    0x00, 0x00, 0x00, 0x00, 0x00, 0x00, 0x00, 0x00, 0x00, 0x00, 0x00, 0x00, 0x00, 0x00, 0x00, 0x00,
    0x00, 0x00, 0x00, 0x00, 0x00, 0x00, 0x00, 0x00, 0x00, 0xAA, 0xAA, 0x03, 0x00, 0x00, 0x00, 0x00,
    0x38, 0x78, 0xD4, 0x24, 0x2E, 0x85, 0xE9, 0x99, 0x2B, 0x88, 0xF1, 0xE5, 0x2A, 0x8C, 0xF7, 0xFD,
    0x2E, 0x91, 0xFD, 0xFD, 0x34, 0x98, 0xFF, 0xE5, 0x3C, 0x9E, 0xFF, 0x99, 0x3F, 0x94, 0xFF, 0x24,
    0x00, 0x00, 0x00, 0x00, 0x55, 0xAA, 0xFF, 0x03, 0x00, 0x00, 0x00, 0x00, 0x00, 0x00, 0x00, 0x00,
    0x00, 0x00, 0x00, 0x00, 0x00, 0x00, 0x00, 0x00, 0x00, 0x00, 0x00, 0x00, 0x00, 0x00, 0x00, 0x00,
    0x00, 0x00, 0x00, 0x00, 0x00, 0x00, 0x00, 0x00, 0x00, 0x00, 0x00, 0x00, 0x00, 0x00, 0x00, 0x00,
    0x00, 0x00, 0x00, 0x00, 0x00, 0x00, 0x00, 0x00, 0x00, 0x00, 0x00, 0x00, 0x00, 0x00, 0x00, 0x00,
    0x00, 0x00, 0x00, 0x00, 0x00, 0x00, 0x00, 0x00, 0x00, 0x00, 0x00, 0x00, 0x00, 0x00, 0x00, 0x00,
    0x00, 0x00, 0x00, 0x00, 0x00, 0x00, 0x00, 0x00, 0x00, 0x00, 0x00, 0x00, 0x00, 0x00, 0x00, 0x00,
    0x00, 0x00, 0x00, 0x00, 0x00, 0x00, 0x00, 0x00, 0x00, 0x00, 0x00, 0x00, 0x00, 0x00, 0x00, 0x00,
    0x00, 0x00, 0x00, 0x00, 0x00, 0x00, 0x00, 0x00, 0x00, 0x00, 0x00, 0x00, 0x00, 0x00, 0x00, 0x00,
    0x00, 0x00, 0x00, 0x00, 0x00, 0x00, 0x00, 0x00, 0x00, 0x00, 0x00, 0x00, 0x00, 0x00, 0x00, 0x00,
    0x00, 0x00, 0x00, 0x00, 0x00, 0x00, 0x00, 0x00, 0x00, 0x00, 0x00, 0x00, 0x00, 0x00, 0x00, 0x00,
    0x00, 0x00, 0x00, 0x00, 0x00, 0x00, 0x00, 0x00, 0x00, 0x00, 0x00, 0x00, 0x00, 0x00, 0x00, 0x00,
    0x00, 0x00, 0x00, 0x00, 0x00, 0x00, 0x00, 0x00, 0x00, 0xFF, 0xFF, 0x01, 0x00, 0xFF, 0xFF, 0x01,
    0x00, 0x00, 0xFF, 0x01, 0x00, 0x00, 0x00, 0x00, 0x00, 0x00, 0x00, 0x00, 0x00, 0x00, 0x00, 0x00,
    0x00, 0x00, 0x00, 0x00, 0x55, 0xAA, 0xFF, 0x03, 0x00, 0x00, 0x00, 0x00, 0x2E, 0x76, 0xD0, 0x47,
    0x28, 0x81, 0xE5, 0xEE, 0x24, 0x8B, 0xF9, 0xFF, 0x21, 0x89, 0xF7, 0xFF, 0x25, 0x8D, 0xFD, 0xFF,
    0x2B, 0x94, 0xFF, 0xFF, 0x32, 0x9B, 0xFF, 0xFF, 0x3B, 0xA7, 0xFF, 0xFF, 0x3F, 0xA2, 0xFF, 0xED,
    0x40, 0x96, 0xFF, 0x47, 0x00, 0x00, 0x00, 0x00, 0x55, 0xAA, 0xFF, 0x03, 0x00, 0x00, 0x00, 0x00,
    0x00, 0x00, 0x00, 0x00, 0x00, 0x00, 0x00, 0x00, 0x00, 0x00, 0x00, 0x00, 0x00, 0x00, 0xFF, 0x01,
    0x00, 0xFF, 0xFF, 0x01, 0x00, 0xFF, 0xFF, 0x01, 0x00, 0x00, 0x00, 0x00, 0x00, 0x00, 0x00, 0x00,
    0x00, 0x00, 0x00, 0x00, 0x00, 0x00, 0x00, 0x00, 0x00, 0x00, 0x00, 0x00, 0x00, 0x00, 0x00, 0x00,
    0x00, 0x00, 0x00, 0x00, 0x00, 0x00, 0x00, 0x00, 0x00, 0x00, 0x00, 0x00, 0x00, 0x00, 0x00, 0x00,
    0x00, 0x00, 0x00, 0x00, 0x00, 0x00, 0x00, 0x00, 0x00, 0x00, 0x00, 0x00, 0x00, 0x00, 0x00, 0x00,
    0x00, 0x00, 0x00, 0x00, 0x00, 0x00, 0x00, 0x00, 0x00, 0x00, 0x00, 0x00, 0x00, 0x00, 0x00, 0x00,
    0x00, 0x00, 0x00, 0x00, 0x00, 0x00, 0x00, 0x00, 0x00, 0x00, 0x00, 0x00, 0x00, 0x00, 0x00, 0x00,
    0x00, 0x00, 0x00, 0x00, 0x00, 0x00, 0x00, 0x00, 0x00, 0x00, 0x00, 0x00, 0x00, 0x00, 0x00, 0x00,
    0x00, 0x00, 0x00, 0x00, 0x00, 0x00, 0x00, 0x00, 0x00, 0x00, 0x00, 0x00, 0x00, 0x00, 0x00, 0x00,
    0x00, 0x00, 0x00, 0x00, 0x00, 0x00, 0x00, 0x00, 0x00, 0x00, 0x00, 0x00, 0x00, 0x00, 0x00, 0x01,
    0x55, 0xAA, 0xFF, 0x03, 0x00, 0x7F, 0xFF, 0x02, 0x00, 0x00, 0x00, 0x00, 0x00, 0x00, 0x00, 0x00,
    0x00, 0x00, 0x00, 0x00, 0x3F, 0x7F, 0xFF, 0x04, 0x55, 0xAA, 0xFF, 0x03, 0x00, 0xFF, 0xFF, 0x01,
    0x33, 0x66, 0xCC, 0x05, 0x00, 0x00, 0x00, 0x00, 0x32, 0x78, 0xD2, 0x33, 0x27, 0x7E, 0xE1, 0xF6,
    0x1E, 0x81, 0xEA, 0xFF, 0x1C, 0x82, 0xEC, 0xFA, 0x21, 0x87, 0xF5, 0xFE, 0x28, 0x8E, 0xFD, 0xFE,
    0x2E, 0x94, 0xFF, 0xFE, 0x33, 0x98, 0xFF, 0xFE, 0x38, 0x9D, 0xFF, 0xFA, 0x3E, 0xA4, 0xFF, 0xFF,
    0x42, 0xA4, 0xFF, 0xF6, 0x46, 0x9B, 0xFF, 0x33, 0x00, 0x00, 0x00, 0x00, 0x33, 0x99, 0xFF, 0x05,
    0x00, 0x00, 0xFF, 0x01, 0x55, 0x55, 0xFF, 0x03, 0x3F, 0x7F, 0xBF, 0x04, 0x00, 0x00, 0x00, 0x00,
    0x00, 0x00, 0x00, 0x00, 0x00, 0x00, 0x00, 0x00, 0x00, 0x7F, 0xFF, 0x02, 0x55, 0xAA, 0xFF, 0x03,
    0x00, 0x00, 0xFF, 0x01, 0x00, 0x00, 0x00, 0x00, 0x00, 0x00, 0x00, 0x00, 0x00, 0x00, 0x00, 0x00,
    0x00, 0x00, 0x00, 0x00, 0x00, 0x00, 0x00, 0x00, 0x00, 0x00, 0x00, 0x00, 0x00, 0x00, 0x00, 0x00,
    0x00, 0x00, 0x00, 0x00, 0x00, 0x00, 0x00, 0x00, 0x00, 0x00, 0x00, 0x00, 0x00, 0x00, 0x00, 0x00,
    0x00, 0x00, 0x00, 0x00, 0x00, 0x00, 0x00, 0x00, 0x00, 0x00, 0x00, 0x00, 0x00, 0x00, 0x00, 0x00,
    0x00, 0x00, 0x00, 0x00, 0x00, 0x00, 0x00, 0x00, 0x00, 0x00, 0x00, 0x00, 0x00, 0x00, 0x00, 0x00,
    0x00, 0x00, 0x00, 0x00, 0x00, 0x00, 0x00, 0x00, 0x00, 0x00, 0x00, 0x00, 0x00, 0x00, 0x00, 0x00,
    0x00, 0x00, 0x00, 0x00, 0x00, 0x00, 0x00, 0x00, 0x00, 0x00, 0x00, 0x00, 0x00, 0x00, 0x00, 0x00,
    0x00, 0x00, 0x00, 0x00, 0x00, 0x00, 0x00, 0x00, 0x00, 0xFF, 0xFF, 0x01, 0x00, 0x00, 0x00, 0x00,
    0x00, 0x00, 0x00, 0x00, 0x00, 0x00, 0x00, 0x00, 0x4E, 0x89, 0xEB, 0x0D, 0x3C, 0x87, 0xF0, 0x11,
    0x01, 0x00, 0x00, 0x00, 0x00, 0x00, 0x00, 0x00, 0x00, 0x00, 0x00, 0x00, 0x00, 0x00, 0x00, 0x00,
    0x00, 0x00, 0x00, 0x00, 0x3F, 0x6F, 0xBF, 0x10, 0x27, 0x7A, 0xDD, 0xDB, 0x1E, 0x7F, 0xE8, 0xFF,
    0x1B, 0x7D, 0xE5, 0xFC, 0x1E, 0x83, 0xEF, 0xFF, 0x24, 0x88, 0xF8, 0xFF, 0x2A, 0x8E, 0xFF, 0xFF,
    0x2F, 0x94, 0xFF, 0xFF, 0x34, 0x99, 0xFF, 0xFF, 0x38, 0x9D, 0xFF, 0xFF, 0x3A, 0x9E, 0xFF, 0xFC,
    0x41, 0xA8, 0xFF, 0xFF, 0x43, 0xA3, 0xFF, 0xDB, 0x4F, 0x8F, 0xFF, 0x10, 0x00, 0x00, 0x00, 0x00,
    0x00, 0x00, 0x00, 0x00, 0x00, 0x00, 0x00, 0x00, 0x00, 0x00, 0x00, 0x00, 0xFF, 0x00, 0x00, 0x01,
    0x3C, 0x87, 0xE1, 0x11, 0x3A, 0x89, 0xEB, 0x0D, 0x00, 0x00, 0x00, 0x00, 0x00, 0x00, 0x00, 0x00,
    0x00, 0x00, 0x00, 0x00, 0x00, 0xFF, 0xFF, 0x01, 0x00, 0x00, 0x00, 0x00, 0x00, 0x00, 0x00, 0x00,
    0x00, 0x00, 0x00, 0x00, 0x00, 0x00, 0x00, 0x00, 0x00, 0x00, 0x00, 0x00, 0x00, 0x00, 0x00, 0x00,
    0x00, 0x00, 0x00, 0x00, 0x00, 0x00, 0x00, 0x00, 0x00, 0x00, 0x00, 0x00, 0x00, 0x00, 0x00, 0x00,
    0x00, 0x00, 0x00, 0x00, 0x00, 0x00, 0x00, 0x00, 0x00, 0x00, 0x00, 0x00, 0x00, 0x00, 0x00, 0x00,
    0x00, 0x00, 0x00, 0x00, 0x00, 0x00, 0x00, 0x00, 0x00, 0x00, 0x00, 0x00, 0x00, 0x00, 0x00, 0x00,
    0x00, 0x00, 0x00, 0x00, 0x00, 0x00, 0x00, 0x00, 0x00, 0x00, 0x00, 0x00, 0x00, 0x00, 0x00, 0x00,
    0x00, 0x00, 0x00, 0x00, 0x00, 0x00, 0x00, 0x00, 0x00, 0x00, 0x00, 0x00, 0x00, 0x00, 0x00, 0x00,
    0x00, 0x00, 0x00, 0x00, 0x00, 0xFF, 0xFF, 0x01, 0x00, 0x00, 0x00, 0x00, 0x01, 0x00, 0x00, 0x00,
    0x30, 0x82, 0xE3, 0x5E, 0x2E, 0x87, 0xEE, 0xBC, 0x2B, 0x8B, 0xF6, 0xE6, 0x2E, 0x8E, 0xFB, 0xED,
    0x33, 0x94, 0xFD, 0xD2, 0x37, 0x94, 0xFF, 0x94, 0x38, 0x8E, 0xFB, 0x44, 0x3C, 0x85, 0xE6, 0x15,
    0x31, 0x7F, 0xDC, 0x34, 0x25, 0x7B, 0xE0, 0xC6, 0x1E, 0x80, 0xEA, 0xFF, 0x19, 0x7B, 0xE2, 0xFC,
    0x1B, 0x7F, 0xEA, 0xFF, 0x1F, 0x84, 0xF0, 0xFF, 0x24, 0x88, 0xF9, 0xFF, 0x29, 0x8E, 0xFF, 0xFF,
    0x2E, 0x94, 0xFF, 0xFF, 0x33, 0x99, 0xFF, 0xFF, 0x37, 0x9C, 0xFF, 0xFF, 0x3A, 0x9F, 0xFF, 0xFF,
    0x3B, 0xA0, 0xFF, 0xFC, 0x42, 0xA9, 0xFF, 0xFF, 0x40, 0xA1, 0xFF, 0xC5, 0x3A, 0x98, 0xFF, 0x34,
    0x3C, 0x85, 0xE6, 0x15, 0x30, 0x83, 0xE8, 0x44, 0x2E, 0x85, 0xEC, 0x95, 0x2B, 0x89, 0xF4, 0xD2,
    0x2C, 0x8B, 0xF8, 0xED, 0x2F, 0x92, 0xFD, 0xE6, 0x36, 0x99, 0xFD, 0xBC, 0x3C, 0x9C, 0xFF, 0x5D,
    0x00, 0x00, 0x00, 0x00, 0x00, 0x00, 0x00, 0x00, 0x00, 0xFF, 0xFF, 0x01, 0x00, 0x00, 0x00, 0x00,
    0x00, 0x00, 0x00, 0x00, 0x00, 0x00, 0x00, 0x00, 0x00, 0x00, 0x00, 0x00, 0x00, 0x00, 0x00, 0x00,
    0x00, 0x00, 0x00, 0x00, 0x00, 0x00, 0x00, 0x00, 0x00, 0x00, 0x00, 0x00, 0x00, 0x00, 0x00, 0x00,
    0x00, 0x00, 0x00, 0x00, 0x00, 0x00, 0x00, 0x00, 0x00, 0x00, 0x00, 0x00, 0x00, 0x00, 0x00, 0x00,
    0x00, 0x00, 0x00, 0x00, 0x00, 0x00, 0x00, 0x00, 0x00, 0x00, 0x00, 0x00, 0x00, 0x00, 0x00, 0x00,
    0x00, 0x00, 0x00, 0x00, 0x00, 0x00, 0x00, 0x00, 0x00, 0x00, 0x00, 0x00, 0x00, 0x00, 0x00, 0x00,
    0x00, 0x00, 0x00, 0x00, 0x00, 0x00, 0x00, 0x00, 0x00, 0x00, 0x00, 0x00, 0x00, 0x00, 0x00, 0x00,
    0x00, 0xFF, 0xFF, 0x01, 0x00, 0x00, 0x00, 0x00, 0x39, 0x7F, 0xD0, 0x16, 0x2B, 0x7F, 0xDF, 0xBA,
    0x27, 0x8A, 0xF6, 0xFF, 0x23, 0x8C, 0xFC, 0xFF, 0x25, 0x8F, 0xFF, 0xFF, 0x2A, 0x94, 0xFF, 0xFF,
    0x31, 0x9A, 0xFF, 0xFF, 0x35, 0xA0, 0xFF, 0xFF, 0x32, 0x97, 0xFF, 0xFF, 0x2C, 0x8B, 0xF9, 0xEF,
    0x25, 0x84, 0xEE, 0xFF, 0x1D, 0x83, 0xF1, 0xFF, 0x16, 0x77, 0xE4, 0xFD, 0x15, 0x77, 0xE7, 0xFF,
    0x16, 0x7A, 0xEB, 0xFF, 0x1A, 0x7E, 0xF2, 0xFF, 0x1F, 0x84, 0xFA, 0xFF, 0x25, 0x8B, 0xFF, 0xFF,
    0x2A, 0x90, 0xFF, 0xFF, 0x2F, 0x94, 0xFF, 0xFF, 0x33, 0x98, 0xFF, 0xFF, 0x36, 0x9A, 0xFF, 0xFF,
    0x38, 0x9C, 0xFF, 0xFF, 0x3A, 0x9D, 0xFF, 0xFD, 0x3C, 0xA5, 0xFF, 0xFF, 0x31, 0x96, 0xFF, 0xFF,
    0x26, 0x89, 0xF8, 0xEF, 0x25, 0x87, 0xF7, 0xFF, 0x24, 0x8D, 0xFF, 0xFF, 0x23, 0x8D, 0xFF, 0xFF,
    0x26, 0x91, 0xFF, 0xFF, 0x2D, 0x97, 0xFF, 0xFF, 0x35, 0xA0, 0xFF, 0xFF, 0x3D, 0xA7, 0xFF, 0xFF,
    0x40, 0xA0, 0xFF, 0xBA, 0x45, 0x96, 0xFF, 0x16, 0x00, 0x00, 0x00, 0x00, 0x00, 0xFF, 0xFF, 0x01,
    0x00, 0x00, 0x00, 0x00, 0x00, 0x00, 0x00, 0x00, 0x00, 0x00, 0x00, 0x00, 0x00, 0x00, 0x00, 0x00,
    0x00, 0x00, 0x00, 0x00, 0x00, 0x00, 0x00, 0x00, 0x00, 0x00, 0x00, 0x00, 0x00, 0x00, 0x00, 0x00,
    0x00, 0x00, 0x00, 0x00, 0x00, 0x00, 0x00, 0x00, 0x00, 0x00, 0x00, 0x00, 0x00, 0x00, 0x00, 0x00,
    0x00, 0x00, 0x00, 0x00, 0x00, 0x00, 0x00, 0x00, 0x00, 0x00, 0x00, 0x00, 0x00, 0x00, 0x00, 0x00,
    0x00, 0x00, 0x00, 0x00, 0x00, 0x00, 0x00, 0x00, 0x00, 0x00, 0x00, 0x00, 0x00, 0x00, 0x00, 0x00,
    0x00, 0x00, 0x00, 0x00, 0x00, 0x00, 0x00, 0x00, 0x00, 0x00, 0x00, 0x00, 0x00, 0x00, 0xFF, 0x01,
    0x00, 0x7F, 0xFF, 0x02, 0x55, 0x7F, 0xD4, 0x06, 0x29, 0x7A, 0xD7, 0xC6, 0x22, 0x87, 0xF2, 0xFF,
    0x1C, 0x81, 0xE9, 0xFA, 0x1F, 0x86, 0xF2, 0xFC, 0x26, 0x8C, 0xFB, 0xFE, 0x2C, 0x92, 0xFF, 0xFE,
    0x30, 0x96, 0xFF, 0xFD, 0x30, 0x97, 0xFF, 0xFB, 0x30, 0x96, 0xFF, 0xFD, 0x2C, 0x94, 0xFF, 0xFF,
    0x26, 0x89, 0xFF, 0xFF, 0x1E, 0x81, 0xF2, 0xFD, 0x1B, 0x83, 0xEA, 0xFF, 0x1E, 0x8D, 0xE9, 0xFF,
    0x23, 0x9A, 0xED, 0xFF, 0x26, 0xA4, 0xF1, 0xFF, 0x28, 0xAB, 0xF5, 0xFF, 0x2B, 0xAF, 0xF8, 0xFF,
    0x2C, 0xB2, 0xFA, 0xFF, 0x2E, 0xB3, 0xFB, 0xFF, 0x30, 0xB1, 0xFD, 0xFF, 0x32, 0xAE, 0xFE, 0xFF,
    0x34, 0xA8, 0xFE, 0xFF, 0x36, 0xA2, 0xFF, 0xFF, 0x34, 0x98, 0xFF, 0xFD, 0x27, 0x8C, 0xFF, 0xFF,
    0x1B, 0x85, 0xFE, 0xFF, 0x1A, 0x83, 0xF3, 0xFD, 0x1C, 0x85, 0xF5, 0xFB, 0x21, 0x89, 0xFA, 0xFD,
    0x28, 0x8F, 0xFF, 0xFE, 0x2E, 0x94, 0xFF, 0xFE, 0x34, 0x99, 0xFF, 0xFC, 0x38, 0x9D, 0xFF, 0xFA,
    0x42, 0xAD, 0xFF, 0xFF, 0x43, 0x9F, 0xFF, 0xC5, 0x55, 0xAA, 0xFF, 0x06, 0x00, 0x7F, 0xFF, 0x02,
    0x00, 0x00, 0xFF, 0x01, 0x00, 0x00, 0x00, 0x00, 0x00, 0x00, 0x00, 0x00, 0x00, 0x00, 0x00, 0x00,
    0x00, 0x00, 0x00, 0x00, 0x00, 0x00, 0x00, 0x00, 0x00, 0x00, 0x00, 0x00, 0x00, 0x00, 0x00, 0x00,
    0x00, 0x00, 0x00, 0x00, 0x00, 0x00, 0x00, 0x00, 0x00, 0x00, 0x00, 0x00, 0x00, 0x00, 0x00, 0x00,
    0x00, 0x00, 0x00, 0x00, 0x00, 0x00, 0x00, 0x00, 0x00, 0x00, 0x00, 0x00, 0x00, 0x00, 0x00, 0x00,
    0x00, 0x00, 0x00, 0x00, 0x00, 0x00, 0x00, 0x00, 0x00, 0x00, 0x00, 0x00, 0x00, 0x00, 0x00, 0x00,
    0x00, 0x00, 0x00, 0x00, 0x00, 0x00, 0x00, 0x00, 0x00, 0x00, 0x00, 0x00, 0x3F, 0x7F, 0xBF, 0x04,
    0x00, 0x00, 0x00, 0x00, 0x2D, 0x79, 0xD4, 0x71, 0x24, 0x83, 0xEB, 0xFF, 0x1A, 0x7C, 0xE2, 0xF9,
    0x1E, 0x82, 0xEB, 0xFF, 0x23, 0x87, 0xF5, 0xFF, 0x28, 0x8D, 0xFD, 0xFF, 0x2E, 0x93, 0xFF, 0xFF,
    0x31, 0x96, 0xFF, 0xFF, 0x32, 0x97, 0xFF, 0xFF, 0x2F, 0x94, 0xFF, 0xFF, 0x2D, 0x95, 0xFA, 0xFE,
    0x2D, 0x9D, 0xF1, 0xFE, 0x2D, 0xA7, 0xEB, 0xFF, 0x2D, 0xB2, 0xEB, 0xFF, 0x2D, 0xB8, 0xEF, 0xFF,
    0x2B, 0xBB, 0xF2, 0xFF, 0x2A, 0xBD, 0xF5, 0xFF, 0x2A, 0xBE, 0xF8, 0xFF, 0x2A, 0xBF, 0xFA, 0xFF,
    0x2A, 0xC1, 0xFC, 0xFF, 0x2C, 0xC3, 0xFE, 0xFF, 0x2D, 0xC4, 0xFF, 0xFF, 0x2F, 0xC6, 0xFF, 0xFF,
    0x31, 0xC6, 0xFF, 0xFF, 0x34, 0xC3, 0xFF, 0xFF, 0x36, 0xBB, 0xFF, 0xFF, 0x2E, 0xA7, 0xFF, 0xFE,
    0x1C, 0x8A, 0xF9, 0xFE, 0x15, 0x7D, 0xF6, 0xFF, 0x1C, 0x83, 0xF9, 0xFF, 0x23, 0x8B, 0xFE, 0xFF,
    0x2A, 0x90, 0xFF, 0xFF, 0x30, 0x95, 0xFF, 0xFF, 0x35, 0x9A, 0xFF, 0xFF, 0x39, 0x9D, 0xFF, 0xFF,
    0x3B, 0x9F, 0xFF, 0xF9, 0x46, 0xAE, 0xFF, 0xFF, 0x45, 0xA0, 0xFF, 0x71, 0x00, 0x00, 0x00, 0x00,
    0x3F, 0x7F, 0xFF, 0x04, 0x00, 0x00, 0x00, 0x00, 0x00, 0x00, 0x00, 0x00, 0x00, 0x00, 0x00, 0x00,
    0x00, 0x00, 0x00, 0x00, 0x00, 0x00, 0x00, 0x00, 0x00, 0x00, 0x00, 0x00, 0x00, 0x00, 0x00, 0x00,
    0x00, 0x00, 0x00, 0x00, 0x00, 0x00, 0x00, 0x00, 0x00, 0x00, 0x00, 0x00, 0x00, 0x00, 0x00, 0x00,
    0x00, 0x00, 0x00, 0x00, 0x00, 0x00, 0x00, 0x00, 0x00, 0x00, 0x00, 0x00, 0x00, 0x00, 0x00, 0x00,
    0x00, 0x00, 0x00, 0x00, 0x00, 0x00, 0x00, 0x00, 0x00, 0x00, 0x00, 0x00, 0x00, 0x00, 0x00, 0x00,
    0x00, 0x00, 0x00, 0x00, 0x00, 0x00, 0x00, 0x00, 0x00, 0x00, 0x00, 0x01, 0x00, 0x00, 0xFF, 0x01,
    0x55, 0x7F, 0xD4, 0x06, 0x26, 0x77, 0xD4, 0xD9, 0x1E, 0x7D, 0xE3, 0xFD, 0x1C, 0x7C, 0xE2, 0xFD,
    0x20, 0x82, 0xEC, 0xFF, 0x24, 0x86, 0xF5, 0xFF, 0x29, 0x8C, 0xFC, 0xFF, 0x2D, 0x90, 0xFF, 0xFF,
    0x2D, 0x90, 0xFF, 0xFF, 0x2C, 0x95, 0xF9, 0xFF, 0x2C, 0xA1, 0xEB, 0xFF, 0x2C, 0xAC, 0xE5, 0xFF,
    0x29, 0xB2, 0xE6, 0xFF, 0x27, 0xB5, 0xEC, 0xFF, 0x25, 0xB6, 0xF0, 0xFF, 0x24, 0xB7, 0xF3, 0xFF,
    0x24, 0xB9, 0xF6, 0xFF, 0x25, 0xBB, 0xF9, 0xFF, 0x26, 0xBD, 0xFB, 0xFF, 0x27, 0xBF, 0xFE, 0xFF,
    0x28, 0xC0, 0xFF, 0xFF, 0x2A, 0xC2, 0xFF, 0xFF, 0x2B, 0xC3, 0xFF, 0xFF, 0x2D, 0xC5, 0xFF, 0xFF,
    0x2F, 0xC6, 0xFF, 0xFF, 0x30, 0xC8, 0xFF, 0xFF, 0x32, 0xCA, 0xFF, 0xFF, 0x36, 0xCD, 0xFF, 0xFF,
    0x36, 0xC7, 0xFF, 0xFF, 0x2C, 0xAE, 0xFD, 0xFF, 0x1F, 0x8F, 0xFD, 0xFF, 0x20, 0x86, 0xFF, 0xFF,
    0x2A, 0x8F, 0xFF, 0xFF, 0x30, 0x96, 0xFF, 0xFF, 0x35, 0x99, 0xFF, 0xFF, 0x39, 0x9C, 0xFF, 0xFF,
    0x3B, 0x9F, 0xFF, 0xFD, 0x40, 0xA7, 0xFF, 0xFD, 0x41, 0x9F, 0xFF, 0xD9, 0x55, 0x7F, 0xFF, 0x06,
    0x00, 0xFF, 0xFF, 0x01, 0x00, 0x00, 0xFF, 0x01, 0x00, 0x00, 0x00, 0x00, 0x00, 0x00, 0x00, 0x00,
    0x00, 0x00, 0x00, 0x00, 0x00, 0x00, 0x00, 0x00, 0x00, 0x00, 0x00, 0x00, 0x00, 0x00, 0x00, 0x00,
    0x00, 0x00, 0x00, 0x00, 0x00, 0x00, 0x00, 0x00, 0x00, 0x00, 0x00, 0x00, 0x00, 0x00, 0x00, 0x00,
    0x00, 0x00, 0x00, 0x00, 0x00, 0x00, 0x00, 0x00, 0x00, 0x00, 0x00, 0x00, 0x00, 0x00, 0x00, 0x00,
    0x00, 0x00, 0x00, 0x00, 0x00, 0x00, 0x00, 0x00, 0x00, 0x00, 0x00, 0x00, 0x00, 0x00, 0x00, 0x00,
    0x00, 0x00, 0x00, 0x00, 0x00, 0x00, 0x00, 0x00, 0x00, 0x7F, 0xFF, 0x02, 0x00, 0x00, 0x00, 0x00,
    0x34, 0x7C, 0xD1, 0x27, 0x23, 0x76, 0xD6, 0xFC, 0x1C, 0x79, 0xDD, 0xFF, 0x1D, 0x7C, 0xE3, 0xFE,
    0x20, 0x80, 0xEB, 0xFF, 0x23, 0x85, 0xF2, 0xFF, 0x25, 0x86, 0xFA, 0xFF, 0x25, 0x88, 0xFB, 0xFF,
    0x27, 0x99, 0xEC, 0xFF, 0x28, 0xA8, 0xE0, 0xFF, 0x26, 0xAE, 0xE3, 0xFF, 0x24, 0xB0, 0xE9, 0xFF,
    0x22, 0xB2, 0xED, 0xFF, 0x22, 0xB4, 0xF0, 0xFF, 0x22, 0xB7, 0xF3, 0xFF, 0x22, 0xB9, 0xF6, 0xFF,
    0x23, 0xBB, 0xF8, 0xFF, 0x24, 0xBD, 0xFB, 0xFF, 0x26, 0xBE, 0xFD, 0xFF, 0x27, 0xC0, 0xFF, 0xFF,
    0x29, 0xC2, 0xFF, 0xFF, 0x2A, 0xC4, 0xFF, 0xFF, 0x2B, 0xC5, 0xFF, 0xFF, 0x2D, 0xC6, 0xFF, 0xFF,
    0x2F, 0xC8, 0xFF, 0xFF, 0x30, 0xC9, 0xFF, 0xFF, 0x32, 0xCA, 0xFF, 0xFF, 0x33, 0xCA, 0xFF, 0xFF,
    0x35, 0xCC, 0xFF, 0xFF, 0x3A, 0xD1, 0xFF, 0xFF, 0x38, 0xCA, 0xFF, 0xFF, 0x2D, 0xAC, 0xFF, 0xFF,
    0x27, 0x8F, 0xFF, 0xFF, 0x2D, 0x91, 0xFF, 0xFF, 0x34, 0x99, 0xFF, 0xFF, 0x37, 0x9B, 0xFF, 0xFF,
    0x3A, 0x9D, 0xFF, 0xFE, 0x3C, 0xA0, 0xFF, 0xFF, 0x3D, 0x9E, 0xFF, 0xFC, 0x47, 0x9C, 0xFF, 0x27,
    0x00, 0x00, 0x00, 0x00, 0x7F, 0x7F, 0xFF, 0x02, 0x00, 0x00, 0x00, 0x00, 0x00, 0x00, 0x00, 0x00,
    0x00, 0x00, 0x00, 0x00, 0x00, 0x00, 0x00, 0x00, 0x00, 0x00, 0x00, 0x00, 0x00, 0x00, 0x00, 0x00,
    0x00, 0x00, 0x00, 0x00, 0x00, 0x00, 0x00, 0x00, 0x00, 0x00, 0x00, 0x00, 0x00, 0x00, 0x00, 0x00,
    0x00, 0x00, 0x00, 0x00, 0x00, 0x00, 0x00, 0x00, 0x00, 0x00, 0x00, 0x00, 0x00, 0x00, 0x00, 0x00,
    0x00, 0x00, 0x00, 0x00, 0x00, 0x00, 0x00, 0x00, 0x00, 0x00, 0x00, 0x00, 0x00, 0x00, 0x00, 0x00,
    0x00, 0x00, 0x00, 0x00, 0x00, 0x00, 0x00, 0x00, 0x00, 0x55, 0xAA, 0x03, 0x00, 0x00, 0x00, 0x00,
    0x2C, 0x78, 0xD2, 0x39, 0x23, 0x79, 0xDB, 0xFF, 0x1C, 0x77, 0xDC, 0xFE, 0x1E, 0x7A, 0xE2, 0xFF,
    0x1F, 0x7F, 0xE8, 0xFF, 0x1E, 0x7D, 0xEE, 0xFF, 0x1F, 0x87, 0xEC, 0xFF, 0x25, 0x9F, 0xDF, 0xFF,
    0x25, 0xAB, 0xDE, 0xFF, 0x23, 0xAC, 0xE4, 0xFF, 0x21, 0xAE, 0xE9, 0xFF, 0x20, 0xB1, 0xEC, 0xFF,
    0x20, 0xB4, 0xEF, 0xFF, 0x20, 0xB6, 0xF2, 0xFF, 0x21, 0xB8, 0xF5, 0xFF, 0x22, 0xBA, 0xF7, 0xFF,
    0x23, 0xBC, 0xFA, 0xFF, 0x24, 0xBE, 0xFC, 0xFF, 0x26, 0xBF, 0xFE, 0xFF, 0x28, 0xC1, 0xFF, 0xFF,
    0x29, 0xC3, 0xFF, 0xFF, 0x2A, 0xC4, 0xFF, 0xFF, 0x2C, 0xC6, 0xFF, 0xFF, 0x2E, 0xC7, 0xFF, 0xFF,
    0x2F, 0xC9, 0xFF, 0xFF, 0x31, 0xCA, 0xFF, 0xFF, 0x32, 0xCC, 0xFF, 0xFF, 0x34, 0xCC, 0xFF, 0xFF,
    0x35, 0xCD, 0xFF, 0xFF, 0x36, 0xCD, 0xFF, 0xFF, 0x38, 0xCF, 0xFF, 0xFF, 0x3B, 0xD3, 0xFF, 0xFF,
    0x36, 0xC2, 0xFF, 0xFF, 0x2C, 0x9B, 0xFF, 0xFF, 0x2E, 0x92, 0xFF, 0xFF, 0x35, 0x9A, 0xFF, 0xFF,
    0x36, 0x9B, 0xFF, 0xFF, 0x37, 0x9C, 0xFF, 0xFE, 0x3B, 0xA0, 0xFF, 0xFF, 0x3E, 0x98, 0xFF, 0x39,
    0x00, 0x00, 0x00, 0x00, 0x55, 0xAA, 0xFF, 0x03, 0x00, 0x00, 0x00, 0x00, 0x00, 0x00, 0x00, 0x00,
    0x00, 0x00, 0x00, 0x00, 0x00, 0x00, 0x00, 0x00, 0x00, 0x00, 0x00, 0x00, 0x00, 0x00, 0x00, 0x00,
    0x00, 0x00, 0x00, 0x00, 0x00, 0x00, 0x00, 0x00, 0x00, 0x00, 0x00, 0x00, 0x00, 0x00, 0x00, 0x00,
    0x00, 0x00, 0x00, 0x00, 0x00, 0x00, 0x00, 0x00, 0x00, 0x00, 0x00, 0x00, 0x00, 0x00, 0x00, 0x00,
    0x00, 0x00, 0x00, 0x00, 0x00, 0x00, 0x00, 0x00, 0x00, 0x00, 0x00, 0x00, 0x00, 0x00, 0x00, 0x00,
    0x00, 0x00, 0x00, 0x00, 0x00, 0x00, 0x00, 0x00, 0x00, 0x55, 0xAA, 0x03, 0x00, 0x00, 0x00, 0x00,
    0x2D, 0x76, 0xD1, 0x38, 0x22, 0x78, 0xDC, 0xFF, 0x1B, 0x75, 0xDC, 0xFE, 0x1C, 0x79, 0xE1, 0xFF,
    0x19, 0x77, 0xE6, 0xFF, 0x1D, 0x87, 0xE2, 0xFF, 0x25, 0xA4, 0xDA, 0xFF, 0x24, 0xAA, 0xDE, 0xFF,
    0x21, 0xAB, 0xE4, 0xFF, 0x1F, 0xAE, 0xE7, 0xFF, 0x1F, 0xB1, 0xEA, 0xFF, 0x1E, 0xB2, 0xEE, 0xFF,
    0x1F, 0xB5, 0xF0, 0xFF, 0x20, 0xB6, 0xF4, 0xFF, 0x21, 0xB9, 0xF6, 0xFF, 0x22, 0xBB, 0xF9, 0xFF,
    0x24, 0xBC, 0xFB, 0xFF, 0x25, 0xBE, 0xFD, 0xFF, 0x27, 0xBF, 0xFF, 0xFF, 0x28, 0xC1, 0xFF, 0xFF,
    0x2A, 0xC3, 0xFF, 0xFF, 0x2C, 0xC4, 0xFF, 0xFF, 0x2D, 0xC6, 0xFF, 0xFF, 0x2F, 0xC7, 0xFF, 0xFF,
    0x30, 0xC9, 0xFF, 0xFF, 0x32, 0xCA, 0xFF, 0xFF, 0x33, 0xCC, 0xFF, 0xFF, 0x34, 0xCD, 0xFF, 0xFF,
    0x36, 0xCE, 0xFF, 0xFF, 0x37, 0xCF, 0xFF, 0xFF, 0x38, 0xD0, 0xFF, 0xFF, 0x3A, 0xD0, 0xFF, 0xFF,
    0x3C, 0xD3, 0xFF, 0xFF, 0x3C, 0xCD, 0xFF, 0xFF, 0x30, 0xA5, 0xFF, 0xFF, 0x2D, 0x91, 0xFF, 0xFF,
    0x32, 0x99, 0xFF, 0xFF, 0x32, 0x98, 0xFF, 0xFE, 0x38, 0x9D, 0xFF, 0xFF, 0x3F, 0x96, 0xFF, 0x38,
    0x00, 0x00, 0x00, 0x00, 0x55, 0xAA, 0xFF, 0x03, 0x00, 0x00, 0x00, 0x00, 0x00, 0x00, 0x00, 0x00,
    0x00, 0x00, 0x00, 0x00, 0x00, 0x00, 0x00, 0x00, 0x00, 0x00, 0x00, 0x00, 0x00, 0x00, 0x00, 0x00,
    0x00, 0x00, 0x00, 0x00, 0x00, 0x00, 0x00, 0x00, 0x00, 0x00, 0x00, 0x00, 0x00, 0x00, 0x00, 0x00,
    0x00, 0x00, 0x00, 0x00, 0x00, 0x00, 0x00, 0x00, 0x00, 0x00, 0x00, 0x00, 0x00, 0x00, 0x00, 0x00,
    0x00, 0x00, 0x00, 0x00, 0x00, 0x00, 0x00, 0x00, 0x00, 0x00, 0x00, 0x00, 0x00, 0x00, 0x00, 0x00,
    0x00, 0x00, 0x00, 0x00, 0x00, 0x00, 0x00, 0x00, 0x2A, 0x7F, 0xD4, 0x06, 0x00, 0xFF, 0xFF, 0x01,
    0x29, 0x75, 0xD5, 0x43, 0x21, 0x7B, 0xE4, 0xFF, 0x1A, 0x76, 0xDE, 0xFC, 0x17, 0x73, 0xE1, 0xFF,
    0x1D, 0x86, 0xDE, 0xFF, 0x27, 0xA5, 0xD9, 0xFF, 0x22, 0xA8, 0xDE, 0xFF, 0x1F, 0xA9, 0xE2, 0xFF,
    0x1E, 0xAD, 0xE6, 0xFF, 0x1E, 0xAF, 0xE9, 0xFF, 0x1D, 0xB1, 0xEC, 0xFF, 0x1E, 0xB3, 0xEF, 0xFF,
    0x1F, 0xB5, 0xF2, 0xFF, 0x20, 0xB7, 0xF5, 0xFF, 0x22, 0xB9, 0xF7, 0xFF, 0x23, 0xBB, 0xFA, 0xFF,
    0x25, 0xBD, 0xFC, 0xFF, 0x27, 0xBE, 0xFE, 0xFF, 0x28, 0xC0, 0xFF, 0xFF, 0x2A, 0xC1, 0xFF, 0xFF,
    0x2B, 0xC3, 0xFF, 0xFF, 0x2D, 0xC5, 0xFF, 0xFF, 0x2E, 0xC6, 0xFF, 0xFF, 0x30, 0xC7, 0xFF, 0xFF,
    0x30, 0xC9, 0xFF, 0xFF, 0x32, 0xCA, 0xFF, 0xFF, 0x33, 0xCC, 0xFF, 0xFF, 0x35, 0xCD, 0xFF, 0xFF,
    0x36, 0xCE, 0xFF, 0xFF, 0x37, 0xD0, 0xFF, 0xFF, 0x39, 0xD1, 0xFF, 0xFF, 0x3A, 0xD1, 0xFF, 0xFF,
    0x3B, 0xD1, 0xFF, 0xFF, 0x3D, 0xD3, 0xFF, 0xFF, 0x3F, 0xD2, 0xFF, 0xFF, 0x30, 0xA8, 0xFF, 0xFF,
    0x29, 0x90, 0xFF, 0xFF, 0x2F, 0x97, 0xFF, 0xFC, 0x3A, 0xA3, 0xFF, 0xFF, 0x40, 0x9C, 0xFF, 0x43,
    0x00, 0xFF, 0xFF, 0x01, 0x55, 0xAA, 0xFF, 0x06, 0x00, 0x00, 0x00, 0x00, 0x00, 0x00, 0x00, 0x00,
    0x00, 0x00, 0x00, 0x00, 0x00, 0x00, 0x00, 0x00, 0x00, 0x00, 0x00, 0x00, 0x00, 0x00, 0x00, 0x00,
    0x00, 0x00, 0x00, 0x00, 0x00, 0x00, 0x00, 0x00, 0x00, 0x00, 0x00, 0x00, 0x00, 0x00, 0x00, 0x00,
    0x00, 0x00, 0x00, 0x00, 0x00, 0x00, 0x00, 0x00, 0x00, 0x00, 0x00, 0x00, 0x00, 0x00, 0x00, 0x00,
    0x00, 0x00, 0x00, 0x00, 0x00, 0x00, 0x00, 0x00, 0x00, 0x00, 0x00, 0x00, 0x00, 0x00, 0xFF, 0x01,
    0x55, 0xAA, 0xFF, 0x03, 0x00, 0x00, 0x00, 0x00, 0x00, 0x00, 0x00, 0x00, 0x00, 0x00, 0x00, 0x00,
    0x24, 0x78, 0xD8, 0xA7, 0x1E, 0x7E, 0xE8, 0xFF, 0x17, 0x72, 0xDF, 0xFC, 0x1E, 0x83, 0xDD, 0xFF,
    0x28, 0xA5, 0xD7, 0xFF, 0x22, 0xA6, 0xDD, 0xFF, 0x1F, 0xA8, 0xE1, 0xFF, 0x1D, 0xAB, 0xE4, 0xFF,
    0x1D, 0xAD, 0xE8, 0xFF, 0x1D, 0xB0, 0xEB, 0xFF, 0x1D, 0xB2, 0xEE, 0xFF, 0x1F, 0xB4, 0xF1, 0xFF,
    0x20, 0xB6, 0xF3, 0xFF, 0x21, 0xB7, 0xF5, 0xFF, 0x23, 0xBA, 0xF8, 0xFF, 0x25, 0xBB, 0xFA, 0xFF,
    0x26, 0xBD, 0xFC, 0xFF, 0x28, 0xBE, 0xFE, 0xFF, 0x29, 0xC0, 0xFF, 0xFF, 0x2B, 0xC1, 0xFF, 0xFF,
    0x2C, 0xC3, 0xFF, 0xFF, 0x2D, 0xC5, 0xFF, 0xFF, 0x2F, 0xC6, 0xFF, 0xFF, 0x30, 0xC8, 0xFF, 0xFF,
    0x31, 0xC9, 0xFF, 0xFF, 0x33, 0xCA, 0xFF, 0xFF, 0x34, 0xCC, 0xFF, 0xFF, 0x35, 0xCD, 0xFF, 0xFF,
    0x36, 0xCE, 0xFF, 0xFF, 0x37, 0xD0, 0xFF, 0xFF, 0x39, 0xD1, 0xFF, 0xFF, 0x3A, 0xD2, 0xFF, 0xFF,
    0x3B, 0xD3, 0xFF, 0xFF, 0x3D, 0xD3, 0xFF, 0xFF, 0x3F, 0xD3, 0xFF, 0xFF, 0x41, 0xD3, 0xFF, 0xFF,
    0x30, 0xA5, 0xFF, 0xFF, 0x2E, 0x93, 0xFF, 0xFC, 0x3F, 0xA9, 0xFF, 0xFF, 0x43, 0xA1, 0xFF, 0xA7,
    0x00, 0x00, 0x00, 0x00, 0x00, 0x00, 0x00, 0x00, 0x00, 0x00, 0x00, 0x00, 0x55, 0xAA, 0xFF, 0x03,
    0x00, 0x00, 0xFF, 0x01, 0x00, 0x00, 0x00, 0x00, 0x00, 0x00, 0x00, 0x00, 0x00, 0x00, 0x00, 0x00,
    0x00, 0x00, 0x00, 0x00, 0x00, 0x00, 0x00, 0x00, 0x00, 0x00, 0x00, 0x00, 0x00, 0x00, 0x00, 0x00,
    0x00, 0x00, 0x00, 0x00, 0x00, 0x00, 0x00, 0x00, 0x00, 0x00, 0x00, 0x00, 0x00, 0x00, 0x00, 0x00,
    0x00, 0x00, 0x00, 0x00, 0x00, 0x00, 0x00, 0x00, 0x00, 0xFF, 0xFF, 0x01, 0x00, 0x00, 0x00, 0x00,
    0x00, 0x00, 0x00, 0x00, 0x7F, 0x3F, 0x7F, 0x04, 0x36, 0x81, 0xE1, 0x3D, 0x2A, 0x7E, 0xE2, 0xA9,
    0x20, 0x80, 0xE8, 0xFF, 0x1A, 0x77, 0xE1, 0xFE, 0x1E, 0x7E, 0xDE, 0xFF, 0x29, 0xA2, 0xD7, 0xFF,
    0x22, 0xA5, 0xDB, 0xFF, 0x1E, 0xA7, 0xDF, 0xFF, 0x1D, 0xAA, 0xE3, 0xFF, 0x1C, 0xAC, 0xE6, 0xFF,
    0x1C, 0xAE, 0xE9, 0xFF, 0x1D, 0xB0, 0xEC, 0xFF, 0x1E, 0xB2, 0xEE, 0xFF, 0x20, 0xB4, 0xF2, 0xFF,
    0x21, 0xB6, 0xF4, 0xFF, 0x23, 0xB8, 0xF7, 0xFF, 0x25, 0xBA, 0xF8, 0xFF, 0x26, 0xBB, 0xFB, 0xFF,
    0x28, 0xBD, 0xFD, 0xFF, 0x29, 0xBF, 0xFE, 0xFF, 0x2A, 0xC0, 0xFF, 0xFF, 0x2C, 0xC1, 0xFF, 0xFF,
    0x2D, 0xC3, 0xFF, 0xFF, 0x2E, 0xC4, 0xFF, 0xFF, 0x30, 0xC6, 0xFF, 0xFF, 0x31, 0xC8, 0xFF, 0xFF,
    0x32, 0xC9, 0xFF, 0xFF, 0x33, 0xCA, 0xFF, 0xFF, 0x34, 0xCC, 0xFF, 0xFF, 0x35, 0xCD, 0xFF, 0xFF,
    0x36, 0xCE, 0xFF, 0xFF, 0x37, 0xD0, 0xFF, 0xFF, 0x39, 0xD1, 0xFF, 0xFF, 0x3A, 0xD2, 0xFF, 0xFF,
    0x3B, 0xD3, 0xFF, 0xFF, 0x3D, 0xD4, 0xFF, 0xFF, 0x3E, 0xD3, 0xFF, 0xFF, 0x40, 0xD4, 0xFF, 0xFF,
    0x42, 0xD0, 0xFF, 0xFF, 0x37, 0xA3, 0xFF, 0xFF, 0x38, 0x9B, 0xFF, 0xFE, 0x3D, 0xA5, 0xFF, 0xFF,
    0x39, 0x9B, 0xFF, 0xA9, 0x3A, 0x96, 0xFF, 0x3D, 0x3F, 0x7F, 0xFF, 0x04, 0x00, 0x00, 0x00, 0x00,
    0x00, 0x00, 0x00, 0x00, 0x00, 0xFF, 0xFF, 0x01, 0x00, 0x00, 0x00, 0x00, 0x00, 0x00, 0x00, 0x00,
    0x00, 0x00, 0x00, 0x00, 0x00, 0x00, 0x00, 0x00, 0x00, 0x00, 0x00, 0x00, 0x00, 0x00, 0x00, 0x00,
    0x00, 0x00, 0x00, 0x00, 0x00, 0x00, 0x00, 0x00, 0x00, 0x00, 0x00, 0x00, 0x00, 0x00, 0x00, 0x00,
    0x00, 0x00, 0x00, 0x00, 0x00, 0xFF, 0xFF, 0x01, 0x00, 0x00, 0x00, 0x00, 0x7F, 0x3F, 0x7F, 0x04,
    0x31, 0x80, 0xE2, 0x6D, 0x2B, 0x83, 0xE7, 0xD2, 0x28, 0x84, 0xED, 0xFF, 0x23, 0x86, 0xF4, 0xFF,
    0x1C, 0x7C, 0xE5, 0xFE, 0x1C, 0x79, 0xE3, 0xFF, 0x2A, 0x9B, 0xD7, 0xFF, 0x23, 0xA5, 0xD8, 0xFF,
    0x1E, 0xA5, 0xDD, 0xFF, 0x1D, 0xA8, 0xE0, 0xFF, 0x1C, 0xAA, 0xE4, 0xFF, 0x1C, 0xAD, 0xE7, 0xFF,
    0x1C, 0xAE, 0xEA, 0xFF, 0x1E, 0xB1, 0xED, 0xFF, 0x1F, 0xB3, 0xF0, 0xFF, 0x21, 0xB4, 0xF2, 0xFF,
    0x22, 0xB6, 0xF5, 0xFF, 0x24, 0xB8, 0xF7, 0xFF, 0x26, 0xBA, 0xF9, 0xFF, 0x27, 0xBB, 0xFB, 0xFF,
    0x29, 0xBD, 0xFD, 0xFF, 0x2A, 0xBE, 0xFF, 0xFF, 0x2C, 0xC0, 0xFF, 0xFF, 0x2D, 0xC1, 0xFF, 0xFF,
    0x2E, 0xC3, 0xFF, 0xFF, 0x2F, 0xC4, 0xFF, 0xFF, 0x30, 0xC6, 0xFF, 0xFF, 0x31, 0xC7, 0xFF, 0xFF,
    0x32, 0xC8, 0xFF, 0xFF, 0x34, 0xCA, 0xFF, 0xFF, 0x35, 0xCB, 0xFF, 0xFF, 0x36, 0xCD, 0xFF, 0xFF,
    0x37, 0xCE, 0xFF, 0xFF, 0x37, 0xCF, 0xFF, 0xFF, 0x39, 0xD0, 0xFF, 0xFF, 0x3A, 0xD2, 0xFF, 0xFF,
    0x3A, 0xD3, 0xFF, 0xFF, 0x3C, 0xD4, 0xFF, 0xFF, 0x3D, 0xD4, 0xFF, 0xFF, 0x3E, 0xD3, 0xFF, 0xFF,
    0x41, 0xD6, 0xFF, 0xFF, 0x41, 0xC8, 0xFF, 0xFF, 0x2F, 0x96, 0xFF, 0xFF, 0x2C, 0x94, 0xFF, 0xFE,
    0x2F, 0x9D, 0xFF, 0xFF, 0x32, 0x99, 0xFF, 0xFF, 0x36, 0x9A, 0xFF, 0xD2, 0x3C, 0x9C, 0xFF, 0x6D,
    0x3F, 0x3F, 0xFF, 0x04, 0x00, 0x00, 0x00, 0x00, 0x00, 0xFF, 0xFF, 0x01, 0x00, 0x00, 0x00, 0x00,
    0x00, 0x00, 0x00, 0x00, 0x00, 0x00, 0x00, 0x00, 0x00, 0x00, 0x00, 0x00, 0x00, 0x00, 0x00, 0x00,
    0x00, 0x00, 0x00, 0x00, 0x00, 0x00, 0x00, 0x00, 0x00, 0x00, 0x00, 0x00, 0x00, 0x00, 0x00, 0x00,
    0x00, 0xFF, 0xFF, 0x01, 0x00, 0x00, 0x00, 0x01, 0x3F, 0x7F, 0xD8, 0x14, 0x2A, 0x7E, 0xDE, 0xBF,
    0x26, 0x89, 0xF4, 0xFF, 0x21, 0x85, 0xF0, 0xFF, 0x1F, 0x80, 0xE9, 0xFE, 0x1F, 0x7F, 0xE8, 0xFC,
    0x18, 0x77, 0xE6, 0xFF, 0x22, 0x8D, 0xDA, 0xFF, 0x27, 0xA5, 0xD6, 0xFF, 0x1F, 0xA3, 0xDC, 0xFF,
    0x1D, 0xA7, 0xDF, 0xFF, 0x1C, 0xA8, 0xE2, 0xFF, 0x1C, 0xAB, 0xE5, 0xFF, 0x1C, 0xAD, 0xE9, 0xFF,
    0x1D, 0xAF, 0xEB, 0xFF, 0x1F, 0xB1, 0xEE, 0xFF, 0x20, 0xB3, 0xF0, 0xFF, 0x22, 0xB5, 0xF3, 0xFF,
    0x24, 0xB6, 0xF5, 0xFF, 0x25, 0xB8, 0xF7, 0xFF, 0x27, 0xBA, 0xF9, 0xFF, 0x28, 0xBB, 0xFB, 0xFF,
    0x2A, 0xBD, 0xFD, 0xFF, 0x2B, 0xBE, 0xFF, 0xFF, 0x2C, 0xC0, 0xFF, 0xFF, 0x2E, 0xC1, 0xFF, 0xFF,
    0x2F, 0xC2, 0xFF, 0xFF, 0x30, 0xC4, 0xFF, 0xFF, 0x31, 0xC5, 0xFF, 0xFF, 0x32, 0xC7, 0xFF, 0xFF,
    0x33, 0xC8, 0xFF, 0xFF, 0x34, 0xC9, 0xFF, 0xFF, 0x35, 0xCB, 0xFF, 0xFF, 0x36, 0xCC, 0xFF, 0xFF,
    0x37, 0xCD, 0xFF, 0xFF, 0x38, 0xCF, 0xFF, 0xFF, 0x38, 0xD0, 0xFF, 0xFF, 0x39, 0xD1, 0xFF, 0xFF,
    0x3A, 0xD2, 0xFF, 0xFF, 0x3B, 0xD3, 0xFF, 0xFF, 0x3D, 0xD4, 0xFF, 0xFF, 0x3E, 0xD5, 0xFF, 0xFF,
    0x3F, 0xD4, 0xFF, 0xFF, 0x44, 0xD8, 0xFF, 0xFF, 0x34, 0xB1, 0xFF, 0xFF, 0x1F, 0x8A, 0xFF, 0xFF,
    0x27, 0x92, 0xFF, 0xFC, 0x2D, 0x95, 0xFF, 0xFE, 0x34, 0x9E, 0xFF, 0xFF, 0x3E, 0xA8, 0xFF, 0xFF,
    0x40, 0xA1, 0xFF, 0xBE, 0x4C, 0x99, 0xFF, 0x14, 0x00, 0x00, 0xFF, 0x01, 0x00, 0xFF, 0xFF, 0x01,
    0x00, 0x00, 0x00, 0x00, 0x00, 0x00, 0x00, 0x00, 0x00, 0x00, 0x00, 0x00, 0x00, 0x00, 0x00, 0x00,
    0x00, 0x00, 0x00, 0x00, 0x00, 0x00, 0x00, 0x00, 0x00, 0x00, 0x00, 0x00, 0x00, 0x00, 0xFF, 0x01,
    0x00, 0x7F, 0xFF, 0x02, 0x66, 0x99, 0xCC, 0x05, 0x28, 0x7A, 0xD7, 0xC1, 0x22, 0x86, 0xF1, 0xFF,
    0x1B, 0x7E, 0xE5, 0xFA, 0x1F, 0x80, 0xE9, 0xFD, 0x21, 0x80, 0xEA, 0xFF, 0x1C, 0x7A, 0xE6, 0xFF,
    0x1A, 0x7D, 0xDF, 0xFF, 0x27, 0xA1, 0xD5, 0xFF, 0x20, 0xA2, 0xD9, 0xFF, 0x1D, 0xA5, 0xDD, 0xFF,
    0x1C, 0xA7, 0xE0, 0xFF, 0x1C, 0xA9, 0xE3, 0xFF, 0x1C, 0xAB, 0xE6, 0xFF, 0x1D, 0xAD, 0xE9, 0xFF,
    0x1E, 0xAF, 0xEC, 0xFF, 0x20, 0xB1, 0xEF, 0xFF, 0x21, 0xB3, 0xF1, 0xFF, 0x23, 0xB5, 0xF3, 0xFF,
    0x25, 0xB6, 0xF6, 0xFF, 0x26, 0xB8, 0xF7, 0xFF, 0x28, 0xBA, 0xFA, 0xFF, 0x29, 0xBB, 0xFC, 0xFF,
    0x2A, 0xBD, 0xFE, 0xFF, 0x2C, 0xBE, 0xFF, 0xFF, 0x2D, 0xBF, 0xFF, 0xFF, 0x2E, 0xC1, 0xFF, 0xFF,
    0x30, 0xC2, 0xFF, 0xFF, 0x31, 0xC4, 0xFF, 0xFF, 0x31, 0xC5, 0xFF, 0xFF, 0x33, 0xC6, 0xFF, 0xFF,
    0x34, 0xC8, 0xFF, 0xFF, 0x35, 0xC9, 0xFF, 0xFF, 0x35, 0xCA, 0xFF, 0xFF, 0x36, 0xCB, 0xFF, 0xFF,
    0x37, 0xCD, 0xFF, 0xFF, 0x38, 0xCE, 0xFF, 0xFF, 0x39, 0xD0, 0xFF, 0xFF, 0x39, 0xD1, 0xFF, 0xFF,
    0x3A, 0xD2, 0xFF, 0xFF, 0x3B, 0xD3, 0xFF, 0xFF, 0x3C, 0xD4, 0xFF, 0xFF, 0x3D, 0xD5, 0xFF, 0xFF,
    0x3F, 0xD5, 0xFF, 0xFF, 0x41, 0xD5, 0xFF, 0xFF, 0x42, 0xD1, 0xFF, 0xFF, 0x25, 0x97, 0xFF, 0xFF,
    0x26, 0x8F, 0xFF, 0xFF, 0x2F, 0x97, 0xFF, 0xFF, 0x34, 0x9A, 0xFF, 0xFD, 0x38, 0x9D, 0xFF, 0xFA,
    0x42, 0xAD, 0xFF, 0xFF, 0x42, 0x9F, 0xFF, 0xC1, 0x66, 0x99, 0xFF, 0x05, 0x7F, 0x7F, 0xFF, 0x02,
    0x00, 0x00, 0xFF, 0x01, 0x00, 0x00, 0x00, 0x00, 0x00, 0x00, 0x00, 0x00, 0x00, 0x00, 0x00, 0x00,
    0x00, 0x00, 0x00, 0x00, 0x00, 0x00, 0x00, 0x00, 0x00, 0x00, 0x00, 0x00, 0x3F, 0x7F, 0xBF, 0x04,
    0x00, 0x00, 0x00, 0x00, 0x2D, 0x79, 0xD4, 0x6B, 0x24, 0x83, 0xEB, 0xFF, 0x1A, 0x7B, 0xE1, 0xF9,
    0x1E, 0x7F, 0xE6, 0xFF, 0x21, 0x7F, 0xE8, 0xFF, 0x20, 0x7E, 0xE7, 0xFF, 0x19, 0x75, 0xE2, 0xFF,
    0x21, 0x91, 0xD9, 0xFF, 0x25, 0xA4, 0xD5, 0xFF, 0x1E, 0xA2, 0xDB, 0xFF, 0x1C, 0xA5, 0xDE, 0xFF,
    0x1C, 0xA8, 0xE1, 0xFF, 0x1C, 0xA9, 0xE4, 0xFF, 0x1C, 0xAC, 0xE7, 0xFF, 0x1E, 0xAD, 0xEA, 0xFF,
    0x1F, 0xAF, 0xEC, 0xFF, 0x21, 0xB2, 0xEF, 0xFF, 0x22, 0xB3, 0xF2, 0xFF, 0x24, 0xB5, 0xF4, 0xFF,
    0x26, 0xB6, 0xF6, 0xFF, 0x27, 0xB8, 0xF8, 0xFF, 0x29, 0xB9, 0xFA, 0xFF, 0x2A, 0xBB, 0xFC, 0xFF,
    0x2C, 0xBC, 0xFE, 0xFF, 0x2D, 0xBE, 0xFF, 0xFF, 0x2E, 0xBF, 0xFF, 0xFF, 0x2F, 0xC0, 0xFF, 0xFF,
    0x31, 0xC2, 0xFF, 0xFF, 0x31, 0xC3, 0xFF, 0xFF, 0x32, 0xC4, 0xFF, 0xFF, 0x33, 0xC6, 0xFF, 0xFF,
    0x34, 0xC7, 0xFF, 0xFF, 0x35, 0xC8, 0xFF, 0xFF, 0x36, 0xCA, 0xFF, 0xFF, 0x37, 0xCB, 0xFF, 0xFF,
    0x37, 0xCC, 0xFF, 0xFF, 0x38, 0xCE, 0xFF, 0xFF, 0x38, 0xCF, 0xFF, 0xFF, 0x39, 0xD0, 0xFF, 0xFF,
    0x3A, 0xD2, 0xFF, 0xFF, 0x3B, 0xD3, 0xFF, 0xFF, 0x3C, 0xD4, 0xFF, 0xFF, 0x3D, 0xD4, 0xFF, 0xFF,
    0x3E, 0xD5, 0xFF, 0xFF, 0x3F, 0xD4, 0xFF, 0xFF, 0x43, 0xD8, 0xFF, 0xFF, 0x36, 0xB8, 0xFF, 0xFF,
    0x27, 0x8D, 0xFF, 0xFF, 0x31, 0x97, 0xFF, 0xFF, 0x35, 0x9A, 0xFF, 0xFF, 0x39, 0x9E, 0xFF, 0xFF,
    0x3C, 0x9F, 0xFF, 0xFA, 0x46, 0xAE, 0xFF, 0xFF, 0x45, 0x9F, 0xFF, 0x6B, 0x00, 0x00, 0x00, 0x00,
    0x3F, 0x7F, 0xFF, 0x04, 0x00, 0x00, 0x00, 0x00, 0x00, 0x00, 0x00, 0x00, 0x00, 0x00, 0x00, 0x00,
    0x00, 0x00, 0x00, 0x00, 0x00, 0x00, 0x00, 0x00, 0x00, 0x00, 0x00, 0x00, 0x00, 0xFF, 0xFF, 0x01,
    0x7F, 0x7F, 0x7F, 0x02, 0x27, 0x77, 0xD3, 0xCF, 0x1E, 0x7D, 0xE4, 0xFD, 0x1C, 0x7B, 0xE1, 0xFC,
    0x20, 0x7D, 0xE6, 0xFF, 0x22, 0x7D, 0xE6, 0xFF, 0x1F, 0x78, 0xE4, 0xFF, 0x1A, 0x7B, 0xDE, 0xFF,
    0x25, 0x9F, 0xD5, 0xFF, 0x21, 0xA2, 0xD8, 0xFF, 0x1E, 0xA3, 0xDC, 0xFF, 0x1C, 0xA6, 0xDE, 0xFF,
    0x1C, 0xA7, 0xE2, 0xFF, 0x1C, 0xAA, 0xE5, 0xFF, 0x1D, 0xAC, 0xE8, 0xFF, 0x1F, 0xAD, 0xEA, 0xFF,
    0x21, 0xAF, 0xED, 0xFF, 0x22, 0xB1, 0xEF, 0xFF, 0x24, 0xB3, 0xF2, 0xFF, 0x25, 0xB5, 0xF4, 0xFF,
    0x27, 0xB6, 0xF6, 0xFF, 0x29, 0xB8, 0xF8, 0xFF, 0x2A, 0xB9, 0xFA, 0xFF, 0x2B, 0xBB, 0xFC, 0xFF,
    0x2D, 0xBC, 0xFD, 0xFF, 0x2E, 0xBD, 0xFF, 0xFF, 0x2F, 0xBF, 0xFF, 0xFF, 0x30, 0xC0, 0xFF, 0xFF,
    0x31, 0xC1, 0xFF, 0xFF, 0x32, 0xC3, 0xFF, 0xFF, 0x33, 0xC4, 0xFF, 0xFF, 0x34, 0xC5, 0xFF, 0xFF,
    0x35, 0xC7, 0xFF, 0xFF, 0x35, 0xC8, 0xFF, 0xFF, 0x36, 0xC9, 0xFF, 0xFF, 0x37, 0xCB, 0xFF, 0xFF,
    0x38, 0xCC, 0xFF, 0xFF, 0x38, 0xCD, 0xFF, 0xFF, 0x39, 0xCF, 0xFF, 0xFF, 0x39, 0xD0, 0xFF, 0xFF,
    0x3A, 0xD1, 0xFF, 0xFF, 0x3B, 0xD2, 0xFF, 0xFF, 0x3B, 0xD3, 0xFF, 0xFF, 0x3D, 0xD4, 0xFF, 0xFF,
    0x3E, 0xD5, 0xFF, 0xFF, 0x3F, 0xD5, 0xFF, 0xFF, 0x40, 0xD5, 0xFF, 0xFF, 0x40, 0xD0, 0xFF, 0xFF,
    0x2C, 0x99, 0xFF, 0xFF, 0x30, 0x94, 0xFF, 0xFF, 0x36, 0x9A, 0xFF, 0xFF, 0x39, 0x9D, 0xFF, 0xFF,
    0x3B, 0x9F, 0xFF, 0xFC, 0x41, 0xA8, 0xFF, 0xFD, 0x41, 0x9E, 0xFF, 0xCF, 0x7F, 0x7F, 0xFF, 0x02,
    0x00, 0xFF, 0xFF, 0x01, 0x00, 0x00, 0x00, 0x00, 0x00, 0x00, 0x00, 0x00, 0x00, 0x00, 0x00, 0x00,
    0x00, 0x00, 0x00, 0x00, 0x00, 0x00, 0x00, 0x00, 0x00, 0x7F, 0x7F, 0x02, 0x00, 0x00, 0x00, 0x00,
    0x3A, 0x75, 0xCD, 0x1A, 0x24, 0x76, 0xD5, 0xF4, 0x1D, 0x79, 0xDE, 0xFF, 0x1E, 0x7A, 0xE0, 0xFE,
    0x22, 0x7C, 0xE4, 0xFF, 0x23, 0x7B, 0xE4, 0xFF, 0x1E, 0x73, 0xE1, 0xFF, 0x1F, 0x89, 0xDA, 0xFF,
    0x24, 0xA3, 0xD5, 0xFF, 0x1E, 0xA1, 0xD9, 0xFF, 0x1C, 0xA4, 0xDC, 0xFF, 0x1C, 0xA6, 0xE0, 0xFF,
    0x1C, 0xA8, 0xE2, 0xFF, 0x1D, 0xAA, 0xE5, 0xFF, 0x1E, 0xAB, 0xE8, 0xFF, 0x20, 0xAE, 0xEB, 0xFF,
    0x21, 0xAF, 0xED, 0xFF, 0x23, 0xB1, 0xF0, 0xFF, 0x25, 0xB3, 0xF2, 0xFF, 0x27, 0xB4, 0xF4, 0xFF,
    0x28, 0xB6, 0xF6, 0xFF, 0x29, 0xB7, 0xF8, 0xFF, 0x2B, 0xB9, 0xFA, 0xFF, 0x2C, 0xBA, 0xFC, 0xFF,
    0x2E, 0xBC, 0xFE, 0xFF, 0x2F, 0xBD, 0xFF, 0xFF, 0x30, 0xBF, 0xFF, 0xFF, 0x31, 0xC0, 0xFF, 0xFF,
    0x32, 0xC1, 0xFF, 0xFF, 0x32, 0xC2, 0xFF, 0xFF, 0x34, 0xC4, 0xFF, 0xFF, 0x34, 0xC5, 0xFF, 0xFF,
    0x35, 0xC6, 0xFF, 0xFF, 0x36, 0xC8, 0xFF, 0xFF, 0x37, 0xC9, 0xFF, 0xFF, 0x37, 0xCA, 0xFF, 0xFF,
    0x38, 0xCB, 0xFF, 0xFF, 0x38, 0xCC, 0xFF, 0xFF, 0x39, 0xCD, 0xFF, 0xFF, 0x39, 0xCF, 0xFF, 0xFF,
    0x3A, 0xD0, 0xFF, 0xFF, 0x3B, 0xD2, 0xFF, 0xFF, 0x3B, 0xD2, 0xFF, 0xFF, 0x3C, 0xD3, 0xFF, 0xFF,
    0x3D, 0xD4, 0xFF, 0xFF, 0x3E, 0xD5, 0xFF, 0xFF, 0x3F, 0xD4, 0xFF, 0xFF, 0x42, 0xD7, 0xFF, 0xFF,
    0x34, 0xAE, 0xFF, 0xFF, 0x2E, 0x8F, 0xFF, 0xFF, 0x37, 0x99, 0xFF, 0xFF, 0x39, 0x9B, 0xFF, 0xFF,
    0x3A, 0x9D, 0xFF, 0xFE, 0x3C, 0xA0, 0xFF, 0xFF, 0x3D, 0x9D, 0xFF, 0xF4, 0x44, 0x9C, 0xFF, 0x1A,
    0x00, 0x00, 0x00, 0x00, 0x00, 0x7F, 0xFF, 0x02, 0x00, 0x00, 0x00, 0x00, 0x00, 0x00, 0x00, 0x00,
    0x00, 0x00, 0x00, 0x00, 0x00, 0x00, 0x00, 0x00, 0x00, 0x7F, 0xFF, 0x02, 0x00, 0x00, 0x00, 0x00,
    0x31, 0x78, 0xCD, 0x24, 0x23, 0x75, 0xD4, 0xFA, 0x1E, 0x77, 0xDD, 0xFF, 0x21, 0x78, 0xDF, 0xFE,
    0x25, 0x7A, 0xE2, 0xFF, 0x25, 0x78, 0xE1, 0xFF, 0x1E, 0x74, 0xE0, 0xFF, 0x22, 0x96, 0xD7, 0xFF,
    0x22, 0xA2, 0xD6, 0xFF, 0x1E, 0xA2, 0xDA, 0xFF, 0x1C, 0xA4, 0xDD, 0xFF, 0x1C, 0xA6, 0xE0, 0xFF,
    0x1C, 0xA8, 0xE3, 0xFF, 0x1D, 0xAA, 0xE6, 0xFF, 0x1F, 0xAB, 0xE8, 0xFF, 0x21, 0xAD, 0xEB, 0xFF,
    0x22, 0xAF, 0xED, 0xFF, 0x24, 0xB1, 0xF0, 0xFF, 0x26, 0xB3, 0xF2, 0xFF, 0x27, 0xB4, 0xF4, 0xFF,
    0x29, 0xB6, 0xF6, 0xFF, 0x2B, 0xB7, 0xF8, 0xFF, 0x2C, 0xB8, 0xFA, 0xFF, 0x2E, 0xBA, 0xFB, 0xFF,
    0x2F, 0xBB, 0xFD, 0xFF, 0x30, 0xBD, 0xFF, 0xFF, 0x30, 0xBE, 0xFF, 0xFF, 0x32, 0xBF, 0xFF, 0xFF,
    0x33, 0xC1, 0xFF, 0xFF, 0x33, 0xC2, 0xFF, 0xFF, 0x34, 0xC3, 0xFF, 0xFF, 0x35, 0xC4, 0xFF, 0xFF,
    0x36, 0xC6, 0xFF, 0xFF, 0x36, 0xC7, 0xFF, 0xFF, 0x37, 0xC8, 0xFF, 0xFF, 0x38, 0xCA, 0xFF, 0xFF,
    0x38, 0xCB, 0xFF, 0xFF, 0x39, 0xCC, 0xFF, 0xFF, 0x39, 0xCD, 0xFF, 0xFF, 0x3A, 0xCE, 0xFF, 0xFF,
    0x3A, 0xD0, 0xFF, 0xFF, 0x3A, 0xD1, 0xFF, 0xFF, 0x3B, 0xD2, 0xFF, 0xFF, 0x3C, 0xD3, 0xFF, 0xFF,
    0x3D, 0xD4, 0xFF, 0xFF, 0x3E, 0xD4, 0xFF, 0xFF, 0x3E, 0xD4, 0xFF, 0xFF, 0x40, 0xD6, 0xFF, 0xFF,
    0x3A, 0xC3, 0xFF, 0xFF, 0x2D, 0x90, 0xFF, 0xFF, 0x35, 0x95, 0xFF, 0xFF, 0x38, 0x98, 0xFF, 0xFF,
    0x38, 0x9A, 0xFF, 0xFE, 0x38, 0x9C, 0xFF, 0xFF, 0x39, 0x9A, 0xFF, 0xFA, 0x3F, 0x94, 0xFF, 0x24,
    0x00, 0x00, 0x00, 0x00, 0x00, 0x7F, 0xFF, 0x02, 0x00, 0x00, 0x00, 0x00, 0x00, 0x00, 0x00, 0x00,
    0x00, 0x00, 0x00, 0x00, 0x00, 0x00, 0x00, 0x00, 0x00, 0x00, 0xFF, 0x01, 0x00, 0x00, 0x00, 0x00,
    0x3F, 0x7F, 0xD4, 0x0C, 0x26, 0x75, 0xD5, 0xE7, 0x21, 0x78, 0xDF, 0xFE, 0x24, 0x76, 0xDE, 0xFE,
    0x28, 0x77, 0xE0, 0xFF, 0x26, 0x73, 0xE0, 0xFF, 0x21, 0x7A, 0xDE, 0xFF, 0x24, 0x9E, 0xD4, 0xFF,
    0x20, 0xA0, 0xD7, 0xFF, 0x1D, 0xA2, 0xDA, 0xFF, 0x1C, 0xA4, 0xDE, 0xFF, 0x1C, 0xA6, 0xE0, 0xFF,
    0x1D, 0xA8, 0xE3, 0xFF, 0x1F, 0xAA, 0xE6, 0xFF, 0x20, 0xAB, 0xE9, 0xFF, 0x22, 0xAD, 0xEB, 0xFF,
    0x24, 0xAF, 0xED, 0xFF, 0x26, 0xB1, 0xF0, 0xFF, 0x27, 0xB2, 0xF2, 0xFF, 0x29, 0xB4, 0xF4, 0xFF,
    0x2A, 0xB5, 0xF6, 0xFF, 0x2B, 0xB7, 0xF8, 0xFF, 0x2D, 0xB8, 0xFA, 0xFF, 0x2E, 0xB9, 0xFC, 0xFF,
    0x2F, 0xBB, 0xFD, 0xFF, 0x30, 0xBC, 0xFF, 0xFF, 0x31, 0xBE, 0xFF, 0xFF, 0x32, 0xBF, 0xFF, 0xFF,
    0x33, 0xC0, 0xFF, 0xFF, 0x34, 0xC1, 0xFF, 0xFF, 0x35, 0xC3, 0xFF, 0xFF, 0x35, 0xC4, 0xFF, 0xFF,
    0x36, 0xC5, 0xFF, 0xFF, 0x37, 0xC6, 0xFF, 0xFF, 0x37, 0xC8, 0xFF, 0xFF, 0x38, 0xC9, 0xFF, 0xFF,
    0x38, 0xCA, 0xFF, 0xFF, 0x39, 0xCB, 0xFF, 0xFF, 0x39, 0xCD, 0xFF, 0xFF, 0x3A, 0xCD, 0xFF, 0xFF,
    0x3A, 0xCF, 0xFF, 0xFF, 0x3A, 0xD0, 0xFF, 0xFF, 0x3B, 0xD1, 0xFF, 0xFF, 0x3B, 0xD2, 0xFF, 0xFF,
    0x3C, 0xD3, 0xFF, 0xFF, 0x3D, 0xD4, 0xFF, 0xFF, 0x3E, 0xD4, 0xFF, 0xFF, 0x3F, 0xD4, 0xFF, 0xFF,
    0x3E, 0xCF, 0xFF, 0xFF, 0x2F, 0x97, 0xFF, 0xFF, 0x33, 0x8F, 0xFF, 0xFF, 0x37, 0x94, 0xFF, 0xFF,
    0x36, 0x95, 0xFF, 0xFE, 0x34, 0x9A, 0xFF, 0xFE, 0x34, 0x95, 0xFF, 0xE7, 0x3F, 0x94, 0xFF, 0x0C,
    0x00, 0x00, 0x00, 0x00, 0x00, 0x00, 0xFF, 0x01, 0x00, 0x00, 0x00, 0x00, 0x00, 0x00, 0x00, 0x00,
    0x00, 0x00, 0x00, 0x00, 0x00, 0x00, 0x00, 0x00, 0x00, 0x00, 0x00, 0x00, 0x55, 0xAA, 0xAA, 0x03,
    0x00, 0x00, 0x00, 0x00, 0x2C, 0x74, 0xD4, 0xA8, 0x28, 0x7C, 0xE7, 0xFF, 0x26, 0x74, 0xDD, 0xFB,
    0x29, 0x75, 0xDF, 0xFF, 0x27, 0x71, 0xE0, 0xFF, 0x24, 0x82, 0xDC, 0xFF, 0x24, 0xA2, 0xD4, 0xFF,
    0x1F, 0xA0, 0xD8, 0xFF, 0x1D, 0xA2, 0xDB, 0xFF, 0x1C, 0xA4, 0xDE, 0xFF, 0x1D, 0xA6, 0xE1, 0xFF,
    0x1E, 0xA8, 0xE4, 0xFF, 0x1F, 0xA9, 0xE6, 0xFF, 0x21, 0xAB, 0xE9, 0xFF, 0x23, 0xAD, 0xEB, 0xFF,
    0x25, 0xAF, 0xED, 0xFF, 0x26, 0xB0, 0xF0, 0xFF, 0x28, 0xB2, 0xF2, 0xFF, 0x2A, 0xB3, 0xF4, 0xFF,
    0x2B, 0xB5, 0xF6, 0xFF, 0x2D, 0xB6, 0xF8, 0xFF, 0x2E, 0xB8, 0xFA, 0xFF, 0x2F, 0xB9, 0xFB, 0xFF,
    0x30, 0xBA, 0xFD, 0xFF, 0x31, 0xBC, 0xFF, 0xFF, 0x32, 0xBD, 0xFF, 0xFF, 0x33, 0xBE, 0xFF, 0xFF,
    0x34, 0xBF, 0xFF, 0xFF, 0x35, 0xC1, 0xFF, 0xFF, 0x36, 0xC2, 0xFF, 0xFF, 0x36, 0xC3, 0xFF, 0xFF,
    0x37, 0xC4, 0xFF, 0xFF, 0x37, 0xC6, 0xFF, 0xFF, 0x38, 0xC7, 0xFF, 0xFF, 0x38, 0xC8, 0xFF, 0xFF,
    0x39, 0xC9, 0xFF, 0xFF, 0x39, 0xCA, 0xFF, 0xFF, 0x39, 0xCC, 0xFF, 0xFF, 0x3A, 0xCD, 0xFF, 0xFF,
    0x3A, 0xCE, 0xFF, 0xFF, 0x3A, 0xD0, 0xFF, 0xFF, 0x3B, 0xD1, 0xFF, 0xFF, 0x3B, 0xD2, 0xFF, 0xFF,
    0x3B, 0xD2, 0xFF, 0xFF, 0x3C, 0xD3, 0xFF, 0xFF, 0x3D, 0xD4, 0xFF, 0xFF, 0x3D, 0xD2, 0xFF, 0xFF,
    0x3F, 0xD4, 0xFF, 0xFF, 0x31, 0xA1, 0xFF, 0xFF, 0x2F, 0x88, 0xFF, 0xFF, 0x34, 0x90, 0xFF, 0xFF,
    0x31, 0x90, 0xFF, 0xFB, 0x33, 0x9A, 0xFF, 0xFF, 0x33, 0x8E, 0xFD, 0xA8, 0x00, 0x00, 0x00, 0x00,
    0x55, 0xAA, 0xFF, 0x03, 0x00, 0x00, 0x00, 0x00, 0x00, 0x00, 0x00, 0x00, 0x00, 0x00, 0x00, 0x00,
    0x00, 0x00, 0x00, 0x00, 0x00, 0x00, 0x00, 0x00, 0x00, 0x00, 0x00, 0x00, 0x55, 0x55, 0xAA, 0x03,
    0x00, 0x00, 0x00, 0x00, 0x34, 0x72, 0xD0, 0x31, 0x2D, 0x75, 0xDC, 0xFC, 0x29, 0x74, 0xDE, 0xFC,
    0x2A, 0x73, 0xDD, 0xFE, 0x27, 0x6F, 0xE0, 0xFF, 0x26, 0x8A, 0xD9, 0xFF, 0x23, 0xA2, 0xD4, 0xFF,
    0x1F, 0xA0, 0xD8, 0xFF, 0x1D, 0xA2, 0xDB, 0xFF, 0x1D, 0xA4, 0xDE, 0xFF, 0x1D, 0xA6, 0xE1, 0xFF,
    0x1F, 0xA7, 0xE4, 0xFF, 0x21, 0xA9, 0xE6, 0xFF, 0x22, 0xAB, 0xE9, 0xFF, 0x24, 0xAD, 0xEB, 0xFF,
    0x26, 0xAE, 0xEE, 0xFF, 0x27, 0xB0, 0xF0, 0xFF, 0x29, 0xB2, 0xF2, 0xFF, 0x2A, 0xB3, 0xF4, 0xFF,
    0x2C, 0xB4, 0xF6, 0xFF, 0x2E, 0xB6, 0xF8, 0xFF, 0x2F, 0xB7, 0xFA, 0xFF, 0x30, 0xB9, 0xFB, 0xFF,
    0x31, 0xBA, 0xFD, 0xFF, 0x32, 0xBB, 0xFE, 0xFF, 0x33, 0xBD, 0xFF, 0xFF, 0x33, 0xBE, 0xFF, 0xFF,
    0x35, 0xBF, 0xFF, 0xFF, 0x35, 0xC0, 0xFF, 0xFF, 0x36, 0xC1, 0xFF, 0xFF, 0x37, 0xC2, 0xFF, 0xFF,
    0x37, 0xC3, 0xFF, 0xFF, 0x38, 0xC5, 0xFF, 0xFF, 0x38, 0xC6, 0xFF, 0xFF, 0x39, 0xC7, 0xFF, 0xFF,
    0x39, 0xC9, 0xFF, 0xFF, 0x39, 0xCA, 0xFF, 0xFF, 0x3A, 0xCB, 0xFF, 0xFF, 0x3A, 0xCC, 0xFF, 0xFF,
    0x3A, 0xCD, 0xFF, 0xFF, 0x3A, 0xCE, 0xFF, 0xFF, 0x3B, 0xD0, 0xFF, 0xFF, 0x3B, 0xD1, 0xFF, 0xFF,
    0x3B, 0xD1, 0xFF, 0xFF, 0x3B, 0xD2, 0xFF, 0xFF, 0x3C, 0xD3, 0xFF, 0xFF, 0x3D, 0xD1, 0xFF, 0xFF,
    0x3F, 0xD6, 0xFF, 0xFF, 0x33, 0xAB, 0xFF, 0xFF, 0x2B, 0x83, 0xFF, 0xFF, 0x30, 0x8A, 0xFF, 0xFE,
    0x2E, 0x8C, 0xFF, 0xFC, 0x32, 0x8D, 0xFC, 0xFC, 0x39, 0x8C, 0xF9, 0x31, 0x00, 0x00, 0x00, 0x00,
    0x55, 0x55, 0xFF, 0x03, 0x00, 0x00, 0x00, 0x00, 0x00, 0x00, 0x00, 0x00, 0x00, 0x00, 0x00, 0x00,
    0x00, 0x00, 0x00, 0x00, 0x00, 0x00, 0x00, 0x00, 0x00, 0x00, 0x00, 0x00, 0x00, 0x00, 0x00, 0x00,
    0x55, 0x55, 0xAA, 0x03, 0x00, 0x00, 0x00, 0x00, 0x35, 0x71, 0xD1, 0x7C, 0x30, 0x7A, 0xE9, 0xFF,
    0x28, 0x72, 0xDC, 0xFC, 0x27, 0x70, 0xE0, 0xFF, 0x27, 0x8F, 0xD8, 0xFF, 0x23, 0xA2, 0xD5, 0xFF,
    0x1E, 0xA0, 0xD9, 0xFF, 0x1D, 0xA2, 0xDC, 0xFF, 0x1D, 0xA4, 0xDF, 0xFF, 0x1F, 0xA5, 0xE1, 0xFF,
    0x20, 0xA7, 0xE4, 0xFF, 0x22, 0xA9, 0xE7, 0xFF, 0x24, 0xAB, 0xE9, 0xFF, 0x25, 0xAC, 0xEB, 0xFF,
    0x27, 0xAE, 0xEE, 0xFF, 0x28, 0xB0, 0xF0, 0xFF, 0x2A, 0xB1, 0xF2, 0xFF, 0x2B, 0xB2, 0xF4, 0xFF,
    0x2D, 0xB4, 0xF6, 0xFF, 0x2F, 0xB6, 0xF8, 0xFF, 0x30, 0xB7, 0xF9, 0xFF, 0x30, 0xB8, 0xFB, 0xFF,
    0x31, 0xBA, 0xFC, 0xFF, 0x33, 0xBB, 0xFE, 0xFF, 0x33, 0xBC, 0xFF, 0xFF, 0x34, 0xBD, 0xFF, 0xFF,
    0x35, 0xBE, 0xFF, 0xFF, 0x36, 0xBF, 0xFF, 0xFF, 0x37, 0xC1, 0xFF, 0xFF, 0x37, 0xC2, 0xFF, 0xFF,
    0x38, 0xC3, 0xFF, 0xFF, 0x38, 0xC4, 0xFF, 0xFF, 0x39, 0xC5, 0xFF, 0xFF, 0x39, 0xC7, 0xFF, 0xFF,
    0x39, 0xC8, 0xFF, 0xFF, 0x3A, 0xC9, 0xFF, 0xFF, 0x3A, 0xCB, 0xFF, 0xFF, 0x3A, 0xCB, 0xFF, 0xFF,
    0x3A, 0xCD, 0xFF, 0xFF, 0x3A, 0xCE, 0xFF, 0xFF, 0x3A, 0xCF, 0xFF, 0xFF, 0x3B, 0xD0, 0xFF, 0xFF,
    0x3B, 0xD1, 0xFF, 0xFF, 0x3B, 0xD1, 0xFF, 0xFF, 0x3B, 0xD2, 0xFF, 0xFF, 0x3C, 0xD1, 0xFF, 0xFF,
    0x3E, 0xD5, 0xFF, 0xFF, 0x36, 0xB4, 0xFF, 0xFF, 0x28, 0x81, 0xFF, 0xFF, 0x2C, 0x86, 0xFF, 0xFC,
    0x34, 0x91, 0xFF, 0xFF, 0x39, 0x85, 0xF6, 0x7C, 0x00, 0x00, 0x00, 0x00, 0x55, 0x55, 0xFF, 0x03,
    0x00, 0x00, 0x00, 0x00, 0x00, 0x00, 0x00, 0x00, 0x00, 0x00, 0x00, 0x00, 0x00, 0x00, 0x00, 0x00,
    0x00, 0x00, 0x00, 0x00, 0x00, 0x00, 0x00, 0x00, 0x00, 0x00, 0x00, 0x00, 0x00, 0x00, 0x00, 0x00,
    0x00, 0x00, 0x00, 0x00, 0x55, 0x55, 0xFF, 0x03, 0x01, 0x00, 0x00, 0x00, 0x2D, 0x72, 0xD6, 0xBD,
    0x28, 0x78, 0xE6, 0xFF, 0x24, 0x70, 0xDF, 0xFC, 0x29, 0x93, 0xD6, 0xFF, 0x23, 0xA1, 0xD5, 0xFF,
    0x1E, 0xA0, 0xD9, 0xFF, 0x1E, 0xA2, 0xDC, 0xFF, 0x1E, 0xA3, 0xDF, 0xFF, 0x1F, 0xA5, 0xE1, 0xFF,
    0x21, 0xA7, 0xE4, 0xFF, 0x22, 0xA8, 0xE7, 0xFF, 0x24, 0xAA, 0xE9, 0xFF, 0x27, 0xAC, 0xEB, 0xFF,
    0x28, 0xAD, 0xEE, 0xFF, 0x29, 0xAF, 0xF0, 0xFF, 0x2B, 0xB1, 0xF2, 0xFF, 0x2D, 0xB2, 0xF4, 0xFF,
    0x2E, 0xB3, 0xF6, 0xFF, 0x2F, 0xB5, 0xF7, 0xFF, 0x31, 0xB6, 0xF9, 0xFF, 0x32, 0xB7, 0xFB, 0xFF,
    0x32, 0xB9, 0xFC, 0xFF, 0x33, 0xBA, 0xFE, 0xFF, 0x35, 0xBB, 0xFF, 0xFF, 0x35, 0xBC, 0xFF, 0xFF,
    0x36, 0xBD, 0xFF, 0xFF, 0x37, 0xBF, 0xFF, 0xFF, 0x37, 0xC0, 0xFF, 0xFF, 0x38, 0xC1, 0xFF, 0xFF,
    0x38, 0xC2, 0xFF, 0xFF, 0x39, 0xC3, 0xFF, 0xFF, 0x39, 0xC5, 0xFF, 0xFF, 0x39, 0xC6, 0xFF, 0xFF,
    0x3A, 0xC7, 0xFF, 0xFF, 0x3A, 0xC8, 0xFF, 0xFF, 0x3A, 0xC9, 0xFF, 0xFF, 0x3A, 0xCB, 0xFF, 0xFF,
    0x3A, 0xCC, 0xFF, 0xFF, 0x3A, 0xCD, 0xFF, 0xFF, 0x3A, 0xCE, 0xFF, 0xFF, 0x3A, 0xCF, 0xFF, 0xFF,
    0x3A, 0xD0, 0xFF, 0xFF, 0x3A, 0xD1, 0xFF, 0xFF, 0x3B, 0xD1, 0xFF, 0xFF, 0x3B, 0xD0, 0xFF, 0xFF,
    0x3D, 0xD3, 0xFF, 0xFF, 0x39, 0xBA, 0xFF, 0xFF, 0x28, 0x84, 0xFF, 0xFC, 0x2D, 0x90, 0xFF, 0xFF,
    0x33, 0x88, 0xFD, 0xBC, 0x01, 0x00, 0x00, 0x00, 0x00, 0xAA, 0xFF, 0x03, 0x00, 0x00, 0x00, 0x00,
    0x00, 0x00, 0x00, 0x00, 0x00, 0x00, 0x00, 0x00, 0x00, 0x00, 0x00, 0x00, 0x00, 0x00, 0x00, 0x00,
    0x00, 0x00, 0x00, 0x00, 0x00, 0x00, 0x00, 0x00, 0x00, 0x00, 0x00, 0x00, 0x00, 0x00, 0x00, 0x00,
    0x00, 0x00, 0x00, 0x00, 0x00, 0xAA, 0xFF, 0x03, 0x00, 0x00, 0x00, 0x01, 0x29, 0x74, 0xD2, 0x44,
    0x24, 0x79, 0xE2, 0xFF, 0x21, 0x72, 0xDD, 0xFD, 0x2A, 0x95, 0xD6, 0xFF, 0x22, 0xA0, 0xD5, 0xFF,
    0x1F, 0x9F, 0xD9, 0xFF, 0x1E, 0xA1, 0xDC, 0xFF, 0x1F, 0xA3, 0xDF, 0xFF, 0x20, 0xA5, 0xE1, 0xFF,
    0x22, 0xA7, 0xE4, 0xFF, 0x24, 0xA8, 0xE7, 0xFF, 0x25, 0xAA, 0xE9, 0xFF, 0x27, 0xAB, 0xEB, 0xFF,
    0x29, 0xAD, 0xED, 0xFF, 0x2A, 0xAF, 0xF0, 0xFF, 0x2C, 0xB0, 0xF2, 0xFF, 0x2E, 0xB1, 0xF3, 0xFF,
    0x2F, 0xB3, 0xF5, 0xFF, 0x30, 0xB4, 0xF7, 0xFF, 0x31, 0xB6, 0xF9, 0xFF, 0x32, 0xB7, 0xFA, 0xFF,
    0x33, 0xB8, 0xFC, 0xFF, 0x34, 0xB9, 0xFD, 0xFF, 0x35, 0xBB, 0xFF, 0xFF, 0x36, 0xBC, 0xFF, 0xFF,
    0x37, 0xBD, 0xFF, 0xFF, 0x37, 0xBE, 0xFF, 0xFF, 0x38, 0xBF, 0xFF, 0xFF, 0x38, 0xC1, 0xFF, 0xFF,
    0x39, 0xC2, 0xFF, 0xFF, 0x39, 0xC3, 0xFF, 0xFF, 0x39, 0xC4, 0xFF, 0xFF, 0x3A, 0xC5, 0xFF, 0xFF,
    0x3A, 0xC7, 0xFF, 0xFF, 0x3A, 0xC8, 0xFF, 0xFF, 0x3A, 0xC9, 0xFF, 0xFF, 0x3A, 0xCA, 0xFF, 0xFF,
    0x3A, 0xCB, 0xFF, 0xFF, 0x3A, 0xCC, 0xFF, 0xFF, 0x3A, 0xCD, 0xFF, 0xFF, 0x3A, 0xCE, 0xFF, 0xFF,
    0x3A, 0xCF, 0xFF, 0xFF, 0x3A, 0xD0, 0xFF, 0xFF, 0x3A, 0xD0, 0xFF, 0xFF, 0x3A, 0xCF, 0xFF, 0xFF,
    0x3A, 0xD1, 0xFF, 0xFF, 0x3B, 0xBE, 0xFF, 0xFF, 0x32, 0x92, 0xFF, 0xFD, 0x35, 0x9C, 0xFF, 0xFF,
    0x35, 0x94, 0xFF, 0x43, 0x00, 0x00, 0xFF, 0x01, 0x55, 0xAA, 0xFF, 0x03, 0x00, 0x00, 0x00, 0x00,
    0x00, 0x00, 0x00, 0x00, 0x00, 0x00, 0x00, 0x00, 0x00, 0x00, 0x00, 0x00, 0x00, 0x00, 0x00, 0x00,
    0x00, 0x00, 0x00, 0x00, 0x00, 0x00, 0x00, 0x00, 0x00, 0x00, 0x00, 0x00, 0x00, 0x00, 0x00, 0x00,
    0x00, 0x00, 0x00, 0x00, 0x00, 0xAA, 0xFF, 0x03, 0x00, 0x00, 0x00, 0x00, 0x29, 0x78, 0xD2, 0x44,
    0x20, 0x7A, 0xE2, 0xFF, 0x1B, 0x72, 0xDC, 0xFD, 0x28, 0x95, 0xD6, 0xFF, 0x23, 0xA0, 0xD5, 0xFF,
    0x1F, 0x9F, 0xD9, 0xFF, 0x1F, 0xA1, 0xDC, 0xFF, 0x20, 0xA3, 0xDE, 0xFF, 0x21, 0xA4, 0xE1, 0xFF,
    0x23, 0xA6, 0xE4, 0xFF, 0x25, 0xA8, 0xE7, 0xFF, 0x26, 0xA9, 0xE9, 0xFF, 0x28, 0xAB, 0xEB, 0xFF,
    0x2A, 0xAD, 0xED, 0xFF, 0x2B, 0xAE, 0xEF, 0xFF, 0x2D, 0xB0, 0xF1, 0xFF, 0x2E, 0xB1, 0xF3, 0xFF,
    0x2F, 0xB2, 0xF5, 0xFF, 0x31, 0xB4, 0xF7, 0xFF, 0x32, 0xB5, 0xF8, 0xFF, 0x33, 0xB6, 0xFA, 0xFF,
    0x34, 0xB7, 0xFB, 0xFF, 0x35, 0xB9, 0xFD, 0xFF, 0x36, 0xBA, 0xFE, 0xFF, 0x36, 0xBB, 0xFF, 0xFF,
    0x37, 0xBC, 0xFF, 0xFF, 0x38, 0xBE, 0xFF, 0xFF, 0x38, 0xBF, 0xFF, 0xFF, 0x38, 0xC0, 0xFF, 0xFF,
    0x39, 0xC1, 0xFF, 0xFF, 0x39, 0xC2, 0xFF, 0xFF, 0x3A, 0xC3, 0xFF, 0xFF, 0x3A, 0xC4, 0xFF, 0xFF,
    0x3A, 0xC6, 0xFF, 0xFF, 0x3A, 0xC7, 0xFF, 0xFF, 0x3B, 0xC8, 0xFF, 0xFF, 0x3B, 0xC9, 0xFF, 0xFF,
    0x3B, 0xCA, 0xFF, 0xFF, 0x3A, 0xCB, 0xFF, 0xFF, 0x3A, 0xCC, 0xFF, 0xFF, 0x3A, 0xCD, 0xFF, 0xFF,
    0x39, 0xCE, 0xFF, 0xFF, 0x39, 0xCE, 0xFF, 0xFF, 0x39, 0xCF, 0xFF, 0xFF, 0x39, 0xCE, 0xFF, 0xFF,
    0x39, 0xCF, 0xFF, 0xFF, 0x3B, 0xBF, 0xFF, 0xFF, 0x38, 0x9B, 0xFF, 0xFD, 0x41, 0xA7, 0xFF, 0xFF,
    0x43, 0x9D, 0xFF, 0x44, 0x00, 0x00, 0x00, 0x00, 0x55, 0xAA, 0xFF, 0x03, 0x00, 0x00, 0x00, 0x00,
    0x00, 0x00, 0x00, 0x00, 0x00, 0x00, 0x00, 0x00, 0x00, 0x00, 0x00, 0x00, 0x00, 0x00, 0x00, 0x00,
    0x00, 0x00, 0x00, 0x00, 0x00, 0x00, 0x00, 0x00, 0x00, 0x00, 0x00, 0x00, 0x00, 0x00, 0x00, 0x00,
    0x00, 0x00, 0x00, 0x00, 0x55, 0x55, 0xFF, 0x03, 0x01, 0x00, 0x00, 0x00, 0x25, 0x76, 0xD6, 0xBD,
    0x1B, 0x7B, 0xE4, 0xFF, 0x15, 0x72, 0xDE, 0xFC, 0x26, 0x94, 0xD6, 0xFF, 0x24, 0xA0, 0xD5, 0xFF,
    0x20, 0x9F, 0xD9, 0xFF, 0x20, 0xA1, 0xDC, 0xFF, 0x20, 0xA2, 0xDE, 0xFF, 0x22, 0xA4, 0xE1, 0xFF,
    0x24, 0xA5, 0xE4, 0xFF, 0x26, 0xA7, 0xE6, 0xFF, 0x27, 0xA9, 0xE8, 0xFF, 0x29, 0xAA, 0xEB, 0xFF,
    0x2B, 0xAC, 0xED, 0xFF, 0x2C, 0xAD, 0xEF, 0xFF, 0x2E, 0xAF, 0xF1, 0xFF, 0x2F, 0xB0, 0xF3, 0xFF,
    0x30, 0xB2, 0xF5, 0xFF, 0x32, 0xB3, 0xF6, 0xFF, 0x32, 0xB4, 0xF8, 0xFF, 0x33, 0xB5, 0xFA, 0xFF,
    0x34, 0xB7, 0xFB, 0xFF, 0x36, 0xB8, 0xFD, 0xFF, 0x36, 0xB9, 0xFE, 0xFF, 0x37, 0xBB, 0xFF, 0xFF,
    0x38, 0xBC, 0xFF, 0xFF, 0x38, 0xBD, 0xFF, 0xFF, 0x39, 0xBE, 0xFF, 0xFF, 0x39, 0xBF, 0xFF, 0xFF,
    0x39, 0xC0, 0xFF, 0xFF, 0x3A, 0xC1, 0xFF, 0xFF, 0x3A, 0xC3, 0xFF, 0xFF, 0x3A, 0xC4, 0xFF, 0xFF,
    0x3B, 0xC4, 0xFF, 0xFF, 0x3B, 0xC6, 0xFF, 0xFF, 0x3B, 0xC7, 0xFF, 0xFF, 0x3B, 0xC8, 0xFF, 0xFF,
    0x3B, 0xC9, 0xFF, 0xFF, 0x3A, 0xCA, 0xFF, 0xFF, 0x3A, 0xCB, 0xFF, 0xFF, 0x3A, 0xCC, 0xFF, 0xFF,
    0x39, 0xCD, 0xFF, 0xFF, 0x39, 0xCE, 0xFF, 0xFF, 0x38, 0xCE, 0xFF, 0xFF, 0x38, 0xCD, 0xFF, 0xFF,
    0x39, 0xCE, 0xFF, 0xFF, 0x38, 0xBD, 0xFF, 0xFF, 0x34, 0x99, 0xFF, 0xFC, 0x3F, 0xA8, 0xFF, 0xFF,
    0x42, 0x9F, 0xFF, 0xBD, 0x00, 0x00, 0x00, 0x00, 0x55, 0xAA, 0xFF, 0x03, 0x00, 0x00, 0x00, 0x00,
    0x00, 0x00, 0x00, 0x00, 0x00, 0x00, 0x00, 0x00, 0x00, 0x00, 0x00, 0x00, 0x00, 0x00, 0x00, 0x00,
    0x00, 0x00, 0x00, 0x00, 0x00, 0x00, 0x00, 0x00, 0x00, 0x00, 0x00, 0x00, 0x00, 0x00, 0x00, 0x00,
    0x00, 0x55, 0xAA, 0x03, 0x00, 0x00, 0x00, 0x00, 0x2B, 0x77, 0xD1, 0x7C, 0x22, 0x7E, 0xE7, 0xFF,
    0x18, 0x75, 0xDA, 0xFC, 0x14, 0x72, 0xDE, 0xFF, 0x23, 0x90, 0xD8, 0xFF, 0x26, 0xA0, 0xD5, 0xFF,
    0x21, 0x9E, 0xD9, 0xFF, 0x21, 0xA0, 0xDC, 0xFF, 0x21, 0xA2, 0xDE, 0xFF, 0x23, 0xA3, 0xE1, 0xFF,
    0x25, 0xA5, 0xE3, 0xFF, 0x27, 0xA7, 0xE6, 0xFF, 0x28, 0xA8, 0xE8, 0xFF, 0x2A, 0xAA, 0xEB, 0xFF,
    0x2C, 0xAB, 0xEC, 0xFF, 0x2D, 0xAD, 0xEE, 0xFF, 0x2F, 0xAE, 0xF1, 0xFF, 0x30, 0xAF, 0xF2, 0xFF,
    0x31, 0xB1, 0xF4, 0xFF, 0x32, 0xB2, 0xF6, 0xFF, 0x33, 0xB4, 0xF8, 0xFF, 0x35, 0xB5, 0xF9, 0xFF,
    0x36, 0xB6, 0xFB, 0xFF, 0x36, 0xB7, 0xFC, 0xFF, 0x37, 0xB9, 0xFE, 0xFF, 0x38, 0xBA, 0xFF, 0xFF,
    0x38, 0xBB, 0xFF, 0xFF, 0x38, 0xBC, 0xFF, 0xFF, 0x39, 0xBD, 0xFF, 0xFF, 0x3A, 0xBF, 0xFF, 0xFF,
    0x3A, 0xBF, 0xFF, 0xFF, 0x3A, 0xC0, 0xFF, 0xFF, 0x3B, 0xC1, 0xFF, 0xFF, 0x3B, 0xC3, 0xFF, 0xFF,
    0x3B, 0xC4, 0xFF, 0xFF, 0x3B, 0xC5, 0xFF, 0xFF, 0x3B, 0xC6, 0xFF, 0xFF, 0x3B, 0xC7, 0xFF, 0xFF,
    0x3B, 0xC8, 0xFF, 0xFF, 0x3A, 0xC9, 0xFF, 0xFF, 0x3A, 0xCA, 0xFF, 0xFF, 0x39, 0xCB, 0xFF, 0xFF,
    0x39, 0xCC, 0xFF, 0xFF, 0x38, 0xCC, 0xFF, 0xFF, 0x38, 0xCC, 0xFF, 0xFF, 0x37, 0xCB, 0xFF, 0xFF,
    0x38, 0xCD, 0xFF, 0xFF, 0x35, 0xB7, 0xFF, 0xFF, 0x32, 0x98, 0xFF, 0xFF, 0x37, 0x9E, 0xFF, 0xFC,
    0x43, 0xAB, 0xFF, 0xFF, 0x43, 0x9E, 0xFF, 0x7C, 0x00, 0x00, 0x00, 0x00, 0x55, 0xAA, 0xFF, 0x03,
    0x00, 0x00, 0x00, 0x00, 0x00, 0x00, 0x00, 0x00, 0x00, 0x00, 0x00, 0x00, 0x00, 0x00, 0x00, 0x00,
    0x00, 0x00, 0x00, 0x00, 0x00, 0x00, 0x00, 0x00, 0x00, 0x00, 0x00, 0x00, 0x55, 0x55, 0xAA, 0x03,
    0x00, 0x00, 0x00, 0x00, 0x34, 0x77, 0xD5, 0x31, 0x24, 0x7A, 0xDB, 0xFC, 0x1B, 0x77, 0xDC, 0xFC,
    0x1A, 0x76, 0xDA, 0xFE, 0x16, 0x72, 0xDF, 0xFF, 0x21, 0x8A, 0xD9, 0xFF, 0x28, 0xA0, 0xD5, 0xFF,
    0x22, 0x9E, 0xD9, 0xFF, 0x22, 0xA0, 0xDB, 0xFF, 0x23, 0xA1, 0xDE, 0xFF, 0x24, 0xA3, 0xE0, 0xFF,
    0x26, 0xA4, 0xE3, 0xFF, 0x28, 0xA6, 0xE5, 0xFF, 0x29, 0xA7, 0xE8, 0xFF, 0x2B, 0xA9, 0xEA, 0xFF,
    0x2D, 0xAB, 0xEC, 0xFF, 0x2E, 0xAC, 0xEE, 0xFF, 0x2F, 0xAD, 0xF0, 0xFF, 0x31, 0xAF, 0xF2, 0xFF,
    0x32, 0xB0, 0xF4, 0xFF, 0x33, 0xB1, 0xF5, 0xFF, 0x34, 0xB3, 0xF7, 0xFF, 0x35, 0xB4, 0xF9, 0xFF,
    0x36, 0xB5, 0xFA, 0xFF, 0x37, 0xB7, 0xFC, 0xFF, 0x37, 0xB8, 0xFD, 0xFF, 0x38, 0xB9, 0xFF, 0xFF,
    0x39, 0xBA, 0xFF, 0xFF, 0x39, 0xBC, 0xFF, 0xFF, 0x3A, 0xBC, 0xFF, 0xFF, 0x3A, 0xBD, 0xFF, 0xFF,
    0x3A, 0xBF, 0xFF, 0xFF, 0x3B, 0xC0, 0xFF, 0xFF, 0x3B, 0xC1, 0xFF, 0xFF, 0x3B, 0xC1, 0xFF, 0xFF,
    0x3B, 0xC3, 0xFF, 0xFF, 0x3B, 0xC4, 0xFF, 0xFF, 0x3B, 0xC5, 0xFF, 0xFF, 0x3B, 0xC6, 0xFF, 0xFF,
    0x3B, 0xC7, 0xFF, 0xFF, 0x3A, 0xC8, 0xFF, 0xFF, 0x3A, 0xC9, 0xFF, 0xFF, 0x39, 0xCA, 0xFF, 0xFF,
    0x38, 0xCB, 0xFF, 0xFF, 0x37, 0xCB, 0xFF, 0xFF, 0x36, 0xCB, 0xFF, 0xFF, 0x36, 0xCA, 0xFF, 0xFF,
    0x36, 0xCB, 0xFF, 0xFF, 0x32, 0xAF, 0xFF, 0xFF, 0x32, 0x97, 0xFF, 0xFF, 0x39, 0x9F, 0xFF, 0xFE,
    0x3C, 0xA2, 0xFF, 0xFC, 0x42, 0xA4, 0xFF, 0xFC, 0x48, 0xA1, 0xFF, 0x31, 0x00, 0x00, 0x00, 0x00,
    0x55, 0xAA, 0xFF, 0x03, 0x00, 0x00, 0x00, 0x00, 0x00, 0x00, 0x00, 0x00, 0x00, 0x00, 0x00, 0x00,
    0x00, 0x00, 0x00, 0x00, 0x00, 0x00, 0x00, 0x00, 0x00, 0x00, 0x00, 0x00, 0x00, 0xAA, 0xAA, 0x03,
    0x00, 0x00, 0x00, 0x00, 0x28, 0x77, 0xD4, 0xA8, 0x20, 0x7F, 0xE6, 0xFF, 0x1B, 0x75, 0xDA, 0xFB,
    0x1D, 0x77, 0xDC, 0xFF, 0x1B, 0x72, 0xDF, 0xFF, 0x1E, 0x83, 0xDC, 0xFF, 0x28, 0x9F, 0xD5, 0xFF,
    0x24, 0x9D, 0xD8, 0xFF, 0x23, 0x9F, 0xDB, 0xFF, 0x24, 0xA0, 0xDE, 0xFF, 0x25, 0xA2, 0xE0, 0xFF,
    0x27, 0xA3, 0xE3, 0xFF, 0x29, 0xA5, 0xE5, 0xFF, 0x2A, 0xA7, 0xE7, 0xFF, 0x2C, 0xA8, 0xEA, 0xFF,
    0x2E, 0xAA, 0xEB, 0xFF, 0x2F, 0xAB, 0xEE, 0xFF, 0x31, 0xAD, 0xF0, 0xFF, 0x32, 0xAE, 0xF2, 0xFF,
    0x33, 0xAF, 0xF3, 0xFF, 0x34, 0xB1, 0xF5, 0xFF, 0x35, 0xB2, 0xF7, 0xFF, 0x36, 0xB4, 0xF8, 0xFF,
    0x37, 0xB5, 0xFA, 0xFF, 0x37, 0xB5, 0xFB, 0xFF, 0x38, 0xB7, 0xFD, 0xFF, 0x38, 0xB8, 0xFE, 0xFF,
    0x39, 0xB9, 0xFF, 0xFF, 0x3A, 0xBA, 0xFF, 0xFF, 0x3A, 0xBB, 0xFF, 0xFF, 0x3B, 0xBD, 0xFF, 0xFF,
    0x3B, 0xBE, 0xFF, 0xFF, 0x3B, 0xBF, 0xFF, 0xFF, 0x3B, 0xC0, 0xFF, 0xFF, 0x3C, 0xC1, 0xFF, 0xFF,
    0x3C, 0xC2, 0xFF, 0xFF, 0x3B, 0xC3, 0xFF, 0xFF, 0x3B, 0xC4, 0xFF, 0xFF, 0x3B, 0xC5, 0xFF, 0xFF,
    0x3B, 0xC6, 0xFF, 0xFF, 0x3A, 0xC7, 0xFF, 0xFF, 0x39, 0xC8, 0xFF, 0xFF, 0x38, 0xC8, 0xFF, 0xFF,
    0x37, 0xC9, 0xFF, 0xFF, 0x36, 0xCA, 0xFF, 0xFF, 0x35, 0xC9, 0xFF, 0xFF, 0x35, 0xC8, 0xFF, 0xFF,
    0x35, 0xC8, 0xFF, 0xFF, 0x31, 0xA5, 0xFF, 0xFF, 0x34, 0x97, 0xFF, 0xFF, 0x39, 0x9E, 0xFF, 0xFF,
    0x3B, 0x9F, 0xFF, 0xFB, 0x44, 0xAC, 0xFF, 0xFF, 0x42, 0x9F, 0xFF, 0xA8, 0x00, 0x00, 0x00, 0x00,
    0x55, 0xAA, 0xFF, 0x03, 0x00, 0x00, 0x00, 0x00, 0x00, 0x00, 0x00, 0x00, 0x00, 0x00, 0x00, 0x00,
    0x00, 0x00, 0x00, 0x00, 0x00, 0x00, 0x00, 0x00, 0x00, 0x00, 0xFF, 0x01, 0x00, 0x00, 0x00, 0x00,
    0x3F, 0x7F, 0xD4, 0x0C, 0x25, 0x77, 0xD5, 0xE7, 0x1D, 0x79, 0xDE, 0xFE, 0x1D, 0x76, 0xDB, 0xFE,
    0x21, 0x76, 0xDD, 0xFF, 0x20, 0x74, 0xE0, 0xFF, 0x1F, 0x7A, 0xDF, 0xFF, 0x28, 0x9C, 0xD5, 0xFF,
    0x26, 0x9E, 0xD8, 0xFF, 0x25, 0x9F, 0xDB, 0xFF, 0x25, 0xA0, 0xDD, 0xFF, 0x26, 0xA2, 0xE0, 0xFF,
    0x28, 0xA3, 0xE2, 0xFF, 0x29, 0xA4, 0xE5, 0xFF, 0x2B, 0xA6, 0xE7, 0xFF, 0x2D, 0xA8, 0xE9, 0xFF,
    0x2E, 0xA9, 0xEB, 0xFF, 0x30, 0xAA, 0xED, 0xFF, 0x31, 0xAC, 0xEF, 0xFF, 0x32, 0xAD, 0xF1, 0xFF,
    0x33, 0xAE, 0xF3, 0xFF, 0x35, 0xB0, 0xF4, 0xFF, 0x36, 0xB1, 0xF6, 0xFF, 0x36, 0xB2, 0xF8, 0xFF,
    0x38, 0xB4, 0xF9, 0xFF, 0x38, 0xB5, 0xFB, 0xFF, 0x39, 0xB6, 0xFC, 0xFF, 0x39, 0xB7, 0xFE, 0xFF,
    0x3A, 0xB9, 0xFE, 0xFF, 0x3A, 0xB9, 0xFF, 0xFF, 0x3B, 0xBB, 0xFF, 0xFF, 0x3B, 0xBC, 0xFF, 0xFF,
    0x3B, 0xBD, 0xFF, 0xFF, 0x3C, 0xBE, 0xFF, 0xFF, 0x3C, 0xBF, 0xFF, 0xFF, 0x3C, 0xC0, 0xFF, 0xFF,
    0x3C, 0xC1, 0xFF, 0xFF, 0x3C, 0xC2, 0xFF, 0xFF, 0x3B, 0xC3, 0xFF, 0xFF, 0x3B, 0xC4, 0xFF, 0xFF,
    0x3B, 0xC5, 0xFF, 0xFF, 0x3A, 0xC6, 0xFF, 0xFF, 0x39, 0xC7, 0xFF, 0xFF, 0x38, 0xC7, 0xFF, 0xFF,
    0x37, 0xC8, 0xFF, 0xFF, 0x35, 0xC8, 0xFF, 0xFF, 0x34, 0xC7, 0xFF, 0xFF, 0x34, 0xC7, 0xFF, 0xFF,
    0x33, 0xC2, 0xFF, 0xFF, 0x31, 0x9A, 0xFF, 0xFF, 0x37, 0x97, 0xFF, 0xFF, 0x3A, 0x9C, 0xFF, 0xFF,
    0x3B, 0x9E, 0xFF, 0xFE, 0x3E, 0xA3, 0xFF, 0xFE, 0x40, 0x9E, 0xFF, 0xE7, 0x55, 0x94, 0xFF, 0x0C,
    0x00, 0x00, 0x00, 0x00, 0x00, 0xFF, 0xFF, 0x01, 0x00, 0x00, 0x00, 0x00, 0x00, 0x00, 0x00, 0x00,
    0x00, 0x00, 0x00, 0x00, 0x00, 0x00, 0x00, 0x00, 0x00, 0x7F, 0xFF, 0x02, 0x00, 0x00, 0x00, 0x00,
    0x31, 0x78, 0xCD, 0x24, 0x24, 0x75, 0xD5, 0xFA, 0x1E, 0x77, 0xDC, 0xFF, 0x21, 0x76, 0xDD, 0xFE,
    0x24, 0x76, 0xDF, 0xFF, 0x26, 0x75, 0xE0, 0xFF, 0x24, 0x73, 0xE2, 0xFF, 0x28, 0x94, 0xD8, 0xFF,
    0x28, 0x9F, 0xD7, 0xFF, 0x26, 0x9D, 0xDA, 0xFF, 0x26, 0x9F, 0xDD, 0xFF, 0x28, 0xA0, 0xDF, 0xFF,
    0x29, 0xA2, 0xE2, 0xFF, 0x2B, 0xA4, 0xE4, 0xFF, 0x2C, 0xA5, 0xE6, 0xFF, 0x2E, 0xA6, 0xE8, 0xFF,
    0x30, 0xA8, 0xEB, 0xFF, 0x31, 0xA9, 0xEC, 0xFF, 0x32, 0xAB, 0xEF, 0xFF, 0x33, 0xAC, 0xF0, 0xFF,
    0x35, 0xAE, 0xF2, 0xFF, 0x35, 0xAF, 0xF4, 0xFF, 0x37, 0xB0, 0xF5, 0xFF, 0x37, 0xB2, 0xF7, 0xFF,
    0x38, 0xB3, 0xF8, 0xFF, 0x39, 0xB4, 0xFA, 0xFF, 0x3A, 0xB5, 0xFB, 0xFF, 0x3A, 0xB6, 0xFD, 0xFF,
    0x3A, 0xB7, 0xFE, 0xFF, 0x3B, 0xB8, 0xFF, 0xFF, 0x3B, 0xBA, 0xFF, 0xFF, 0x3B, 0xBB, 0xFF, 0xFF,
    0x3C, 0xBC, 0xFF, 0xFF, 0x3C, 0xBD, 0xFF, 0xFF, 0x3C, 0xBE, 0xFF, 0xFF, 0x3C, 0xBF, 0xFF, 0xFF,
    0x3C, 0xC0, 0xFF, 0xFF, 0x3C, 0xC1, 0xFF, 0xFF, 0x3B, 0xC2, 0xFF, 0xFF, 0x3B, 0xC3, 0xFF, 0xFF,
    0x3A, 0xC4, 0xFF, 0xFF, 0x39, 0xC5, 0xFF, 0xFF, 0x38, 0xC5, 0xFF, 0xFF, 0x37, 0xC6, 0xFF, 0xFF,
    0x36, 0xC6, 0xFF, 0xFF, 0x35, 0xC6, 0xFF, 0xFF, 0x33, 0xC5, 0xFF, 0xFF, 0x34, 0xC7, 0xFF, 0xFF,
    0x32, 0xB7, 0xFF, 0xFF, 0x33, 0x90, 0xFF, 0xFF, 0x38, 0x96, 0xFF, 0xFF, 0x3A, 0x99, 0xFF, 0xFF,
    0x3A, 0x9B, 0xFF, 0xFE, 0x3A, 0x9E, 0xFF, 0xFF, 0x3C, 0x9C, 0xFF, 0xFA, 0x46, 0x9B, 0xFF, 0x24,
    0x00, 0x00, 0x00, 0x00, 0x00, 0x7F, 0xFF, 0x02, 0x00, 0x00, 0x00, 0x00, 0x00, 0x00, 0x00, 0x00,
    0x00, 0x00, 0x00, 0x00, 0x00, 0x00, 0x00, 0x00, 0x00, 0x7F, 0x7F, 0x02, 0x00, 0x00, 0x00, 0x00,
    0x3A, 0x75, 0xCD, 0x1A, 0x26, 0x75, 0xD6, 0xF4, 0x21, 0x77, 0xDD, 0xFF, 0x24, 0x76, 0xDD, 0xFE,
    0x29, 0x75, 0xDF, 0xFF, 0x2C, 0x75, 0xE0, 0xFF, 0x2B, 0x71, 0xE4, 0xFF, 0x2A, 0x87, 0xDD, 0xFF,
    0x2B, 0x9F, 0xD6, 0xFF, 0x28, 0x9D, 0xDA, 0xFF, 0x28, 0x9E, 0xDC, 0xFF, 0x29, 0xA0, 0xDF, 0xFF,
    0x2A, 0xA1, 0xE1, 0xFF, 0x2C, 0xA2, 0xE3, 0xFF, 0x2E, 0xA5, 0xE6, 0xFF, 0x2F, 0xA6, 0xE8, 0xFF,
    0x31, 0xA7, 0xEA, 0xFF, 0x32, 0xA9, 0xEC, 0xFF, 0x33, 0xAA, 0xEE, 0xFF, 0x34, 0xAB, 0xF0, 0xFF,
    0x35, 0xAD, 0xF2, 0xFF, 0x37, 0xAE, 0xF3, 0xFF, 0x37, 0xAF, 0xF5, 0xFF, 0x38, 0xB1, 0xF6, 0xFF,
    0x38, 0xB2, 0xF8, 0xFF, 0x39, 0xB3, 0xF9, 0xFF, 0x3A, 0xB4, 0xFA, 0xFF, 0x3B, 0xB5, 0xFC, 0xFF,
    0x3B, 0xB6, 0xFD, 0xFF, 0x3B, 0xB8, 0xFF, 0xFF, 0x3C, 0xB9, 0xFF, 0xFF, 0x3C, 0xBA, 0xFF, 0xFF,
    0x3C, 0xBB, 0xFF, 0xFF, 0x3C, 0xBC, 0xFF, 0xFF, 0x3C, 0xBD, 0xFF, 0xFF, 0x3C, 0xBE, 0xFF, 0xFF,
    0x3C, 0xBF, 0xFF, 0xFF, 0x3C, 0xC0, 0xFF, 0xFF, 0x3B, 0xC0, 0xFF, 0xFF, 0x3B, 0xC2, 0xFF, 0xFF,
    0x3A, 0xC2, 0xFF, 0xFF, 0x39, 0xC3, 0xFF, 0xFF, 0x38, 0xC4, 0xFF, 0xFF, 0x37, 0xC4, 0xFF, 0xFF,
    0x35, 0xC5, 0xFF, 0xFF, 0x34, 0xC5, 0xFF, 0xFF, 0x33, 0xC3, 0xFF, 0xFF, 0x33, 0xC5, 0xFF, 0xFF,
    0x31, 0xA3, 0xFF, 0xFF, 0x36, 0x8A, 0xFF, 0xFF, 0x39, 0x93, 0xFF, 0xFF, 0x3A, 0x95, 0xFF, 0xFF,
    0x38, 0x98, 0xFF, 0xFE, 0x37, 0x9B, 0xFF, 0xFF, 0x38, 0x97, 0xFF, 0xF4, 0x44, 0x93, 0xFF, 0x1A,
    0x00, 0x00, 0x00, 0x00, 0x00, 0x7F, 0xFF, 0x02, 0x00, 0x00, 0x00, 0x00, 0x00, 0x00, 0x00, 0x00,
    0x00, 0x00, 0x00, 0x00, 0x00, 0x00, 0x00, 0x00, 0x00, 0x00, 0x00, 0x00, 0x00, 0xFF, 0xFF, 0x01,
    0x7F, 0x7F, 0x7F, 0x02, 0x2B, 0x75, 0xD5, 0xCF, 0x27, 0x79, 0xE4, 0xFD, 0x28, 0x75, 0xDE, 0xFC,
    0x2E, 0x75, 0xE0, 0xFF, 0x31, 0x75, 0xE1, 0xFF, 0x31, 0x72, 0xE4, 0xFF, 0x2E, 0x78, 0xE3, 0xFF,
    0x2E, 0x9B, 0xD6, 0xFF, 0x2B, 0x9D, 0xD9, 0xFF, 0x2A, 0x9E, 0xDB, 0xFF, 0x2A, 0x9F, 0xDE, 0xFF,
    0x2B, 0xA0, 0xE0, 0xFF, 0x2D, 0xA2, 0xE3, 0xFF, 0x2F, 0xA3, 0xE5, 0xFF, 0x30, 0xA5, 0xE7, 0xFF,
    0x31, 0xA6, 0xE9, 0xFF, 0x33, 0xA8, 0xEB, 0xFF, 0x34, 0xA9, 0xED, 0xFF, 0x35, 0xAA, 0xEF, 0xFF,
    0x36, 0xAC, 0xF1, 0xFF, 0x37, 0xAD, 0xF3, 0xFF, 0x38, 0xAE, 0xF4, 0xFF, 0x39, 0xAF, 0xF6, 0xFF,
    0x39, 0xB0, 0xF7, 0xFF, 0x3A, 0xB2, 0xF9, 0xFF, 0x3A, 0xB3, 0xFA, 0xFF, 0x3B, 0xB4, 0xFB, 0xFF,
    0x3B, 0xB5, 0xFC, 0xFF, 0x3C, 0xB6, 0xFE, 0xFF, 0x3C, 0xB7, 0xFF, 0xFF, 0x3C, 0xB8, 0xFF, 0xFF,
    0x3D, 0xBA, 0xFF, 0xFF, 0x3D, 0xBB, 0xFF, 0xFF, 0x3D, 0xBB, 0xFF, 0xFF, 0x3D, 0xBD, 0xFF, 0xFF,
    0x3C, 0xBE, 0xFF, 0xFF, 0x3C, 0xBE, 0xFF, 0xFF, 0x3B, 0xBF, 0xFF, 0xFF, 0x3B, 0xC0, 0xFF, 0xFF,
    0x3A, 0xC1, 0xFF, 0xFF, 0x39, 0xC2, 0xFF, 0xFF, 0x38, 0xC2, 0xFF, 0xFF, 0x36, 0xC2, 0xFF, 0xFF,
    0x34, 0xC2, 0xFF, 0xFF, 0x33, 0xC2, 0xFF, 0xFF, 0x33, 0xC2, 0xFF, 0xFF, 0x34, 0xBD, 0xFF, 0xFF,
    0x33, 0x8C, 0xFF, 0xFF, 0x38, 0x88, 0xFF, 0xFF, 0x39, 0x8E, 0xFF, 0xFF, 0x39, 0x91, 0xFF, 0xFF,
    0x36, 0x93, 0xFF, 0xFC, 0x35, 0x9B, 0xFF, 0xFD, 0x36, 0x92, 0xFF, 0xCE, 0x7F, 0x7F, 0xFF, 0x02,
    0x00, 0xFF, 0xFF, 0x01, 0x00, 0x00, 0x00, 0x00, 0x00, 0x00, 0x00, 0x00, 0x00, 0x00, 0x00, 0x00,
    0x00, 0x00, 0x00, 0x00, 0x00, 0x00, 0x00, 0x00, 0x00, 0x00, 0x00, 0x00, 0x3F, 0x7F, 0xBF, 0x04,
    0x00, 0x00, 0x00, 0x00, 0x34, 0x74, 0xD4, 0x6B, 0x30, 0x7D, 0xEA, 0xFF, 0x2A, 0x74, 0xDC, 0xFA,
    0x31, 0x74, 0xE0, 0xFF, 0x35, 0x74, 0xE2, 0xFF, 0x36, 0x74, 0xE3, 0xFF, 0x33, 0x70, 0xE6, 0xFF,
    0x32, 0x8D, 0xDC, 0xFF, 0x2F, 0x9F, 0xD7, 0xFF, 0x2C, 0x9C, 0xDB, 0xFF, 0x2C, 0x9E, 0xDD, 0xFF,
    0x2D, 0x9F, 0xE0, 0xFF, 0x2E, 0xA1, 0xE2, 0xFF, 0x2F, 0xA2, 0xE4, 0xFF, 0x31, 0xA4, 0xE6, 0xFF,
    0x32, 0xA5, 0xE8, 0xFF, 0x33, 0xA6, 0xEA, 0xFF, 0x35, 0xA8, 0xEC, 0xFF, 0x36, 0xA9, 0xEE, 0xFF,
    0x37, 0xAB, 0xF0, 0xFF, 0x38, 0xAC, 0xF2, 0xFF, 0x38, 0xAD, 0xF3, 0xFF, 0x39, 0xAE, 0xF5, 0xFF,
    0x3A, 0xB0, 0xF6, 0xFF, 0x3B, 0xB1, 0xF7, 0xFF, 0x3B, 0xB2, 0xF9, 0xFF, 0x3B, 0xB3, 0xFA, 0xFF,
    0x3C, 0xB4, 0xFC, 0xFF, 0x3C, 0xB5, 0xFD, 0xFF, 0x3D, 0xB6, 0xFE, 0xFF, 0x3D, 0xB7, 0xFF, 0xFF,
    0x3D, 0xB8, 0xFF, 0xFF, 0x3D, 0xBA, 0xFF, 0xFF, 0x3D, 0xBA, 0xFF, 0xFF, 0x3D, 0xBB, 0xFF, 0xFF,
    0x3C, 0xBC, 0xFF, 0xFF, 0x3C, 0xBD, 0xFF, 0xFF, 0x3B, 0xBE, 0xFF, 0xFF, 0x3A, 0xBF, 0xFF, 0xFF,
    0x39, 0xBF, 0xFF, 0xFF, 0x38, 0xC0, 0xFF, 0xFF, 0x37, 0xC0, 0xFF, 0xFF, 0x35, 0xC1, 0xFF, 0xFF,
    0x34, 0xC0, 0xFF, 0xFF, 0x33, 0xBF, 0xFF, 0xFF, 0x35, 0xC2, 0xFF, 0xFF, 0x36, 0xA5, 0xFC, 0xFF,
    0x35, 0x7E, 0xFE, 0xFF, 0x39, 0x86, 0xFF, 0xFF, 0x39, 0x88, 0xFF, 0xFF, 0x37, 0x8B, 0xFF, 0xFF,
    0x31, 0x8B, 0xFF, 0xFA, 0x37, 0x98, 0xFF, 0xFF, 0x39, 0x8C, 0xFC, 0x6B, 0x00, 0x00, 0x00, 0x00,
    0x3F, 0x7F, 0xFF, 0x04, 0x00, 0x00, 0x00, 0x00, 0x00, 0x00, 0x00, 0x00, 0x00, 0x00, 0x00, 0x00,
    0x00, 0x00, 0x00, 0x00, 0x00, 0x00, 0x00, 0x00, 0x00, 0x00, 0x00, 0x00, 0x00, 0x00, 0xFF, 0x01,
    0x00, 0x7F, 0xFF, 0x02, 0x66, 0x99, 0xCC, 0x05, 0x38, 0x72, 0xD7, 0xC1, 0x37, 0x7C, 0xED, 0xFF,
    0x33, 0x72, 0xDE, 0xFA, 0x37, 0x72, 0xE0, 0xFD, 0x39, 0x73, 0xE3, 0xFF, 0x37, 0x71, 0xE6, 0xFF,
    0x34, 0x78, 0xE4, 0xFF, 0x34, 0x9B, 0xD7, 0xFF, 0x2F, 0x9C, 0xDA, 0xFF, 0x2E, 0x9D, 0xDC, 0xFF,
    0x2E, 0x9E, 0xDE, 0xFF, 0x2F, 0xA0, 0xE1, 0xFF, 0x31, 0xA1, 0xE3, 0xFF, 0x32, 0xA3, 0xE5, 0xFF,
    0x33, 0xA4, 0xE8, 0xFF, 0x35, 0xA5, 0xE9, 0xFF, 0x36, 0xA7, 0xEB, 0xFF, 0x37, 0xA8, 0xED, 0xFF,
    0x38, 0xA9, 0xEF, 0xFF, 0x38, 0xAB, 0xF1, 0xFF, 0x3A, 0xAC, 0xF2, 0xFF, 0x3A, 0xAD, 0xF4, 0xFF,
    0x3B, 0xAE, 0xF5, 0xFF, 0x3B, 0xAF, 0xF7, 0xFF, 0x3C, 0xB1, 0xF8, 0xFF, 0x3C, 0xB2, 0xF9, 0xFF,
    0x3D, 0xB3, 0xFB, 0xFF, 0x3D, 0xB4, 0xFC, 0xFF, 0x3D, 0xB5, 0xFD, 0xFF, 0x3D, 0xB6, 0xFE, 0xFF,
    0x3D, 0xB7, 0xFF, 0xFF, 0x3D, 0xB8, 0xFF, 0xFF, 0x3D, 0xB9, 0xFF, 0xFF, 0x3D, 0xBA, 0xFF, 0xFF,
    0x3C, 0xBB, 0xFF, 0xFF, 0x3C, 0xBC, 0xFF, 0xFF, 0x3B, 0xBC, 0xFF, 0xFF, 0x3A, 0xBD, 0xFF, 0xFF,
    0x39, 0xBE, 0xFF, 0xFF, 0x38, 0xBE, 0xFF, 0xFF, 0x36, 0xBF, 0xFF, 0xFF, 0x35, 0xBE, 0xFF, 0xFF,
    0x34, 0xBE, 0xFF, 0xFF, 0x34, 0xBE, 0xFF, 0xFF, 0x39, 0xBA, 0xFC, 0xFF, 0x35, 0x84, 0xF8, 0xFF,
    0x38, 0x7C, 0xF9, 0xFF, 0x3A, 0x81, 0xF9, 0xFF, 0x39, 0x83, 0xF9, 0xFD, 0x35, 0x84, 0xFA, 0xFA,
    0x3A, 0x91, 0xFF, 0xFF, 0x3B, 0x86, 0xF8, 0xC1, 0x66, 0x99, 0xFF, 0x05, 0x00, 0x7F, 0xFF, 0x02,
    0x00, 0x00, 0xFF, 0x01, 0x00, 0x00, 0x00, 0x00, 0x00, 0x00, 0x00, 0x00, 0x00, 0x00, 0x00, 0x00,
    0x00, 0x00, 0x00, 0x00, 0x00, 0x00, 0x00, 0x00, 0x00, 0x00, 0x00, 0x00, 0x00, 0x00, 0x00, 0x00,
    0x00, 0xFF, 0xFF, 0x01, 0x00, 0x00, 0x00, 0x01, 0x4C, 0x72, 0xD8, 0x14, 0x41, 0x74, 0xDD, 0xBE,
    0x42, 0x7B, 0xEE, 0xFF, 0x3E, 0x76, 0xE7, 0xFF, 0x3B, 0x71, 0xE1, 0xFE, 0x39, 0x71, 0xE3, 0xFC,
    0x35, 0x6E, 0xE7, 0xFF, 0x37, 0x88, 0xDE, 0xFF, 0x35, 0x9E, 0xD7, 0xFF, 0x30, 0x9B, 0xDC, 0xFF,
    0x30, 0x9D, 0xDD, 0xFF, 0x31, 0x9F, 0xE0, 0xFF, 0x32, 0xA0, 0xE2, 0xFF, 0x33, 0xA1, 0xE4, 0xFF,
    0x35, 0xA3, 0xE6, 0xFF, 0x36, 0xA4, 0xE8, 0xFF, 0x37, 0xA5, 0xEA, 0xFF, 0x38, 0xA6, 0xEC, 0xFF,
    0x38, 0xA8, 0xEE, 0xFF, 0x3A, 0xA9, 0xF0, 0xFF, 0x3A, 0xAA, 0xF1, 0xFF, 0x3B, 0xAC, 0xF3, 0xFF,
    0x3B, 0xAD, 0xF4, 0xFF, 0x3C, 0xAE, 0xF6, 0xFF, 0x3C, 0xAF, 0xF7, 0xFF, 0x3D, 0xB1, 0xF8, 0xFF,
    0x3D, 0xB2, 0xF9, 0xFF, 0x3E, 0xB3, 0xFB, 0xFF, 0x3E, 0xB4, 0xFC, 0xFF, 0x3E, 0xB5, 0xFD, 0xFF,
    0x3E, 0xB5, 0xFE, 0xFF, 0x3D, 0xB7, 0xFF, 0xFF, 0x3D, 0xB7, 0xFF, 0xFF, 0x3D, 0xB8, 0xFF, 0xFF,
    0x3C, 0xB9, 0xFF, 0xFF, 0x3C, 0xBA, 0xFF, 0xFF, 0x3B, 0xBB, 0xFF, 0xFF, 0x3A, 0xBB, 0xFF, 0xFF,
    0x39, 0xBC, 0xFF, 0xFF, 0x38, 0xBC, 0xFF, 0xFF, 0x36, 0xBC, 0xFF, 0xFF, 0x35, 0xBC, 0xFF, 0xFF,
    0x35, 0xBB, 0xFF, 0xFF, 0x3A, 0xBE, 0xFD, 0xFF, 0x3A, 0x9B, 0xF9, 0xFF, 0x35, 0x75, 0xF6, 0xFF,
    0x3A, 0x7A, 0xF3, 0xFC, 0x3B, 0x7A, 0xF1, 0xFE, 0x3E, 0x81, 0xF9, 0xFF, 0x43, 0x88, 0xFF, 0xFF,
    0x44, 0x83, 0xF1, 0xBE, 0x59, 0x7F, 0xE5, 0x14, 0x00, 0x00, 0x00, 0x01, 0x00, 0xFF, 0xFF, 0x01,
    0x00, 0x00, 0x00, 0x00, 0x00, 0x00, 0x00, 0x00, 0x00, 0x00, 0x00, 0x00, 0x00, 0x00, 0x00, 0x00,
    0x00, 0x00, 0x00, 0x00, 0x00, 0x00, 0x00, 0x00, 0x00, 0x00, 0x00, 0x00, 0x00, 0x00, 0x00, 0x00,
    0x00, 0x00, 0x00, 0x00, 0x00, 0xFF, 0xFF, 0x01, 0x00, 0x00, 0x00, 0x00, 0x7F, 0x3F, 0x7F, 0x04,
    0x4F, 0x74, 0xDE, 0x6D, 0x4B, 0x73, 0xE1, 0xD2, 0x47, 0x74, 0xE6, 0xFF, 0x41, 0x77, 0xEE, 0xFF,
    0x37, 0x70, 0xE2, 0xFE, 0x33, 0x73, 0xE5, 0xFF, 0x3B, 0x95, 0xDA, 0xFF, 0x36, 0x9D, 0xD9, 0xFF,
    0x32, 0x9C, 0xDD, 0xFF, 0x33, 0x9D, 0xDF, 0xFF, 0x33, 0x9F, 0xE1, 0xFF, 0x34, 0xA0, 0xE3, 0xFF,
    0x36, 0xA1, 0xE5, 0xFF, 0x37, 0xA2, 0xE7, 0xFF, 0x38, 0xA4, 0xE9, 0xFF, 0x38, 0xA5, 0xEB, 0xFF,
    0x39, 0xA7, 0xED, 0xFF, 0x3A, 0xA8, 0xEE, 0xFF, 0x3B, 0xA9, 0xF0, 0xFF, 0x3B, 0xAA, 0xF2, 0xFF,
    0x3C, 0xAC, 0xF3, 0xFF, 0x3D, 0xAD, 0xF5, 0xFF, 0x3D, 0xAE, 0xF6, 0xFF, 0x3D, 0xAF, 0xF7, 0xFF,
    0x3E, 0xB0, 0xF8, 0xFF, 0x3E, 0xB1, 0xFA, 0xFF, 0x3E, 0xB2, 0xFB, 0xFF, 0x3E, 0xB3, 0xFC, 0xFF,
    0x3E, 0xB4, 0xFD, 0xFF, 0x3E, 0xB5, 0xFE, 0xFF, 0x3D, 0xB6, 0xFF, 0xFF, 0x3D, 0xB7, 0xFF, 0xFF,
    0x3D, 0xB7, 0xFF, 0xFF, 0x3C, 0xB8, 0xFF, 0xFF, 0x3B, 0xB9, 0xFF, 0xFF, 0x3A, 0xB9, 0xFF, 0xFF,
    0x39, 0xBA, 0xFF, 0xFF, 0x37, 0xBA, 0xFF, 0xFF, 0x36, 0xBA, 0xFF, 0xFF, 0x36, 0xB9, 0xFF, 0xFF,
    0x39, 0xBA, 0xFD, 0xFF, 0x3F, 0xAE, 0xF9, 0xFF, 0x37, 0x83, 0xFD, 0xFF, 0x37, 0x7B, 0xF6, 0xFE,
    0x42, 0x7F, 0xFC, 0xFF, 0x48, 0x7A, 0xF0, 0xFF, 0x4C, 0x7A, 0xEB, 0xD2, 0x51, 0x7B, 0xE9, 0x6D,
    0x7F, 0x3F, 0x7F, 0x04, 0x00, 0x00, 0x00, 0x00, 0x00, 0xFF, 0xFF, 0x01, 0x00, 0x00, 0x00, 0x00,
    0x00, 0x00, 0x00, 0x00, 0x00, 0x00, 0x00, 0x00, 0x00, 0x00, 0x00, 0x00, 0x00, 0x00, 0x00, 0x00,
    0x00, 0x00, 0x00, 0x00, 0x00, 0x00, 0x00, 0x00, 0x00, 0x00, 0x00, 0x00, 0x00, 0x00, 0x00, 0x00,
    0x00, 0x00, 0x00, 0x00, 0x00, 0x00, 0x00, 0x00, 0x00, 0xFF, 0xFF, 0x01, 0x00, 0x00, 0x00, 0x00,
    0x00, 0x00, 0x00, 0x00, 0x7F, 0x7F, 0xBF, 0x04, 0x57, 0x75, 0xE1, 0x3D, 0x46, 0x72, 0xDF, 0xA9,
    0x39, 0x76, 0xE6, 0xFF, 0x2C, 0x70, 0xE0, 0xFE, 0x2A, 0x7A, 0xE0, 0xFF, 0x3D, 0x9B, 0xD8, 0xFF,
    0x38, 0x9C, 0xDB, 0xFF, 0x35, 0x9C, 0xDE, 0xFF, 0x36, 0x9E, 0xDF, 0xFF, 0x36, 0x9F, 0xE2, 0xFF,
    0x36, 0xA0, 0xE4, 0xFF, 0x38, 0xA1, 0xE6, 0xFF, 0x39, 0xA3, 0xE8, 0xFF, 0x3A, 0xA4, 0xEA, 0xFF,
    0x3A, 0xA5, 0xEB, 0xFF, 0x3B, 0xA6, 0xED, 0xFF, 0x3C, 0xA8, 0xEF, 0xFF, 0x3D, 0xA9, 0xF0, 0xFF,
    0x3D, 0xAA, 0xF2, 0xFF, 0x3E, 0xAB, 0xF3, 0xFF, 0x3E, 0xAC, 0xF5, 0xFF, 0x3E, 0xAD, 0xF6, 0xFF,
    0x3E, 0xAE, 0xF7, 0xFF, 0x3E, 0xB0, 0xF8, 0xFF, 0x3E, 0xB1, 0xF9, 0xFF, 0x3F, 0xB1, 0xFA, 0xFF,
    0x3E, 0xB3, 0xFB, 0xFF, 0x3E, 0xB3, 0xFC, 0xFF, 0x3E, 0xB4, 0xFD, 0xFF, 0x3D, 0xB5, 0xFE, 0xFF,
    0x3D, 0xB6, 0xFF, 0xFF, 0x3C, 0xB6, 0xFF, 0xFF, 0x3B, 0xB7, 0xFF, 0xFF, 0x3A, 0xB7, 0xFF, 0xFF,
    0x39, 0xB7, 0xFF, 0xFF, 0x38, 0xB7, 0xFE, 0xFF, 0x38, 0xB7, 0xFE, 0xFF, 0x3A, 0xB6, 0xFC, 0xFF,
    0x40, 0xB3, 0xF7, 0xFF, 0x39, 0x98, 0xFD, 0xFF, 0x35, 0x8A, 0xFF, 0xFE, 0x3B, 0x87, 0xFF, 0xFF,
    0x48, 0x7B, 0xEE, 0xA9, 0x5B, 0x79, 0xE5, 0x3D, 0x7F, 0x3F, 0x7F, 0x04, 0x00, 0x00, 0x00, 0x00,
    0x00, 0x00, 0x00, 0x00, 0x00, 0xFF, 0xFF, 0x01, 0x00, 0x00, 0x00, 0x00, 0x00, 0x00, 0x00, 0x00,
    0x00, 0x00, 0x00, 0x00, 0x00, 0x00, 0x00, 0x00, 0x00, 0x00, 0x00, 0x00, 0x00, 0x00, 0x00, 0x00,
    0x00, 0x00, 0x00, 0x00, 0x00, 0x00, 0x00, 0x00, 0x00, 0x00, 0x00, 0x00, 0x00, 0x00, 0x00, 0x00,
    0x00, 0x00, 0x00, 0x00, 0x00, 0x00, 0x00, 0x00, 0x00, 0x00, 0x00, 0x00, 0x00, 0x00, 0xFF, 0x01,
    0x55, 0xAA, 0xFF, 0x03, 0x00, 0x00, 0x00, 0x00, 0x00, 0x00, 0x00, 0x00, 0x00, 0x00, 0x00, 0x00,
    0x32, 0x74, 0xDA, 0xA7, 0x26, 0x7B, 0xE9, 0xFF, 0x18, 0x70, 0xE0, 0xFC, 0x25, 0x7F, 0xDE, 0xFF,
    0x3F, 0x9C, 0xD9, 0xFF, 0x3A, 0x9C, 0xDC, 0xFF, 0x38, 0x9C, 0xDF, 0xFF, 0x38, 0x9E, 0xE1, 0xFF,
    0x39, 0x9F, 0xE2, 0xFF, 0x39, 0xA0, 0xE5, 0xFF, 0x3A, 0xA1, 0xE6, 0xFF, 0x3B, 0xA2, 0xE8, 0xFF,
    0x3C, 0xA3, 0xEA, 0xFF, 0x3C, 0xA5, 0xEC, 0xFF, 0x3D, 0xA6, 0xED, 0xFF, 0x3E, 0xA7, 0xEF, 0xFF,
    0x3E, 0xA8, 0xF1, 0xFF, 0x3E, 0xA9, 0xF2, 0xFF, 0x3F, 0xAA, 0xF3, 0xFF, 0x3F, 0xAB, 0xF4, 0xFF,
    0x3F, 0xAD, 0xF5, 0xFF, 0x3F, 0xAE, 0xF6, 0xFF, 0x3F, 0xAE, 0xF7, 0xFF, 0x3F, 0xAF, 0xF9, 0xFF,
    0x3F, 0xB1, 0xFA, 0xFF, 0x3F, 0xB1, 0xFA, 0xFF, 0x3E, 0xB2, 0xFB, 0xFF, 0x3E, 0xB3, 0xFC, 0xFF,
    0x3D, 0xB3, 0xFC, 0xFF, 0x3C, 0xB4, 0xFD, 0xFF, 0x3B, 0xB4, 0xFD, 0xFF, 0x3A, 0xB5, 0xFD, 0xFF,
    0x3A, 0xB5, 0xFC, 0xFF, 0x3A, 0xB4, 0xFC, 0xFF, 0x3C, 0xB4, 0xFA, 0xFF, 0x41, 0xB2, 0xF5, 0xFF,
    0x39, 0xA0, 0xFB, 0xFF, 0x34, 0x97, 0xFF, 0xFC, 0x38, 0x9D, 0xFF, 0xFF, 0x38, 0x8A, 0xFB, 0xA7,
    0x00, 0x00, 0x00, 0x00, 0x00, 0x00, 0x00, 0x00, 0x00, 0x00, 0x00, 0x00, 0x55, 0xAA, 0xFF, 0x03,
    0x00, 0x00, 0xFF, 0x01, 0x00, 0x00, 0x00, 0x00, 0x00, 0x00, 0x00, 0x00, 0x00, 0x00, 0x00, 0x00,
    0x00, 0x00, 0x00, 0x00, 0x00, 0x00, 0x00, 0x00, 0x00, 0x00, 0x00, 0x00, 0x00, 0x00, 0x00, 0x00,
    0x00, 0x00, 0x00, 0x00, 0x00, 0x00, 0x00, 0x00, 0x00, 0x00, 0x00, 0x00, 0x00, 0x00, 0x00, 0x00,
    0x00, 0x00, 0x00, 0x00, 0x00, 0x00, 0x00, 0x00, 0x00, 0x00, 0x00, 0x00, 0x00, 0x00, 0x00, 0x00,
    0x00, 0x00, 0x00, 0x00, 0x00, 0x00, 0x00, 0x00, 0x55, 0x7F, 0xD4, 0x06, 0x00, 0xFF, 0xFF, 0x01,
    0x2D, 0x75, 0xD5, 0x43, 0x24, 0x7A, 0xE5, 0xFF, 0x1A, 0x74, 0xDD, 0xFC, 0x16, 0x71, 0xE1, 0xFF,
    0x27, 0x82, 0xDF, 0xFF, 0x40, 0x9C, 0xDA, 0xFF, 0x3D, 0x9B, 0xDD, 0xFF, 0x3B, 0x9C, 0xDF, 0xFF,
    0x3B, 0x9D, 0xE1, 0xFF, 0x3B, 0x9E, 0xE3, 0xFF, 0x3C, 0xA0, 0xE5, 0xFF, 0x3C, 0xA0, 0xE7, 0xFF,
    0x3D, 0xA2, 0xE8, 0xFF, 0x3E, 0xA3, 0xEA, 0xFF, 0x3E, 0xA4, 0xEB, 0xFF, 0x3E, 0xA5, 0xED, 0xFF,
    0x3F, 0xA6, 0xEF, 0xFF, 0x3F, 0xA8, 0xF0, 0xFF, 0x40, 0xA9, 0xF1, 0xFF, 0x40, 0xAA, 0xF3, 0xFF,
    0x40, 0xAB, 0xF4, 0xFF, 0x40, 0xAC, 0xF5, 0xFF, 0x40, 0xAC, 0xF6, 0xFF, 0x40, 0xAE, 0xF7, 0xFF,
    0x40, 0xAE, 0xF8, 0xFF, 0x3F, 0xAF, 0xF9, 0xFF, 0x3F, 0xB0, 0xF9, 0xFF, 0x3E, 0xB1, 0xF9, 0xFF,
    0x3E, 0xB1, 0xFA, 0xFF, 0x3D, 0xB1, 0xFA, 0xFF, 0x3C, 0xB2, 0xFA, 0xFF, 0x3C, 0xB2, 0xFA, 0xFF,
    0x3D, 0xB1, 0xF9, 0xFF, 0x3F, 0xB1, 0xF6, 0xFF, 0x42, 0xAF, 0xF2, 0xFF, 0x3A, 0xA0, 0xFA, 0xFF,
    0x36, 0x9A, 0xFF, 0xFF, 0x38, 0x9D, 0xFF, 0xFC, 0x3C, 0xA1, 0xFF, 0xFF, 0x3C, 0x94, 0xFF, 0x43,
    0x00, 0xFF, 0xFF, 0x01, 0x55, 0x7F, 0xFF, 0x06, 0x00, 0x00, 0x00, 0x00, 0x00, 0x00, 0x00, 0x00,
    0x00, 0x00, 0x00, 0x00, 0x00, 0x00, 0x00, 0x00, 0x00, 0x00, 0x00, 0x00, 0x00, 0x00, 0x00, 0x00,
    0x00, 0x00, 0x00, 0x00, 0x00, 0x00, 0x00, 0x00, 0x00, 0x00, 0x00, 0x00, 0x00, 0x00, 0x00, 0x00,
    0x00, 0x00, 0x00, 0x00, 0x00, 0x00, 0x00, 0x00, 0x00, 0x00, 0x00, 0x00, 0x00, 0x00, 0x00, 0x00,
    0x00, 0x00, 0x00, 0x00, 0x00, 0x00, 0x00, 0x00, 0x00, 0x00, 0x00, 0x00, 0x00, 0x00, 0x00, 0x00,
    0x00, 0x00, 0x00, 0x00, 0x00, 0x00, 0x00, 0x00, 0x00, 0x55, 0xAA, 0x03, 0x00, 0x00, 0x00, 0x00,
    0x32, 0x76, 0xD6, 0x38, 0x24, 0x77, 0xDE, 0xFF, 0x1C, 0x74, 0xDC, 0xFE, 0x1E, 0x74, 0xDF, 0xFF,
    0x1D, 0x71, 0xE3, 0xFF, 0x2B, 0x80, 0xE1, 0xFF, 0x41, 0x99, 0xDB, 0xFF, 0x42, 0x9C, 0xDD, 0xFF,
    0x3E, 0x9B, 0xE0, 0xFF, 0x3E, 0x9C, 0xE1, 0xFF, 0x3E, 0x9E, 0xE3, 0xFF, 0x3F, 0x9F, 0xE5, 0xFF,
    0x3F, 0xA0, 0xE7, 0xFF, 0x3F, 0xA1, 0xE8, 0xFF, 0x40, 0xA3, 0xEA, 0xFF, 0x40, 0xA4, 0xEC, 0xFF,
    0x40, 0xA4, 0xED, 0xFF, 0x40, 0xA6, 0xEE, 0xFF, 0x41, 0xA7, 0xF0, 0xFF, 0x41, 0xA8, 0xF1, 0xFF,
    0x41, 0xA9, 0xF2, 0xFF, 0x41, 0xA9, 0xF3, 0xFF, 0x41, 0xAA, 0xF4, 0xFF, 0x40, 0xAB, 0xF5, 0xFF,
    0x40, 0xAC, 0xF6, 0xFF, 0x40, 0xAD, 0xF6, 0xFF, 0x40, 0xAD, 0xF6, 0xFF, 0x40, 0xAE, 0xF7, 0xFF,
    0x3F, 0xAE, 0xF7, 0xFF, 0x3F, 0xAE, 0xF7, 0xFF, 0x3F, 0xAE, 0xF6, 0xFF, 0x3F, 0xAD, 0xF6, 0xFF,
    0x43, 0xAF, 0xF3, 0xFF, 0x43, 0xAB, 0xF0, 0xFF, 0x3A, 0x9C, 0xFA, 0xFF, 0x37, 0x98, 0xFF, 0xFF,
    0x3A, 0x9D, 0xFF, 0xFF, 0x3A, 0x9D, 0xFF, 0xFE, 0x3D, 0xA0, 0xFF, 0xFF, 0x3F, 0x96, 0xFF, 0x38,
    0x00, 0x00, 0x00, 0x00, 0x55, 0xAA, 0xFF, 0x03, 0x00, 0x00, 0x00, 0x00, 0x00, 0x00, 0x00, 0x00,
    0x00, 0x00, 0x00, 0x00, 0x00, 0x00, 0x00, 0x00, 0x00, 0x00, 0x00, 0x00, 0x00, 0x00, 0x00, 0x00,
    0x00, 0x00, 0x00, 0x00, 0x00, 0x00, 0x00, 0x00, 0x00, 0x00, 0x00, 0x00, 0x00, 0x00, 0x00, 0x00,
    0x00, 0x00, 0x00, 0x00, 0x00, 0x00, 0x00, 0x00, 0x00, 0x00, 0x00, 0x00, 0x00, 0x00, 0x00, 0x00,
    0x00, 0x00, 0x00, 0x00, 0x00, 0x00, 0x00, 0x00, 0x00, 0x00, 0x00, 0x00, 0x00, 0x00, 0x00, 0x00,
    0x00, 0x00, 0x00, 0x00, 0x00, 0x00, 0x00, 0x00, 0x00, 0x55, 0xAA, 0x03, 0x00, 0x00, 0x00, 0x00,
    0x31, 0x78, 0xD2, 0x39, 0x27, 0x78, 0xDD, 0xFF, 0x20, 0x74, 0xDB, 0xFE, 0x24, 0x75, 0xDF, 0xFF,
    0x28, 0x75, 0xE2, 0xFF, 0x26, 0x72, 0xE5, 0xFF, 0x2E, 0x7A, 0xE5, 0xFF, 0x40, 0x93, 0xDE, 0xFF,
    0x46, 0x9D, 0xDC, 0xFF, 0x43, 0x9B, 0xDF, 0xFF, 0x41, 0x9B, 0xE1, 0xFF, 0x40, 0x9D, 0xE3, 0xFF,
    0x41, 0x9E, 0xE4, 0xFF, 0x41, 0x9F, 0xE6, 0xFF, 0x41, 0xA0, 0xE8, 0xFF, 0x42, 0xA1, 0xE9, 0xFF,
    0x42, 0xA2, 0xEB, 0xFF, 0x42, 0xA3, 0xEC, 0xFF, 0x42, 0xA5, 0xED, 0xFF, 0x42, 0xA5, 0xEE, 0xFF,
    0x42, 0xA6, 0xEF, 0xFF, 0x43, 0xA7, 0xF0, 0xFF, 0x42, 0xA8, 0xF1, 0xFF, 0x42, 0xA9, 0xF2, 0xFF,
    0x42, 0xA9, 0xF3, 0xFF, 0x42, 0xAA, 0xF3, 0xFF, 0x42, 0xAA, 0xF4, 0xFF, 0x42, 0xAB, 0xF3, 0xFF,
    0x41, 0xAA, 0xF4, 0xFF, 0x41, 0xAA, 0xF3, 0xFF, 0x44, 0xAB, 0xF2, 0xFF, 0x48, 0xAC, 0xEE, 0xFF,
    0x43, 0xA2, 0xEF, 0xFF, 0x38, 0x91, 0xFB, 0xFF, 0x38, 0x92, 0xFF, 0xFF, 0x3B, 0x98, 0xFF, 0xFF,
    0x3B, 0x9A, 0xFF, 0xFF, 0x3A, 0x9C, 0xFF, 0xFE, 0x3D, 0x9E, 0xFF, 0xFF, 0x3E, 0x98, 0xFF, 0x39,
    0x00, 0x00, 0x00, 0x00, 0x55, 0xAA, 0xFF, 0x03, 0x00, 0x00, 0x00, 0x00, 0x00, 0x00, 0x00, 0x00,
    0x00, 0x00, 0x00, 0x00, 0x00, 0x00, 0x00, 0x00, 0x00, 0x00, 0x00, 0x00, 0x00, 0x00, 0x00, 0x00,
    0x00, 0x00, 0x00, 0x00, 0x00, 0x00, 0x00, 0x00, 0x00, 0x00, 0x00, 0x00, 0x00, 0x00, 0x00, 0x00,
    0x00, 0x00, 0x00, 0x00, 0x00, 0x00, 0x00, 0x00, 0x00, 0x00, 0x00, 0x00, 0x00, 0x00, 0x00, 0x00,
    0x00, 0x00, 0x00, 0x00, 0x00, 0x00, 0x00, 0x00, 0x00, 0x00, 0x00, 0x00, 0x00, 0x00, 0x00, 0x00,
    0x00, 0x00, 0x00, 0x00, 0x00, 0x00, 0x00, 0x00, 0x00, 0x7F, 0xFF, 0x02, 0x00, 0x00, 0x00, 0x00,
    0x3A, 0x7C, 0xD7, 0x27, 0x29, 0x75, 0xD8, 0xFC, 0x25, 0x75, 0xDD, 0xFF, 0x29, 0x75, 0xDF, 0xFE,
    0x2D, 0x75, 0xE2, 0xFF, 0x30, 0x76, 0xE4, 0xFF, 0x2F, 0x73, 0xE7, 0xFF, 0x30, 0x75, 0xE9, 0xFF,
    0x3D, 0x88, 0xE3, 0xFF, 0x4A, 0x99, 0xDD, 0xFF, 0x4A, 0x9D, 0xDE, 0xFF, 0x46, 0x9B, 0xE0, 0xFF,
    0x43, 0x9C, 0xE3, 0xFF, 0x44, 0x9D, 0xE4, 0xFF, 0x44, 0x9E, 0xE6, 0xFF, 0x44, 0x9F, 0xE7, 0xFF,
    0x44, 0xA0, 0xE8, 0xFF, 0x44, 0xA1, 0xE9, 0xFF, 0x44, 0xA2, 0xEB, 0xFF, 0x44, 0xA3, 0xEC, 0xFF,
    0x44, 0xA4, 0xEC, 0xFF, 0x44, 0xA4, 0xED, 0xFF, 0x44, 0xA5, 0xEE, 0xFF, 0x44, 0xA6, 0xEF, 0xFF,
    0x44, 0xA6, 0xF0, 0xFF, 0x44, 0xA6, 0xF0, 0xFF, 0x44, 0xA6, 0xF0, 0xFF, 0x45, 0xA6, 0xEF, 0xFF,
    0x46, 0xA7, 0xEE, 0xFF, 0x4C, 0xA9, 0xEC, 0xFF, 0x4C, 0xA4, 0xEA, 0xFF, 0x3F, 0x92, 0xF1, 0xFF,
    0x36, 0x86, 0xFE, 0xFF, 0x39, 0x8A, 0xFF, 0xFF, 0x3C, 0x91, 0xFF, 0xFF, 0x3C, 0x95, 0xFF, 0xFF,
    0x3A, 0x97, 0xFF, 0xFE, 0x39, 0x98, 0xFF, 0xFF, 0x39, 0x97, 0xFF, 0xFC, 0x41, 0x8F, 0xFF, 0x27,
    0x00, 0x00, 0x00, 0x00, 0x7F, 0x7F, 0xFF, 0x02, 0x00, 0x00, 0x00, 0x00, 0x00, 0x00, 0x00, 0x00,
    0x00, 0x00, 0x00, 0x00, 0x00, 0x00, 0x00, 0x00, 0x00, 0x00, 0x00, 0x00, 0x00, 0x00, 0x00, 0x00,
    0x00, 0x00, 0x00, 0x00, 0x00, 0x00, 0x00, 0x00, 0x00, 0x00, 0x00, 0x00, 0x00, 0x00, 0x00, 0x00,
    0x00, 0x00, 0x00, 0x00, 0x00, 0x00, 0x00, 0x00, 0x00, 0x00, 0x00, 0x00, 0x00, 0x00, 0x00, 0x00,
    0x00, 0x00, 0x00, 0x00, 0x00, 0x00, 0x00, 0x00, 0x00, 0x00, 0x00, 0x00, 0x00, 0x00, 0x00, 0x00,
    0x00, 0x00, 0x00, 0x00, 0x00, 0x00, 0x00, 0x00, 0x00, 0x00, 0x00, 0x01, 0x00, 0x00, 0xFF, 0x01,
    0x55, 0x7F, 0xD4, 0x06, 0x31, 0x74, 0xD7, 0xD9, 0x2B, 0x78, 0xE5, 0xFD, 0x2D, 0x74, 0xDF, 0xFD,
    0x32, 0x76, 0xE3, 0xFF, 0x35, 0x75, 0xE5, 0xFF, 0x37, 0x75, 0xE6, 0xFF, 0x37, 0x75, 0xE8, 0xFF,
    0x34, 0x72, 0xEB, 0xFF, 0x38, 0x7A, 0xE9, 0xFF, 0x46, 0x8C, 0xE2, 0xFF, 0x51, 0x99, 0xDF, 0xFF,
    0x50, 0x9D, 0xDF, 0xFF, 0x4C, 0x9C, 0xE1, 0xFF, 0x48, 0x9C, 0xE3, 0xFF, 0x47, 0x9C, 0xE4, 0xFF,
    0x47, 0x9D, 0xE6, 0xFF, 0x47, 0x9E, 0xE7, 0xFF, 0x47, 0x9F, 0xE8, 0xFF, 0x47, 0x9F, 0xE9, 0xFF,
    0x47, 0xA0, 0xE9, 0xFF, 0x47, 0xA1, 0xEA, 0xFF, 0x47, 0xA1, 0xEB, 0xFF, 0x47, 0xA2, 0xEB, 0xFF,
    0x47, 0xA2, 0xEB, 0xFF, 0x49, 0xA3, 0xEB, 0xFF, 0x4C, 0xA4, 0xE9, 0xFF, 0x51, 0xA5, 0xE8, 0xFF,
    0x53, 0xA0, 0xE7, 0xFF, 0x47, 0x91, 0xE9, 0xFF, 0x38, 0x7F, 0xF1, 0xFF, 0x35, 0x7C, 0xFA, 0xFF,
    0x3B, 0x83, 0xFE, 0xFF, 0x3D, 0x88, 0xFF, 0xFF, 0x3D, 0x8C, 0xFF, 0xFF, 0x3C, 0x90, 0xFF, 0xFF,
    0x39, 0x92, 0xFF, 0xFD, 0x38, 0x99, 0xFF, 0xFD, 0x39, 0x91, 0xFF, 0xD9, 0x55, 0x7F, 0xFF, 0x06,
    0x00, 0x00, 0xFF, 0x01, 0x00, 0x00, 0xFF, 0x01, 0x00, 0x00, 0x00, 0x00, 0x00, 0x00, 0x00, 0x00,
    0x00, 0x00, 0x00, 0x00, 0x00, 0x00, 0x00, 0x00, 0x00, 0x00, 0x00, 0x00, 0x00, 0x00, 0x00, 0x00,
    0x00, 0x00, 0x00, 0x00, 0x00, 0x00, 0x00, 0x00, 0x00, 0x00, 0x00, 0x00, 0x00, 0x00, 0x00, 0x00,
    0x00, 0x00, 0x00, 0x00, 0x00, 0x00, 0x00, 0x00, 0x00, 0x00, 0x00, 0x00, 0x00, 0x00, 0x00, 0x00,
    0x00, 0x00, 0x00, 0x00, 0x00, 0x00, 0x00, 0x00, 0x00, 0x00, 0x00, 0x00, 0x00, 0x00, 0x00, 0x00,
    0x00, 0x00, 0x00, 0x00, 0x00, 0x00, 0x00, 0x00, 0x00, 0x00, 0x00, 0x00, 0x3F, 0x7F, 0xBF, 0x04,
    0x00, 0x00, 0x00, 0x00, 0x3C, 0x75, 0xD8, 0x71, 0x37, 0x7D, 0xED, 0xFF, 0x31, 0x74, 0xE0, 0xF9,
    0x36, 0x76, 0xE4, 0xFF, 0x39, 0x76, 0xE6, 0xFF, 0x3B, 0x76, 0xE7, 0xFF, 0x3C, 0x75, 0xE8, 0xFF,
    0x3C, 0x75, 0xE9, 0xFF, 0x38, 0x73, 0xEA, 0xFF, 0x34, 0x71, 0xEB, 0xFF, 0x3B, 0x78, 0xE9, 0xFE,
    0x4A, 0x86, 0xE4, 0xFE, 0x52, 0x93, 0xE1, 0xFF, 0x55, 0x99, 0xE0, 0xFF, 0x55, 0x9D, 0xE0, 0xFF,
    0x53, 0x9E, 0xE2, 0xFF, 0x51, 0x9E, 0xE3, 0xFF, 0x50, 0x9E, 0xE3, 0xFF, 0x4F, 0x9F, 0xE4, 0xFF,
    0x4F, 0x9F, 0xE5, 0xFF, 0x50, 0xA0, 0xE5, 0xFF, 0x51, 0xA0, 0xE5, 0xFF, 0x53, 0xA0, 0xE4, 0xFF,
    0x55, 0xA0, 0xE4, 0xFF, 0x56, 0x9E, 0xE5, 0xFF, 0x54, 0x98, 0xE7, 0xFF, 0x4B, 0x8B, 0xEA, 0xFE,
    0x3A, 0x7A, 0xEB, 0xFE, 0x33, 0x72, 0xEF, 0xFF, 0x37, 0x77, 0xF2, 0xFF, 0x3C, 0x7D, 0xF5, 0xFF,
    0x3D, 0x80, 0xF9, 0xFF, 0x3D, 0x84, 0xFD, 0xFF, 0x3D, 0x87, 0xFF, 0xFF, 0x3B, 0x8A, 0xFF, 0xFF,
    0x36, 0x8C, 0xFF, 0xF9, 0x3D, 0x98, 0xFF, 0xFF, 0x3F, 0x8B, 0xFC, 0x71, 0x00, 0x00, 0x00, 0x00,
    0x3F, 0x7F, 0xFF, 0x04, 0x00, 0x00, 0x00, 0x00, 0x00, 0x00, 0x00, 0x00, 0x00, 0x00, 0x00, 0x00,
    0x00, 0x00, 0x00, 0x00, 0x00, 0x00, 0x00, 0x00, 0x00, 0x00, 0x00, 0x00, 0x00, 0x00, 0x00, 0x00,
    0x00, 0x00, 0x00, 0x00, 0x00, 0x00, 0x00, 0x00, 0x00, 0x00, 0x00, 0x00, 0x00, 0x00, 0x00, 0x00,
    0x00, 0x00, 0x00, 0x00, 0x00, 0x00, 0x00, 0x00, 0x00, 0x00, 0x00, 0x00, 0x00, 0x00, 0x00, 0x00,
    0x00, 0x00, 0x00, 0x00, 0x00, 0x00, 0x00, 0x00, 0x00, 0x00, 0x00, 0x00, 0x00, 0x00, 0x00, 0x00,
    0x00, 0x00, 0x00, 0x00, 0x00, 0x00, 0x00, 0x00, 0x00, 0x00, 0x00, 0x00, 0x00, 0x00, 0xFF, 0x01,
    0x00, 0x7F, 0xFF, 0x02, 0x7F, 0x7F, 0xD4, 0x06, 0x40, 0x74, 0xDA, 0xC5, 0x3E, 0x7D, 0xF1, 0xFF,
    0x38, 0x74, 0xE2, 0xFA, 0x3B, 0x75, 0xE5, 0xFC, 0x3E, 0x75, 0xE6, 0xFE, 0x3F, 0x75, 0xE8, 0xFE,
    0x3F, 0x74, 0xE8, 0xFD, 0x3D, 0x74, 0xE8, 0xFB, 0x3B, 0x73, 0xE8, 0xFD, 0x3B, 0x73, 0xED, 0xFF,
    0x3A, 0x70, 0xE9, 0xFF, 0x35, 0x71, 0xE6, 0xFD, 0x32, 0x78, 0xE5, 0xFF, 0x37, 0x80, 0xE4, 0xFF,
    0x40, 0x88, 0xE3, 0xFF, 0x45, 0x8D, 0xE3, 0xFF, 0x48, 0x90, 0xE3, 0xFF, 0x49, 0x92, 0xE3, 0xFF,
    0x49, 0x92, 0xE3, 0xFF, 0x49, 0x92, 0xE5, 0xFF, 0x47, 0x90, 0xE7, 0xFF, 0x43, 0x8E, 0xEB, 0xFF,
    0x3D, 0x8A, 0xF1, 0xFF, 0x38, 0x85, 0xF7, 0xFF, 0x38, 0x7D, 0xF7, 0xFD, 0x3A, 0x76, 0xF3, 0xFF,
    0x3B, 0x75, 0xF1, 0xFF, 0x3B, 0x74, 0xEA, 0xFD, 0x3C, 0x75, 0xEC, 0xFB, 0x3F, 0x78, 0xEF, 0xFD,
    0x3F, 0x7B, 0xF2, 0xFE, 0x3F, 0x7F, 0xF6, 0xFE, 0x3C, 0x82, 0xF9, 0xFC, 0x3A, 0x83, 0xFB, 0xFA,
    0x40, 0x90, 0xFF, 0xFF, 0x43, 0x86, 0xF8, 0xC5, 0x7F, 0x7F, 0xFF, 0x06, 0x00, 0x7F, 0xFF, 0x02,
    0x00, 0x00, 0xFF, 0x01, 0x00, 0x00, 0x00, 0x00, 0x00, 0x00, 0x00, 0x00, 0x00, 0x00, 0x00, 0x00,
    0x00, 0x00, 0x00, 0x00, 0x00, 0x00, 0x00, 0x00, 0x00, 0x00, 0x00, 0x00, 0x00, 0x00, 0x00, 0x00,
    0x00, 0x00, 0x00, 0x00, 0x00, 0x00, 0x00, 0x00, 0x00, 0x00, 0x00, 0x00, 0x00, 0x00, 0x00, 0x00,
    0x00, 0x00, 0x00, 0x00, 0x00, 0x00, 0x00, 0x00, 0x00, 0x00, 0x00, 0x00, 0x00, 0x00, 0x00, 0x00,
    0x00, 0x00, 0x00, 0x00, 0x00, 0x00, 0x00, 0x00, 0x00, 0x00, 0x00, 0x00, 0x00, 0x00, 0x00, 0x00,
    0x00, 0x00, 0x00, 0x00, 0x00, 0x00, 0x00, 0x00, 0x00, 0x00, 0x00, 0x00, 0x00, 0x00, 0x00, 0x00,
    0x00, 0xFF, 0xFF, 0x01, 0x00, 0x00, 0x00, 0x00, 0x5C, 0x73, 0xD0, 0x16, 0x4A, 0x74, 0xDF, 0xBA,
    0x49, 0x7A, 0xEF, 0xFF, 0x45, 0x79, 0xEE, 0xFF, 0x43, 0x77, 0xEA, 0xFF, 0x45, 0x76, 0xEB, 0xFF,
    0x47, 0x79, 0xF0, 0xFF, 0x4C, 0x7C, 0xF7, 0xFF, 0x4D, 0x76, 0xED, 0xFF, 0x4C, 0x72, 0xE4, 0xEF,
    0x48, 0x72, 0xE3, 0xFF, 0x3B, 0x77, 0xED, 0xFF, 0x29, 0x70, 0xE3, 0xFD, 0x25, 0x71, 0xE6, 0xFF,
    0x27, 0x72, 0xE7, 0xFF, 0x2B, 0x73, 0xE9, 0xFF, 0x2E, 0x74, 0xEB, 0xFF, 0x31, 0x77, 0xEE, 0xFF,
    0x32, 0x79, 0xF2, 0xFF, 0x32, 0x7C, 0xF6, 0xFF, 0x32, 0x7F, 0xFB, 0xFF, 0x30, 0x82, 0xFF, 0xFF,
    0x2F, 0x84, 0xFF, 0xFF, 0x30, 0x83, 0xFF, 0xFD, 0x3D, 0x84, 0xFF, 0xFF, 0x48, 0x77, 0xEB, 0xFF,
    0x4B, 0x72, 0xE6, 0xEF, 0x4C, 0x75, 0xED, 0xFF, 0x4B, 0x7A, 0xF6, 0xFF, 0x47, 0x79, 0xF1, 0xFF,
    0x44, 0x79, 0xEF, 0xFF, 0x44, 0x7C, 0xF3, 0xFF, 0x45, 0x82, 0xFB, 0xFF, 0x4A, 0x87, 0xFF, 0xFF,
    0x4C, 0x82, 0xF2, 0xBA, 0x5C, 0x7F, 0xE7, 0x16, 0x00, 0x00, 0x00, 0x00, 0x00, 0xFF, 0xFF, 0x01,
    0x00, 0x00, 0x00, 0x00, 0x00, 0x00, 0x00, 0x00, 0x00, 0x00, 0x00, 0x00, 0x00, 0x00, 0x00, 0x00,
    0x00, 0x00, 0x00, 0x00, 0x00, 0x00, 0x00, 0x00, 0x00, 0x00, 0x00, 0x00, 0x00, 0x00, 0x00, 0x00,
    0x00, 0x00, 0x00, 0x00, 0x00, 0x00, 0x00, 0x00, 0x00, 0x00, 0x00, 0x00, 0x00, 0x00, 0x00, 0x00,
    0x00, 0x00, 0x00, 0x00, 0x00, 0x00, 0x00, 0x00, 0x00, 0x00, 0x00, 0x00, 0x00, 0x00, 0x00, 0x00,
    0x00, 0x00, 0x00, 0x00, 0x00, 0x00, 0x00, 0x00, 0x00, 0x00, 0x00, 0x00, 0x00, 0x00, 0x00, 0x00,
    0x00, 0x00, 0x00, 0x00, 0x00, 0x00, 0x00, 0x00, 0x00, 0x00, 0x00, 0x00, 0x00, 0x00, 0x00, 0x00,
    0x00, 0x00, 0x00, 0x00, 0x00, 0xFF, 0xFF, 0x01, 0x00, 0x00, 0x00, 0x00, 0x01, 0x00, 0x00, 0x00,
    0x57, 0x75, 0xE0, 0x5D, 0x53, 0x75, 0xE5, 0xBB, 0x50, 0x73, 0xE3, 0xE6, 0x51, 0x73, 0xE3, 0xED,
    0x55, 0x75, 0xE6, 0xD2, 0x5B, 0x75, 0xE6, 0x94, 0x61, 0x74, 0xE1, 0x44, 0x6D, 0x6D, 0xDA, 0x15,
    0x58, 0x70, 0xDC, 0x34, 0x44, 0x73, 0xE1, 0xC6, 0x36, 0x79, 0xEC, 0xFF, 0x2E, 0x74, 0xE2, 0xFC,
    0x32, 0x76, 0xE7, 0xFF, 0x35, 0x78, 0xEA, 0xFF, 0x38, 0x7A, 0xEE, 0xFF, 0x3A, 0x7D, 0xF3, 0xFF,
    0x3B, 0x81, 0xF8, 0xFF, 0x3C, 0x84, 0xFD, 0xFF, 0x3B, 0x88, 0xFF, 0xFF, 0x3A, 0x8A, 0xFF, 0xFF,
    0x35, 0x88, 0xFF, 0xFC, 0x3A, 0x8B, 0xFF, 0xFF, 0x47, 0x7E, 0xF3, 0xC5, 0x58, 0x75, 0xE1, 0x34,
    0x6D, 0x6D, 0xDA, 0x15, 0x61, 0x70, 0xE1, 0x44, 0x59, 0x73, 0xE5, 0x94, 0x55, 0x73, 0xE5, 0xD2,
    0x51, 0x73, 0xE3, 0xED, 0x50, 0x75, 0xE6, 0xE6, 0x54, 0x7A, 0xEB, 0xBB, 0x5A, 0x7E, 0xE9, 0x5D,
    0x01, 0x00, 0x00, 0x00, 0x00, 0x00, 0x00, 0x00, 0x00, 0xFF, 0xFF, 0x01, 0x00, 0x00, 0x00, 0x00,
    0x00, 0x00, 0x00, 0x00, 0x00, 0x00, 0x00, 0x00, 0x00, 0x00, 0x00, 0x00, 0x00, 0x00, 0x00, 0x00,
    0x00, 0x00, 0x00, 0x00, 0x00, 0x00, 0x00, 0x00, 0x00, 0x00, 0x00, 0x00, 0x00, 0x00, 0x00, 0x00,
    0x00, 0x00, 0x00, 0x00, 0x00, 0x00, 0x00, 0x00, 0x00, 0x00, 0x00, 0x00, 0x00, 0x00, 0x00, 0x00,
    0x00, 0x00, 0x00, 0x00, 0x00, 0x00, 0x00, 0x00, 0x00, 0x00, 0x00, 0x00, 0x00, 0x00, 0x00, 0x00,
    0x00, 0x00, 0x00, 0x00, 0x00, 0x00, 0x00, 0x00, 0x00, 0x00, 0x00, 0x00, 0x00, 0x00, 0x00, 0x00,
    0x00, 0x00, 0x00, 0x00, 0x00, 0x00, 0x00, 0x00, 0x00, 0x00, 0x00, 0x00, 0x00, 0x00, 0x00, 0x00,
    0x00, 0x00, 0x00, 0x00, 0x00, 0x00, 0x00, 0x00, 0x00, 0xFF, 0xFF, 0x01, 0x00, 0x00, 0x00, 0x00,
    0x00, 0x00, 0x00, 0x00, 0x00, 0x00, 0x00, 0x00, 0x75, 0x75, 0xD7, 0x0D, 0x78, 0x78, 0xD2, 0x11,
    0x02, 0x00, 0x00, 0x00, 0x00, 0x00, 0x00, 0x00, 0x00, 0x00, 0x00, 0x00, 0x00, 0x00, 0x00, 0x00,
    0x00, 0x00, 0x00, 0x00, 0x5F, 0x6F, 0xCF, 0x10, 0x41, 0x74, 0xE0, 0xDB, 0x37, 0x78, 0xEB, 0xFF,
    0x35, 0x74, 0xE4, 0xFC, 0x39, 0x78, 0xEA, 0xFF, 0x3B, 0x7A, 0xEF, 0xFF, 0x3D, 0x7E, 0xF4, 0xFF,
    0x3F, 0x81, 0xF9, 0xFF, 0x3F, 0x84, 0xFD, 0xFF, 0x3E, 0x87, 0xFF, 0xFF, 0x3A, 0x87, 0xFF, 0xFC,
    0x3B, 0x8C, 0xFF, 0xFF, 0x43, 0x83, 0xF6, 0xDB, 0x5F, 0x6F, 0xCF, 0x10, 0x00, 0x00, 0x00, 0x00,
    0x00, 0x00, 0x00, 0x00, 0x00, 0x00, 0x00, 0x00, 0x00, 0x00, 0x00, 0x00, 0x02, 0x00, 0x00, 0x00,
    0x78, 0x78, 0xE1, 0x11, 0x75, 0x75, 0xD7, 0x0D, 0x00, 0x00, 0x00, 0x00, 0x00, 0x00, 0x00, 0x00,
    0x00, 0x00, 0x00, 0x00, 0x00, 0xFF, 0xFF, 0x01, 0x00, 0x00, 0x00, 0x00, 0x00, 0x00, 0x00, 0x00,
    0x00, 0x00, 0x00, 0x00, 0x00, 0x00, 0x00, 0x00, 0x00, 0x00, 0x00, 0x00, 0x00, 0x00, 0x00, 0x00,
    0x00, 0x00, 0x00, 0x00, 0x00, 0x00, 0x00, 0x00, 0x00, 0x00, 0x00, 0x00, 0x00, 0x00, 0x00, 0x00,
    0x00, 0x00, 0x00, 0x00, 0x00, 0x00, 0x00, 0x00, 0x00, 0x00, 0x00, 0x00, 0x00, 0x00, 0x00, 0x00,
    0x00, 0x00, 0x00, 0x00, 0x00, 0x00, 0x00, 0x00, 0x00, 0x00, 0x00, 0x00, 0x00, 0x00, 0x00, 0x00,
    0x00, 0x00, 0x00, 0x00, 0x00, 0x00, 0x00, 0x00, 0x00, 0x00, 0x00, 0x00, 0x00, 0x00, 0x00, 0x00,
    0x00, 0x00, 0x00, 0x00, 0x00, 0x00, 0x00, 0x00, 0x00, 0x00, 0x00, 0x00, 0x00, 0x00, 0x00, 0x00,
    0x00, 0x00, 0x00, 0x00, 0x00, 0x00, 0x00, 0x00, 0x00, 0x00, 0x00, 0x00, 0x00, 0x00, 0x00, 0x01,
    0x55, 0xAA, 0xFF, 0x03, 0x00, 0x7F, 0xFF, 0x02, 0x00, 0x00, 0x00, 0x00, 0x00, 0x00, 0x00, 0x00,
    0x00, 0x00, 0x00, 0x00, 0x3F, 0x7F, 0xBF, 0x04, 0x55, 0x55, 0xFF, 0x03, 0x00, 0x00, 0xFF, 0x01,
    0x33, 0x66, 0xCC, 0x05, 0x00, 0x00, 0x00, 0x00, 0x50, 0x73, 0xD7, 0x33, 0x45, 0x76, 0xE5, 0xF6,
    0x3D, 0x77, 0xE9, 0xFF, 0x3C, 0x75, 0xE7, 0xFA, 0x3E, 0x78, 0xEB, 0xFE, 0x40, 0x7C, 0xF1, 0xFE,
    0x40, 0x7E, 0xF6, 0xFE, 0x40, 0x81, 0xF9, 0xFE, 0x3E, 0x83, 0xFC, 0xFA, 0x3F, 0x88, 0xFF, 0xFF,
    0x47, 0x86, 0xF8, 0xF6, 0x50, 0x7D, 0xEB, 0x33, 0x00, 0x00, 0x00, 0x00, 0x33, 0x66, 0xCC, 0x05,
    0x00, 0x00, 0xFF, 0x01, 0x55, 0x55, 0xFF, 0x03, 0x3F, 0x7F, 0xBF, 0x04, 0x00, 0x00, 0x00, 0x00,
    0x00, 0x00, 0x00, 0x00, 0x00, 0x00, 0x00, 0x00, 0x00, 0x7F, 0xFF, 0x02, 0x55, 0xAA, 0xFF, 0x03,
    0x00, 0x00, 0x00, 0x01, 0x00, 0x00, 0x00, 0x00, 0x00, 0x00, 0x00, 0x00, 0x00, 0x00, 0x00, 0x00,
    0x00, 0x00, 0x00, 0x00, 0x00, 0x00, 0x00, 0x00, 0x00, 0x00, 0x00, 0x00, 0x00, 0x00, 0x00, 0x00,
    0x00, 0x00, 0x00, 0x00, 0x00, 0x00, 0x00, 0x00, 0x00, 0x00, 0x00, 0x00, 0x00, 0x00, 0x00, 0x00,
    0x00, 0x00, 0x00, 0x00, 0x00, 0x00, 0x00, 0x00, 0x00, 0x00, 0x00, 0x00, 0x00, 0x00, 0x00, 0x00,
    0x00, 0x00, 0x00, 0x00, 0x00, 0x00, 0x00, 0x00, 0x00, 0x00, 0x00, 0x00, 0x00, 0x00, 0x00, 0x00,
    0x00, 0x00, 0x00, 0x00, 0x00, 0x00, 0x00, 0x00, 0x00, 0x00, 0x00, 0x00, 0x00, 0x00, 0x00, 0x00,
    0x00, 0x00, 0x00, 0x00, 0x00, 0x00, 0x00, 0x00, 0x00, 0x00, 0x00, 0x00, 0x00, 0x00, 0x00, 0x00,
    0x00, 0x00, 0x00, 0x00, 0x00, 0x00, 0x00, 0x00, 0x00, 0x00, 0x00, 0x00, 0x00, 0x00, 0x00, 0x00,
    0x00, 0x00, 0x00, 0x00, 0x00, 0x00, 0x00, 0x00, 0x00, 0x00, 0xFF, 0x01, 0x00, 0xFF, 0xFF, 0x01,
    0x00, 0x00, 0x00, 0x01, 0x00, 0x00, 0x00, 0x00, 0x00, 0x00, 0x00, 0x00, 0x00, 0x00, 0x00, 0x00,
    0x00, 0x00, 0x00, 0x00, 0x55, 0xAA, 0xFF, 0x03, 0x00, 0x00, 0x00, 0x00, 0x52, 0x6F, 0xD3, 0x47,
    0x4D, 0x75, 0xE6, 0xEE, 0x4A, 0x7C, 0xF4, 0xFF, 0x44, 0x77, 0xEB, 0xFF, 0x43, 0x78, 0xEC, 0xFF,
    0x43, 0x7A, 0xF0, 0xFF, 0x44, 0x7F, 0xF7, 0xFF, 0x4B, 0x88, 0xFF, 0xFF, 0x4F, 0x84, 0xF7, 0xED,
    0x56, 0x7A, 0xE9, 0x47, 0x00, 0x00, 0x00, 0x00, 0x55, 0xAA, 0xFF, 0x03, 0x00, 0x00, 0x00, 0x00,
    0x00, 0x00, 0x00, 0x00, 0x00, 0x00, 0x00, 0x00, 0x00, 0x00, 0x00, 0x00, 0x00, 0x00, 0x00, 0x01,
    0x00, 0xFF, 0xFF, 0x01, 0x00, 0x00, 0xFF, 0x01, 0x00, 0x00, 0x00, 0x00, 0x00, 0x00, 0x00, 0x00,
    0x00, 0x00, 0x00, 0x00, 0x00, 0x00, 0x00, 0x00, 0x00, 0x00, 0x00, 0x00, 0x00, 0x00, 0x00, 0x00,
    0x00, 0x00, 0x00, 0x00, 0x00, 0x00, 0x00, 0x00, 0x00, 0x00, 0x00, 0x00, 0x00, 0x00, 0x00, 0x00,
    0x00, 0x00, 0x00, 0x00, 0x00, 0x00, 0x00, 0x00, 0x00, 0x00, 0x00, 0x00, 0x00, 0x00, 0x00, 0x00,
    0x00, 0x00, 0x00, 0x00, 0x00, 0x00, 0x00, 0x00, 0x00, 0x00, 0x00, 0x00, 0x00, 0x00, 0x00, 0x00,
    0x00, 0x00, 0x00, 0x00, 0x00, 0x00, 0x00, 0x00, 0x00, 0x00, 0x00, 0x00, 0x00, 0x00, 0x00, 0x00,
    0x00, 0x00, 0x00, 0x00, 0x00, 0x00, 0x00, 0x00, 0x00, 0x00, 0x00, 0x00, 0x00, 0x00, 0x00, 0x00,
    0x00, 0x00, 0x00, 0x00, 0x00, 0x00, 0x00, 0x00, 0x00, 0x00, 0x00, 0x00, 0x00, 0x00, 0x00, 0x00,
    0x00, 0x00, 0x00, 0x00, 0x00, 0x00, 0x00, 0x00, 0x00, 0x00, 0x00, 0x00, 0x00, 0x00, 0x00, 0x00,
    0x00, 0x00, 0x00, 0x00, 0x00, 0x00, 0x00, 0x00, 0x00, 0x00, 0x00, 0x00, 0x00, 0x00, 0x00, 0x00,
    0x00, 0x00, 0x00, 0x00, 0x00, 0x00, 0x00, 0x00, 0x00, 0x00, 0x00, 0x00, 0x00, 0x00, 0x00, 0x00,
    0x00, 0x00, 0x00, 0x00, 0x00, 0x00, 0x00, 0x00, 0x55, 0xAA, 0xAA, 0x03, 0x00, 0x00, 0x00, 0x00,
    0x63, 0x71, 0xD4, 0x24, 0x58, 0x76, 0xE6, 0x99, 0x53, 0x74, 0xE6, 0xE5, 0x4F, 0x73, 0xE5, 0xFD,
    0x50, 0x75, 0xE7, 0xFD, 0x54, 0x7A, 0xED, 0xE5, 0x5A, 0x7E, 0xF1, 0x99, 0x63, 0x78, 0xE2, 0x24,
    0x00, 0x00, 0x00, 0x00, 0x55, 0xAA, 0xFF, 0x03, 0x00, 0x00, 0x00, 0x00, 0x00, 0x00, 0x00, 0x00,
    0x00, 0x00, 0x00, 0x00, 0x00, 0x00, 0x00, 0x00, 0x00, 0x00, 0x00, 0x00, 0x00, 0x00, 0x00, 0x00,
    0x00, 0x00, 0x00, 0x00, 0x00, 0x00, 0x00, 0x00, 0x00, 0x00, 0x00, 0x00, 0x00, 0x00, 0x00, 0x00,
    0x00, 0x00, 0x00, 0x00, 0x00, 0x00, 0x00, 0x00, 0x00, 0x00, 0x00, 0x00, 0x00, 0x00, 0x00, 0x00,
    0x00, 0x00, 0x00, 0x00, 0x00, 0x00, 0x00, 0x00, 0x00, 0x00, 0x00, 0x00, 0x00, 0x00, 0x00, 0x00,
    0x00, 0x00, 0x00, 0x00, 0x00, 0x00, 0x00, 0x00, 0x00, 0x00, 0x00, 0x00, 0x00, 0x00, 0x00, 0x00,
    0x00, 0x00, 0x00, 0x00, 0x00, 0x00, 0x00, 0x00, 0x00, 0x00, 0x00, 0x00, 0x00, 0x00, 0x00, 0x00,
    0x00, 0x00, 0x00, 0x00, 0x00, 0x00, 0x00, 0x00, 0x00, 0x00, 0x00, 0x00, 0x00, 0x00, 0x00, 0x00,
    0x00, 0x00, 0x00, 0x00, 0x00, 0x00, 0x00, 0x00, 0x00, 0x00, 0x00, 0x00, 0x00, 0x00, 0x00, 0x00,
    0x00, 0x00, 0x00, 0x00, 0x00, 0x00, 0x00, 0x00, 0x00, 0x00, 0x00, 0x00, 0x00, 0x00, 0x00, 0x00,
    0x00, 0x00, 0x00, 0x00, 0x00, 0x00, 0x00, 0x00, 0x00, 0x00, 0x00, 0x00, 0x00, 0x00, 0x00, 0x00,
    0x00, 0x00, 0x00, 0x00, 0x00, 0x00, 0x00, 0x00, 0x00, 0x00, 0x00, 0x00, 0x00, 0x00, 0x00, 0x00,
    0x00, 0x00, 0x00, 0x00, 0x00, 0x00, 0x00, 0x00, 0x00, 0x00, 0x00, 0x00, 0x00, 0x00, 0x00, 0x00,
    0x00, 0x00, 0x00, 0x00, 0x00, 0x00, 0x00, 0x00, 0x00, 0x00, 0x00, 0x00, 0x55, 0x55, 0xAA, 0x03,
    0x00, 0x00, 0x00, 0x00, 0x00, 0x00, 0x00, 0x00, 0x7F, 0x7F, 0xDA, 0x0E, 0x68, 0x79, 0xE2, 0x2C,
    0x68, 0x79, 0xE2, 0x2C, 0x7F, 0x7F, 0xDA, 0x0E, 0x00, 0x00, 0x00, 0x00, 0x00, 0x00, 0x00, 0x00,
    0x55, 0x55, 0xAA, 0x03, 0x00, 0x00, 0x00, 0x00, 0x00, 0x00, 0x00, 0x00, 0x00, 0x00, 0x00, 0x00,
    0x00, 0x00, 0x00, 0x00, 0x00, 0x00, 0x00, 0x00, 0x00, 0x00, 0x00, 0x00, 0x00, 0x00, 0x00, 0x00,
    0x00, 0x00, 0x00, 0x00, 0x00, 0x00, 0x00, 0x00, 0x00, 0x00, 0x00, 0x00, 0x00, 0x00, 0x00, 0x00,
    0x00, 0x00, 0x00, 0x00, 0x00, 0x00, 0x00, 0x00, 0x00, 0x00, 0x00, 0x00, 0x00, 0x00, 0x00, 0x00,
    0x00, 0x00, 0x00, 0x00, 0x00, 0x00, 0x00, 0x00, 0x00, 0x00, 0x00, 0x00, 0x00, 0x00, 0x00, 0x00,
    0x00, 0x00, 0x00, 0x00, 0x00, 0x00, 0x00, 0x00, 0x00, 0x00, 0x00, 0x00, 0x00, 0x00, 0x00, 0x00,
    0x00, 0x00, 0x00, 0x00, 0x00, 0x00, 0x00, 0x00, 0x00, 0x00, 0x00, 0x00, 0x00, 0x00, 0x00, 0x00,
    0x00, 0x00, 0x00, 0x00, 0x00, 0x00, 0x00, 0x00, 0x00, 0x00, 0x00, 0x00, 0x00, 0x00, 0x00, 0x00,
    0x00, 0x00, 0x00, 0x00, 0x00, 0x00, 0x00, 0x00, 0x00, 0x00, 0x00, 0x00, 0x00, 0x00, 0x00, 0x00,
    0x00, 0x00, 0x00, 0x00, 0x00, 0x00, 0x00, 0x00, 0x00, 0x00, 0x00, 0x00, 0x00, 0x00, 0x00, 0x00,
    0x00, 0x00, 0x00, 0x00, 0x00, 0x00, 0x00, 0x00, 0x00, 0x00, 0x00, 0x00, 0x00, 0x00, 0x00, 0x00,
    0x00, 0x00, 0x00, 0x00, 0x00, 0x00, 0x00, 0x00, 0x00, 0x00, 0x00, 0x00, 0x00, 0x00, 0x00, 0x00,
    0x00, 0x00, 0x00, 0x00, 0x00, 0x00, 0x00, 0x00, 0x00, 0x00, 0x00, 0x00, 0x00, 0x00, 0x00, 0x00,
    0x00, 0x00, 0x00, 0x00, 0x00, 0x00, 0x00, 0x00, 0x00, 0x00, 0x00, 0x00, 0x00, 0x00, 0x00, 0x00,
    0x7F, 0x7F, 0xFF, 0x02, 0x55, 0x55, 0xFF, 0x03, 0x00, 0x00, 0x00, 0x00, 0x00, 0x00, 0x00, 0x00,
    0x00, 0x00, 0x00, 0x00, 0x00, 0x00, 0x00, 0x00, 0x55, 0xAA, 0xFF, 0x03, 0x7F, 0x7F, 0xFF, 0x02,
    0x00, 0x00, 0x00, 0x00, 0x00, 0x00, 0x00, 0x00, 0x00, 0x00, 0x00, 0x00, 0x00, 0x00, 0x00, 0x00,
    0x00, 0x00, 0x00, 0x00, 0x00, 0x00, 0x00, 0x00, 0x00, 0x00, 0x00, 0x00, 0x00, 0x00, 0x00, 0x00,
    0x00, 0x00, 0x00, 0x00, 0x00, 0x00, 0x00, 0x00, 0x00, 0x00, 0x00, 0x00, 0x00, 0x00, 0x00, 0x00,
    0x00, 0x00, 0x00, 0x00, 0x00, 0x00, 0x00, 0x00, 0x00, 0x00, 0x00, 0x00, 0x00, 0x00, 0x00, 0x00,
    0x00, 0x00, 0x00, 0x00, 0x00, 0x00, 0x00, 0x00, 0x00, 0x00, 0x00, 0x00, 0x00, 0x00, 0x00, 0x00,
    0x00, 0x00, 0x00, 0x00, 0x00, 0x00, 0x00, 0x00, 0x00, 0x00, 0x00, 0x00, 0x00, 0x00, 0x00, 0x00,
    0x00, 0x00, 0x00, 0x00, 0x00, 0x00, 0x00, 0x00, 0x00, 0x00, 0x00, 0x00, 0x00, 0x00, 0x00, 0x00,
    0x00, 0x00, 0x00, 0x00, 0x00, 0x00, 0x00, 0x00, 0x00, 0x00, 0x00, 0x00, 0x00, 0x00, 0x00, 0x00,
    0x00, 0x00, 0x00, 0x00, 0x00, 0x00, 0x00, 0x00, 0x00, 0x00, 0x00, 0x00, 0x00, 0x00, 0x00, 0x00,
    0x00, 0x00, 0x00, 0x00, 0x00, 0x00, 0x00, 0x00, 0x00, 0x00, 0x00, 0x00, 0x00, 0x00, 0x00, 0x00,
    0x00, 0x00, 0x00, 0x00, 0x00, 0x00, 0x00, 0x00, 0x00, 0x00, 0x00, 0x00, 0x00, 0x00, 0x00, 0x00,
    0x00, 0x00, 0x00, 0x00, 0x00, 0x00, 0x00, 0x00, 0x00, 0x00, 0x00, 0x00, 0x00, 0x00, 0x00, 0x00,
    0x00, 0x00, 0x00, 0x00, 0x00, 0x00, 0x00, 0x00, 0x00, 0x00, 0x00, 0x00, 0x00, 0x00, 0x00, 0x00,
    0x00, 0x00, 0x00, 0x00, 0x00, 0x00, 0x00, 0x00, 0x00, 0x00, 0x00, 0x00, 0x00, 0x00, 0x00, 0x00,
    0x00, 0x00, 0x00, 0x00, 0x00, 0x00, 0x00, 0x00, 0x00, 0x00, 0xFF, 0x01, 0x7F, 0x7F, 0xFF, 0x02,
    0x7F, 0x7F, 0xFF, 0x02, 0x00, 0x00, 0xFF, 0x01, 0x00, 0x00, 0x00, 0x00, 0x00, 0x00, 0x00, 0x00,
    0x00, 0x00, 0x00, 0x00, 0x00, 0x00, 0x00, 0x00, 0x00, 0x00, 0x00, 0x00, 0x00, 0x00, 0x00, 0x00,
    0x00, 0x00, 0x00, 0x00, 0x00, 0x00, 0x00, 0x00, 0x00, 0x00, 0x00, 0x00, 0x00, 0x00, 0x00, 0x00,
    0x00, 0x00, 0x00, 0x00, 0x00, 0x00, 0x00, 0x00, 0x00, 0x00, 0x00, 0x00, 0x00, 0x00, 0x00, 0x00,
    0x00, 0x00, 0x00, 0x00, 0x00, 0x00, 0x00, 0x00, 0x00, 0x00, 0x00, 0x00, 0x00, 0x00, 0x00, 0x00,
    0x00, 0x00, 0x00, 0x00, 0x00, 0x00, 0x00, 0x00, 0x00, 0x00, 0x00, 0x00, 0x00, 0x00, 0x00, 0x00,
    0x00, 0x00, 0x00, 0x00, 0x00, 0x00, 0x00, 0x00, 0x00, 0x00, 0x00, 0x00, 0x00, 0x00, 0x00, 0x00,
    0x00, 0x00, 0x00, 0x00, 0x00, 0x00, 0x00, 0x00, 0x00, 0x00, 0x00, 0x00, 0x00, 0x00, 0x00, 0x00,
    0x00, 0x00, 0x00, 0x00, 0x00, 0x00, 0x00, 0x00, 0x00, 0x00, 0x00, 0x00, 0x00, 0x00, 0x00, 0x00,
    0x00, 0x00, 0x00, 0x00, 0x00, 0x00, 0x00, 0x00, 0x00, 0x00, 0x00, 0x00, 0x00, 0x00, 0x00, 0x00,
    0x00, 0x00, 0x00, 0x00, 0x00, 0x00, 0x00, 0x00, 0x00, 0x00, 0x00, 0x00, 0x00, 0x00, 0x00, 0x00,
    0x00, 0x00, 0x00, 0x00, 0x00, 0x00, 0x00, 0x00, 0x00, 0x00, 0x00, 0x00, 0x00, 0x00, 0x00, 0x00,
    0x00, 0x00, 0x00, 0x00, 0x00, 0x00, 0x00, 0x00, 0x00, 0x00, 0x00, 0x00, 0x00, 0x00, 0x00, 0x00,
    0x00, 0x00, 0x00, 0x00, 0x00, 0x00, 0x00, 0x00, 0x00, 0x00, 0x00, 0x00, 0x00, 0x00, 0x00, 0x00,
    0x00, 0x00, 0x00, 0x00, 0x00, 0x00, 0x00, 0x00, 0x00, 0x00, 0x00, 0x00, 0x00, 0x00, 0x00, 0x00,
    0x00, 0x00, 0x00, 0x00, 0x00, 0x00, 0x00, 0x00, 0x00, 0x00, 0x00, 0x00, 0x00, 0x00, 0x00, 0x00,
    0x00, 0x00, 0x00, 0x00, 0x00, 0x00, 0x00, 0x00, 0x00, 0x00, 0x00, 0x00, 0x00, 0x00, 0x00, 0x00,
    0x00, 0x00, 0x00, 0x00, 0x00, 0x00, 0x00, 0x00, 0x00, 0x00, 0x00, 0x00, 0x00, 0x00, 0x00, 0x00,
    0x00, 0x00, 0x00, 0x00, 0x00, 0x00, 0x00, 0x00, 0x00, 0x00, 0x00, 0x00, 0x00, 0x00, 0x00, 0x00,
    0x00, 0x00, 0x00, 0x00, 0x00, 0x00, 0x00, 0x00, 0x00, 0x00, 0x00, 0x00, 0x00, 0x00, 0x00, 0x00,
    0x00, 0x00, 0x00, 0x00, 0x00, 0x00, 0x00, 0x00, 0x00, 0x00, 0x00, 0x00, 0x00, 0x00, 0x00, 0x00,
    0x00, 0x00, 0x00, 0x00, 0x00, 0x00, 0x00, 0x00, 0x00, 0x00, 0x00, 0x00, 0x00, 0x00, 0x00, 0x00,
    0x00, 0x00, 0x00, 0x00, 0x00, 0x00, 0x00, 0x00, 0x00, 0x00, 0x00, 0x00, 0x00, 0x00, 0x00, 0x00,
    0x00, 0x00, 0x00, 0x00, 0x00, 0x00, 0x00, 0x00, 0x00, 0x00, 0x00, 0x00, 0x00, 0x00, 0x00, 0x00,
};

const lv_image_dsc_t UI_IMG_WMO_CLEAR_PNG = {
    .header.w     = 64,
    .header.h     = 64,
    .data_size    = sizeof(UI_IMG_WMO_CLEAR_PNG_DATA),
    .header.cf    = LV_COLOR_FORMAT_ARGB8888,
    .header.magic = LV_IMAGE_HEADER_MAGIC,
    .data         = UI_IMG_WMO_CLEAR_PNG_DATA};
