// Auto-generated from wmo-snow-grains.png — 64x64 ARGB8888
#include "../../ui.h"

#ifndef LV_ATTRIBUTE_MEM_ALIGN
#    define LV_ATTRIBUTE_MEM_ALIGN
#endif

const LV_ATTRIBUTE_MEM_ALIGN uint8_t UI_IMG_WMO_SNOW_GRAINS_PNG_DATA[] = {
    0x00, 0x00, 0x00, 0x00, 0x00, 0x00, 0x00, 0x00, 0x00, 0x00, 0x00, 0x00, 0x00, 0x00, 0x00, 0x00,
    0x00, 0x00, 0x00, 0x00, 0x00, 0x00, 0x00, 0x00, 0x00, 0x00, 0x00, 0x00, 0x00, 0x00, 0x00, 0x00,
    0x00, 0x00, 0x00, 0x00, 0x00, 0x00, 0x00, 0x00, 0x00, 0x00, 0x00, 0x00, 0x00, 0x00, 0x00, 0x00,
    0x00, 0x00, 0x00, 0x00, 0x00, 0x00, 0x00, 0x00, 0x00, 0x00, 0x00, 0x00, 0x00, 0x00, 0x00, 0x00,
    0x00, 0x00, 0x00, 0x00, 0x00, 0x00, 0x00, 0x00, 0x00, 0x00, 0x00, 0x00, 0x00, 0x00, 0x00, 0x00,
    0x00, 0x00, 0x00, 0x00, 0x00, 0x00, 0x00, 0x00, 0x00, 0x00, 0x00, 0x00, 0x00, 0x00, 0x00, 0x00,
    0x00, 0x00, 0x00, 0x00, 0x00, 0x00, 0x00, 0x00, 0x00, 0x00, 0x00, 0x00, 0x00, 0x00, 0x00, 0x00,
    0x00, 0x00, 0x00, 0x00, 0x00, 0x00, 0x00, 0x00, 0x00, 0x00, 0x00, 0x00, 0x00, 0x00, 0x00, 0x00,
    0x00, 0x00, 0x00, 0x00, 0x00, 0x00, 0x00, 0x00, 0x00, 0x00, 0x00, 0x00, 0x00, 0x00, 0x00, 0x00,
    0x00, 0x00, 0x00, 0x00, 0x00, 0x00, 0x00, 0x00, 0x00, 0x00, 0x00, 0x00, 0x00, 0x00, 0x00, 0x00,
    0x00, 0x00, 0x00, 0x00, 0x00, 0x00, 0x00, 0x00, 0x00, 0x00, 0x00, 0x00, 0x00, 0x00, 0x00, 0x00,
    0x00, 0x00, 0x00, 0x00, 0x00, 0x00, 0x00, 0x00, 0x00, 0x00, 0x00, 0x00, 0x00, 0x00, 0x00, 0x00,
    0x00, 0x00, 0x00, 0x00, 0x00, 0x00, 0x00, 0x00, 0x00, 0x00, 0x00, 0x00, 0x00, 0x00, 0x00, 0x00,
    0x00, 0x00, 0x00, 0x00, 0x00, 0x00, 0x00, 0x00, 0x00, 0x00, 0x00, 0x00, 0x00, 0x00, 0x00, 0x00,
    0x00, 0x00, 0x00, 0x00, 0x00, 0x00, 0x00, 0x00, 0x00, 0x00, 0x00, 0x00, 0x00, 0x00, 0x00, 0x00,
    0x00, 0x00, 0x00, 0x00, 0x00, 0x00, 0x00, 0x00, 0x00, 0x00, 0x00, 0x00, 0x00, 0x00, 0x00, 0x00,
    0x00, 0x00, 0x00, 0x00, 0x00, 0x00, 0x00, 0x00, 0x00, 0x00, 0x00, 0x00, 0x00, 0x00, 0x00, 0x00,
    0x00, 0x00, 0x00, 0x00, 0x00, 0x00, 0x00, 0x00, 0x00, 0x00, 0x00, 0x00, 0x00, 0x00, 0x00, 0x00,
    0x00, 0x00, 0x00, 0x00, 0x00, 0x00, 0x00, 0x00, 0x00, 0x00, 0x00, 0x00, 0x00, 0x00, 0x00, 0x00,
    0x00, 0x00, 0x00, 0x00, 0x00, 0x00, 0x00, 0x00, 0x00, 0x00, 0x00, 0x00, 0x00, 0x00, 0x00, 0x00,
    0x00, 0x00, 0x00, 0x00, 0x00, 0x00, 0x00, 0x00, 0x00, 0x00, 0x00, 0x00, 0x00, 0x00, 0x00, 0x00,
    0x00, 0x00, 0x00, 0x00, 0x00, 0x00, 0x00, 0x00, 0x00, 0x00, 0x00, 0x00, 0x00, 0x00, 0x00, 0x00,
    0x00, 0x00, 0x00, 0x00, 0x00, 0x00, 0x00, 0x00, 0x00, 0x00, 0x00, 0x00, 0x00, 0x00, 0x00, 0x00,
    0x00, 0x00, 0x00, 0x00, 0x00, 0x00, 0x00, 0x00, 0x00, 0x00, 0x00, 0x00, 0x00, 0x00, 0x00, 0x00,
    0x00, 0x00, 0x00, 0x00, 0x00, 0x00, 0x00, 0x00, 0x00, 0x00, 0x00, 0x00, 0x00, 0x00, 0x00, 0x00,
    0x00, 0x00, 0x00, 0x00, 0x00, 0x00, 0x00, 0x00, 0x00, 0x00, 0x00, 0x00, 0x00, 0x00, 0x00, 0x00,
    0x00, 0x00, 0x00, 0x00, 0x00, 0x00, 0x00, 0x00, 0x00, 0x00, 0x00, 0x00, 0x00, 0x00, 0x00, 0x00,
    0x00, 0x00, 0x00, 0x00, 0x00, 0x00, 0x00, 0x00, 0x00, 0x00, 0x00, 0x00, 0x00, 0x00, 0x00, 0x00,
    0x00, 0x00, 0x00, 0x00, 0x00, 0x00, 0x00, 0x00, 0x00, 0x00, 0x00, 0x00, 0x00, 0x00, 0x00, 0x00,
    0x00, 0x00, 0x00, 0x00, 0x00, 0x00, 0x00, 0x00, 0x00, 0x00, 0x00, 0x00, 0x00, 0x00, 0x00, 0x00,
    0x00, 0x00, 0x00, 0x00, 0x00, 0x00, 0x00, 0x00, 0x00, 0x00, 0x00, 0x00, 0x00, 0x00, 0x00, 0x00,
    0x00, 0x00, 0x00, 0x00, 0x00, 0x00, 0x00, 0x00, 0x00, 0x00, 0x00, 0x00, 0x00, 0x00, 0x00, 0x00,
    0x00, 0x00, 0x00, 0x00, 0x00, 0x00, 0x00, 0x00, 0x00, 0x00, 0x00, 0x00, 0x00, 0x00, 0x00, 0x00,
    0x00, 0x00, 0x00, 0x00, 0x00, 0x00, 0x00, 0x00, 0x00, 0x00, 0x00, 0x00, 0x00, 0x00, 0x00, 0x00,
    0x00, 0x00, 0x00, 0x00, 0x00, 0x00, 0x00, 0x00, 0x00, 0x00, 0x00, 0x00, 0x00, 0x00, 0x00, 0x00,
    0x00, 0x00, 0x00, 0x00, 0x00, 0x00, 0x00, 0x00, 0x00, 0x00, 0x00, 0x00, 0x00, 0x00, 0x00, 0x00,
    0x00, 0x00, 0x00, 0x00, 0x00, 0x00, 0x00, 0x00, 0x00, 0x00, 0x00, 0x00, 0x00, 0x00, 0x00, 0x00,
    0x00, 0x00, 0x00, 0x00, 0x00, 0x00, 0x00, 0x00, 0x00, 0x00, 0x00, 0x00, 0x00, 0x00, 0x00, 0x00,
    0x00, 0x00, 0x00, 0x00, 0x00, 0x00, 0x00, 0x00, 0x00, 0x00, 0x00, 0x00, 0x00, 0x00, 0x00, 0x00,
    0x00, 0x00, 0x00, 0x00, 0x00, 0x00, 0x00, 0x00, 0xFF, 0x7F, 0x7F, 0x02, 0x00, 0x00, 0x00, 0x00,
    0x00, 0x00, 0x00, 0x00, 0xFF, 0xFF, 0x7F, 0x02, 0x00, 0x00, 0x00, 0x00, 0x00, 0x00, 0x00, 0x00,
    0x00, 0x00, 0x00, 0x00, 0x00, 0x00, 0x00, 0x00, 0x00, 0x00, 0x00, 0x00, 0x00, 0x00, 0x00, 0x00,
    0x00, 0x00, 0x00, 0x00, 0x00, 0x00, 0x00, 0x00, 0x00, 0x00, 0x00, 0x00, 0x00, 0x00, 0x00, 0x00,
    0x00, 0x00, 0x00, 0x00, 0x00, 0x00, 0x00, 0x00, 0x00, 0x00, 0x00, 0x00, 0x00, 0x00, 0x00, 0x00,
    0x00, 0x00, 0x00, 0x00, 0x00, 0x00, 0x00, 0x00, 0x00, 0x00, 0x00, 0x00, 0x00, 0x00, 0x00, 0x00,
    0x00, 0x00, 0x00, 0x00, 0x00, 0x00, 0x00, 0x00, 0x00, 0x00, 0x00, 0x00, 0x00, 0x00, 0x00, 0x00,
    0x00, 0x00, 0x00, 0x00, 0x00, 0x00, 0x00, 0x00, 0x00, 0x00, 0x00, 0x00, 0x00, 0x00, 0x00, 0x00,
    0x00, 0x00, 0x00, 0x00, 0x00, 0x00, 0x00, 0x00, 0x00, 0x00, 0x00, 0x00, 0x00, 0x00, 0x00, 0x00,
    0x00, 0x00, 0x00, 0x00, 0x00, 0x00, 0x00, 0x00, 0x00, 0x00, 0x00, 0x00, 0x00, 0x00, 0x00, 0x00,
    0x00, 0x00, 0x00, 0x00, 0x00, 0x00, 0x00, 0x00, 0x00, 0x00, 0x00, 0x00, 0x00, 0x00, 0x00, 0x00,
    0x00, 0x00, 0x00, 0x00, 0x00, 0x00, 0x00, 0x00, 0x00, 0x00, 0x00, 0x00, 0x00, 0x00, 0x00, 0x00,
    0x00, 0x00, 0x00, 0x00, 0x00, 0x00, 0x00, 0x00, 0x00, 0x00, 0x00, 0x00, 0x00, 0x00, 0x00, 0x00,
    0x00, 0x00, 0x00, 0x00, 0x00, 0x00, 0x00, 0x00, 0x00, 0x00, 0x00, 0x00, 0x00, 0x00, 0x00, 0x00,
    0x00, 0x00, 0x00, 0x00, 0x00, 0x00, 0x00, 0x00, 0x00, 0x00, 0x00, 0x00, 0xFF, 0x00, 0x00, 0x01,
    0xFF, 0x00, 0x00, 0x01, 0x00, 0x00, 0x00, 0x00, 0x00, 0x00, 0x00, 0x00, 0x00, 0x00, 0x00, 0x00,
    0x00, 0x00, 0x00, 0x00, 0x00, 0x00, 0x00, 0x00, 0x00, 0x00, 0x00, 0x00, 0x00, 0x00, 0x01, 0x00,
    0x00, 0x00, 0x01, 0x00, 0x00, 0x00, 0x00, 0x00, 0x00, 0x00, 0x00, 0x00, 0x00, 0x00, 0x00, 0x00,
    0x00, 0x00, 0x00, 0x00, 0x00, 0x00, 0x00, 0x00, 0x00, 0x00, 0x00, 0x00, 0xFF, 0xFF, 0x00, 0x01,
    0xFF, 0x00, 0x00, 0x01, 0x00, 0x00, 0x00, 0x00, 0x00, 0x00, 0x00, 0x00, 0x00, 0x00, 0x00, 0x00,
    0x00, 0x00, 0x00, 0x00, 0x00, 0x00, 0x00, 0x00, 0x00, 0x00, 0x00, 0x00, 0x00, 0x00, 0x00, 0x00,
    0x00, 0x00, 0x00, 0x00, 0x00, 0x00, 0x00, 0x00, 0x00, 0x00, 0x00, 0x00, 0x00, 0x00, 0x00, 0x00,
    0x00, 0x00, 0x00, 0x00, 0x00, 0x00, 0x00, 0x00, 0x00, 0x00, 0x00, 0x00, 0x00, 0x00, 0x00, 0x00,
    0x00, 0x00, 0x00, 0x00, 0x00, 0x00, 0x00, 0x00, 0x00, 0x00, 0x00, 0x00, 0x00, 0x00, 0x00, 0x00,
    0x00, 0x00, 0x00, 0x00, 0x00, 0x00, 0x00, 0x00, 0x00, 0x00, 0x00, 0x00, 0x00, 0x00, 0x00, 0x00,
    0x00, 0x00, 0x00, 0x00, 0x00, 0x00, 0x00, 0x00, 0x00, 0x00, 0x00, 0x00, 0x00, 0x00, 0x00, 0x00,
    0x00, 0x00, 0x00, 0x00, 0x00, 0x00, 0x00, 0x00, 0x00, 0x00, 0x00, 0x00, 0x00, 0x00, 0x00, 0x00,
    0x00, 0x00, 0x00, 0x00, 0x00, 0x00, 0x00, 0x00, 0x00, 0x00, 0x00, 0x00, 0x00, 0x00, 0x00, 0x00,
    0x00, 0x00, 0x00, 0x00, 0x00, 0x00, 0x00, 0x00, 0x00, 0x00, 0x00, 0x00, 0x00, 0x00, 0x00, 0x00,
    0x00, 0x00, 0x00, 0x00, 0x00, 0x00, 0x00, 0x00, 0x00, 0x00, 0x00, 0x00, 0x00, 0x00, 0x00, 0x00,
    0x00, 0x00, 0x00, 0x00, 0x00, 0x00, 0x00, 0x00, 0xFF, 0x7F, 0x7F, 0x02, 0x00, 0x00, 0x00, 0x00,
    0x00, 0x00, 0x00, 0x00, 0xFF, 0xFF, 0x7F, 0x02, 0x00, 0x00, 0x00, 0x00, 0x00, 0x00, 0x00, 0x00,
    0xFF, 0x7F, 0x7F, 0x02, 0x00, 0x00, 0x00, 0x00, 0xDA, 0xA2, 0x55, 0x45, 0xFA, 0xB9, 0x4E, 0xCC,
    0xFF, 0xCE, 0x5B, 0xCC, 0xFF, 0xD6, 0x6E, 0x45, 0x00, 0x00, 0x00, 0x00, 0xFF, 0xFF, 0x7F, 0x02,
    0x00, 0x00, 0x00, 0x00, 0x00, 0x00, 0x00, 0x00, 0xFF, 0xFF, 0x7F, 0x02, 0x00, 0x00, 0x00, 0x00,
    0x00, 0x00, 0x00, 0x00, 0xFF, 0xFF, 0x7F, 0x02, 0x00, 0x00, 0x00, 0x00, 0x00, 0x00, 0x00, 0x00,
    0x00, 0x00, 0x00, 0x00, 0x00, 0x00, 0x00, 0x00, 0x00, 0x00, 0x00, 0x00, 0x00, 0x00, 0x00, 0x00,
    0x00, 0x00, 0x00, 0x00, 0x00, 0x00, 0x00, 0x00, 0x00, 0x00, 0x00, 0x00, 0x00, 0x00, 0x00, 0x00,
    0x00, 0x00, 0x00, 0x00, 0x00, 0x00, 0x00, 0x00, 0x00, 0x00, 0x00, 0x00, 0x00, 0x00, 0x00, 0x00,
    0x00, 0x00, 0x00, 0x00, 0x00, 0x00, 0x00, 0x00, 0x00, 0x00, 0x00, 0x00, 0x00, 0x00, 0x00, 0x00,
    0x00, 0x00, 0x00, 0x00, 0x00, 0x00, 0x00, 0x00, 0x00, 0x00, 0x00, 0x00, 0x00, 0x00, 0x00, 0x00,
    0x00, 0x00, 0x00, 0x00, 0x00, 0x00, 0x00, 0x00, 0x00, 0x00, 0x00, 0x00, 0x00, 0x00, 0x00, 0x00,
    0x00, 0x00, 0x00, 0x00, 0x00, 0x00, 0x00, 0x00, 0x00, 0x00, 0x00, 0x00, 0x00, 0x00, 0x00, 0x00,
    0x00, 0x00, 0x00, 0x00, 0x00, 0x00, 0x00, 0x00, 0x00, 0x00, 0x00, 0x00, 0x00, 0x00, 0x00, 0x00,
    0x00, 0x00, 0x00, 0x00, 0x00, 0x00, 0x00, 0x00, 0x00, 0x00, 0x00, 0x00, 0x00, 0x00, 0x00, 0x00,
    0x00, 0x00, 0x00, 0x00, 0x00, 0x00, 0x00, 0x00, 0x00, 0x00, 0x00, 0x00, 0x00, 0x00, 0x00, 0x00,
    0x00, 0x00, 0x00, 0x00, 0x00, 0x00, 0x00, 0x00, 0x00, 0x00, 0x00, 0x00, 0x7F, 0x7F, 0xFF, 0x02,
    0xFF, 0x55, 0xAA, 0x03, 0x00, 0x00, 0x00, 0x00, 0xFF, 0xAA, 0x55, 0x03, 0xFF, 0x00, 0x00, 0x01,
    0xFF, 0x00, 0x00, 0x01, 0xD4, 0xAA, 0x7F, 0x06, 0xDF, 0x9E, 0x44, 0xE0, 0xFF, 0xB8, 0x42, 0xFF,
    0xFF, 0xD6, 0x66, 0xFF, 0xFF, 0xD4, 0x6F, 0xE0, 0xFF, 0xD4, 0x55, 0x06, 0xFF, 0xFF, 0x00, 0x01,
    0xFF, 0xFF, 0x00, 0x01, 0xAA, 0xAA, 0x55, 0x03, 0x00, 0x00, 0x00, 0x00, 0xAA, 0xAA, 0xFF, 0x03,
    0xFF, 0x00, 0x7F, 0x02, 0x00, 0x00, 0x00, 0x00, 0x00, 0x00, 0x00, 0x00, 0x00, 0x00, 0x00, 0x00,
    0x00, 0x00, 0x00, 0x00, 0x00, 0x00, 0x00, 0x00, 0x00, 0x00, 0x00, 0x00, 0x00, 0x00, 0x00, 0x00,
    0x00, 0x00, 0x00, 0x00, 0x00, 0x00, 0x00, 0x00, 0x00, 0x00, 0x00, 0x00, 0x00, 0x00, 0x00, 0x00,
    0x00, 0x00, 0x00, 0x00, 0x00, 0x00, 0x00, 0x00, 0x00, 0x00, 0x00, 0x00, 0x00, 0x00, 0x00, 0x00,
    0x00, 0x00, 0x00, 0x00, 0x00, 0x00, 0x00, 0x00, 0x00, 0x00, 0x00, 0x00, 0x00, 0x00, 0x00, 0x00,
    0x00, 0x00, 0x00, 0x00, 0x00, 0x00, 0x00, 0x00, 0x00, 0x00, 0x00, 0x00, 0x00, 0x00, 0x00, 0x00,
    0x00, 0x00, 0x00, 0x00, 0x00, 0x00, 0x00, 0x00, 0x00, 0x00, 0x00, 0x00, 0x00, 0x00, 0x00, 0x00,
    0x00, 0x00, 0x00, 0x00, 0x00, 0x00, 0x00, 0x00, 0x00, 0x00, 0x00, 0x00, 0x00, 0x00, 0x00, 0x00,
    0x00, 0x00, 0x00, 0x00, 0x00, 0x00, 0x00, 0x00, 0x00, 0x00, 0x00, 0x00, 0x00, 0x00, 0x00, 0x00,
    0x00, 0x00, 0x00, 0x00, 0x00, 0x00, 0x00, 0x00, 0x00, 0x00, 0x00, 0x00, 0x00, 0x00, 0x00, 0x00,
    0x00, 0x00, 0x00, 0x00, 0x00, 0x00, 0x00, 0x00, 0x00, 0x00, 0x00, 0x00, 0x00, 0x00, 0x00, 0x00,
    0xFF, 0x7F, 0x7F, 0x02, 0x00, 0x00, 0x00, 0x00, 0xD6, 0x93, 0x4D, 0x45, 0xF7, 0xA6, 0x49, 0xD3,
    0xFF, 0xBB, 0x56, 0xD6, 0xFF, 0xBE, 0x64, 0x47, 0x00, 0x00, 0x00, 0x00, 0xFF, 0xCC, 0x66, 0x05,
    0x00, 0x00, 0x00, 0x00, 0xCC, 0x99, 0x66, 0x0F, 0xE3, 0x9C, 0x40, 0xEB, 0xF2, 0xAA, 0x3E, 0xFD,
    0xFF, 0xC1, 0x5C, 0xFD, 0xFF, 0xCA, 0x5E, 0xEB, 0xFF, 0xCC, 0x66, 0x0F, 0x00, 0x00, 0x00, 0x00,
    0xFF, 0xCC, 0x33, 0x05, 0x00, 0x00, 0x00, 0x00, 0xDE, 0xAC, 0x52, 0x47, 0xFA, 0xC4, 0x4E, 0xD7,
    0xFF, 0xDB, 0x5D, 0xD3, 0xFF, 0xE4, 0x74, 0x44, 0x00, 0x00, 0x00, 0x00, 0xFF, 0xFF, 0x7F, 0x02,
    0x00, 0x00, 0x00, 0x00, 0x00, 0x00, 0x00, 0x00, 0x00, 0x00, 0x00, 0x00, 0x00, 0x00, 0x00, 0x00,
    0x00, 0x00, 0x00, 0x00, 0x00, 0x00, 0x00, 0x00, 0x00, 0x00, 0x00, 0x00, 0x00, 0x00, 0x00, 0x00,
    0x00, 0x00, 0x00, 0x00, 0x00, 0x00, 0x00, 0x00, 0x00, 0x00, 0x00, 0x00, 0x00, 0x00, 0x00, 0x00,
    0x00, 0x00, 0x00, 0x00, 0x00, 0x00, 0x00, 0x00, 0x00, 0x00, 0x00, 0x00, 0x00, 0x00, 0x00, 0x00,
    0x00, 0x00, 0x00, 0x00, 0x00, 0x00, 0x00, 0x00, 0x00, 0x00, 0x00, 0x00, 0x00, 0x00, 0x00, 0x00,
    0x00, 0x00, 0x00, 0x00, 0x00, 0x00, 0x00, 0x00, 0x00, 0x00, 0x00, 0x00, 0x00, 0x00, 0x00, 0x00,
    0x00, 0x00, 0x00, 0x00, 0x00, 0x00, 0x00, 0x00, 0x00, 0x00, 0x00, 0x00, 0x00, 0x00, 0x00, 0x00,
    0x00, 0x00, 0x00, 0x00, 0x00, 0x00, 0x00, 0x00, 0x00, 0x00, 0x00, 0x00, 0x00, 0x00, 0x00, 0x00,
    0x00, 0x00, 0x00, 0x00, 0x00, 0x00, 0x00, 0x00, 0x00, 0x00, 0x00, 0x00, 0x00, 0x00, 0x00, 0x00,
    0x00, 0x00, 0x00, 0x00, 0x00, 0x00, 0x00, 0x00, 0x00, 0x00, 0x00, 0x00, 0xFF, 0xFF, 0x00, 0x01,
    0xFF, 0x00, 0x00, 0x01, 0xBF, 0x7F, 0x7F, 0x08, 0xDA, 0x8F, 0x40, 0xE0, 0xFF, 0xA7, 0x40, 0xFF,
    0xFF, 0xBD, 0x60, 0xFF, 0xFD, 0xC5, 0x69, 0xFA, 0xFB, 0xB7, 0x5E, 0x4E, 0x00, 0x00, 0x00, 0x00,
    0xFF, 0xFF, 0x7F, 0x02, 0xCF, 0x8F, 0x5F, 0x10, 0xE6, 0x9C, 0x3D, 0xEC, 0xF3, 0xAB, 0x3F, 0xFF,
    0xFF, 0xC0, 0x59, 0xFF, 0xFF, 0xC8, 0x58, 0xEC, 0xFF, 0xBF, 0x5F, 0x10, 0xFF, 0xFF, 0x7F, 0x02,
    0x00, 0x00, 0x00, 0x00, 0xE4, 0xAA, 0x51, 0x4E, 0xF5, 0xBB, 0x47, 0xFA, 0xFF, 0xC3, 0x44, 0xFF,
    0xFF, 0xE0, 0x67, 0xFF, 0xFF, 0xE2, 0x72, 0xE0, 0xFF, 0xDF, 0x5F, 0x08, 0xFF, 0xFF, 0x00, 0x01,
    0xFF, 0xFF, 0x00, 0x01, 0x00, 0x00, 0x00, 0x00, 0x00, 0x00, 0x00, 0x00, 0x00, 0x00, 0x00, 0x00,
    0x00, 0x00, 0x00, 0x00, 0x00, 0x00, 0x00, 0x00, 0x00, 0x00, 0x00, 0x00, 0x00, 0x00, 0x00, 0x00,
    0x00, 0x00, 0x00, 0x00, 0x00, 0x00, 0x00, 0x00, 0x00, 0x00, 0x00, 0x00, 0x00, 0x00, 0x00, 0x00,
    0x00, 0x00, 0x00, 0x00, 0x00, 0x00, 0x00, 0x00, 0x00, 0x00, 0x00, 0x00, 0x00, 0x00, 0x00, 0x00,
    0x00, 0x00, 0x00, 0x00, 0x00, 0x00, 0x00, 0x00, 0x00, 0x00, 0x00, 0x00, 0x00, 0x00, 0x00, 0x00,
    0x00, 0x00, 0x00, 0x00, 0x00, 0x00, 0x00, 0x00, 0x00, 0x00, 0x00, 0x00, 0x00, 0x00, 0x00, 0x00,
    0x00, 0x00, 0x00, 0x00, 0x00, 0x00, 0x00, 0x00, 0x00, 0x00, 0x00, 0x00, 0x00, 0x00, 0x00, 0x00,
    0x00, 0x00, 0x00, 0x00, 0x00, 0x00, 0x00, 0x00, 0x00, 0x00, 0x00, 0x00, 0x00, 0x00, 0x00, 0x00,
    0x00, 0x00, 0x00, 0x00, 0x00, 0x00, 0x00, 0x00, 0x00, 0x00, 0x00, 0x00, 0xFF, 0x00, 0x00, 0x01,
    0x00, 0x00, 0x00, 0x00, 0x00, 0x00, 0x00, 0x00, 0x00, 0x00, 0x00, 0x00, 0xFF, 0xFF, 0x00, 0x01,
    0x00, 0x00, 0x00, 0x00, 0xB9, 0x73, 0x73, 0x0B, 0xDD, 0x88, 0x3B, 0xEB, 0xF2, 0x98, 0x38, 0xFD,
    0xF6, 0xA3, 0x49, 0xF9, 0xFF, 0xBE, 0x68, 0xFE, 0xFF, 0xC4, 0x63, 0xFB, 0xFF, 0xB3, 0x55, 0x51,
    0x00, 0x00, 0x00, 0x00, 0xE7, 0x96, 0x5C, 0x16, 0xE9, 0x9C, 0x3C, 0xEE, 0xF3, 0xAB, 0x3F, 0xFF,
    0xFF, 0xBF, 0x58, 0xFF, 0xFF, 0xC6, 0x54, 0xEE, 0xF3, 0xC5, 0x51, 0x16, 0x00, 0x00, 0x00, 0x00,
    0xF2, 0xAD, 0x4E, 0x51, 0xF8, 0xBA, 0x45, 0xFB, 0xF8, 0xBD, 0x42, 0xFE, 0xF6, 0xBC, 0x4A, 0xF9,
    0xFF, 0xC4, 0x4A, 0xFD, 0xFF, 0xC8, 0x4E, 0xEB, 0xFF, 0xE7, 0x8B, 0x0B, 0x00, 0x00, 0x00, 0x00,
    0xFF, 0xFF, 0x00, 0x01, 0x00, 0x00, 0x00, 0x00, 0x00, 0x00, 0x00, 0x00, 0x00, 0x00, 0x00, 0x00,
    0xFF, 0x00, 0x00, 0x01, 0x00, 0x00, 0x00, 0x00, 0x00, 0x00, 0x00, 0x00, 0x00, 0x00, 0x00, 0x00,
    0x00, 0x00, 0x00, 0x00, 0x00, 0x00, 0x00, 0x00, 0x00, 0x00, 0x00, 0x00, 0x00, 0x00, 0x00, 0x00,
    0x00, 0x00, 0x00, 0x00, 0x00, 0x00, 0x00, 0x00, 0x00, 0x00, 0x00, 0x00, 0x00, 0x00, 0x00, 0x00,
    0x00, 0x00, 0x00, 0x00, 0x00, 0x00, 0x00, 0x00, 0x00, 0x00, 0x00, 0x00, 0x00, 0x00, 0x00, 0x00,
    0x00, 0x00, 0x00, 0x00, 0x00, 0x00, 0x00, 0x00, 0x00, 0x00, 0x00, 0x00, 0x00, 0x00, 0x00, 0x00,
    0x00, 0x00, 0x00, 0x00, 0x00, 0x00, 0x00, 0x00, 0x00, 0x00, 0x00, 0x00, 0x00, 0x00, 0x00, 0x00,
    0x00, 0x00, 0x00, 0x00, 0x00, 0x00, 0x00, 0x00, 0x00, 0x00, 0x00, 0x00, 0x00, 0x00, 0x00, 0x00,
    0x00, 0x00, 0x00, 0x00, 0xFF, 0xFF, 0x00, 0x01, 0xFF, 0x7F, 0x00, 0x02, 0x00, 0x00, 0x00, 0x00,
    0xFF, 0xAA, 0x55, 0x03, 0x00, 0x00, 0x00, 0x00, 0x00, 0x00, 0x00, 0x00, 0x00, 0x00, 0x00, 0x00,
    0xAA, 0x55, 0x00, 0x03, 0x00, 0x00, 0x00, 0x00, 0xDA, 0x7E, 0x3A, 0x5B, 0xEF, 0x8F, 0x37, 0xFF,
    0xEF, 0x98, 0x37, 0xFD, 0xF6, 0xA4, 0x48, 0xFC, 0xFF, 0xBE, 0x67, 0xFE, 0xFF, 0xC2, 0x5D, 0xFC,
    0xFF, 0xB0, 0x4B, 0x4E, 0x00, 0x00, 0x02, 0x00, 0xED, 0x9E, 0x3B, 0xF1, 0xF3, 0xAA, 0x3F, 0xFF,
    0xFF, 0xBF, 0x58, 0xFF, 0xFF, 0xC3, 0x50, 0xF1, 0x00, 0x00, 0x02, 0x00, 0xF8, 0xAD, 0x47, 0x4E,
    0xFC, 0xBC, 0x43, 0xFC, 0xF8, 0xBB, 0x41, 0xFE, 0xF5, 0xBA, 0x49, 0xFC, 0xFA, 0xBD, 0x45, 0xFD,
    0xFF, 0xC3, 0x44, 0xFF, 0xFC, 0xB8, 0x4B, 0x5B, 0x00, 0x00, 0x00, 0x00, 0xFF, 0xAA, 0x55, 0x03,
    0x00, 0x00, 0x00, 0x00, 0x00, 0x00, 0x00, 0x00, 0x00, 0x00, 0x00, 0x00, 0xFF, 0xAA, 0x55, 0x03,
    0x00, 0x00, 0x00, 0x00, 0xFF, 0xFF, 0x7F, 0x02, 0xFF, 0xFF, 0xFF, 0x01, 0x00, 0x00, 0x00, 0x00,
    0x00, 0x00, 0x00, 0x00, 0x00, 0x00, 0x00, 0x00, 0x00, 0x00, 0x00, 0x00, 0x00, 0x00, 0x00, 0x00,
    0x00, 0x00, 0x00, 0x00, 0x00, 0x00, 0x00, 0x00, 0x00, 0x00, 0x00, 0x00, 0x00, 0x00, 0x00, 0x00,
    0x00, 0x00, 0x00, 0x00, 0x00, 0x00, 0x00, 0x00, 0x00, 0x00, 0x00, 0x00, 0x00, 0x00, 0x00, 0x00,
    0x00, 0x00, 0x00, 0x00, 0x00, 0x00, 0x00, 0x00, 0x00, 0x00, 0x00, 0x00, 0x00, 0x00, 0x00, 0x00,
    0x00, 0x00, 0x00, 0x00, 0x00, 0x00, 0x00, 0x00, 0x00, 0x00, 0x00, 0x00, 0x00, 0x00, 0x00, 0x00,
    0x00, 0x00, 0x00, 0x00, 0x00, 0x00, 0x00, 0x00, 0x00, 0x00, 0x00, 0x00, 0x00, 0x00, 0x00, 0x00,
    0x00, 0x00, 0x00, 0x00, 0x00, 0x00, 0x00, 0x00, 0x00, 0x00, 0x00, 0x00, 0x00, 0x01, 0x02, 0x00,
    0x00, 0x00, 0x00, 0x00, 0x00, 0x00, 0x00, 0x00, 0x00, 0x00, 0x00, 0x00, 0x00, 0x00, 0x00, 0x00,
    0x00, 0x00, 0x00, 0x00, 0xFF, 0x7F, 0x7F, 0x02, 0x00, 0x00, 0x00, 0x00, 0xD6, 0x7E, 0x3C, 0x65,
    0xF0, 0x91, 0x38, 0xFF, 0xF0, 0x9A, 0x38, 0xFD, 0xF6, 0xA6, 0x49, 0xFC, 0xFF, 0xC0, 0x67, 0xFF,
    0xFF, 0xBE, 0x55, 0xFA, 0xFF, 0xA6, 0x3F, 0x68, 0xF1, 0x9C, 0x36, 0xE7, 0xF5, 0xAC, 0x40, 0xFF,
    0xFF, 0xBF, 0x57, 0xFF, 0xFF, 0xC3, 0x4B, 0xE7, 0xFF, 0xB7, 0x44, 0x68, 0xFF, 0xB8, 0x3F, 0xFA,
    0xF9, 0xBA, 0x42, 0xFF, 0xF5, 0xB8, 0x48, 0xFC, 0xFA, 0xBA, 0x45, 0xFD, 0xFF, 0xC1, 0x45, 0xFF,
    0xF9, 0xB7, 0x4F, 0x64, 0x00, 0x00, 0x00, 0x00, 0xFF, 0xFF, 0x7F, 0x02, 0x00, 0x00, 0x00, 0x00,
    0x00, 0x00, 0x00, 0x00, 0x00, 0x00, 0x00, 0x00, 0x00, 0x00, 0x00, 0x00, 0x00, 0x00, 0x00, 0x00,
    0x00, 0x00, 0x02, 0x00, 0x00, 0x00, 0x00, 0x00, 0x00, 0x00, 0x00, 0x00, 0x00, 0x00, 0x00, 0x00,
    0x00, 0x00, 0x00, 0x00, 0x00, 0x00, 0x00, 0x00, 0x00, 0x00, 0x00, 0x00, 0x00, 0x00, 0x00, 0x00,
    0x00, 0x00, 0x00, 0x00, 0x00, 0x00, 0x00, 0x00, 0x00, 0x00, 0x00, 0x00, 0x00, 0x00, 0x00, 0x00,
    0x00, 0x00, 0x00, 0x00, 0x00, 0x00, 0x00, 0x00, 0x00, 0x00, 0x00, 0x00, 0x00, 0x00, 0x00, 0x00,
    0x00, 0x00, 0x00, 0x00, 0x00, 0x00, 0x00, 0x00, 0x00, 0x00, 0x00, 0x00, 0x00, 0x00, 0x00, 0x00,
    0x00, 0x00, 0x00, 0x00, 0x00, 0x00, 0x00, 0x00, 0x00, 0x00, 0x00, 0x00, 0x00, 0x00, 0x00, 0x00,
    0x00, 0x00, 0x00, 0x00, 0x00, 0x00, 0x00, 0x00, 0x00, 0x00, 0x00, 0x00, 0xFF, 0xFF, 0xFF, 0x01,
    0xFF, 0x00, 0x00, 0x01, 0xCF, 0x84, 0x55, 0x1B, 0xED, 0x8D, 0x45, 0xAF, 0xFD, 0xA2, 0x4E, 0xD2,
    0xFF, 0xA3, 0x5B, 0x70, 0x00, 0x00, 0x00, 0x00, 0xFF, 0xFF, 0x00, 0x01, 0x00, 0x00, 0x00, 0x00,
    0x00, 0x00, 0x00, 0x00, 0x00, 0x00, 0x00, 0x00, 0xFF, 0x7F, 0x3F, 0x04, 0x00, 0x00, 0x00, 0x00,
    0xD9, 0x80, 0x3B, 0x67, 0xF2, 0x94, 0x39, 0xFF, 0xF1, 0x9C, 0x38, 0xFC, 0xF6, 0xA8, 0x49, 0xFD,
    0xFF, 0xC0, 0x64, 0xFF, 0xFF, 0xBB, 0x4E, 0xFF, 0xF3, 0xA1, 0x34, 0xFC, 0xF0, 0xA8, 0x40, 0xFF,
    0xFD, 0xBB, 0x56, 0xFF, 0xFF, 0xC2, 0x49, 0xFC, 0xFF, 0xBB, 0x3C, 0xFF, 0xF9, 0xB7, 0x42, 0xFF,
    0xF4, 0xB5, 0x47, 0xFD, 0xFB, 0xB9, 0x44, 0xFC, 0xFF, 0xC0, 0x44, 0xFF, 0xFA, 0xB4, 0x4F, 0x67,
    0x00, 0x00, 0x00, 0x00, 0xFF, 0xBF, 0x3F, 0x04, 0x00, 0x00, 0x00, 0x00, 0x00, 0x00, 0x00, 0x00,
    0x00, 0x00, 0x00, 0x00, 0xFF, 0xFF, 0x00, 0x01, 0x00, 0x00, 0x00, 0x00, 0xE8, 0xBF, 0x4F, 0x70,
    0xFF, 0xDE, 0x57, 0xD2, 0xFF, 0xE7, 0x64, 0xAF, 0xFF, 0xF5, 0x84, 0x1B, 0xFF, 0xFF, 0x00, 0x01,
    0xFF, 0xFF, 0xFF, 0x01, 0x00, 0x00, 0x00, 0x00, 0x00, 0x00, 0x00, 0x00, 0x00, 0x00, 0x00, 0x00,
    0x00, 0x00, 0x00, 0x00, 0x00, 0x00, 0x00, 0x00, 0x00, 0x00, 0x00, 0x00, 0x00, 0x00, 0x00, 0x00,
    0x00, 0x00, 0x00, 0x00, 0x00, 0x00, 0x00, 0x00, 0x00, 0x00, 0x00, 0x00, 0x00, 0x00, 0x00, 0x00,
    0x00, 0x00, 0x00, 0x00, 0x00, 0x00, 0x00, 0x00, 0x00, 0x00, 0x00, 0x00, 0x00, 0x00, 0x00, 0x00,
    0x00, 0x00, 0x00, 0x00, 0x00, 0x00, 0x00, 0x00, 0x00, 0x00, 0x00, 0x00, 0x00, 0x00, 0x00, 0x00,
    0x00, 0x00, 0x00, 0x00, 0x00, 0x00, 0x00, 0x00, 0x00, 0x00, 0x00, 0x00, 0xFF, 0xAA, 0x55, 0x03,
    0x00, 0x00, 0x00, 0x00, 0xD1, 0x7C, 0x42, 0xA4, 0xFF, 0x91, 0x3A, 0xFF, 0xFF, 0x9F, 0x53, 0xFF,
    0xFF, 0xB0, 0x68, 0xFF, 0xFF, 0xA1, 0x5D, 0x29, 0x00, 0x00, 0x00, 0x00, 0xFF, 0x7F, 0x7F, 0x02,
    0x00, 0x00, 0x00, 0x00, 0x00, 0x00, 0x00, 0x00, 0x00, 0x00, 0x00, 0x00, 0xFF, 0x7F, 0x3F, 0x04,
    0x00, 0x00, 0x00, 0x00, 0xDA, 0x83, 0x3F, 0x69, 0xF3, 0x96, 0x39, 0xFF, 0xF1, 0x9E, 0x39, 0xFC,
    0xF5, 0xA8, 0x46, 0xFD, 0xFD, 0xB8, 0x5A, 0xFE, 0xFA, 0xB3, 0x4C, 0xFF, 0xF0, 0xA7, 0x3D, 0xFF,
    0xFE, 0xBB, 0x58, 0xFF, 0xFE, 0xBD, 0x50, 0xFF, 0xF6, 0xB3, 0x42, 0xFE, 0xF5, 0xB4, 0x47, 0xFD,
    0xFA, 0xB7, 0x43, 0xFC, 0xFF, 0xBE, 0x44, 0xFF, 0xFA, 0xB3, 0x4D, 0x69, 0x00, 0x00, 0x00, 0x00,
    0xFF, 0xBF, 0x3F, 0x04, 0x00, 0x00, 0x00, 0x00, 0x00, 0x00, 0x00, 0x00, 0x00, 0x00, 0x00, 0x00,
    0xFF, 0x7F, 0x7F, 0x02, 0x00, 0x00, 0x00, 0x00, 0xD9, 0xAE, 0x57, 0x29, 0xF4, 0xC3, 0x47, 0xFF,
    0xFF, 0xD1, 0x4B, 0xFF, 0xFF, 0xF8, 0x70, 0xFF, 0xFF, 0xE7, 0x6F, 0xA4, 0x00, 0x00, 0x00, 0x00,
    0xFF, 0xFF, 0xAA, 0x03, 0x00, 0x00, 0x00, 0x00, 0x00, 0x00, 0x00, 0x00, 0x00, 0x00, 0x00, 0x00,
    0x00, 0x00, 0x00, 0x00, 0x00, 0x00, 0x00, 0x00, 0x00, 0x00, 0x00, 0x00, 0x00, 0x00, 0x00, 0x00,
    0x00, 0x00, 0x00, 0x00, 0x00, 0x00, 0x00, 0x00, 0x00, 0x00, 0x00, 0x00, 0x00, 0x00, 0x00, 0x00,
    0x00, 0x00, 0x00, 0x00, 0x00, 0x00, 0x00, 0x00, 0x00, 0x00, 0x00, 0x00, 0x00, 0x00, 0x00, 0x00,
    0x00, 0x00, 0x00, 0x00, 0x00, 0x00, 0x00, 0x00, 0x00, 0x00, 0x00, 0x00, 0x00, 0x00, 0x00, 0x00,
    0x00, 0x00, 0x00, 0x00, 0x00, 0x00, 0x00, 0x00, 0x00, 0x00, 0x00, 0x00, 0xFF, 0x55, 0x00, 0x03,
    0x00, 0x00, 0x00, 0x00, 0xD4, 0x76, 0x3E, 0xAC, 0xF1, 0x85, 0x35, 0xFC, 0xF7, 0x93, 0x4D, 0xF5,
    0xFF, 0xB3, 0x6B, 0xFE, 0xFF, 0xA6, 0x5C, 0x6E, 0x00, 0x00, 0x00, 0x00, 0xFF, 0xBF, 0x3F, 0x04,
    0x00, 0x00, 0x00, 0x00, 0x00, 0x00, 0x00, 0x00, 0x00, 0x00, 0x00, 0x00, 0x00, 0x00, 0x00, 0x00,
    0xFF, 0x7F, 0x3F, 0x04, 0x00, 0x00, 0x00, 0x00, 0xDB, 0x84, 0x3D, 0x6C, 0xF5, 0x99, 0x3A, 0xFF,
    0xF1, 0x9E, 0x3A, 0xFC, 0xF2, 0xA5, 0x41, 0xFE, 0xF7, 0xAE, 0x49, 0xFF, 0xF3, 0xAB, 0x41, 0xFF,
    0xFD, 0xB8, 0x54, 0xFF, 0xF8, 0xB4, 0x4C, 0xFF, 0xF5, 0xB1, 0x45, 0xFE, 0xF9, 0xB3, 0x41, 0xFC,
    0xFF, 0xBD, 0x44, 0xFF, 0xFA, 0xB1, 0x4D, 0x6C, 0x00, 0x00, 0x00, 0x00, 0xFF, 0xBF, 0x3F, 0x04,
    0x00, 0x00, 0x00, 0x00, 0x00, 0x00, 0x00, 0x00, 0x00, 0x00, 0x00, 0x00, 0x00, 0x00, 0x00, 0x00,
    0xFF, 0xBF, 0x3F, 0x04, 0x00, 0x00, 0x00, 0x00, 0xE0, 0xB2, 0x4C, 0x6E, 0xFC, 0xC9, 0x45, 0xFE,
    0xF4, 0xC6, 0x4D, 0xF5, 0xFF, 0xDC, 0x55, 0xFC, 0xFF, 0xD5, 0x53, 0xAC, 0x00, 0x00, 0x00, 0x00,
    0xFF, 0xAA, 0x55, 0x03, 0x00, 0x00, 0x00, 0x00, 0x00, 0x00, 0x00, 0x00, 0x00, 0x00, 0x00, 0x00,
    0x00, 0x00, 0x00, 0x00, 0x00, 0x00, 0x00, 0x00, 0x00, 0x00, 0x00, 0x00, 0x00, 0x00, 0x00, 0x00,
    0x00, 0x00, 0x00, 0x00, 0x00, 0x00, 0x00, 0x00, 0x00, 0x00, 0x00, 0x00, 0x00, 0x00, 0x00, 0x00,
    0x00, 0x00, 0x00, 0x00, 0x00, 0x00, 0x00, 0x00, 0x00, 0x00, 0x00, 0x00, 0x00, 0x00, 0x00, 0x00,
    0x00, 0x00, 0x00, 0x00, 0x00, 0x00, 0x00, 0x00, 0x00, 0x00, 0x00, 0x00, 0x00, 0x00, 0x00, 0x00,
    0x00, 0x00, 0x00, 0x00, 0xFF, 0xFF, 0x00, 0x01, 0x00, 0x00, 0x00, 0x00, 0xBF, 0x7F, 0x3F, 0x04,
    0x00, 0x00, 0x00, 0x00, 0xD1, 0x75, 0x40, 0x6A, 0xF1, 0x84, 0x38, 0xFF, 0xF2, 0x8B, 0x3E, 0xF8,
    0xFF, 0xB0, 0x68, 0xFF, 0xFF, 0xA7, 0x5E, 0xB2, 0x00, 0x00, 0x00, 0x00, 0xFF, 0xFF, 0x7F, 0x02,
    0x00, 0x00, 0x00, 0x00, 0x00, 0x00, 0x00, 0x00, 0x00, 0x00, 0x00, 0x00, 0x00, 0x00, 0x00, 0x00,
    0x00, 0x00, 0x00, 0x00, 0xFF, 0x7F, 0x3F, 0x04, 0x00, 0x00, 0x00, 0x00, 0xDC, 0x86, 0x3D, 0x70,
    0xF7, 0x9C, 0x3A, 0xFF, 0xF2, 0xA1, 0x3B, 0xFB, 0xF0, 0xA4, 0x3E, 0xFE, 0xF2, 0xAB, 0x41, 0xFF,
    0xFC, 0xB6, 0x51, 0xFF, 0xF9, 0xB1, 0x48, 0xFE, 0xFA, 0xB1, 0x40, 0xFB, 0xFF, 0xBC, 0x44, 0xFF,
    0xFA, 0xAF, 0x4D, 0x70, 0x00, 0x00, 0x00, 0x00, 0xFF, 0xBF, 0x3F, 0x04, 0x00, 0x00, 0x00, 0x00,
    0x00, 0x00, 0x00, 0x00, 0x00, 0x00, 0x00, 0x00, 0x00, 0x00, 0x00, 0x00, 0x00, 0x00, 0x00, 0x00,
    0xFF, 0xFF, 0x00, 0x02, 0x00, 0x00, 0x00, 0x00, 0xE6, 0xB5, 0x47, 0xB2, 0xFE, 0xCB, 0x46, 0xFF,
    0xF5, 0xC7, 0x4E, 0xF8, 0xFF, 0xDD, 0x50, 0xFF, 0xFF, 0xD3, 0x55, 0x69, 0x00, 0x00, 0x00, 0x00,
    0xFF, 0xBF, 0x3F, 0x04, 0x00, 0x00, 0x00, 0x00, 0xFF, 0xFF, 0x00, 0x01, 0x00, 0x00, 0x00, 0x00,
    0x00, 0x00, 0x00, 0x00, 0x00, 0x00, 0x00, 0x00, 0x00, 0x00, 0x00, 0x00, 0x00, 0x00, 0x00, 0x00,
    0x00, 0x00, 0x00, 0x00, 0x00, 0x00, 0x00, 0x00, 0x00, 0x00, 0x00, 0x00, 0x00, 0x00, 0x00, 0x00,
    0x00, 0x00, 0x00, 0x00, 0x00, 0x00, 0x00, 0x00, 0x00, 0x00, 0x00, 0x00, 0x00, 0x00, 0x00, 0x00,
    0x00, 0x00, 0x00, 0x00, 0x00, 0x00, 0x00, 0x00, 0x00, 0x00, 0x00, 0x00, 0x00, 0x00, 0x00, 0x00,
    0xFF, 0x7F, 0x00, 0x02, 0x00, 0x00, 0x00, 0x00, 0xFF, 0x7F, 0x00, 0x02, 0xCC, 0x66, 0x33, 0x05,
    0x00, 0x00, 0x00, 0x00, 0xD2, 0x74, 0x48, 0x2E, 0xE2, 0x7A, 0x37, 0xFD, 0xEE, 0x87, 0x37, 0xFD,
    0xFF, 0xA4, 0x5E, 0xFF, 0xFF, 0xA8, 0x5F, 0xEA, 0xEE, 0xAA, 0x66, 0x0F, 0x00, 0x00, 0x00, 0x00,
    0xFF, 0xFF, 0x00, 0x01, 0x00, 0x00, 0x00, 0x00, 0x00, 0x00, 0x00, 0x00, 0x00, 0x00, 0x00, 0x00,
    0x00, 0x00, 0x00, 0x00, 0x00, 0x00, 0x00, 0x00, 0xFF, 0x7F, 0x3F, 0x04, 0x00, 0x00, 0x00, 0x00,
    0xDE, 0x88, 0x3C, 0x76, 0xF9, 0x9F, 0x3B, 0xFF, 0xEF, 0xA1, 0x3A, 0xFD, 0xF0, 0xA8, 0x40, 0xFF,
    0xFD, 0xB9, 0x55, 0xFF, 0xFD, 0xB5, 0x45, 0xFD, 0xFF, 0xBA, 0x42, 0xFF, 0xFA, 0xAF, 0x4B, 0x76,
    0x00, 0x00, 0x00, 0x00, 0xFF, 0xBF, 0x3F, 0x04, 0x00, 0x00, 0x00, 0x00, 0x00, 0x00, 0x00, 0x00,
    0x00, 0x00, 0x00, 0x00, 0x00, 0x00, 0x00, 0x00, 0x00, 0x00, 0x00, 0x00, 0xFF, 0xFF, 0x00, 0x01,
    0x00, 0x00, 0x00, 0x00, 0xCC, 0x99, 0x66, 0x0F, 0xE9, 0xB7, 0x43, 0xEA, 0xF6, 0xC5, 0x45, 0xFF,
    0xF8, 0xC9, 0x4E, 0xFD, 0xFF, 0xD3, 0x4C, 0xFD, 0xF9, 0xD8, 0x5E, 0x2E, 0x00, 0x00, 0x00, 0x00,
    0xFF, 0xCC, 0x66, 0x05, 0xFF, 0xFF, 0x00, 0x02, 0x00, 0x00, 0x00, 0x00, 0xFF, 0xFF, 0x7F, 0x02,
    0x00, 0x00, 0x00, 0x00, 0x00, 0x00, 0x00, 0x00, 0x00, 0x00, 0x00, 0x00, 0x00, 0x00, 0x00, 0x00,
    0x00, 0x00, 0x00, 0x00, 0x00, 0x00, 0x00, 0x00, 0x00, 0x00, 0x00, 0x00, 0x00, 0x00, 0x00, 0x00,
    0x00, 0x00, 0x00, 0x00, 0x00, 0x00, 0x00, 0x00, 0x00, 0x00, 0x00, 0x00, 0x00, 0x00, 0x00, 0x00,
    0x00, 0x00, 0x00, 0x00, 0x00, 0x00, 0x00, 0x00, 0x00, 0x00, 0x00, 0x00, 0x00, 0x00, 0x00, 0x00,
    0x00, 0x00, 0x00, 0x00, 0xE7, 0xA2, 0x8B, 0x0B, 0x00, 0x00, 0x00, 0x00, 0x00, 0x00, 0x00, 0x00,
    0xFF, 0x7F, 0x3F, 0x04, 0xD4, 0x7F, 0x7F, 0x06, 0xE0, 0x77, 0x36, 0xDB, 0xF2, 0x87, 0x35, 0xFF,
    0xFA, 0x9A, 0x52, 0xFB, 0xFF, 0xB1, 0x66, 0xFF, 0xFF, 0xA7, 0x5F, 0x43, 0x00, 0x00, 0x00, 0x00,
    0xFF, 0xAA, 0x55, 0x03, 0x00, 0x00, 0x00, 0x00, 0x00, 0x00, 0x00, 0x00, 0x00, 0x00, 0x00, 0x00,
    0x00, 0x00, 0x00, 0x00, 0x00, 0x00, 0x00, 0x00, 0x00, 0x00, 0x00, 0x01, 0xFF, 0x7F, 0x3F, 0x04,
    0x00, 0x00, 0x00, 0x00, 0xDE, 0x8B, 0x3C, 0x7E, 0xEF, 0xA0, 0x3C, 0xFE, 0xF0, 0xA8, 0x3F, 0xFD,
    0xFC, 0xBA, 0x55, 0xFD, 0xFF, 0xC2, 0x4B, 0xFE, 0xFC, 0xB0, 0x48, 0x7E, 0x00, 0x00, 0x00, 0x00,
    0xFF, 0xBF, 0x3F, 0x04, 0xFF, 0x00, 0x00, 0x01, 0x00, 0x00, 0x00, 0x00, 0x00, 0x00, 0x00, 0x00,
    0x00, 0x00, 0x00, 0x00, 0x00, 0x00, 0x00, 0x00, 0x00, 0x00, 0x00, 0x00, 0xFF, 0xAA, 0x55, 0x03,
    0x00, 0x00, 0x00, 0x00, 0xE0, 0xAF, 0x4F, 0x43, 0xF6, 0xC1, 0x44, 0xFF, 0xF3, 0xC3, 0x48, 0xFB,
    0xFF, 0xD1, 0x50, 0xFF, 0xFF, 0xD1, 0x4A, 0xDB, 0xFF, 0xFF, 0xAA, 0x06, 0xFF, 0xBF, 0x3F, 0x04,
    0x00, 0x00, 0x00, 0x00, 0x00, 0x00, 0x00, 0x00, 0xFF, 0xE7, 0xA2, 0x0B, 0x00, 0x00, 0x00, 0x00,
    0x00, 0x00, 0x00, 0x00, 0x00, 0x00, 0x00, 0x00, 0x00, 0x00, 0x00, 0x00, 0x00, 0x00, 0x00, 0x00,
    0x00, 0x00, 0x00, 0x00, 0x00, 0x00, 0x00, 0x00, 0x00, 0x00, 0x00, 0x00, 0x00, 0x00, 0x00, 0x00,
    0x00, 0x00, 0x00, 0x00, 0x00, 0x00, 0x00, 0x00, 0x00, 0x00, 0x00, 0x00, 0x00, 0x00, 0x00, 0x00,
    0x00, 0x00, 0x00, 0x00, 0x00, 0x00, 0x00, 0x00, 0xFF, 0xFF, 0x00, 0x01, 0xCC, 0x66, 0x99, 0x05,
    0xDD, 0x77, 0x43, 0x97, 0xFA, 0x8A, 0x48, 0xE5, 0xFD, 0x90, 0x4C, 0xAA, 0xF9, 0x90, 0x53, 0x2E,
    0x00, 0x00, 0x00, 0x00, 0x00, 0x00, 0x00, 0x00, 0xE6, 0x77, 0x36, 0xA4, 0xF8, 0x88, 0x34, 0xFF,
    0xF6, 0x93, 0x48, 0xF7, 0xFF, 0xB4, 0x69, 0xFF, 0xFF, 0xA9, 0x5F, 0x86, 0x00, 0x00, 0x00, 0x00,
    0xFF, 0xBF, 0x3F, 0x04, 0x00, 0x00, 0x00, 0x00, 0x00, 0x00, 0x00, 0x00, 0x00, 0x00, 0x00, 0x00,
    0x00, 0x00, 0x00, 0x00, 0x00, 0x00, 0x00, 0x00, 0x00, 0x00, 0x00, 0x00, 0xFF, 0xFF, 0x00, 0x01,
    0xFF, 0x7F, 0x00, 0x02, 0xB0, 0x89, 0x89, 0x0D, 0xE2, 0x99, 0x3F, 0xF2, 0xF3, 0xAA, 0x3F, 0xFF,
    0xFF, 0xBC, 0x55, 0xFF, 0xFF, 0xC1, 0x52, 0xF2, 0xFF, 0xD7, 0x89, 0x0D, 0xFF, 0x7F, 0x00, 0x02,
    0xFF, 0xFF, 0xFF, 0x01, 0x00, 0x00, 0x00, 0x00, 0x00, 0x00, 0x00, 0x00, 0x00, 0x00, 0x00, 0x00,
    0x00, 0x00, 0x00, 0x00, 0x00, 0x00, 0x00, 0x00, 0x00, 0x00, 0x00, 0x00, 0xFF, 0xBF, 0x3F, 0x04,
    0x00, 0x00, 0x00, 0x00, 0xE6, 0xB2, 0x4A, 0x86, 0xFF, 0xC9, 0x45, 0xFF, 0xF4, 0xC4, 0x4C, 0xF7,
    0xFF, 0xDA, 0x50, 0xFF, 0xFF, 0xD3, 0x4A, 0xA5, 0x00, 0x00, 0x00, 0x00, 0x00, 0x00, 0x00, 0x00,
    0xF9, 0xD2, 0x5E, 0x2E, 0xF9, 0xD5, 0x51, 0xAA, 0xFB, 0xE3, 0x59, 0xE5, 0xFF, 0xE5, 0x68, 0x97,
    0xFF, 0xFF, 0xCC, 0x05, 0xFF, 0xFF, 0x00, 0x01, 0x00, 0x00, 0x00, 0x00, 0x00, 0x00, 0x00, 0x00,
    0x00, 0x00, 0x00, 0x00, 0x00, 0x00, 0x00, 0x00, 0x00, 0x00, 0x00, 0x00, 0x00, 0x00, 0x00, 0x00,
    0x00, 0x00, 0x00, 0x00, 0x00, 0x00, 0x00, 0x00, 0x00, 0x00, 0x00, 0x00, 0x00, 0x00, 0x00, 0x00,
    0x00, 0x00, 0x00, 0x00, 0xBF, 0x7F, 0x3F, 0x04, 0x00, 0x00, 0x00, 0x00, 0xC8, 0x6F, 0x4A, 0x59,
    0xF2, 0x7A, 0x3A, 0xFF, 0xFA, 0x82, 0x3F, 0xFF, 0xFF, 0x97, 0x53, 0xFF, 0xFF, 0x91, 0x49, 0xF7,
    0xFD, 0x90, 0x46, 0x91, 0xFF, 0x8D, 0x55, 0x12, 0xE4, 0x6F, 0x37, 0x4E, 0xF9, 0x85, 0x33, 0xFF,
    0xF2, 0x8E, 0x3F, 0xF9, 0xFF, 0xAD, 0x62, 0xFF, 0xFF, 0xA9, 0x5D, 0xC8, 0x00, 0x00, 0x00, 0x00,
    0xFF, 0xFF, 0x00, 0x01, 0x00, 0x00, 0x00, 0x00, 0x00, 0x00, 0x00, 0x00, 0x00, 0x00, 0x00, 0x00,
    0x00, 0x00, 0x00, 0x00, 0x00, 0x00, 0x00, 0x00, 0x00, 0x00, 0x00, 0x00, 0xFF, 0xFF, 0x00, 0x01,
    0x00, 0x00, 0x00, 0x00, 0xC9, 0x8A, 0x5F, 0x18, 0xE3, 0x9A, 0x3F, 0xF1, 0xF3, 0xA9, 0x3F, 0xFF,
    0xFF, 0xBB, 0x54, 0xFF, 0xFF, 0xC0, 0x51, 0xF1, 0xFF, 0xBF, 0x5F, 0x18, 0x00, 0x00, 0x00, 0x00,
    0xFF, 0xFF, 0xFF, 0x01, 0x00, 0x00, 0x00, 0x00, 0x00, 0x00, 0x00, 0x00, 0x00, 0x00, 0x00, 0x00,
    0x00, 0x00, 0x00, 0x00, 0x00, 0x00, 0x00, 0x00, 0x00, 0x00, 0x00, 0x00, 0xFF, 0xFF, 0x00, 0x01,
    0x00, 0x00, 0x01, 0x00, 0xE9, 0xB5, 0x44, 0xC8, 0xFC, 0xC6, 0x44, 0xFF, 0xF5, 0xC4, 0x4E, 0xF9,
    0xFF, 0xDC, 0x4C, 0xFF, 0xFF, 0xD7, 0x4E, 0x4E, 0xFF, 0xD4, 0x63, 0x12, 0xFF, 0xD8, 0x50, 0x91,
    0xFA, 0xD5, 0x4B, 0xF8, 0xFF, 0xDB, 0x4B, 0xFF, 0xF8, 0xD2, 0x50, 0xFF, 0xFF, 0xF6, 0x70, 0xFF,
    0xFF, 0xE5, 0x72, 0x59, 0x00, 0x00, 0x00, 0x00, 0xFF, 0xBF, 0x7F, 0x04, 0x00, 0x00, 0x00, 0x00,
    0x00, 0x00, 0x00, 0x00, 0x00, 0x00, 0x00, 0x00, 0x00, 0x00, 0x00, 0x00, 0x00, 0x00, 0x00, 0x00,
    0x00, 0x00, 0x00, 0x00, 0x00, 0x00, 0x00, 0x00, 0x00, 0x00, 0x00, 0x00, 0x00, 0x00, 0x00, 0x00,
    0x00, 0x00, 0x00, 0x00, 0xBF, 0x7F, 0x3F, 0x04, 0x00, 0x00, 0x00, 0x00, 0xC6, 0x68, 0x44, 0x64,
    0xF0, 0x73, 0x36, 0xFF, 0xEC, 0x74, 0x33, 0xF9, 0xF4, 0x81, 0x44, 0xFA, 0xFE, 0x91, 0x51, 0xFF,
    0xFF, 0x9E, 0x52, 0xFF, 0xFD, 0x91, 0x42, 0xE2, 0xF9, 0x80, 0x33, 0x8F, 0xEF, 0x7B, 0x2D, 0xF7,
    0xF0, 0x8C, 0x3B, 0xFF, 0xFE, 0xA1, 0x5A, 0xFF, 0xFF, 0xA9, 0x5B, 0xF7, 0xFF, 0xAC, 0x6A, 0x1F,
    0x00, 0x00, 0x00, 0x00, 0xFF, 0x7F, 0x7F, 0x02, 0x00, 0x00, 0x00, 0x00, 0x00, 0x00, 0x00, 0x00,
    0x00, 0x00, 0x00, 0x00, 0x00, 0x00, 0x00, 0x00, 0x00, 0x00, 0x00, 0x00, 0xFF, 0xFF, 0x00, 0x01,
    0x00, 0x00, 0x00, 0x00, 0xC5, 0x8B, 0x68, 0x16, 0xE4, 0x9B, 0x3E, 0xF1, 0xF3, 0xA9, 0x3F, 0xFF,
    0xFF, 0xBA, 0x54, 0xFF, 0xFF, 0xC0, 0x51, 0xF1, 0xFF, 0xC5, 0x68, 0x16, 0x00, 0x00, 0x00, 0x00,
    0xFF, 0xFF, 0xFF, 0x01, 0x00, 0x00, 0x00, 0x00, 0x00, 0x00, 0x00, 0x00, 0x00, 0x00, 0x00, 0x00,
    0x00, 0x00, 0x00, 0x00, 0x00, 0x00, 0x00, 0x00, 0xFF, 0x7F, 0x00, 0x02, 0x00, 0x00, 0x00, 0x00,
    0xDE, 0xAC, 0x5A, 0x1F, 0xED, 0xB7, 0x43, 0xF7, 0xF3, 0xC0, 0x43, 0xFF, 0xF8, 0xC7, 0x51, 0xFF,
    0xFF, 0xD5, 0x47, 0xF7, 0xFF, 0xDB, 0x47, 0x8F, 0xFD, 0xD2, 0x47, 0xE2, 0xFF, 0xDE, 0x4B, 0xFF,
    0xF3, 0xCC, 0x49, 0xFF, 0xEE, 0xC6, 0x4C, 0xFA, 0xEE, 0xC4, 0x47, 0xF9, 0xFF, 0xDD, 0x50, 0xFF,
    0xF4, 0xD3, 0x5B, 0x64, 0x00, 0x00, 0x00, 0x00, 0xFF, 0xBF, 0x3F, 0x04, 0x00, 0x00, 0x00, 0x00,
    0x00, 0x00, 0x00, 0x00, 0x00, 0x00, 0x00, 0x00, 0x00, 0x00, 0x00, 0x00, 0x00, 0x00, 0x00, 0x00,
    0x00, 0x00, 0x00, 0x00, 0x00, 0x00, 0x00, 0x00, 0x00, 0x00, 0x00, 0x00, 0x00, 0x00, 0x00, 0x00,
    0x00, 0x00, 0x00, 0x00, 0xFF, 0x00, 0x00, 0x01, 0xFF, 0x00, 0x00, 0x01, 0xC4, 0x62, 0x4E, 0x0D,
    0xD5, 0x62, 0x37, 0xAB, 0xED, 0x6D, 0x31, 0xFF, 0xF1, 0x75, 0x2F, 0xFF, 0xEE, 0x7C, 0x38, 0xFB,
    0xF6, 0x8B, 0x4A, 0xFB, 0xFF, 0x9B, 0x55, 0xFF, 0xFF, 0x9D, 0x4A, 0xFF, 0xF3, 0x86, 0x33, 0xFE,
    0xEF, 0x89, 0x38, 0xFF, 0xFC, 0x9D, 0x56, 0xFC, 0xFF, 0xB2, 0x60, 0xFF, 0xFF, 0xAA, 0x5C, 0x5E,
    0xFF, 0xFF, 0x00, 0x01, 0xFF, 0xBF, 0x3F, 0x04, 0x00, 0x00, 0x00, 0x00, 0x00, 0x00, 0x00, 0x00,
    0x00, 0x00, 0x00, 0x00, 0x00, 0x00, 0x00, 0x00, 0x00, 0x00, 0x00, 0x00, 0xFF, 0xFF, 0x00, 0x02,
    0xFF, 0xBF, 0x3F, 0x04, 0xD2, 0x90, 0x63, 0x17, 0xE4, 0x9A, 0x3E, 0xF1, 0xF3, 0xAA, 0x3F, 0xFF,
    0xFF, 0xBA, 0x54, 0xFF, 0xFF, 0xBF, 0x50, 0xF1, 0xFF, 0xC7, 0x63, 0x17, 0xFF, 0xBF, 0x3F, 0x04,
    0xFF, 0xFF, 0xFF, 0x02, 0x00, 0x00, 0x00, 0x00, 0x00, 0x00, 0x00, 0x00, 0x00, 0x00, 0x00, 0x00,
    0x00, 0x00, 0x00, 0x00, 0x00, 0x00, 0x00, 0x00, 0xFF, 0xBF, 0x3F, 0x04, 0xFF, 0xFF, 0x00, 0x01,
    0xE6, 0xB0, 0x4B, 0x5E, 0xFD, 0xC5, 0x45, 0xFF, 0xF0, 0xBE, 0x43, 0xFC, 0xF9, 0xC8, 0x54, 0xFF,
    0xFF, 0xD3, 0x4C, 0xFE, 0xFF, 0xDA, 0x45, 0xFF, 0xFA, 0xCF, 0x49, 0xFF, 0xEF, 0xC6, 0x4B, 0xFB,
    0xEE, 0xC3, 0x49, 0xFB, 0xF9, 0xC8, 0x45, 0xFF, 0xFF, 0xCB, 0x47, 0xFF, 0xEE, 0xBE, 0x4C, 0xAB,
    0xEB, 0xB0, 0x62, 0x0D, 0xFF, 0xFF, 0x00, 0x01, 0xFF, 0xFF, 0x00, 0x01, 0x00, 0x00, 0x00, 0x00,
    0x00, 0x00, 0x00, 0x00, 0x00, 0x00, 0x00, 0x00, 0x00, 0x00, 0x00, 0x00, 0x00, 0x00, 0x00, 0x00,
    0x00, 0x00, 0x00, 0x00, 0x00, 0x00, 0x00, 0x00, 0x00, 0x00, 0x00, 0x00, 0x00, 0x00, 0x00, 0x00,
    0x00, 0x00, 0x00, 0x00, 0x00, 0x00, 0x00, 0x00, 0x00, 0x00, 0x00, 0x00, 0x00, 0x00, 0x00, 0x00,
    0x00, 0x00, 0x00, 0x00, 0xD7, 0x62, 0x40, 0x53, 0xE5, 0x6A, 0x33, 0xD6, 0xFA, 0x78, 0x30, 0xFF,
    0xF2, 0x7C, 0x32, 0xFF, 0xF1, 0x86, 0x3E, 0xFD, 0xFA, 0x95, 0x51, 0xFC, 0xFE, 0x9B, 0x53, 0xFF,
    0xF4, 0x8E, 0x3F, 0xFF, 0xFC, 0x9C, 0x54, 0xFB, 0xFF, 0xB3, 0x64, 0xFF, 0xFF, 0xA9, 0x5A, 0xA4,
    0x00, 0x00, 0x00, 0x00, 0xFF, 0xAA, 0x55, 0x06, 0x00, 0x00, 0x00, 0x00, 0x00, 0x00, 0x00, 0x00,
    0x00, 0x00, 0x00, 0x00, 0x00, 0x00, 0x00, 0x00, 0xFF, 0xAA, 0x55, 0x03, 0x00, 0x00, 0x00, 0x00,
    0x00, 0x00, 0x00, 0x00, 0xAA, 0x77, 0x88, 0x0F, 0xE4, 0x9B, 0x3E, 0xF3, 0xF4, 0xAA, 0x3F, 0xFF,
    0xFF, 0xBA, 0x54, 0xFF, 0xFF, 0xC2, 0x55, 0xF3, 0xFF, 0xCC, 0x99, 0x0F, 0x00, 0x00, 0x00, 0x00,
    0x00, 0x00, 0x00, 0x00, 0xFF, 0xFF, 0x55, 0x03, 0x00, 0x00, 0x00, 0x00, 0x00, 0x00, 0x00, 0x00,
    0x00, 0x00, 0x00, 0x00, 0x00, 0x00, 0x00, 0x00, 0xFF, 0xD4, 0x55, 0x06, 0x00, 0x00, 0x00, 0x00,
    0xE9, 0xB2, 0x45, 0xA4, 0xFF, 0xC8, 0x45, 0xFF, 0xF1, 0xBE, 0x45, 0xFB, 0xF7, 0xC8, 0x52, 0xFF,
    0xF6, 0xC9, 0x4B, 0xFF, 0xF1, 0xC5, 0x48, 0xFC, 0xEF, 0xC2, 0x4A, 0xFD, 0xF8, 0xC6, 0x46, 0xFF,
    0xFF, 0xD2, 0x47, 0xFF, 0xFB, 0xC6, 0x48, 0xD6, 0xF2, 0xBE, 0x56, 0x53, 0x00, 0x00, 0x00, 0x00,
    0x00, 0x00, 0x00, 0x00, 0x00, 0x00, 0x00, 0x00, 0x00, 0x00, 0x00, 0x00, 0x00, 0x00, 0x00, 0x00,
    0x00, 0x00, 0x00, 0x00, 0x00, 0x00, 0x00, 0x00, 0x00, 0x00, 0x00, 0x00, 0x00, 0x00, 0x00, 0x00,
    0x00, 0x00, 0x00, 0x00, 0x00, 0x00, 0x00, 0x00, 0x00, 0x00, 0x00, 0x00, 0x00, 0x00, 0x00, 0x00,
    0x00, 0x00, 0x00, 0x00, 0x00, 0x00, 0x00, 0x00, 0x00, 0x00, 0x00, 0x00, 0xFF, 0x55, 0x55, 0x03,
    0xFF, 0x7F, 0x2A, 0x06, 0x00, 0x00, 0x00, 0x00, 0xAA, 0x55, 0x7F, 0x06, 0xE2, 0x69, 0x38, 0x6D,
    0xED, 0x6E, 0x2C, 0xDF, 0xED, 0x77, 0x2E, 0xFE, 0xED, 0x80, 0x35, 0xFE, 0xF5, 0x8D, 0x42, 0xFF,
    0xF9, 0x96, 0x4C, 0xFF, 0xFD, 0x9F, 0x59, 0xFE, 0xFF, 0xB0, 0x68, 0xFE, 0xFD, 0xAD, 0x5B, 0xE7,
    0xF5, 0xA6, 0x62, 0x1A, 0x00, 0x00, 0x00, 0x00, 0xFF, 0x00, 0x00, 0x01, 0xFF, 0xAA, 0x55, 0x03,
    0xFF, 0xFF, 0x00, 0x01, 0xFF, 0xFF, 0x00, 0x01, 0x00, 0x00, 0x00, 0x00, 0xDC, 0xA2, 0x68, 0x16,
    0xF5, 0xAB, 0x51, 0x6E, 0xF4, 0xAB, 0x49, 0xC1, 0xF0, 0xA6, 0x3E, 0xFD, 0xF2, 0xA9, 0x3F, 0xFE,
    0xFC, 0xB9, 0x59, 0xFE, 0xFF, 0xC9, 0x61, 0xFD, 0xFF, 0xC7, 0x55, 0xC1, 0xFF, 0xC9, 0x5C, 0x6E,
    0xFF, 0xC5, 0x73, 0x16, 0x00, 0x00, 0x00, 0x00, 0xFF, 0xFF, 0x00, 0x01, 0xFF, 0xFF, 0x00, 0x01,
    0xFF, 0xAA, 0x55, 0x03, 0xFF, 0xFF, 0x00, 0x01, 0x00, 0x00, 0x00, 0x00, 0xD7, 0xA6, 0x6B, 0x1A,
    0xF1, 0xBB, 0x45, 0xE7, 0xF9, 0xC3, 0x42, 0xFE, 0xF1, 0xC0, 0x46, 0xFE, 0xF3, 0xC4, 0x4A, 0xFF,
    0xF2, 0xC2, 0x4A, 0xFF, 0xF1, 0xBE, 0x45, 0xFE, 0xF6, 0xC2, 0x40, 0xFE, 0xFD, 0xCA, 0x42, 0xDF,
    0xFF, 0xC6, 0x4D, 0x6D, 0xD4, 0xAA, 0x7F, 0x06, 0x00, 0x00, 0x00, 0x00, 0xFF, 0xD4, 0x55, 0x06,
    0xFF, 0xFF, 0x55, 0x03, 0x00, 0x00, 0x00, 0x00, 0x00, 0x00, 0x00, 0x00, 0x00, 0x00, 0x00, 0x00,
    0x00, 0x00, 0x00, 0x00, 0x00, 0x00, 0x00, 0x00, 0x00, 0x00, 0x00, 0x00, 0x00, 0x00, 0x00, 0x00,
    0x00, 0x00, 0x00, 0x00, 0x00, 0x00, 0x00, 0x00, 0x00, 0x00, 0x00, 0x00, 0x00, 0x00, 0x00, 0x00,
    0x00, 0x00, 0x00, 0x00, 0x7F, 0x7F, 0x00, 0x02, 0x00, 0x00, 0x00, 0x00, 0x00, 0x00, 0x00, 0x00,
    0x00, 0x00, 0x00, 0x00, 0x00, 0x00, 0x00, 0x00, 0xEF, 0x7F, 0x5F, 0x10, 0xFA, 0x84, 0x46, 0x36,
    0xF4, 0x75, 0x30, 0xAD, 0xF6, 0x7D, 0x2D, 0xFF, 0xED, 0x83, 0x35, 0xFD, 0xEF, 0x86, 0x38, 0xFF,
    0xF1, 0x8A, 0x3B, 0xFF, 0xF7, 0x95, 0x47, 0xFF, 0xFC, 0xA0, 0x55, 0xFE, 0xFF, 0xAB, 0x55, 0xFF,
    0xFD, 0xAA, 0x50, 0xE5, 0xFC, 0xAA, 0x55, 0x69, 0xFF, 0xAA, 0xFF, 0x03, 0x00, 0x00, 0x00, 0x00,
    0x00, 0x00, 0x00, 0x00, 0x00, 0x00, 0x01, 0x00, 0xEC, 0xA0, 0x50, 0x6C, 0xF6, 0xA9, 0x46, 0xE8,
    0xFF, 0xB5, 0x45, 0xFF, 0xFF, 0xB4, 0x44, 0xFF, 0xF7, 0xAE, 0x44, 0xFF, 0xF5, 0xAE, 0x46, 0xFF,
    0xFA, 0xB5, 0x51, 0xFF, 0xFD, 0xBC, 0x55, 0xFF, 0xFF, 0xC7, 0x52, 0xFF, 0xFF, 0xD1, 0x58, 0xFF,
    0xFF, 0xCB, 0x57, 0xE8, 0xFF, 0xC8, 0x5E, 0x6C, 0x00, 0x00, 0x00, 0x00, 0x00, 0x00, 0x00, 0x00,
    0x00, 0x00, 0x00, 0x00, 0x55, 0x55, 0xFF, 0x03, 0xF0, 0xBF, 0x52, 0x69, 0xF7, 0xC3, 0x49, 0xE5,
    0xF9, 0xC6, 0x45, 0xFF, 0xF2, 0xC1, 0x47, 0xFE, 0xF3, 0xC2, 0x4A, 0xFF, 0xF2, 0xC0, 0x49, 0xFF,
    0xF4, 0xC2, 0x4C, 0xFF, 0xFA, 0xCB, 0x54, 0xFD, 0xFF, 0xDB, 0x4C, 0xFF, 0xFF, 0xDB, 0x46, 0xAD,
    0xFF, 0xE7, 0x59, 0x36, 0xFF, 0xEF, 0x7F, 0x10, 0x00, 0x00, 0x00, 0x00, 0x00, 0x00, 0x00, 0x00,
    0x00, 0x00, 0x00, 0x00, 0x00, 0x00, 0x00, 0x00, 0xFF, 0x7F, 0x7F, 0x02, 0x00, 0x00, 0x00, 0x00,
    0x00, 0x00, 0x00, 0x00, 0x00, 0x00, 0x00, 0x00, 0x00, 0x00, 0x00, 0x00, 0x00, 0x00, 0x00, 0x00,
    0x00, 0x00, 0x00, 0x00, 0x00, 0x00, 0x00, 0x00, 0x00, 0x00, 0x00, 0x00, 0x00, 0x00, 0x00, 0x00,
    0x00, 0x00, 0x00, 0x00, 0x00, 0x00, 0x00, 0x00, 0x00, 0xFF, 0xFF, 0x01, 0xEE, 0x82, 0x56, 0x2F,
    0xF1, 0x7D, 0x47, 0x6E, 0xF4, 0x7C, 0x3D, 0xB2, 0xF6, 0x7D, 0x37, 0xE9, 0xFF, 0x85, 0x37, 0xFF,
    0xFF, 0x89, 0x37, 0xFF, 0xF2, 0x87, 0x3B, 0xFF, 0xF3, 0x89, 0x3E, 0xFF, 0xF3, 0x8A, 0x3E, 0xFD,
    0xF2, 0x87, 0x38, 0xFB, 0xED, 0x86, 0x35, 0xFC, 0xF1, 0x8F, 0x3C, 0xFC, 0xF8, 0x9C, 0x4C, 0xFD,
    0xFF, 0xAB, 0x57, 0xFF, 0xFF, 0xB5, 0x56, 0xFF, 0xFF, 0xAF, 0x51, 0xC8, 0xFB, 0xAB, 0x57, 0x43,
    0xD0, 0x8B, 0x8B, 0x0B, 0xEC, 0x9D, 0x49, 0xA7, 0xFF, 0xAE, 0x44, 0xFF, 0xF9, 0xAA, 0x3E, 0xFF,
    0xF4, 0xA8, 0x43, 0xFB, 0xF6, 0xAA, 0x45, 0xF9, 0xF6, 0xA8, 0x42, 0xFC, 0xF6, 0xA9, 0x41, 0xFE,
    0xF5, 0xAA, 0x41, 0xFE, 0xF5, 0xAD, 0x43, 0xFC, 0xF6, 0xB3, 0x49, 0xF9, 0xFA, 0xB9, 0x51, 0xFB,
    0xFF, 0xC8, 0x5D, 0xFF, 0xFF, 0xDA, 0x62, 0xFF, 0xFF, 0xCB, 0x5D, 0xA7, 0xE7, 0xB9, 0x8B, 0x0B,
    0xEF, 0xB6, 0x57, 0x43, 0xF9, 0xC3, 0x4C, 0xC8, 0xFF, 0xCC, 0x48, 0xFF, 0xFA, 0xC4, 0x46, 0xFF,
    0xF2, 0xBF, 0x49, 0xFD, 0xF3, 0xBF, 0x49, 0xFC, 0xF3, 0xBC, 0x44, 0xFC, 0xF1, 0xBB, 0x45, 0xFB,
    0xF0, 0xC0, 0x48, 0xFD, 0xF4, 0xC8, 0x52, 0xFF, 0xF9, 0xCF, 0x58, 0xFF, 0xFF, 0xDC, 0x54, 0xFF,
    0xFF, 0xE2, 0x52, 0xFF, 0xFD, 0xD9, 0x52, 0xE9, 0xFD, 0xDC, 0x57, 0xB2, 0xFF, 0xDE, 0x5F, 0x6E,
    0xFF, 0xE3, 0x6C, 0x2F, 0xFF, 0x00, 0xFF, 0x01, 0x00, 0x00, 0x00, 0x00, 0x00, 0x00, 0x00, 0x00,
    0x00, 0x00, 0x00, 0x00, 0x00, 0x00, 0x00, 0x00, 0x00, 0x00, 0x00, 0x00, 0x00, 0x00, 0x00, 0x00,
    0x00, 0x00, 0x00, 0x00, 0x00, 0x00, 0x00, 0x00, 0x00, 0x00, 0x00, 0x00, 0xFF, 0x7F, 0x7F, 0x02,
    0xFF, 0x00, 0x00, 0x01, 0xCE, 0x6C, 0x4B, 0x2F, 0xEE, 0x76, 0x40, 0xCF, 0xF3, 0x77, 0x3A, 0xFE,
    0xFF, 0x81, 0x3B, 0xFF, 0xFF, 0x83, 0x3B, 0xFF, 0xF7, 0x82, 0x3B, 0xFF, 0xF2, 0x82, 0x3D, 0xFB,
    0xF2, 0x84, 0x3E, 0xF9, 0xF3, 0x84, 0x3B, 0xFC, 0xF6, 0x85, 0x39, 0xFF, 0xFF, 0x89, 0x3A, 0xFF,
    0xFF, 0x8D, 0x3B, 0xFF, 0xFC, 0x86, 0x39, 0xFF, 0xF6, 0x87, 0x37, 0xFF, 0xF1, 0x8C, 0x36, 0xFF,
    0xF3, 0x96, 0x43, 0xFB, 0xFA, 0xA2, 0x51, 0xFC, 0xFF, 0xB4, 0x59, 0xFF, 0xFF, 0xAE, 0x4F, 0xFF,
    0xF8, 0xA4, 0x47, 0xDE, 0xFF, 0xA7, 0x3E, 0xFF, 0xF4, 0xA2, 0x3C, 0xFC, 0xF5, 0xA5, 0x44, 0xFD,
    0xF7, 0xA3, 0x40, 0xFE, 0xFF, 0xA9, 0x40, 0xFF, 0xFF, 0xA7, 0x41, 0xFF, 0xF8, 0x9D, 0x40, 0xFF,
    0xF7, 0x9D, 0x40, 0xFF, 0xFF, 0xA7, 0x41, 0xFF, 0xFF, 0xAC, 0x3F, 0xFF, 0xF2, 0xAA, 0x3F, 0xFE,
    0xF6, 0xB5, 0x4A, 0xFD, 0xFF, 0xC6, 0x61, 0xFC, 0xFF, 0xD7, 0x65, 0xFF, 0xFC, 0xC3, 0x50, 0xDE,
    0xF9, 0xBE, 0x44, 0xFF, 0xFF, 0xC8, 0x46, 0xFF, 0xF2, 0xBD, 0x46, 0xFC, 0xF1, 0xBA, 0x49, 0xFB,
    0xF7, 0xBC, 0x45, 0xFF, 0xFF, 0xC2, 0x45, 0xFF, 0xFF, 0xBE, 0x45, 0xFF, 0xFF, 0xC3, 0x46, 0xFF,
    0xFC, 0xC1, 0x45, 0xFF, 0xF2, 0xBE, 0x43, 0xFF, 0xEF, 0xC0, 0x47, 0xFC, 0xF0, 0xC5, 0x4E, 0xF9,
    0xF2, 0xC9, 0x51, 0xFB, 0xF9, 0xD1, 0x53, 0xFF, 0xFF, 0xDE, 0x55, 0xFF, 0xFF, 0xE3, 0x58, 0xFF,
    0xF8, 0xD9, 0x54, 0xFE, 0xFC, 0xE2, 0x60, 0xCF, 0xFF, 0xE9, 0x7C, 0x2F, 0xFF, 0xFF, 0x00, 0x01,
    0xFF, 0xFF, 0x7F, 0x02, 0x00, 0x00, 0x00, 0x00, 0x00, 0x00, 0x00, 0x00, 0x00, 0x00, 0x00, 0x00,
    0x00, 0x00, 0x00, 0x00, 0x00, 0x00, 0x00, 0x00, 0x00, 0x00, 0x00, 0x00, 0xFF, 0x55, 0x00, 0x03,
    0x00, 0x00, 0x00, 0x00, 0xCF, 0x67, 0x3D, 0xAD, 0xFC, 0x76, 0x36, 0xFF, 0xF1, 0x75, 0x38, 0xFA,
    0xF1, 0x78, 0x3A, 0xF8, 0xF1, 0x7A, 0x3A, 0xF8, 0xF2, 0x7A, 0x39, 0xFE, 0xFC, 0x7E, 0x38, 0xFF,
    0xFF, 0x82, 0x39, 0xFF, 0xFF, 0x83, 0x3A, 0xFF, 0xF6, 0x7C, 0x39, 0xFB, 0xF6, 0x7E, 0x3D, 0xD4,
    0xF5, 0x7E, 0x40, 0x9D, 0xEC, 0x7A, 0x46, 0x5E, 0xDD, 0x75, 0x3F, 0x89, 0xEB, 0x81, 0x38, 0xF7,
    0xFA, 0x8F, 0x37, 0xFF, 0xF0, 0x92, 0x38, 0xFD, 0xF6, 0x9E, 0x48, 0xFB, 0xFD, 0xA9, 0x53, 0xFF,
    0xFF, 0xAA, 0x46, 0xFF, 0xF2, 0xA0, 0x3D, 0xFD, 0xF6, 0xA2, 0x44, 0xFE, 0xFC, 0xA4, 0x40, 0xFF,
    0xFF, 0xA5, 0x42, 0xFF, 0xF9, 0x9B, 0x48, 0xB6, 0xF1, 0x92, 0x4E, 0x5E, 0xE7, 0x8D, 0x55, 0x36,
    0xE7, 0x88, 0x55, 0x36, 0xE9, 0x8F, 0x4B, 0x5E, 0xEE, 0x97, 0x44, 0xB6, 0xF9, 0xA4, 0x3F, 0xFF,
    0xF5, 0xAB, 0x3C, 0xFF, 0xF5, 0xB4, 0x48, 0xFE, 0xFD, 0xC4, 0x60, 0xFD, 0xFF, 0xC6, 0x4F, 0xFF,
    0xF5, 0xBB, 0x44, 0xFF, 0xF3, 0xB9, 0x49, 0xFB, 0xF4, 0xB8, 0x45, 0xFD, 0xFF, 0xC2, 0x45, 0xFF,
    0xF9, 0xB7, 0x47, 0xF7, 0xF0, 0xAE, 0x4E, 0x89, 0xF1, 0xA8, 0x4B, 0x5E, 0xF5, 0xAD, 0x47, 0x9D,
    0xF4, 0xB0, 0x45, 0xD4, 0xF4, 0xB4, 0x44, 0xFB, 0xFF, 0xC3, 0x47, 0xFF, 0xFF, 0xC7, 0x46, 0xFF,
    0xF8, 0xC4, 0x46, 0xFF, 0xEE, 0xC1, 0x47, 0xFE, 0xED, 0xC5, 0x4C, 0xF8, 0xED, 0xC7, 0x4E, 0xF8,
    0xED, 0xCA, 0x50, 0xFA, 0xFF, 0xE9, 0x60, 0xFF, 0xF9, 0xDD, 0x68, 0xAD, 0x00, 0x00, 0x00, 0x00,
    0xFF, 0xFF, 0x55, 0x03, 0x00, 0x00, 0x00, 0x00, 0x00, 0x00, 0x00, 0x00, 0x00, 0x00, 0x00, 0x00,
    0x00, 0x00, 0x00, 0x00, 0x00, 0x00, 0x00, 0x00, 0x00, 0x00, 0x00, 0x00, 0xBF, 0x3F, 0x3F, 0x04,
    0x00, 0x00, 0x00, 0x00, 0xCB, 0x60, 0x39, 0xA3, 0xF8, 0x6F, 0x34, 0xFF, 0xF6, 0x70, 0x35, 0xFF,
    0xFF, 0x76, 0x37, 0xFF, 0xFF, 0x77, 0x38, 0xFF, 0xF5, 0x72, 0x37, 0xFF, 0xF4, 0x73, 0x3A, 0xD9,
    0xF3, 0x75, 0x41, 0xA0, 0xF4, 0x77, 0x47, 0x60, 0xEB, 0x79, 0x52, 0x28, 0x7F, 0x7F, 0xFF, 0x02,
    0x00, 0x00, 0x00, 0x00, 0x00, 0x00, 0x00, 0x00, 0x00, 0x00, 0x00, 0x00, 0xD7, 0x77, 0x55, 0x2D,
    0xE6, 0x7E, 0x3F, 0xAE, 0xF2, 0x89, 0x39, 0xFF, 0xF4, 0x92, 0x37, 0xFF, 0xF2, 0x98, 0x3E, 0xFE,
    0xF4, 0x9F, 0x42, 0xFD, 0xF5, 0xA1, 0x44, 0xFE, 0xFD, 0xA5, 0x41, 0xFD, 0xFD, 0xA4, 0x42, 0xF8,
    0xF9, 0x9C, 0x56, 0x5B, 0x00, 0x00, 0x00, 0x00, 0x00, 0x00, 0x00, 0x00, 0x00, 0x00, 0x00, 0x00,
    0x00, 0x00, 0x00, 0x00, 0x00, 0x00, 0x00, 0x00, 0x00, 0x00, 0x00, 0x00, 0xE5, 0x91, 0x4B, 0x5B,
    0xF2, 0xA0, 0x3E, 0xF8, 0xF6, 0xAE, 0x3D, 0xFD, 0xF6, 0xB8, 0x4C, 0xFE, 0xF9, 0xBE, 0x52, 0xFD,
    0xF4, 0xB6, 0x47, 0xFE, 0xFD, 0xBB, 0x43, 0xFF, 0xFF, 0xBB, 0x46, 0xFF, 0xF7, 0xB4, 0x4D, 0xAE,
    0xEE, 0xAA, 0x60, 0x2D, 0x00, 0x00, 0x00, 0x00, 0x00, 0x00, 0x00, 0x00, 0x00, 0x00, 0x00, 0x00,
    0x7F, 0x00, 0xFF, 0x02, 0xF2, 0xA5, 0x59, 0x28, 0xF1, 0xAC, 0x4F, 0x60, 0xF3, 0xB2, 0x4A, 0xA0,
    0xF3, 0xB4, 0x47, 0xD9, 0xF2, 0xB9, 0x45, 0xFF, 0xFF, 0xC7, 0x48, 0xFF, 0xFD, 0xCA, 0x47, 0xFF,
    0xF0, 0xC3, 0x46, 0xFF, 0xFF, 0xD7, 0x4D, 0xFF, 0xEC, 0xC8, 0x51, 0xA3, 0x00, 0x00, 0x00, 0x00,
    0xBF, 0xBF, 0x3F, 0x04, 0x00, 0x00, 0x00, 0x00, 0x00, 0x00, 0x00, 0x00, 0x00, 0x00, 0x00, 0x00,
    0x00, 0x00, 0x00, 0x00, 0x00, 0x00, 0x00, 0x00, 0x00, 0x00, 0x00, 0x00, 0x7F, 0x7F, 0x7F, 0x02,
    0x00, 0x00, 0x00, 0x01, 0xBF, 0x57, 0x3F, 0x20, 0xDE, 0x5F, 0x36, 0xC3, 0xF2, 0x67, 0x38, 0xDD,
    0xF2, 0x6B, 0x3D, 0xA9, 0xF2, 0x6D, 0x46, 0x69, 0xEE, 0x6C, 0x51, 0x2F, 0xCC, 0x66, 0xCC, 0x05,
    0x00, 0x00, 0x00, 0x00, 0x00, 0x00, 0x00, 0x00, 0x00, 0x00, 0x00, 0x00, 0x00, 0x00, 0x00, 0x00,
    0xFF, 0xAA, 0x55, 0x03, 0xFF, 0xAA, 0x55, 0x03, 0xFF, 0xAA, 0x55, 0x03, 0x00, 0x00, 0x00, 0x00,
    0x00, 0x00, 0x00, 0x00, 0xDD, 0x7C, 0x49, 0x4C, 0xE7, 0x86, 0x3C, 0xDC, 0xF1, 0x97, 0x39, 0xFE,
    0xF3, 0x9E, 0x3F, 0xFD, 0xFB, 0xA3, 0x45, 0xFD, 0xFF, 0xA9, 0x42, 0xFF, 0xF9, 0xA1, 0x55, 0x5A,
    0x00, 0x00, 0x00, 0x00, 0xFF, 0xBF, 0x3F, 0x04, 0xFF, 0x7F, 0x3F, 0x04, 0xFF, 0x7F, 0x7F, 0x02,
    0xFF, 0x7F, 0x7F, 0x02, 0xBF, 0x7F, 0x3F, 0x04, 0xFF, 0xBF, 0x3F, 0x04, 0x00, 0x00, 0x00, 0x00,
    0xDA, 0x91, 0x46, 0x5B, 0xF7, 0xA9, 0x40, 0xFF, 0xF3, 0xB1, 0x40, 0xFD, 0xF9, 0xBE, 0x54, 0xFD,
    0xFB, 0xC3, 0x4F, 0xFE, 0xFC, 0xBA, 0x47, 0xDC, 0xF4, 0xAE, 0x5A, 0x4C, 0x00, 0x00, 0x00, 0x00,
    0x00, 0x00, 0x00, 0x00, 0xFF, 0xAA, 0x55, 0x03, 0xFF, 0xAA, 0x55, 0x03, 0xFF, 0xAA, 0x55, 0x03,
    0x00, 0x00, 0x00, 0x00, 0x00, 0x00, 0x00, 0x00, 0x00, 0x00, 0x00, 0x00, 0x00, 0x00, 0x00, 0x00,
    0xCC, 0x66, 0x99, 0x05, 0xEE, 0xA8, 0x56, 0x2F, 0xF2, 0xB3, 0x50, 0x69, 0xF1, 0xB6, 0x49, 0xA9,
    0xF3, 0xBA, 0x47, 0xDD, 0xEC, 0xBC, 0x4B, 0xC3, 0xDF, 0xB7, 0x5F, 0x20, 0x00, 0x00, 0x00, 0x01,
    0x7F, 0x7F, 0x7F, 0x02, 0x00, 0x00, 0x00, 0x00, 0x00, 0x00, 0x00, 0x00, 0x00, 0x00, 0x00, 0x00,
    0x00, 0x00, 0x00, 0x00, 0x00, 0x00, 0x00, 0x00, 0x00, 0x00, 0x00, 0x00, 0x00, 0x00, 0x00, 0x00,
    0x00, 0x00, 0x00, 0x00, 0x00, 0x00, 0x00, 0x00, 0x00, 0x00, 0x01, 0x00, 0xBF, 0x5F, 0x9F, 0x08,
    0x00, 0x00, 0x00, 0x00, 0x00, 0x00, 0x00, 0x00, 0x00, 0x00, 0x00, 0x00, 0x00, 0x00, 0x00, 0x00,
    0xFF, 0xAA, 0x55, 0x03, 0xBF, 0x7F, 0x3F, 0x04, 0xFF, 0x7F, 0x7F, 0x02, 0xFF, 0x00, 0x00, 0x01,
    0x00, 0x00, 0x00, 0x00, 0x00, 0x00, 0x00, 0x00, 0x00, 0x00, 0x00, 0x00, 0xFF, 0x7F, 0x7F, 0x02,
    0xFF, 0x7F, 0x00, 0x04, 0x00, 0x00, 0x00, 0x00, 0xDB, 0x8A, 0x43, 0xB6, 0xF9, 0x9D, 0x3B, 0xFF,
    0xF6, 0xA1, 0x45, 0xF9, 0xFF, 0xAE, 0x46, 0xFF, 0xFD, 0xA3, 0x46, 0xB8, 0x00, 0x00, 0x00, 0x00,
    0xFF, 0x99, 0x33, 0x05, 0xFF, 0x00, 0x00, 0x01, 0x00, 0x00, 0x00, 0x00, 0x00, 0x00, 0x00, 0x00,
    0x00, 0x00, 0x00, 0x00, 0x00, 0x00, 0x00, 0x00, 0x00, 0x00, 0x00, 0x01, 0xFF, 0x99, 0x33, 0x05,
    0x00, 0x00, 0x00, 0x00, 0xE4, 0x9C, 0x42, 0xB8, 0xFD, 0xB5, 0x40, 0xFF, 0xF6, 0xBB, 0x4F, 0xF9,
    0xFF, 0xD2, 0x60, 0xFF, 0xFD, 0xC6, 0x5B, 0xB6, 0x00, 0x00, 0x00, 0x00, 0xFF, 0xBF, 0x3F, 0x04,
    0xFF, 0x7F, 0x7F, 0x02, 0x00, 0x00, 0x00, 0x00, 0x00, 0x00, 0x00, 0x00, 0x00, 0x00, 0x00, 0x00,
    0xFF, 0x00, 0x00, 0x01, 0xFF, 0x7F, 0x7F, 0x02, 0xBF, 0xBF, 0x3F, 0x04, 0xFF, 0xAA, 0x55, 0x03,
    0x00, 0x00, 0x00, 0x00, 0x00, 0x00, 0x00, 0x00, 0x00, 0x00, 0x00, 0x00, 0x00, 0x00, 0x00, 0x00,
    0xDF, 0x7F, 0x7F, 0x08, 0x00, 0x00, 0x00, 0x00, 0x00, 0x00, 0x00, 0x00, 0x00, 0x00, 0x00, 0x00,
    0x00, 0x00, 0x00, 0x00, 0x00, 0x00, 0x00, 0x00, 0x00, 0x00, 0x00, 0x00, 0x00, 0x00, 0x00, 0x00,
    0x00, 0x00, 0x00, 0x00, 0x00, 0x00, 0x00, 0x00, 0x00, 0x00, 0x00, 0x00, 0x00, 0x00, 0x00, 0x00,
    0x00, 0x00, 0x00, 0x00, 0xFF, 0xFF, 0x00, 0x01, 0x01, 0x00, 0x00, 0x00, 0x00, 0x00, 0x00, 0x00,
    0xFF, 0x55, 0x00, 0x03, 0xFF, 0x7F, 0x3F, 0x04, 0xFF, 0x7F, 0x7F, 0x02, 0xFF, 0x00, 0x00, 0x01,
    0x00, 0x00, 0x00, 0x00, 0x00, 0x00, 0x00, 0x00, 0x00, 0x00, 0x00, 0x00, 0x00, 0x00, 0x00, 0x00,
    0x00, 0x00, 0x00, 0x00, 0x00, 0x00, 0x00, 0x00, 0x00, 0x00, 0x00, 0x00, 0xFF, 0xFF, 0x00, 0x01,
    0x00, 0x00, 0x00, 0x00, 0xC4, 0x89, 0x75, 0x0D, 0xE0, 0x8C, 0x3E, 0xE7, 0xF4, 0x9B, 0x3A, 0xFF,
    0xFA, 0xA4, 0x4A, 0xFA, 0xFF, 0xB1, 0x47, 0xFF, 0xFC, 0xA7, 0x4F, 0x5A, 0xFF, 0xFF, 0x00, 0x01,
    0xFF, 0x7F, 0x3F, 0x04, 0x00, 0x00, 0x00, 0x00, 0x00, 0x00, 0x00, 0x00, 0x00, 0x00, 0x00, 0x00,
    0x00, 0x00, 0x00, 0x00, 0x00, 0x00, 0x00, 0x00, 0x00, 0x00, 0x00, 0x00, 0xFF, 0x7F, 0x3F, 0x04,
    0xFF, 0xFF, 0x00, 0x01, 0xDD, 0x9B, 0x49, 0x5A, 0xFB, 0xB2, 0x42, 0xFF, 0xF4, 0xB7, 0x47, 0xFA,
    0xFF, 0xCA, 0x5B, 0xFF, 0xFF, 0xC7, 0x58, 0xE7, 0xFF, 0xC4, 0x89, 0x0D, 0x00, 0x00, 0x00, 0x00,
    0xFF, 0xFF, 0x00, 0x01, 0x00, 0x00, 0x00, 0x00, 0x00, 0x00, 0x00, 0x00, 0x00, 0x00, 0x00, 0x00,
    0x00, 0x00, 0x00, 0x00, 0x00, 0x00, 0x00, 0x00, 0x00, 0x00, 0x00, 0x00, 0x00, 0x00, 0x00, 0x00,
    0xFF, 0x00, 0x00, 0x01, 0xFF, 0xFF, 0x7F, 0x02, 0xFF, 0xBF, 0x3F, 0x04, 0xFF, 0xAA, 0x55, 0x03,
    0x00, 0x00, 0x00, 0x00, 0x01, 0x01, 0x00, 0x00, 0xFF, 0xFF, 0x00, 0x01, 0x00, 0x00, 0x00, 0x00,
    0x00, 0x00, 0x00, 0x00, 0x00, 0x00, 0x00, 0x00, 0x00, 0x00, 0x00, 0x00, 0x00, 0x00, 0x00, 0x00,
    0x00, 0x00, 0x00, 0x00, 0x00, 0x00, 0x00, 0x00, 0x00, 0x00, 0x00, 0x00, 0x00, 0x00, 0x00, 0x00,
    0x00, 0x00, 0x00, 0x00, 0x00, 0x00, 0x00, 0x00, 0x00, 0x00, 0x00, 0x00, 0xFF, 0x00, 0x00, 0x01,
    0x00, 0x00, 0x00, 0x00, 0x00, 0x00, 0x00, 0x00, 0x00, 0x00, 0x00, 0x00, 0x00, 0x00, 0x00, 0x00,
    0x00, 0x00, 0x00, 0x00, 0x00, 0x00, 0x00, 0x00, 0x00, 0x00, 0x00, 0x00, 0x00, 0x00, 0x00, 0x00,
    0x00, 0x00, 0x00, 0x00, 0x00, 0x00, 0x00, 0x00, 0x00, 0x00, 0x00, 0x00, 0x7F, 0x7F, 0x00, 0x02,
    0x00, 0x00, 0x00, 0x00, 0xC6, 0x84, 0x5E, 0x1B, 0xDE, 0x8A, 0x3D, 0xF5, 0xF2, 0x9A, 0x3B, 0xFF,
    0xFC, 0xA7, 0x4F, 0xFD, 0xFF, 0xAC, 0x49, 0xFF, 0xFF, 0xAF, 0x5A, 0x33, 0x00, 0x00, 0x00, 0x00,
    0xFF, 0xFF, 0x7F, 0x02, 0x00, 0x00, 0x00, 0x00, 0x00, 0x00, 0x00, 0x00, 0x00, 0x00, 0x00, 0x00,
    0x00, 0x00, 0x00, 0x00, 0x00, 0x00, 0x00, 0x00, 0x00, 0x00, 0x00, 0x00, 0xFF, 0xFF, 0x7F, 0x02,
    0x00, 0x00, 0x00, 0x00, 0xDC, 0x9B, 0x55, 0x33, 0xEE, 0xAA, 0x41, 0xFF, 0xF4, 0xB5, 0x43, 0xFD,
    0xFF, 0xC3, 0x55, 0xFF, 0xFF, 0xC5, 0x54, 0xF4, 0xEC, 0xBC, 0x71, 0x1B, 0x00, 0x00, 0x00, 0x00,
    0xFF, 0x7F, 0x7F, 0x02, 0x00, 0x00, 0x00, 0x00, 0x00, 0x00, 0x00, 0x00, 0x00, 0x00, 0x00, 0x00,
    0x00, 0x00, 0x00, 0x00, 0x00, 0x00, 0x00, 0x00, 0x00, 0x00, 0x00, 0x00, 0x00, 0x00, 0x00, 0x00,
    0x00, 0x00, 0x00, 0x00, 0x00, 0x00, 0x00, 0x00, 0x00, 0x00, 0x00, 0x00, 0x00, 0x00, 0x00, 0x00,
    0xFF, 0xFF, 0x00, 0x01, 0x00, 0x00, 0x00, 0x00, 0x00, 0x00, 0x00, 0x00, 0x00, 0x00, 0x00, 0x00,
    0x00, 0x00, 0x00, 0x00, 0x00, 0x00, 0x00, 0x00, 0x00, 0x00, 0x00, 0x00, 0x00, 0x00, 0x00, 0x00,
    0x00, 0x00, 0x00, 0x00, 0x00, 0x00, 0x00, 0x00, 0x00, 0x00, 0x00, 0x00, 0x00, 0x00, 0x00, 0x00,
    0x00, 0x00, 0x00, 0x00, 0x00, 0x00, 0x00, 0x00, 0x00, 0x00, 0x00, 0x00, 0xFF, 0x00, 0x00, 0x01,
    0x00, 0x00, 0x00, 0x00, 0x00, 0x00, 0x00, 0x00, 0x00, 0x00, 0x00, 0x00, 0x00, 0x00, 0x00, 0x00,
    0x00, 0x00, 0x00, 0x00, 0x00, 0x00, 0x00, 0x00, 0x00, 0x00, 0x00, 0x00, 0x00, 0x00, 0x00, 0x00,
    0x00, 0x00, 0x00, 0x00, 0x00, 0x00, 0x00, 0x00, 0x00, 0x00, 0x00, 0x00, 0x7F, 0x7F, 0x00, 0x02,
    0x00, 0x00, 0x00, 0x00, 0xC6, 0x84, 0x5E, 0x1B, 0xDF, 0x8A, 0x3D, 0xF4, 0xF3, 0x99, 0x3A, 0xFF,
    0xFC, 0xA9, 0x52, 0xFD, 0xFF, 0xB1, 0x51, 0xFF, 0xFF, 0xB4, 0x5F, 0x33, 0x00, 0x00, 0x00, 0x00,
    0xFF, 0xFF, 0x7F, 0x02, 0x00, 0x00, 0x00, 0x00, 0x00, 0x00, 0x00, 0x00, 0x00, 0x00, 0x00, 0x00,
    0x00, 0x00, 0x00, 0x00, 0x00, 0x00, 0x00, 0x00, 0x00, 0x00, 0x00, 0x00, 0xFF, 0xFF, 0x7F, 0x02,
    0x00, 0x00, 0x00, 0x00, 0xDC, 0xA0, 0x55, 0x33, 0xEF, 0xAC, 0x41, 0xFF, 0xF4, 0xB6, 0x43, 0xFD,
    0xFE, 0xC1, 0x51, 0xFF, 0xFD, 0xC3, 0x4F, 0xF4, 0xEC, 0xC6, 0x71, 0x1B, 0x00, 0x00, 0x00, 0x00,
    0x7F, 0x7F, 0x7F, 0x02, 0x00, 0x00, 0x00, 0x00, 0x00, 0x00, 0x00, 0x00, 0x00, 0x00, 0x00, 0x00,
    0x00, 0x00, 0x00, 0x00, 0x00, 0x00, 0x00, 0x00, 0x00, 0x00, 0x00, 0x00, 0x00, 0x00, 0x00, 0x00,
    0x00, 0x00, 0x00, 0x00, 0x00, 0x00, 0x00, 0x00, 0x00, 0x00, 0x00, 0x00, 0x00, 0x00, 0x00, 0x00,
    0xFF, 0xFF, 0x00, 0x01, 0x00, 0x00, 0x00, 0x00, 0x00, 0x00, 0x00, 0x00, 0x00, 0x00, 0x00, 0x00,
    0x00, 0x00, 0x00, 0x00, 0x00, 0x00, 0x00, 0x00, 0x00, 0x00, 0x00, 0x00, 0x00, 0x00, 0x00, 0x00,
    0x00, 0x00, 0x00, 0x00, 0x00, 0x00, 0x00, 0x00, 0x00, 0x00, 0x00, 0x00, 0x00, 0x00, 0x00, 0x00,
    0x00, 0x00, 0x00, 0x00, 0xFF, 0xFF, 0x00, 0x01, 0x00, 0x00, 0x00, 0x00, 0x00, 0x00, 0x00, 0x00,
    0xFF, 0x55, 0x55, 0x03, 0xFF, 0x7F, 0x3F, 0x04, 0xFF, 0x7F, 0x7F, 0x02, 0xFF, 0x00, 0x00, 0x01,
    0x00, 0x00, 0x00, 0x00, 0x00, 0x00, 0x00, 0x00, 0x00, 0x00, 0x00, 0x00, 0x00, 0x00, 0x00, 0x00,
    0x00, 0x00, 0x00, 0x00, 0x00, 0x00, 0x00, 0x00, 0x00, 0x00, 0x00, 0x00, 0xFF, 0xFF, 0x00, 0x01,
    0x00, 0x00, 0x00, 0x00, 0xC4, 0x89, 0x75, 0x0D, 0xDE, 0x88, 0x3D, 0xE7, 0xF4, 0x98, 0x39, 0xFF,
    0xFA, 0xA8, 0x52, 0xFA, 0xFF, 0xBE, 0x5E, 0xFF, 0xFF, 0xB5, 0x60, 0x5A, 0xFF, 0xFF, 0x00, 0x01,
    0xFF, 0xBF, 0x3F, 0x04, 0x00, 0x00, 0x00, 0x00, 0x00, 0x00, 0x00, 0x00, 0x00, 0x00, 0x00, 0x00,
    0x00, 0x00, 0x00, 0x00, 0x00, 0x00, 0x00, 0x00, 0x00, 0x00, 0x00, 0x00, 0xFF, 0xBF, 0x3F, 0x04,
    0xFF, 0xFF, 0x00, 0x01, 0xDF, 0xA4, 0x4F, 0x5A, 0xFC, 0xB7, 0x42, 0xFF, 0xF4, 0xB7, 0x46, 0xFA,
    0xFF, 0xC2, 0x4E, 0xFF, 0xFD, 0xC1, 0x4B, 0xE7, 0xFF, 0xC4, 0x89, 0x0D, 0x00, 0x00, 0x00, 0x00,
    0xFF, 0xFF, 0x00, 0x01, 0x00, 0x00, 0x00, 0x00, 0x00, 0x00, 0x00, 0x00, 0x00, 0x00, 0x00, 0x00,
    0x00, 0x00, 0x00, 0x00, 0x00, 0x00, 0x00, 0x00, 0x00, 0x00, 0x00, 0x00, 0x00, 0x00, 0x00, 0x00,
    0xFF, 0xFF, 0x00, 0x01, 0xFF, 0xFF, 0x7F, 0x02, 0xFF, 0xBF, 0x3F, 0x04, 0xFF, 0xAA, 0x55, 0x03,
    0x00, 0x00, 0x00, 0x00, 0x00, 0x00, 0x00, 0x00, 0xFF, 0xFF, 0xFF, 0x01, 0x00, 0x00, 0x00, 0x00,
    0x00, 0x00, 0x00, 0x00, 0x00, 0x00, 0x00, 0x00, 0x00, 0x00, 0x00, 0x00, 0x00, 0x00, 0x00, 0x00,
    0x00, 0x00, 0x00, 0x00, 0x00, 0x00, 0x00, 0x00, 0x00, 0x00, 0x00, 0x00, 0x00, 0x00, 0x00, 0x00,
    0x00, 0x00, 0x00, 0x00, 0x00, 0x00, 0x00, 0x00, 0x00, 0x00, 0x01, 0x00, 0xDF, 0x9F, 0x9F, 0x08,
    0x00, 0x00, 0x00, 0x00, 0x00, 0x00, 0x00, 0x00, 0x00, 0x00, 0x00, 0x00, 0x00, 0x00, 0x00, 0x00,
    0xFF, 0xAA, 0x55, 0x03, 0xFF, 0x7F, 0x3F, 0x04, 0xFF, 0x7F, 0x7F, 0x02, 0xFF, 0x00, 0x00, 0x01,
    0x00, 0x00, 0x00, 0x00, 0x00, 0x00, 0x00, 0x00, 0x00, 0x00, 0x00, 0x00, 0xFF, 0x7F, 0x7F, 0x02,
    0xFF, 0x7F, 0x00, 0x04, 0x00, 0x00, 0x00, 0x00, 0xDA, 0x86, 0x41, 0xB6, 0xF9, 0x9A, 0x3A, 0xFF,
    0xF7, 0xA2, 0x49, 0xF9, 0xFF, 0xC0, 0x65, 0xFF, 0xFF, 0xB6, 0x5F, 0xB8, 0x00, 0x00, 0x00, 0x00,
    0xFF, 0xCC, 0x33, 0x05, 0xFF, 0x00, 0x00, 0x01, 0x00, 0x00, 0x00, 0x00, 0x00, 0x00, 0x00, 0x00,
    0x00, 0x00, 0x00, 0x00, 0x00, 0x00, 0x00, 0x00, 0x00, 0x00, 0x00, 0x01, 0xFF, 0x99, 0x33, 0x05,
    0x00, 0x00, 0x00, 0x00, 0xE6, 0xA6, 0x46, 0xB8, 0xFE, 0xBA, 0x41, 0xFF, 0xF5, 0xB8, 0x4A, 0xF9,
    0xFF, 0xC9, 0x4E, 0xFF, 0xFF, 0xC2, 0x4E, 0xB6, 0x00, 0x00, 0x00, 0x00, 0xFF, 0xBF, 0x3F, 0x04,
    0xFF, 0xFF, 0x7F, 0x02, 0x00, 0x00, 0x00, 0x00, 0x00, 0x00, 0x00, 0x00, 0x00, 0x00, 0x00, 0x00,
    0xFF, 0x00, 0x00, 0x01, 0xFF, 0xFF, 0x7F, 0x02, 0xFF, 0xBF, 0x3F, 0x04, 0xFF, 0xFF, 0x55, 0x03,
    0x00, 0x00, 0x00, 0x00, 0x00, 0x00, 0x00, 0x00, 0x00, 0x00, 0x00, 0x00, 0x00, 0x00, 0x00, 0x00,
    0xDF, 0xDF, 0x9F, 0x08, 0x00, 0x00, 0x00, 0x00, 0x00, 0x00, 0x00, 0x00, 0x00, 0x00, 0x00, 0x00,
    0x00, 0x00, 0x00, 0x00, 0x00, 0x00, 0x00, 0x00, 0x00, 0x00, 0x00, 0x00, 0x00, 0x00, 0x00, 0x00,
    0x00, 0x00, 0x00, 0x00, 0x00, 0x00, 0x00, 0x00, 0x00, 0x00, 0x00, 0x00, 0x7F, 0x7F, 0x7F, 0x02,
    0xFF, 0x00, 0x00, 0x01, 0xC7, 0x6F, 0x4F, 0x20, 0xEB, 0x74, 0x40, 0xC3, 0xFB, 0x80, 0x42, 0xDD,
    0xFD, 0x86, 0x48, 0xA9, 0xFF, 0x8A, 0x4D, 0x69, 0xF9, 0x92, 0x5C, 0x2F, 0xFF, 0xCC, 0xCC, 0x05,
    0x00, 0x00, 0x00, 0x00, 0x00, 0x00, 0x00, 0x00, 0x00, 0x00, 0x00, 0x00, 0x00, 0x00, 0x00, 0x00,
    0xFF, 0xAA, 0x55, 0x03, 0xFF, 0xAA, 0x55, 0x03, 0xFF, 0xAA, 0x55, 0x03, 0x00, 0x00, 0x00, 0x00,
    0x00, 0x00, 0x00, 0x00, 0xE4, 0x95, 0x4F, 0x4D, 0xEC, 0x95, 0x40, 0xDC, 0xF2, 0x9A, 0x3A, 0xFE,
    0xF4, 0x9C, 0x3E, 0xFD, 0xFD, 0xB1, 0x5E, 0xFD, 0xFF, 0xC2, 0x65, 0xFF, 0xFF, 0xB8, 0x66, 0x5A,
    0x00, 0x00, 0x00, 0x00, 0xFF, 0xBF, 0x3F, 0x04, 0xFF, 0xBF, 0x3F, 0x04, 0xFF, 0xFF, 0x7F, 0x02,
    0xFF, 0xFF, 0x7F, 0x02, 0xFF, 0x7F, 0x3F, 0x04, 0xFF, 0xBF, 0x3F, 0x04, 0x00, 0x00, 0x00, 0x00,
    0xDD, 0xA2, 0x51, 0x5B, 0xF9, 0xB5, 0x42, 0xFF, 0xF4, 0xB5, 0x41, 0xFD, 0xF9, 0xBB, 0x50, 0xFD,
    0xFF, 0xCA, 0x5D, 0xFE, 0xFF, 0xD1, 0x5B, 0xDC, 0xFF, 0xCC, 0x5D, 0x4C, 0x00, 0x00, 0x00, 0x00,
    0x00, 0x00, 0x00, 0x00, 0xFF, 0xFF, 0x55, 0x03, 0xFF, 0xFF, 0x55, 0x03, 0xFF, 0xFF, 0x55, 0x03,
    0x00, 0x00, 0x00, 0x00, 0x00, 0x00, 0x00, 0x00, 0x00, 0x00, 0x00, 0x00, 0x00, 0x00, 0x00, 0x00,
    0xFF, 0xCC, 0x99, 0x05, 0xF4, 0xCE, 0x5C, 0x2F, 0xF5, 0xD0, 0x55, 0x69, 0xF2, 0xCE, 0x4E, 0xA9,
    0xF3, 0xD3, 0x4E, 0xDD, 0xF8, 0xDD, 0x5E, 0xC3, 0xFF, 0xDF, 0x7F, 0x20, 0xFF, 0x00, 0x00, 0x01,
    0xFF, 0x7F, 0x7F, 0x02, 0x00, 0x00, 0x00, 0x00, 0x00, 0x00, 0x00, 0x00, 0x00, 0x00, 0x00, 0x00,
    0x00, 0x00, 0x00, 0x00, 0x00, 0x00, 0x00, 0x00, 0x00, 0x00, 0x00, 0x00, 0xBF, 0x3F, 0x00, 0x04,
    0x00, 0x00, 0x00, 0x00, 0xD0, 0x67, 0x3E, 0xA3, 0xFE, 0x77, 0x37, 0xFF, 0xFC, 0x7C, 0x3F, 0xFF,
    0xFF, 0x88, 0x47, 0xFF, 0xFF, 0x8C, 0x47, 0xFF, 0xFE, 0x88, 0x44, 0xFF, 0xFD, 0x8D, 0x46, 0xD9,
    0xFF, 0x91, 0x4A, 0xA0, 0xFF, 0x94, 0x4F, 0x60, 0xFF, 0x99, 0x5F, 0x28, 0xFF, 0xFF, 0xFF, 0x02,
    0x00, 0x00, 0x00, 0x00, 0x00, 0x00, 0x00, 0x00, 0x00, 0x00, 0x00, 0x00, 0xE2, 0x93, 0x5A, 0x2D,
    0xF0, 0x96, 0x46, 0xAE, 0xFA, 0x9D, 0x3E, 0xFF, 0xFA, 0x9F, 0x3C, 0xFF, 0xF2, 0x9D, 0x40, 0xFE,
    0xF3, 0x9C, 0x3E, 0xFD, 0xF7, 0xA3, 0x49, 0xFE, 0xFF, 0xBC, 0x66, 0xFD, 0xFF, 0xBD, 0x5B, 0xF8,
    0xFF, 0xB6, 0x59, 0x5B, 0x00, 0x00, 0x00, 0x00, 0x00, 0x00, 0x00, 0x00, 0x00, 0x00, 0x00, 0x00,
    0x00, 0x00, 0x00, 0x00, 0x00, 0x00, 0x00, 0x00, 0x00, 0x00, 0x00, 0x00, 0xEB, 0xAD, 0x54, 0x5B,
    0xF5, 0xB2, 0x43, 0xF8, 0xF8, 0xB7, 0x40, 0xFD, 0xF5, 0xB5, 0x48, 0xFE, 0xF7, 0xB8, 0x4B, 0xFD,
    0xF9, 0xBF, 0x56, 0xFE, 0xFF, 0xCD, 0x5B, 0xFF, 0xFF, 0xD3, 0x56, 0xFF, 0xFF, 0xD0, 0x56, 0xAE,
    0xFF, 0xCC, 0x66, 0x2D, 0x00, 0x00, 0x00, 0x00, 0x00, 0x00, 0x00, 0x00, 0x00, 0x00, 0x00, 0x00,
    0xFF, 0xFF, 0xFF, 0x02, 0xF8, 0xCC, 0x5F, 0x28, 0xF7, 0xCC, 0x55, 0x60, 0xF7, 0xCC, 0x4F, 0xA0,
    0xF4, 0xCC, 0x4B, 0xD9, 0xF3, 0xCC, 0x49, 0xFF, 0xFF, 0xD8, 0x4D, 0xFF, 0xFE, 0xD7, 0x4D, 0xFF,
    0xF1, 0xCD, 0x4B, 0xFF, 0xFF, 0xE9, 0x60, 0xFF, 0xFA, 0xDC, 0x6B, 0xA3, 0x00, 0x00, 0x00, 0x00,
    0xBF, 0xBF, 0x3F, 0x04, 0x00, 0x00, 0x00, 0x00, 0x00, 0x00, 0x00, 0x00, 0x00, 0x00, 0x00, 0x00,
    0x00, 0x00, 0x00, 0x00, 0x00, 0x00, 0x00, 0x00, 0x00, 0x00, 0x00, 0x00, 0xFF, 0x55, 0x00, 0x03,
    0x00, 0x00, 0x00, 0x00, 0xCF, 0x61, 0x3B, 0xAC, 0xFA, 0x6E, 0x34, 0xFF, 0xF0, 0x70, 0x35, 0xFA,
    0xF2, 0x77, 0x3B, 0xF8, 0xF5, 0x7E, 0x41, 0xF8, 0xF7, 0x83, 0x45, 0xFE, 0xFF, 0x8D, 0x48, 0xFF,
    0xFF, 0x96, 0x4B, 0xFF, 0xFF, 0x99, 0x4B, 0xFF, 0xFF, 0x93, 0x47, 0xFB, 0xFD, 0x96, 0x46, 0xD4,
    0xFD, 0x98, 0x4A, 0x9D, 0xFC, 0x9A, 0x51, 0x5E, 0xEA, 0x91, 0x46, 0x89, 0xF4, 0x95, 0x3E, 0xF7,
    0xFF, 0x9F, 0x3D, 0xFF, 0xF3, 0x99, 0x3D, 0xFD, 0xF4, 0x9A, 0x42, 0xFB, 0xF9, 0x9A, 0x3F, 0xFF,
    0xFE, 0x9C, 0x3D, 0xFF, 0xF2, 0x99, 0x3A, 0xFD, 0xF9, 0xA8, 0x4E, 0xFE, 0xFF, 0xBA, 0x60, 0xFF,
    0xFF, 0xBD, 0x54, 0xFF, 0xFD, 0xB6, 0x4F, 0xB6, 0xFC, 0xB5, 0x59, 0x5E, 0xFA, 0xB8, 0x63, 0x36,
    0xF5, 0xB3, 0x5E, 0x36, 0xF6, 0xB0, 0x51, 0x5E, 0xF7, 0xB1, 0x4A, 0xB6, 0xFF, 0xB9, 0x44, 0xFF,
    0xF8, 0xB6, 0x40, 0xFF, 0xF5, 0xB4, 0x47, 0xFE, 0xF7, 0xB4, 0x47, 0xFD, 0xFE, 0xB5, 0x43, 0xFF,
    0xF5, 0xB3, 0x41, 0xFF, 0xF5, 0xBA, 0x4D, 0xFB, 0xF9, 0xC3, 0x56, 0xFD, 0xFF, 0xD6, 0x5A, 0xFF,
    0xFF, 0xD1, 0x54, 0xF7, 0xFD, 0xCE, 0x59, 0x89, 0xF6, 0xC8, 0x54, 0x5E, 0xFA, 0xC7, 0x4D, 0x9D,
    0xF7, 0xC8, 0x4A, 0xD4, 0xF5, 0xC9, 0x48, 0xFB, 0xFF, 0xD4, 0x4B, 0xFF, 0xFF, 0xD4, 0x4B, 0xFF,
    0xF8, 0xCE, 0x4B, 0xFF, 0xEE, 0xC6, 0x4A, 0xFE, 0xEE, 0xC5, 0x4C, 0xF8, 0xED, 0xC4, 0x4B, 0xF8,
    0xED, 0xC2, 0x49, 0xFA, 0xFF, 0xD6, 0x4D, 0xFF, 0xF0, 0xCB, 0x53, 0xAC, 0x00, 0x00, 0x00, 0x00,
    0xFF, 0xFF, 0x55, 0x03, 0x00, 0x00, 0x00, 0x00, 0x00, 0x00, 0x00, 0x00, 0x00, 0x00, 0x00, 0x00,
    0x00, 0x00, 0x00, 0x00, 0x00, 0x00, 0x00, 0x00, 0x00, 0x00, 0x00, 0x00, 0xFF, 0x7F, 0x7F, 0x02,
    0xFF, 0x00, 0x00, 0x01, 0xC8, 0x5C, 0x3B, 0x2F, 0xE3, 0x60, 0x38, 0xCF, 0xE9, 0x63, 0x33, 0xFE,
    0xFA, 0x6F, 0x34, 0xFF, 0xFC, 0x75, 0x33, 0xFF, 0xF5, 0x79, 0x35, 0xFF, 0xF2, 0x7D, 0x3A, 0xFB,
    0xF5, 0x85, 0x42, 0xF9, 0xF8, 0x8C, 0x48, 0xFC, 0xFE, 0x95, 0x50, 0xFF, 0xFF, 0x9C, 0x50, 0xFF,
    0xFF, 0xA1, 0x4B, 0xFF, 0xFF, 0x9B, 0x40, 0xFF, 0xFF, 0x99, 0x3C, 0xFF, 0xF6, 0x96, 0x3B, 0xFF,
    0xF2, 0x96, 0x41, 0xFB, 0xF6, 0x96, 0x40, 0xFC, 0xFF, 0x9C, 0x3F, 0xFF, 0xFC, 0x93, 0x40, 0xFF,
    0xF0, 0x87, 0x40, 0xDE, 0xFA, 0x96, 0x3B, 0xFF, 0xF3, 0x9C, 0x3A, 0xFC, 0xF7, 0xA7, 0x4A, 0xFD,
    0xFC, 0xB1, 0x55, 0xFE, 0xFF, 0xBD, 0x52, 0xFF, 0xFF, 0xBF, 0x4E, 0xFF, 0xFF, 0xB7, 0x4B, 0xFF,
    0xFF, 0xB6, 0x48, 0xFF, 0xFF, 0xBE, 0x47, 0xFF, 0xFF, 0xBC, 0x44, 0xFF, 0xF4, 0xB2, 0x43, 0xFE,
    0xF4, 0xB2, 0x47, 0xFD, 0xF9, 0xB4, 0x45, 0xFC, 0xFF, 0xB9, 0x45, 0xFF, 0xF5, 0xA4, 0x47, 0xDE,
    0xF5, 0xA5, 0x42, 0xFF, 0xFF, 0xB8, 0x42, 0xFF, 0xF3, 0xB6, 0x44, 0xFC, 0xF5, 0xBD, 0x50, 0xFB,
    0xFD, 0xC9, 0x58, 0xFF, 0xFF, 0xD8, 0x58, 0xFF, 0xFF, 0xD4, 0x4E, 0xFF, 0xFF, 0xD1, 0x48, 0xFF,
    0xFC, 0xCB, 0x47, 0xFF, 0xF2, 0xC5, 0x47, 0xFF, 0xEF, 0xC3, 0x49, 0xFC, 0xEF, 0xC2, 0x4B, 0xF9,
    0xEF, 0xC1, 0x49, 0xFB, 0xF6, 0xC4, 0x48, 0xFF, 0xFF, 0xCA, 0x48, 0xFF, 0xFF, 0xCA, 0x49, 0xFF,
    0xF3, 0xBC, 0x47, 0xFE, 0xF3, 0xBE, 0x4D, 0xCF, 0xE3, 0xB8, 0x56, 0x2F, 0xFF, 0x00, 0x00, 0x01,
    0xFF, 0xFF, 0x7F, 0x02, 0x00, 0x00, 0x00, 0x00, 0x00, 0x00, 0x00, 0x00, 0x00, 0x00, 0x00, 0x00,
    0x00, 0x00, 0x00, 0x00, 0x00, 0x00, 0x00, 0x00, 0x00, 0x00, 0x00, 0x00, 0x00, 0x00, 0x00, 0x00,
    0x00, 0x00, 0x00, 0x00, 0x00, 0x00, 0x00, 0x00, 0x00, 0x00, 0xFF, 0x01, 0xDE, 0x61, 0x51, 0x2F,
    0xE3, 0x63, 0x40, 0x6E, 0xE9, 0x67, 0x38, 0xB1, 0xEC, 0x6A, 0x32, 0xE9, 0xFA, 0x75, 0x32, 0xFF,
    0xF9, 0x7A, 0x31, 0xFF, 0xF0, 0x7C, 0x35, 0xFF, 0xF3, 0x87, 0x3F, 0xFF, 0xF8, 0x92, 0x4B, 0xFD,
    0xF7, 0x93, 0x46, 0xFB, 0xF1, 0x8F, 0x39, 0xFC, 0xF2, 0x91, 0x3E, 0xFC, 0xF5, 0x92, 0x3F, 0xFD,
    0xFE, 0x95, 0x3D, 0xFF, 0xFF, 0x99, 0x40, 0xFF, 0xFC, 0x92, 0x48, 0xC8, 0xF3, 0x8C, 0x57, 0x43,
    0xB9, 0x5C, 0x8B, 0x0B, 0xE5, 0x83, 0x41, 0xA7, 0xFF, 0x99, 0x3F, 0xFF, 0xF8, 0x9D, 0x3A, 0xFF,
    0xF5, 0xA2, 0x41, 0xFB, 0xF8, 0xAA, 0x49, 0xF9, 0xF8, 0xAE, 0x49, 0xFC, 0xF9, 0xAF, 0x48, 0xFE,
    0xF8, 0xB0, 0x46, 0xFE, 0xF6, 0xB0, 0x45, 0xFC, 0xF5, 0xB0, 0x46, 0xF9, 0xF6, 0xAE, 0x45, 0xFB,
    0xFE, 0xB2, 0x43, 0xFF, 0xFF, 0xB9, 0x49, 0xFF, 0xF8, 0xAB, 0x4D, 0xA7, 0xE7, 0x8B, 0x8B, 0x0B,
    0xE8, 0x94, 0x53, 0x43, 0xF6, 0xA4, 0x48, 0xC8, 0xFF, 0xB5, 0x45, 0xFF, 0xFA, 0xB7, 0x42, 0xFF,
    0xF2, 0xBA, 0x48, 0xFD, 0xF6, 0xC3, 0x53, 0xFC, 0xF7, 0xC8, 0x57, 0xFC, 0xF4, 0xC5, 0x4F, 0xFB,
    0xF1, 0xC1, 0x49, 0xFD, 0xF2, 0xC0, 0x4A, 0xFF, 0xF3, 0xBD, 0x47, 0xFF, 0xFF, 0xC7, 0x45, 0xFF,
    0xFF, 0xCB, 0x45, 0xFF, 0xF9, 0xC0, 0x44, 0xE9, 0xF9, 0xBF, 0x49, 0xB1, 0xF8, 0xB9, 0x51, 0x6E,
    0xF4, 0xB8, 0x5C, 0x2F, 0x00, 0x00, 0xFF, 0x01, 0x00, 0x00, 0x00, 0x00, 0x00, 0x00, 0x00, 0x00,
    0x00, 0x00, 0x00, 0x00, 0x00, 0x00, 0x00, 0x00, 0x00, 0x00, 0x00, 0x00, 0x00, 0x00, 0x00, 0x00,
    0x00, 0x00, 0x00, 0x00, 0x00, 0x00, 0x00, 0x00, 0x00, 0x00, 0x00, 0x00, 0x00, 0x00, 0x00, 0x00,
    0x00, 0x00, 0x00, 0x00, 0x7F, 0x7F, 0x00, 0x02, 0x00, 0x00, 0x00, 0x00, 0x00, 0x00, 0x00, 0x00,
    0x00, 0x00, 0x00, 0x00, 0x00, 0x00, 0x00, 0x00, 0xDF, 0x5F, 0x5F, 0x10, 0xDE, 0x61, 0x40, 0x37,
    0xED, 0x6B, 0x2F, 0xAD, 0xF5, 0x79, 0x2C, 0xFF, 0xF0, 0x82, 0x35, 0xFD, 0xF2, 0x89, 0x3A, 0xFF,
    0xF4, 0x8E, 0x3F, 0xFF, 0xF5, 0x8F, 0x3F, 0xFF, 0xF7, 0x8D, 0x3D, 0xFE, 0xFD, 0x8F, 0x3C, 0xFF,
    0xFB, 0x8E, 0x43, 0xE5, 0xF7, 0x8C, 0x52, 0x69, 0xAA, 0x55, 0xFF, 0x03, 0x00, 0x00, 0x00, 0x00,
    0x00, 0x00, 0x00, 0x00, 0x00, 0x00, 0x01, 0x00, 0xE5, 0x84, 0x49, 0x6C, 0xEF, 0x8D, 0x41, 0xE8,
    0xFF, 0x9E, 0x40, 0xFF, 0xFF, 0xA3, 0x3E, 0xFF, 0xF6, 0xA3, 0x3F, 0xFF, 0xF6, 0xA8, 0x43, 0xFF,
    0xF7, 0xAB, 0x45, 0xFF, 0xF8, 0xA9, 0x42, 0xFF, 0xFF, 0xB0, 0x42, 0xFF, 0xFF, 0xB3, 0x46, 0xFF,
    0xFB, 0xA9, 0x49, 0xE8, 0xF7, 0xA7, 0x55, 0x6C, 0x00, 0x00, 0x01, 0x00, 0x00, 0x00, 0x00, 0x00,
    0x00, 0x00, 0x00, 0x00, 0x55, 0x00, 0xFF, 0x03, 0xEE, 0x9D, 0x50, 0x69, 0xF4, 0xA8, 0x46, 0xE5,
    0xFA, 0xB3, 0x42, 0xFF, 0xF2, 0xB6, 0x43, 0xFE, 0xF4, 0xBE, 0x4C, 0xFF, 0xF6, 0xC5, 0x53, 0xFF,
    0xF7, 0xC7, 0x57, 0xFF, 0xF7, 0xC5, 0x4E, 0xFD, 0xFE, 0xCC, 0x3F, 0xFF, 0xFF, 0xC8, 0x42, 0xAD,
    0xFA, 0xBE, 0x53, 0x37, 0xFF, 0xBF, 0x6F, 0x10, 0x00, 0x00, 0x00, 0x00, 0x00, 0x00, 0x00, 0x00,
    0x00, 0x00, 0x00, 0x00, 0x00, 0x00, 0x00, 0x00, 0x7F, 0x7F, 0x7F, 0x02, 0x00, 0x00, 0x00, 0x00,
    0x00, 0x00, 0x00, 0x00, 0x00, 0x00, 0x00, 0x00, 0x00, 0x00, 0x00, 0x00, 0x00, 0x00, 0x00, 0x00,
    0x00, 0x00, 0x00, 0x00, 0x00, 0x00, 0x00, 0x00, 0x00, 0x00, 0x00, 0x00, 0x00, 0x00, 0x00, 0x00,
    0x00, 0x00, 0x00, 0x00, 0x00, 0x00, 0x00, 0x00, 0x00, 0x00, 0x00, 0x00, 0xAA, 0x55, 0x55, 0x03,
    0xFF, 0x55, 0x2A, 0x06, 0x00, 0x00, 0x00, 0x00, 0xAA, 0x7F, 0xAA, 0x06, 0xEE, 0x7D, 0x3E, 0x6E,
    0xF9, 0x80, 0x32, 0xDF, 0xF5, 0x85, 0x34, 0xFE, 0xF2, 0x89, 0x3C, 0xFE, 0xF5, 0x8B, 0x3F, 0xFF,
    0xF6, 0x8C, 0x3F, 0xFF, 0xF8, 0x8F, 0x43, 0xFE, 0xFF, 0x95, 0x41, 0xFE, 0xFD, 0x92, 0x3E, 0xE7,
    0xEB, 0x89, 0x6B, 0x1A, 0x00, 0x00, 0x00, 0x00, 0xFF, 0x00, 0x00, 0x01, 0xFF, 0x55, 0x55, 0x03,
    0xFF, 0x00, 0x00, 0x01, 0xFF, 0xFF, 0x00, 0x01, 0x00, 0x00, 0x00, 0x00, 0xD0, 0x73, 0x68, 0x16,
    0xEC, 0x8B, 0x4C, 0x6E, 0xEF, 0x8E, 0x44, 0xC1, 0xEF, 0x9A, 0x3C, 0xFD, 0xF4, 0xA8, 0x41, 0xFE,
    0xFB, 0xB1, 0x4E, 0xFE, 0xFD, 0xAD, 0x44, 0xFD, 0xFC, 0xA3, 0x49, 0xC1, 0xFA, 0xA2, 0x53, 0x6E,
    0xE7, 0x96, 0x73, 0x16, 0x00, 0x00, 0x00, 0x00, 0xFF, 0xFF, 0x00, 0x01, 0xFF, 0xFF, 0x00, 0x01,
    0xFF, 0xAA, 0x55, 0x03, 0xFF, 0xFF, 0x00, 0x01, 0x00, 0x00, 0x00, 0x00, 0xD7, 0x89, 0x62, 0x1A,
    0xF1, 0xAC, 0x43, 0xE7, 0xFA, 0xBB, 0x43, 0xFE, 0xF1, 0xB9, 0x44, 0xFE, 0xF3, 0xBC, 0x46, 0xFF,
    0xF4, 0xC2, 0x4E, 0xFF, 0xF6, 0xCA, 0x57, 0xFE, 0xF9, 0xD0, 0x50, 0xFE, 0xFF, 0xD5, 0x48, 0xDF,
    0xFC, 0xD5, 0x51, 0x6E, 0xFF, 0xD4, 0xAA, 0x06, 0x00, 0x00, 0x00, 0x00, 0xFF, 0xD4, 0x55, 0x06,
    0xFF, 0xAA, 0x55, 0x03, 0x00, 0x00, 0x00, 0x00, 0x00, 0x00, 0x00, 0x00, 0x00, 0x00, 0x00, 0x00,
    0x00, 0x00, 0x00, 0x00, 0x00, 0x00, 0x00, 0x00, 0x00, 0x00, 0x00, 0x00, 0x00, 0x00, 0x00, 0x00,
    0x00, 0x00, 0x00, 0x00, 0x00, 0x00, 0x00, 0x00, 0x00, 0x00, 0x00, 0x00, 0x00, 0x00, 0x00, 0x00,
    0x00, 0x00, 0x00, 0x00, 0x00, 0x00, 0x00, 0x00, 0x00, 0x00, 0x00, 0x00, 0x00, 0x00, 0x00, 0x00,
    0x00, 0x00, 0x00, 0x00, 0xE3, 0x77, 0x49, 0x53, 0xF1, 0x7B, 0x3A, 0xD6, 0xFF, 0x87, 0x36, 0xFF,
    0xF8, 0x86, 0x39, 0xFF, 0xF2, 0x86, 0x3E, 0xFD, 0xF7, 0x87, 0x3F, 0xFC, 0xF8, 0x86, 0x3B, 0xFF,
    0xF3, 0x89, 0x3B, 0xFF, 0xFC, 0x98, 0x4F, 0xFB, 0xFF, 0xA3, 0x4B, 0xFF, 0xFD, 0x95, 0x3F, 0xA4,
    0x00, 0x00, 0x00, 0x00, 0xFF, 0xAA, 0x55, 0x06, 0x00, 0x00, 0x00, 0x00, 0x00, 0x00, 0x00, 0x00,
    0x00, 0x00, 0x00, 0x00, 0x00, 0x00, 0x00, 0x00, 0xFF, 0xAA, 0x55, 0x03, 0x00, 0x00, 0x00, 0x00,
    0x00, 0x00, 0x00, 0x00, 0xAA, 0x77, 0x88, 0x0F, 0xE6, 0x97, 0x3D, 0xF3, 0xF6, 0xA9, 0x40, 0xFF,
    0xFF, 0xB6, 0x52, 0xFF, 0xFD, 0xB3, 0x4A, 0xF3, 0xDD, 0xAA, 0x88, 0x0F, 0x00, 0x00, 0x00, 0x00,
    0x00, 0x00, 0x00, 0x00, 0xFF, 0xAA, 0x55, 0x03, 0x00, 0x00, 0x00, 0x00, 0x00, 0x00, 0x00, 0x00,
    0x00, 0x00, 0x00, 0x00, 0x00, 0x00, 0x00, 0x00, 0xFF, 0xAA, 0x55, 0x06, 0x00, 0x00, 0x00, 0x00,
    0xEA, 0xAB, 0x44, 0xA4, 0xFF, 0xC3, 0x45, 0xFF, 0xF2, 0xBC, 0x46, 0xFB, 0xF5, 0xC0, 0x4C, 0xFF,
    0xF5, 0xBB, 0x45, 0xFF, 0xF2, 0xBE, 0x47, 0xFC, 0xF2, 0xC5, 0x52, 0xFD, 0xFD, 0xD2, 0x57, 0xFF,
    0xFF, 0xE2, 0x54, 0xFF, 0xFD, 0xDA, 0x52, 0xD6, 0xFB, 0xD7, 0x5F, 0x53, 0x00, 0x00, 0x00, 0x00,
    0x00, 0x00, 0x00, 0x00, 0x00, 0x00, 0x00, 0x00, 0x00, 0x00, 0x00, 0x00, 0x00, 0x00, 0x00, 0x00,
    0x00, 0x00, 0x00, 0x00, 0x00, 0x00, 0x00, 0x00, 0x00, 0x00, 0x00, 0x00, 0x00, 0x00, 0x00, 0x00,
    0x00, 0x00, 0x00, 0x00, 0x00, 0x00, 0x00, 0x00, 0x00, 0x00, 0x00, 0x00, 0x00, 0x00, 0x00, 0x00,
    0x00, 0x00, 0x00, 0x00, 0xFF, 0x00, 0x00, 0x01, 0xFF, 0x00, 0x00, 0x01, 0xC4, 0x75, 0x62, 0x0D,
    0xE2, 0x75, 0x41, 0xAB, 0xFA, 0x7E, 0x38, 0xFF, 0xF9, 0x80, 0x36, 0xFF, 0xF1, 0x80, 0x3A, 0xFB,
    0xF4, 0x81, 0x3D, 0xFB, 0xFF, 0x84, 0x3B, 0xFF, 0xFF, 0x84, 0x35, 0xFF, 0xF1, 0x7C, 0x30, 0xFE,
    0xF1, 0x8A, 0x3B, 0xFF, 0xFC, 0x98, 0x4F, 0xFC, 0xFF, 0xA0, 0x46, 0xFF, 0xFC, 0x95, 0x43, 0x5E,
    0xFF, 0xFF, 0x00, 0x01, 0xFF, 0x7F, 0x3F, 0x04, 0x00, 0x00, 0x00, 0x00, 0x00, 0x00, 0x00, 0x00,
    0x00, 0x00, 0x00, 0x00, 0x00, 0x00, 0x00, 0x00, 0x00, 0x00, 0x00, 0x00, 0xFF, 0xFF, 0x00, 0x02,
    0xFF, 0x7F, 0x3F, 0x04, 0xD2, 0x90, 0x63, 0x17, 0xE6, 0x99, 0x3E, 0xF1, 0xF6, 0xA8, 0x40, 0xFF,
    0xFF, 0xB6, 0x52, 0xFF, 0xFF, 0xB4, 0x4C, 0xF1, 0xFF, 0xBC, 0x63, 0x17, 0xFF, 0x7F, 0x3F, 0x04,
    0xFF, 0xFF, 0x00, 0x02, 0x00, 0x00, 0x00, 0x00, 0x00, 0x00, 0x00, 0x00, 0x00, 0x00, 0x00, 0x00,
    0x00, 0x00, 0x00, 0x00, 0x00, 0x00, 0x00, 0x00, 0xFF, 0xBF, 0x3F, 0x04, 0xFF, 0xFF, 0x00, 0x01,
    0xE6, 0xA8, 0x49, 0x5E, 0xFE, 0xC0, 0x45, 0xFF, 0xF2, 0xBC, 0x44, 0xFC, 0xF6, 0xC4, 0x52, 0xFF,
    0xFB, 0xBE, 0x42, 0xFE, 0xFF, 0xC2, 0x40, 0xFF, 0xFB, 0xC1, 0x45, 0xFF, 0xF1, 0xC1, 0x4B, 0xFB,
    0xF2, 0xC8, 0x54, 0xFB, 0xFE, 0xD6, 0x56, 0xFF, 0xFF, 0xE0, 0x56, 0xFF, 0xFC, 0xD9, 0x60, 0xAB,
    0xFF, 0xEB, 0x9C, 0x0D, 0xFF, 0xFF, 0x00, 0x01, 0xFF, 0xFF, 0x00, 0x01, 0x00, 0x00, 0x00, 0x00,
    0x00, 0x00, 0x00, 0x00, 0x00, 0x00, 0x00, 0x00, 0x00, 0x00, 0x00, 0x00, 0x00, 0x00, 0x00, 0x00,
    0x00, 0x00, 0x00, 0x00, 0x00, 0x00, 0x00, 0x00, 0x00, 0x00, 0x00, 0x00, 0x00, 0x00, 0x00, 0x00,
    0x00, 0x00, 0x00, 0x00, 0xBF, 0x7F, 0x3F, 0x04, 0x00, 0x00, 0x00, 0x00, 0xC9, 0x6D, 0x49, 0x64,
    0xF8, 0x7C, 0x3A, 0xFF, 0xF1, 0x79, 0x36, 0xF9, 0xF2, 0x7C, 0x3C, 0xFA, 0xF8, 0x7D, 0x39, 0xFF,
    0xFF, 0x84, 0x3A, 0xFF, 0xFC, 0x7C, 0x39, 0xE2, 0xF9, 0x73, 0x37, 0x8F, 0xEF, 0x7A, 0x2D, 0xF7,
    0xF3, 0x8C, 0x3D, 0xFF, 0xFE, 0x99, 0x4E, 0xFF, 0xFF, 0x95, 0x41, 0xF7, 0xFF, 0x94, 0x5A, 0x1F,
    0x00, 0x00, 0x00, 0x00, 0xFF, 0x7F, 0x00, 0x02, 0x00, 0x00, 0x00, 0x00, 0x00, 0x00, 0x00, 0x00,
    0x00, 0x00, 0x00, 0x00, 0x00, 0x00, 0x00, 0x00, 0x00, 0x00, 0x00, 0x00, 0xFF, 0xFF, 0x00, 0x01,
    0x00, 0x00, 0x00, 0x00, 0xC5, 0x8B, 0x68, 0x16, 0xE6, 0x99, 0x3E, 0xF1, 0xF6, 0xA9, 0x40, 0xFF,
    0xFF, 0xB6, 0x52, 0xFF, 0xFF, 0xB5, 0x4D, 0xF1, 0xF3, 0xB9, 0x68, 0x16, 0x00, 0x00, 0x00, 0x00,
    0xFF, 0xFF, 0x00, 0x01, 0x00, 0x00, 0x00, 0x00, 0x00, 0x00, 0x00, 0x00, 0x00, 0x00, 0x00, 0x00,
    0x00, 0x00, 0x00, 0x00, 0x00, 0x00, 0x00, 0x00, 0xFF, 0x7F, 0x00, 0x02, 0x00, 0x00, 0x00, 0x00,
    0xDE, 0x9C, 0x52, 0x1F, 0xF0, 0xB2, 0x43, 0xF7, 0xF5, 0xBD, 0x44, 0xFF, 0xF7, 0xC4, 0x54, 0xFF,
    0xFD, 0xC6, 0x44, 0xF7, 0xFF, 0xB7, 0x3E, 0x8F, 0xFB, 0xB6, 0x42, 0xE2, 0xFF, 0xC8, 0x47, 0xFF,
    0xF4, 0xC0, 0x45, 0xFF, 0xF0, 0xC3, 0x4E, 0xFA, 0xF2, 0xCB, 0x53, 0xF9, 0xFF, 0xEB, 0x65, 0xFF,
    0xFC, 0xDB, 0x6D, 0x64, 0x00, 0x00, 0x00, 0x00, 0xFF, 0xBF, 0x7F, 0x04, 0x00, 0x00, 0x00, 0x00,
    0x00, 0x00, 0x00, 0x00, 0x00, 0x00, 0x00, 0x00, 0x00, 0x00, 0x00, 0x00, 0x00, 0x00, 0x00, 0x00,
    0x00, 0x00, 0x00, 0x00, 0x00, 0x00, 0x00, 0x00, 0x00, 0x00, 0x00, 0x00, 0x00, 0x00, 0x00, 0x00,
    0x00, 0x00, 0x00, 0x00, 0xBF, 0x7F, 0x3F, 0x04, 0x00, 0x00, 0x00, 0x00, 0xC8, 0x67, 0x44, 0x59,
    0xF1, 0x72, 0x38, 0xFF, 0xF7, 0x75, 0x35, 0xFF, 0xFF, 0x7D, 0x3A, 0xFF, 0xFC, 0x78, 0x3B, 0xF7,
    0xFB, 0x7B, 0x46, 0x91, 0xFF, 0x7F, 0x71, 0x12, 0xE1, 0x75, 0x3E, 0x4E, 0xFB, 0x86, 0x34, 0xFF,
    0xF4, 0x8E, 0x40, 0xF9, 0xFF, 0x9D, 0x4C, 0xFF, 0xFF, 0x95, 0x41, 0xC8, 0x00, 0x00, 0x01, 0x00,
    0xFF, 0xFF, 0x00, 0x01, 0x00, 0x00, 0x00, 0x00, 0x00, 0x00, 0x00, 0x00, 0x00, 0x00, 0x00, 0x00,
    0x00, 0x00, 0x00, 0x00, 0x00, 0x00, 0x00, 0x00, 0x00, 0x00, 0x00, 0x00, 0xFF, 0xFF, 0x00, 0x01,
    0x00, 0x00, 0x00, 0x00, 0xC9, 0x8A, 0x5F, 0x18, 0xE5, 0x99, 0x3F, 0xF1, 0xF6, 0xA9, 0x40, 0xFF,
    0xFF, 0xB6, 0x52, 0xFF, 0xFF, 0xB5, 0x4D, 0xF1, 0xF4, 0xB4, 0x6A, 0x18, 0x00, 0x00, 0x00, 0x00,
    0xFF, 0xFF, 0xFF, 0x01, 0x00, 0x00, 0x00, 0x00, 0x00, 0x00, 0x00, 0x00, 0x00, 0x00, 0x00, 0x00,
    0x00, 0x00, 0x00, 0x00, 0x00, 0x00, 0x00, 0x00, 0x00, 0x00, 0x00, 0x00, 0xFF, 0xFF, 0x00, 0x01,
    0x00, 0x00, 0x01, 0x00, 0xEB, 0xAE, 0x44, 0xC8, 0xFD, 0xC2, 0x44, 0xFF, 0xF5, 0xC3, 0x52, 0xF9,
    0xFF, 0xD3, 0x50, 0xFF, 0xFF, 0xC7, 0x4E, 0x4E, 0xF0, 0x9B, 0x63, 0x12, 0xFB, 0xB5, 0x4B, 0x91,
    0xFA, 0xBA, 0x47, 0xF7, 0xFF, 0xC7, 0x48, 0xFF, 0xF6, 0xC3, 0x47, 0xFF, 0xFF, 0xD6, 0x51, 0xFF,
    0xF0, 0xC8, 0x58, 0x59, 0x00, 0x00, 0x00, 0x00, 0xBF, 0xBF, 0x3F, 0x04, 0x00, 0x00, 0x00, 0x00,
    0x00, 0x00, 0x00, 0x00, 0x00, 0x00, 0x00, 0x00, 0x00, 0x00, 0x00, 0x00, 0x00, 0x00, 0x00, 0x00,
    0x00, 0x00, 0x00, 0x00, 0x00, 0x00, 0x00, 0x00, 0x00, 0x00, 0x00, 0x00, 0x00, 0x00, 0x00, 0x00,
    0x00, 0x00, 0x00, 0x00, 0x00, 0x00, 0x00, 0x00, 0xFF, 0x00, 0x00, 0x01, 0xCC, 0x66, 0x66, 0x05,
    0xD6, 0x61, 0x3C, 0x97, 0xF4, 0x6D, 0x3D, 0xE5, 0xF9, 0x75, 0x46, 0xAA, 0xF3, 0x79, 0x5E, 0x2E,
    0x00, 0x00, 0x00, 0x00, 0x00, 0x00, 0x00, 0x00, 0xE6, 0x79, 0x39, 0xA4, 0xFC, 0x8A, 0x36, 0xFF,
    0xF7, 0x90, 0x45, 0xF7, 0xFF, 0xA0, 0x49, 0xFF, 0xFF, 0x95, 0x45, 0x85, 0x00, 0x00, 0x00, 0x00,
    0xFF, 0x7F, 0x3F, 0x04, 0x00, 0x00, 0x00, 0x00, 0x00, 0x00, 0x00, 0x00, 0x00, 0x00, 0x00, 0x00,
    0x00, 0x00, 0x00, 0x00, 0x00, 0x00, 0x00, 0x00, 0x00, 0x00, 0x00, 0x00, 0xFF, 0xFF, 0x00, 0x01,
    0xFF, 0x7F, 0x00, 0x02, 0xB0, 0x89, 0x89, 0x0D, 0xE5, 0x98, 0x3F, 0xF2, 0xF6, 0xA8, 0x40, 0xFF,
    0xFF, 0xB5, 0x51, 0xFF, 0xFF, 0xB6, 0x4D, 0xF2, 0xEB, 0xC4, 0x89, 0x0D, 0xFF, 0x7F, 0x00, 0x02,
    0xFF, 0xFF, 0xFF, 0x01, 0x00, 0x00, 0x00, 0x00, 0x00, 0x00, 0x00, 0x00, 0x00, 0x00, 0x00, 0x00,
    0x00, 0x00, 0x00, 0x00, 0x00, 0x00, 0x00, 0x00, 0x00, 0x00, 0x00, 0x00, 0xFF, 0xBF, 0x3F, 0x04,
    0x00, 0x00, 0x00, 0x00, 0xE8, 0xAB, 0x48, 0x86, 0xFF, 0xC4, 0x46, 0xFF, 0xF5, 0xC2, 0x4E, 0xF7,
    0xFF, 0xD4, 0x56, 0xFF, 0xFB, 0xC5, 0x4C, 0xA4, 0x00, 0x00, 0x00, 0x00, 0x00, 0x00, 0x00, 0x00,
    0xF3, 0xA6, 0x5E, 0x2E, 0xF7, 0xB2, 0x4E, 0xAA, 0xF8, 0xBB, 0x4D, 0xE5, 0xEE, 0xB6, 0x52, 0x97,
    0xCC, 0x99, 0x99, 0x05, 0xFF, 0xFF, 0x00, 0x01, 0x00, 0x00, 0x00, 0x00, 0x00, 0x00, 0x00, 0x00,
    0x00, 0x00, 0x00, 0x00, 0x00, 0x00, 0x00, 0x00, 0x00, 0x00, 0x00, 0x00, 0x00, 0x00, 0x00, 0x00,
    0x00, 0x00, 0x00, 0x00, 0x00, 0x00, 0x00, 0x00, 0x00, 0x00, 0x00, 0x00, 0x00, 0x00, 0x00, 0x00,
    0x00, 0x00, 0x00, 0x00, 0x00, 0x00, 0x00, 0x00, 0x00, 0x00, 0x00, 0x00, 0x00, 0x00, 0x00, 0x00,
    0x00, 0x00, 0x00, 0x00, 0xD0, 0x73, 0x8B, 0x0B, 0x00, 0x00, 0x00, 0x00, 0x00, 0x00, 0x00, 0x00,
    0xFF, 0x7F, 0x3F, 0x04, 0xD4, 0x7F, 0xAA, 0x06, 0xE1, 0x7A, 0x37, 0xDB, 0xF6, 0x89, 0x37, 0xFF,
    0xFA, 0x91, 0x48, 0xFB, 0xFF, 0x99, 0x44, 0xFF, 0xFB, 0x94, 0x4C, 0x43, 0x00, 0x00, 0x00, 0x00,
    0xFF, 0xAA, 0x55, 0x03, 0x00, 0x00, 0x00, 0x00, 0x00, 0x00, 0x00, 0x00, 0x00, 0x00, 0x00, 0x00,
    0x00, 0x00, 0x00, 0x00, 0x00, 0x00, 0x00, 0x00, 0x00, 0x00, 0x00, 0x01, 0xFF, 0x7F, 0x3F, 0x04,
    0x00, 0x00, 0x00, 0x00, 0xE6, 0x9D, 0x44, 0x7E, 0xF4, 0xA3, 0x3D, 0xFE, 0xF3, 0xA6, 0x40, 0xFD,
    0xFC, 0xB2, 0x50, 0xFD, 0xFF, 0xBF, 0x51, 0xFE, 0xFF, 0xC0, 0x5D, 0x7E, 0x00, 0x00, 0x00, 0x00,
    0xFF, 0xBF, 0x3F, 0x04, 0xFF, 0x00, 0x00, 0x01, 0x00, 0x00, 0x00, 0x00, 0x00, 0x00, 0x00, 0x00,
    0x00, 0x00, 0x00, 0x00, 0x00, 0x00, 0x00, 0x00, 0x00, 0x00, 0x00, 0x00, 0xFF, 0xAA, 0x55, 0x03,
    0x00, 0x00, 0x00, 0x00, 0xE4, 0xA7, 0x4C, 0x43, 0xFA, 0xBB, 0x45, 0xFF, 0xF4, 0xBE, 0x49, 0xFB,
    0xFF, 0xCE, 0x58, 0xFF, 0xFA, 0xC5, 0x50, 0xDB, 0xFF, 0xD4, 0xAA, 0x06, 0xFF, 0xBF, 0x3F, 0x04,
    0x00, 0x00, 0x00, 0x00, 0x00, 0x00, 0x00, 0x00, 0xE7, 0x8B, 0x8B, 0x0B, 0x00, 0x00, 0x00, 0x00,
    0x00, 0x00, 0x00, 0x00, 0x00, 0x00, 0x00, 0x00, 0x00, 0x00, 0x00, 0x00, 0x00, 0x00, 0x00, 0x00,
    0x00, 0x00, 0x00, 0x00, 0x00, 0x00, 0x00, 0x00, 0x00, 0x00, 0x00, 0x00, 0x00, 0x00, 0x00, 0x00,
    0x00, 0x00, 0x00, 0x00, 0x00, 0x00, 0x00, 0x00, 0x00, 0x00, 0x00, 0x00, 0x00, 0x00, 0x00, 0x00,
    0x00, 0x00, 0x00, 0x00, 0x00, 0x00, 0x00, 0x00, 0x00, 0x00, 0x00, 0x00, 0x00, 0x00, 0x00, 0x00,
    0xFF, 0x7F, 0x00, 0x02, 0x00, 0x00, 0x00, 0x00, 0xFF, 0x7F, 0x00, 0x02, 0xCC, 0x66, 0x33, 0x05,
    0x00, 0x00, 0x00, 0x00, 0xD2, 0x79, 0x53, 0x2E, 0xE6, 0x7D, 0x38, 0xFD, 0xF2, 0x88, 0x39, 0xFD,
    0xFF, 0x96, 0x49, 0xFF, 0xFF, 0x93, 0x41, 0xEA, 0xEE, 0x99, 0x66, 0x0F, 0x00, 0x00, 0x00, 0x00,
    0xFF, 0xFF, 0x00, 0x01, 0x00, 0x00, 0x00, 0x00, 0x00, 0x00, 0x00, 0x00, 0x00, 0x00, 0x00, 0x00,
    0x00, 0x00, 0x00, 0x00, 0x00, 0x00, 0x00, 0x00, 0xFF, 0x7F, 0x3F, 0x04, 0x00, 0x00, 0x00, 0x00,
    0xE7, 0x9B, 0x47, 0x76, 0xFF, 0xAE, 0x41, 0xFF, 0xF4, 0xA7, 0x3C, 0xFD, 0xF3, 0xA6, 0x40, 0xFF,
    0xFD, 0xB4, 0x55, 0xFF, 0xFF, 0xBF, 0x5F, 0xFD, 0xFF, 0xC9, 0x58, 0xFF, 0xFC, 0xBE, 0x5A, 0x76,
    0x00, 0x00, 0x00, 0x00, 0xFF, 0xBF, 0x3F, 0x04, 0x00, 0x00, 0x00, 0x00, 0x00, 0x00, 0x00, 0x00,
    0x00, 0x00, 0x00, 0x00, 0x00, 0x00, 0x00, 0x00, 0x00, 0x00, 0x00, 0x00, 0xFF, 0xFF, 0x00, 0x01,
    0x00, 0x00, 0x00, 0x00, 0xCC, 0x88, 0x55, 0x0F, 0xED, 0xB0, 0x44, 0xEA, 0xFA, 0xC0, 0x46, 0xFF,
    0xF8, 0xC6, 0x54, 0xFD, 0xFC, 0xCE, 0x59, 0xFD, 0xF9, 0xCD, 0x6E, 0x2E, 0x00, 0x00, 0x00, 0x00,
    0xCC, 0xCC, 0x66, 0x05, 0xFF, 0xFF, 0x00, 0x02, 0x00, 0x00, 0x00, 0x00, 0xFF, 0xFF, 0x7F, 0x02,
    0x00, 0x00, 0x00, 0x00, 0x00, 0x00, 0x00, 0x00, 0x00, 0x00, 0x00, 0x00, 0x00, 0x00, 0x00, 0x00,
    0x00, 0x00, 0x00, 0x00, 0x00, 0x00, 0x00, 0x00, 0x00, 0x00, 0x00, 0x00, 0x00, 0x00, 0x00, 0x00,
    0x00, 0x00, 0x00, 0x00, 0x00, 0x00, 0x00, 0x00, 0x00, 0x00, 0x00, 0x00, 0x00, 0x00, 0x00, 0x00,
    0x00, 0x00, 0x00, 0x00, 0x00, 0x00, 0x00, 0x00, 0x00, 0x00, 0x00, 0x00, 0x00, 0x00, 0x00, 0x00,
    0x00, 0x00, 0x00, 0x00, 0xFF, 0x00, 0x00, 0x01, 0x00, 0x00, 0x00, 0x00, 0xFF, 0x7F, 0x3F, 0x04,
    0x00, 0x00, 0x00, 0x00, 0xD3, 0x78, 0x45, 0x6A, 0xF6, 0x86, 0x39, 0xFF, 0xF5, 0x8A, 0x3E, 0xF8,
    0xFF, 0x9B, 0x4A, 0xFF, 0xFD, 0x92, 0x41, 0xB2, 0x00, 0x00, 0x00, 0x00, 0xFF, 0x7F, 0x00, 0x02,
    0x00, 0x00, 0x00, 0x00, 0x00, 0x00, 0x00, 0x00, 0x00, 0x00, 0x00, 0x00, 0x00, 0x00, 0x00, 0x00,
    0x00, 0x00, 0x00, 0x00, 0xFF, 0xBF, 0x3F, 0x04, 0x00, 0x00, 0x00, 0x00, 0xE5, 0x9A, 0x48, 0x70,
    0xFF, 0xAB, 0x40, 0xFF, 0xF6, 0xA8, 0x3D, 0xFB, 0xF4, 0xA8, 0x41, 0xFE, 0xF5, 0xA8, 0x41, 0xFF,
    0xFC, 0xB3, 0x53, 0xFF, 0xFF, 0xBA, 0x5E, 0xFE, 0xFF, 0xC0, 0x5E, 0xFB, 0xFF, 0xC9, 0x58, 0xFF,
    0xFC, 0xBF, 0x5B, 0x70, 0x00, 0x00, 0x00, 0x00, 0xFF, 0xBF, 0x3F, 0x04, 0x00, 0x00, 0x00, 0x00,
    0x00, 0x00, 0x00, 0x00, 0x00, 0x00, 0x00, 0x00, 0x00, 0x00, 0x00, 0x00, 0x00, 0x00, 0x00, 0x00,
    0xFF, 0xFF, 0x00, 0x02, 0x00, 0x00, 0x00, 0x00, 0xEA, 0xAE, 0x46, 0xB2, 0xFF, 0xC5, 0x46, 0xFF,
    0xF6, 0xC3, 0x51, 0xF8, 0xFF, 0xDC, 0x62, 0xFF, 0xFF, 0xD5, 0x6D, 0x69, 0x00, 0x00, 0x00, 0x00,
    0xFF, 0xBF, 0x7F, 0x04, 0x00, 0x00, 0x00, 0x00, 0xFF, 0xFF, 0x00, 0x01, 0x00, 0x00, 0x00, 0x00,
    0x00, 0x00, 0x00, 0x00, 0x00, 0x00, 0x00, 0x00, 0x00, 0x00, 0x00, 0x00, 0x00, 0x00, 0x00, 0x00,
    0x00, 0x00, 0x00, 0x00, 0x00, 0x00, 0x00, 0x00, 0x00, 0x00, 0x00, 0x00, 0x00, 0x00, 0x00, 0x00,
    0x00, 0x00, 0x00, 0x00, 0x00, 0x00, 0x00, 0x00, 0x00, 0x00, 0x00, 0x00, 0x00, 0x00, 0x00, 0x00,
    0x00, 0x00, 0x00, 0x00, 0x00, 0x00, 0x00, 0x00, 0x00, 0x00, 0x00, 0x00, 0x00, 0x00, 0x00, 0x00,
    0x00, 0x00, 0x00, 0x00, 0x00, 0x00, 0x00, 0x00, 0x00, 0x00, 0x00, 0x00, 0xFF, 0x55, 0x00, 0x03,
    0x00, 0x00, 0x00, 0x00, 0xD8, 0x79, 0x3F, 0xAC, 0xF8, 0x88, 0x37, 0xFC, 0xF8, 0x8D, 0x43, 0xF5,
    0xFF, 0x9B, 0x46, 0xFE, 0xFC, 0x92, 0x45, 0x6E, 0x00, 0x00, 0x00, 0x00, 0xFF, 0x7F, 0x3F, 0x04,
    0x00, 0x00, 0x00, 0x00, 0x00, 0x00, 0x00, 0x00, 0x00, 0x00, 0x00, 0x00, 0x00, 0x00, 0x00, 0x00,
    0xFF, 0xBF, 0x3F, 0x04, 0x00, 0x00, 0x00, 0x00, 0xE2, 0x97, 0x49, 0x6C, 0xFD, 0xA8, 0x40, 0xFF,
    0xF6, 0xA6, 0x3D, 0xFC, 0xF5, 0xA7, 0x44, 0xFE, 0xF7, 0xA7, 0x44, 0xFF, 0xF6, 0xA8, 0x42, 0xFF,
    0xFC, 0xB1, 0x4F, 0xFF, 0xF9, 0xAE, 0x48, 0xFF, 0xFA, 0xB5, 0x53, 0xFE, 0xFF, 0xC0, 0x5D, 0xFC,
    0xFF, 0xCA, 0x58, 0xFF, 0xFC, 0xBF, 0x5C, 0x6C, 0x00, 0x00, 0x00, 0x00, 0xFF, 0xBF, 0x3F, 0x04,
    0x00, 0x00, 0x00, 0x00, 0x00, 0x00, 0x00, 0x00, 0x00, 0x00, 0x00, 0x00, 0x00, 0x00, 0x00, 0x00,
    0xFF, 0xBF, 0x3F, 0x04, 0x00, 0x00, 0x00, 0x00, 0xE7, 0xAB, 0x4A, 0x6E, 0xFF, 0xC3, 0x46, 0xFE,
    0xF5, 0xC1, 0x4B, 0xF5, 0xFF, 0xD8, 0x5D, 0xFC, 0xFD, 0xD4, 0x61, 0xAC, 0x00, 0x00, 0x00, 0x00,
    0xFF, 0xAA, 0x55, 0x03, 0x00, 0x00, 0x00, 0x00, 0x00, 0x00, 0x00, 0x00, 0x00, 0x00, 0x00, 0x00,
    0x00, 0x00, 0x00, 0x00, 0x00, 0x00, 0x00, 0x00, 0x00, 0x00, 0x00, 0x00, 0x00, 0x00, 0x00, 0x00,
    0x00, 0x00, 0x00, 0x00, 0x00, 0x00, 0x00, 0x00, 0x00, 0x00, 0x00, 0x00, 0x00, 0x00, 0x00, 0x00,
    0x00, 0x00, 0x00, 0x00, 0x00, 0x00, 0x00, 0x00, 0x00, 0x00, 0x00, 0x00, 0x00, 0x00, 0x00, 0x00,
    0x00, 0x00, 0x00, 0x00, 0x00, 0x00, 0x00, 0x00, 0x00, 0x00, 0x00, 0x00, 0x00, 0x00, 0x00, 0x00,
    0x00, 0x00, 0x00, 0x00, 0x00, 0x00, 0x00, 0x00, 0x00, 0x00, 0x00, 0x00, 0xFF, 0x55, 0x55, 0x03,
    0x00, 0x00, 0x00, 0x00, 0xD6, 0x73, 0x3F, 0xA4, 0xFF, 0x88, 0x3B, 0xFF, 0xFF, 0x8B, 0x3E, 0xFF,
    0xFF, 0x93, 0x43, 0xFF, 0xF8, 0x95, 0x57, 0x29, 0x00, 0x00, 0x00, 0x00, 0xFF, 0x7F, 0x7F, 0x02,
    0x00, 0x00, 0x00, 0x00, 0x00, 0x00, 0x00, 0x00, 0x00, 0x00, 0x00, 0x00, 0xFF, 0xBF, 0x3F, 0x04,
    0x00, 0x00, 0x00, 0x00, 0xE4, 0x96, 0x48, 0x69, 0xFB, 0xA5, 0x3F, 0xFF, 0xF7, 0xA4, 0x3D, 0xFC,
    0xF6, 0xA5, 0x45, 0xFD, 0xFB, 0xA5, 0x44, 0xFE, 0xFA, 0xA3, 0x3F, 0xFF, 0xF4, 0xA7, 0x41, 0xFF,
    0xFE, 0xB4, 0x54, 0xFF, 0xFD, 0xAB, 0x44, 0xFF, 0xF7, 0xA9, 0x40, 0xFE, 0xF9, 0xB3, 0x4D, 0xFD,
    0xFF, 0xC2, 0x5E, 0xFC, 0xFF, 0xCB, 0x59, 0xFF, 0xFC, 0xBF, 0x5C, 0x69, 0x00, 0x00, 0x00, 0x00,
    0xFF, 0xBF, 0x3F, 0x04, 0x00, 0x00, 0x00, 0x00, 0x00, 0x00, 0x00, 0x00, 0x00, 0x00, 0x00, 0x00,
    0xFF, 0x7F, 0x7F, 0x02, 0x00, 0x00, 0x00, 0x00, 0xDF, 0xA1, 0x50, 0x29, 0xFA, 0xB8, 0x47, 0xFF,
    0xFF, 0xC1, 0x47, 0xFF, 0xFF, 0xD6, 0x52, 0xFF, 0xF7, 0xC5, 0x53, 0xA4, 0x00, 0x00, 0x00, 0x00,
    0xFF, 0xAA, 0x55, 0x03, 0x00, 0x00, 0x00, 0x00, 0x00, 0x00, 0x00, 0x00, 0x00, 0x00, 0x00, 0x00,
    0x00, 0x00, 0x00, 0x00, 0x00, 0x00, 0x00, 0x00, 0x00, 0x00, 0x00, 0x00, 0x00, 0x00, 0x00, 0x00,
    0x00, 0x00, 0x00, 0x00, 0x00, 0x00, 0x00, 0x00, 0x00, 0x00, 0x00, 0x00, 0x00, 0x00, 0x00, 0x00,
    0x00, 0x00, 0x00, 0x00, 0x00, 0x00, 0x00, 0x00, 0x00, 0x00, 0x00, 0x00, 0x00, 0x00, 0x00, 0x00,
    0x00, 0x00, 0x00, 0x00, 0x00, 0x00, 0x00, 0x00, 0x00, 0x00, 0x00, 0x00, 0x00, 0x00, 0x00, 0x00,
    0x00, 0x00, 0x00, 0x00, 0x00, 0x00, 0x00, 0x00, 0x00, 0x00, 0x00, 0x00, 0xFF, 0xFF, 0xFF, 0x01,
    0xFF, 0x00, 0x00, 0x01, 0xCF, 0x67, 0x4B, 0x1B, 0xE6, 0x71, 0x40, 0xAF, 0xFC, 0x80, 0x42, 0xD2,
    0xFA, 0x84, 0x4D, 0x70, 0x00, 0x00, 0x01, 0x00, 0xFF, 0xFF, 0x00, 0x01, 0x00, 0x00, 0x00, 0x00,
    0x00, 0x00, 0x00, 0x00, 0x00, 0x00, 0x00, 0x00, 0xFF, 0x7F, 0x3F, 0x04, 0x00, 0x00, 0x00, 0x00,
    0xE3, 0x94, 0x4A, 0x67, 0xFB, 0xA3, 0x3F, 0xFF, 0xF7, 0xA2, 0x3C, 0xFC, 0xF6, 0xA3, 0x45, 0xFD,
    0xFE, 0xA6, 0x44, 0xFF, 0xFF, 0xA1, 0x3A, 0xFF, 0xF6, 0x99, 0x34, 0xFC, 0xF5, 0xA8, 0x41, 0xFF,
    0xFE, 0xB6, 0x55, 0xFF, 0xFF, 0xAC, 0x3D, 0xFC, 0xFF, 0xA3, 0x39, 0xFF, 0xFA, 0xAC, 0x3F, 0xFF,
    0xF7, 0xB3, 0x4C, 0xFD, 0xFF, 0xC3, 0x5E, 0xFC, 0xFF, 0xCB, 0x59, 0xFF, 0xFC, 0xC1, 0x5B, 0x67,
    0x00, 0x00, 0x00, 0x00, 0xFF, 0xBF, 0x3F, 0x04, 0x00, 0x00, 0x00, 0x00, 0x00, 0x00, 0x00, 0x00,
    0x00, 0x00, 0x00, 0x00, 0xFF, 0xFF, 0x00, 0x01, 0x00, 0x00, 0x00, 0x00, 0xEA, 0xA1, 0x4D, 0x70,
    0xFC, 0xB3, 0x4D, 0xD2, 0xF7, 0xB4, 0x50, 0xAF, 0xEC, 0xB3, 0x5E, 0x1B, 0xFF, 0x00, 0x00, 0x01,
    0xFF, 0xFF, 0xFF, 0x01, 0x00, 0x00, 0x00, 0x00, 0x00, 0x00, 0x00, 0x00, 0x00, 0x00, 0x00, 0x00,
    0x00, 0x00, 0x00, 0x00, 0x00, 0x00, 0x00, 0x00, 0x00, 0x00, 0x00, 0x00, 0x00, 0x00, 0x00, 0x00,
    0x00, 0x00, 0x00, 0x00, 0x00, 0x00, 0x00, 0x00, 0x00, 0x00, 0x00, 0x00, 0x00, 0x00, 0x00, 0x00,
    0x00, 0x00, 0x00, 0x00, 0x00, 0x00, 0x00, 0x00, 0x00, 0x00, 0x00, 0x00, 0x00, 0x00, 0x00, 0x00,
    0x00, 0x00, 0x00, 0x00, 0x00, 0x00, 0x00, 0x00, 0x00, 0x00, 0x00, 0x00, 0x00, 0x00, 0x00, 0x00,
    0x00, 0x00, 0x00, 0x00, 0x00, 0x00, 0x00, 0x00, 0x00, 0x00, 0x00, 0x00, 0x00, 0x00, 0x00, 0x00,
    0x00, 0x00, 0x00, 0x00, 0x00, 0x00, 0x00, 0x00, 0x00, 0x00, 0x00, 0x00, 0x00, 0x00, 0x03, 0x00,
    0x00, 0x00, 0x00, 0x00, 0x00, 0x00, 0x00, 0x00, 0x00, 0x00, 0x00, 0x00, 0x00, 0x00, 0x00, 0x00,
    0x00, 0x00, 0x00, 0x00, 0xFF, 0x7F, 0x7F, 0x02, 0x00, 0x00, 0x00, 0x00, 0xE0, 0x92, 0x49, 0x65,
    0xFA, 0xA1, 0x3E, 0xFF, 0xF5, 0xA0, 0x3C, 0xFD, 0xF7, 0xA1, 0x44, 0xFC, 0xFE, 0xA4, 0x43, 0xFF,
    0xFF, 0xA3, 0x3F, 0xFA, 0xFC, 0x95, 0x44, 0x68, 0xF3, 0x98, 0x36, 0xE7, 0xFA, 0xAA, 0x42, 0xFF,
    0xFF, 0xB8, 0x54, 0xFF, 0xFF, 0xB1, 0x41, 0xE7, 0xFF, 0x98, 0x3F, 0x68, 0xFC, 0xA2, 0x3C, 0xFA,
    0xFA, 0xAE, 0x40, 0xFF, 0xF8, 0xB4, 0x4C, 0xFC, 0xFD, 0xC4, 0x5E, 0xFD, 0xFF, 0xCC, 0x58, 0xFF,
    0xF9, 0xBF, 0x5A, 0x65, 0x00, 0x00, 0x00, 0x00, 0xFF, 0xFF, 0x7F, 0x02, 0x00, 0x00, 0x00, 0x00,
    0x00, 0x00, 0x00, 0x00, 0x00, 0x00, 0x00, 0x00, 0x00, 0x00, 0x00, 0x00, 0x00, 0x00, 0x00, 0x00,
    0x00, 0x00, 0x02, 0x00, 0x00, 0x00, 0x00, 0x00, 0x00, 0x00, 0x00, 0x00, 0x00, 0x00, 0x00, 0x00,
    0x00, 0x00, 0x00, 0x00, 0x00, 0x00, 0x00, 0x00, 0x00, 0x00, 0x00, 0x00, 0x00, 0x00, 0x00, 0x00,
    0x00, 0x00, 0x00, 0x00, 0x00, 0x00, 0x00, 0x00, 0x00, 0x00, 0x00, 0x00, 0x00, 0x00, 0x00, 0x00,
    0x00, 0x00, 0x00, 0x00, 0x00, 0x00, 0x00, 0x00, 0x00, 0x00, 0x00, 0x00, 0x00, 0x00, 0x00, 0x00,
    0x00, 0x00, 0x00, 0x00, 0x00, 0x00, 0x00, 0x00, 0x00, 0x00, 0x00, 0x00, 0x00, 0x00, 0x00, 0x00,
    0x00, 0x00, 0x00, 0x00, 0x00, 0x00, 0x00, 0x00, 0x00, 0x00, 0x00, 0x00, 0x00, 0x00, 0x00, 0x00,
    0x00, 0x00, 0x00, 0x00, 0x00, 0x00, 0x00, 0x00, 0x00, 0x00, 0x00, 0x00, 0x00, 0x00, 0x00, 0x00,
    0x00, 0x00, 0x00, 0x00, 0xFF, 0xFF, 0x00, 0x01, 0xFF, 0x7F, 0x00, 0x02, 0x00, 0x00, 0x00, 0x00,
    0xFF, 0xAA, 0x55, 0x03, 0x00, 0x00, 0x00, 0x00, 0x00, 0x00, 0x00, 0x00, 0x00, 0x00, 0x00, 0x00,
    0xAA, 0xAA, 0x00, 0x03, 0x00, 0x00, 0x00, 0x00, 0xE2, 0x91, 0x48, 0x5B, 0xF9, 0x9E, 0x3E, 0xFF,
    0xF6, 0x9E, 0x3C, 0xFD, 0xF7, 0x9F, 0x44, 0xFC, 0xFD, 0xA2, 0x43, 0xFE, 0xFF, 0xA2, 0x43, 0xFC,
    0xFF, 0x99, 0x4E, 0x4E, 0x00, 0x00, 0x02, 0x00, 0xF0, 0x99, 0x3B, 0xF1, 0xF8, 0xA9, 0x40, 0xFF,
    0xFF, 0xB6, 0x53, 0xFF, 0xFF, 0xB1, 0x44, 0xF1, 0x00, 0x00, 0x02, 0x00, 0xF5, 0x8F, 0x44, 0x4E,
    0xFA, 0xA4, 0x40, 0xFC, 0xFA, 0xAE, 0x40, 0xFE, 0xF8, 0xB6, 0x4C, 0xFC, 0xFD, 0xC5, 0x5D, 0xFD,
    0xFF, 0xCD, 0x59, 0xFF, 0xFC, 0xC6, 0x5F, 0x5B, 0x00, 0x00, 0x00, 0x00, 0xFF, 0xAA, 0x55, 0x03,
    0x00, 0x00, 0x00, 0x00, 0x00, 0x00, 0x00, 0x00, 0x00, 0x00, 0x00, 0x00, 0xFF, 0xAA, 0x55, 0x03,
    0x00, 0x00, 0x00, 0x00, 0xFF, 0xFF, 0x00, 0x02, 0xFF, 0xFF, 0x00, 0x01, 0x00, 0x00, 0x00, 0x00,
    0x00, 0x00, 0x00, 0x00, 0x00, 0x00, 0x00, 0x00, 0x00, 0x00, 0x00, 0x00, 0x00, 0x00, 0x00, 0x00,
    0x00, 0x00, 0x00, 0x00, 0x00, 0x00, 0x00, 0x00, 0x00, 0x00, 0x00, 0x00, 0x00, 0x00, 0x00, 0x00,
    0x00, 0x00, 0x00, 0x00, 0x00, 0x00, 0x00, 0x00, 0x00, 0x00, 0x00, 0x00, 0x00, 0x00, 0x00, 0x00,
    0x00, 0x00, 0x00, 0x00, 0x00, 0x00, 0x00, 0x00, 0x00, 0x00, 0x00, 0x00, 0x00, 0x00, 0x00, 0x00,
    0x00, 0x00, 0x00, 0x00, 0x00, 0x00, 0x00, 0x00, 0x00, 0x00, 0x00, 0x00, 0x00, 0x00, 0x00, 0x00,
    0x00, 0x00, 0x00, 0x00, 0x00, 0x00, 0x00, 0x00, 0x00, 0x00, 0x00, 0x00, 0x00, 0x00, 0x00, 0x00,
    0x00, 0x00, 0x00, 0x00, 0x00, 0x00, 0x00, 0x00, 0x00, 0x00, 0x00, 0x00, 0x00, 0x00, 0x00, 0x01,
    0x00, 0x00, 0x00, 0x00, 0x00, 0x00, 0x00, 0x00, 0x00, 0x00, 0x00, 0x00, 0xFF, 0xFF, 0x00, 0x01,
    0x00, 0x00, 0x00, 0x00, 0xB9, 0x8B, 0x73, 0x0B, 0xE4, 0x8F, 0x3E, 0xEB, 0xF9, 0x9E, 0x3B, 0xFD,
    0xF7, 0x9D, 0x43, 0xF9, 0xFD, 0xA1, 0x43, 0xFE, 0xFF, 0xA1, 0x46, 0xFB, 0xFF, 0x97, 0x55, 0x51,
    0x00, 0x00, 0x00, 0x00, 0xDC, 0x8B, 0x51, 0x16, 0xEC, 0x99, 0x3D, 0xEE, 0xF8, 0xA9, 0x40, 0xFF,
    0xFF, 0xB6, 0x53, 0xFF, 0xFF, 0xB1, 0x47, 0xEE, 0xFF, 0xAD, 0x5C, 0x16, 0x00, 0x00, 0x00, 0x00,
    0xEF, 0x90, 0x48, 0x51, 0xF8, 0xA4, 0x43, 0xFB, 0xFA, 0xB0, 0x40, 0xFE, 0xF9, 0xB8, 0x4D, 0xF9,
    0xFF, 0xCA, 0x5E, 0xFD, 0xFD, 0xC6, 0x58, 0xEB, 0xFF, 0xD0, 0x8B, 0x0B, 0x00, 0x00, 0x00, 0x00,
    0xFF, 0xFF, 0x00, 0x01, 0x00, 0x00, 0x00, 0x00, 0x00, 0x00, 0x00, 0x00, 0x00, 0x00, 0x00, 0x00,
    0xFF, 0x00, 0x00, 0x01, 0x00, 0x00, 0x00, 0x00, 0x00, 0x00, 0x00, 0x00, 0x00, 0x00, 0x00, 0x00,
    0x00, 0x00, 0x00, 0x00, 0x00, 0x00, 0x00, 0x00, 0x00, 0x00, 0x00, 0x00, 0x00, 0x00, 0x00, 0x00,
    0x00, 0x00, 0x00, 0x00, 0x00, 0x00, 0x00, 0x00, 0x00, 0x00, 0x00, 0x00, 0x00, 0x00, 0x00, 0x00,
    0x00, 0x00, 0x00, 0x00, 0x00, 0x00, 0x00, 0x00, 0x00, 0x00, 0x00, 0x00, 0x00, 0x00, 0x00, 0x00,
    0x00, 0x00, 0x00, 0x00, 0x00, 0x00, 0x00, 0x00, 0x00, 0x00, 0x00, 0x00, 0x00, 0x00, 0x00, 0x00,
    0x00, 0x00, 0x00, 0x00, 0x00, 0x00, 0x00, 0x00, 0x00, 0x00, 0x00, 0x00, 0x00, 0x00, 0x00, 0x00,
    0x00, 0x00, 0x00, 0x00, 0x00, 0x00, 0x00, 0x00, 0x00, 0x00, 0x00, 0x00, 0x00, 0x00, 0x00, 0x00,
    0x00, 0x00, 0x00, 0x00, 0x00, 0x00, 0x00, 0x00, 0x00, 0x00, 0x00, 0x00, 0x00, 0x00, 0x00, 0x00,
    0x00, 0x00, 0x00, 0x00, 0x00, 0x00, 0x00, 0x00, 0x00, 0x00, 0x00, 0x00, 0xFF, 0x00, 0x00, 0x01,
    0xFF, 0x00, 0x00, 0x01, 0xBF, 0x7F, 0x5F, 0x08, 0xE0, 0x86, 0x3F, 0xE0, 0xFF, 0x9D, 0x3F, 0xFF,
    0xFF, 0xA1, 0x42, 0xFF, 0xFD, 0x9F, 0x48, 0xFA, 0xFB, 0x96, 0x55, 0x4E, 0x00, 0x00, 0x00, 0x00,
    0xFF, 0x7F, 0x7F, 0x02, 0xCF, 0x7F, 0x5F, 0x10, 0xEB, 0x99, 0x3E, 0xEC, 0xF9, 0xA9, 0x41, 0xFF,
    0xFF, 0xB6, 0x52, 0xFF, 0xFF, 0xB2, 0x49, 0xEC, 0xEF, 0xAF, 0x6F, 0x10, 0xFF, 0x7F, 0x7F, 0x02,
    0x00, 0x00, 0x00, 0x00, 0xE8, 0x8C, 0x4E, 0x4E, 0xF6, 0xA4, 0x45, 0xFA, 0xFF, 0xB4, 0x43, 0xFF,
    0xFF, 0xC3, 0x4C, 0xFF, 0xFC, 0xBA, 0x4F, 0xE0, 0xFF, 0xBF, 0x7F, 0x08, 0xFF, 0xFF, 0x00, 0x01,
    0xFF, 0xFF, 0x00, 0x01, 0x00, 0x00, 0x00, 0x00, 0x00, 0x00, 0x00, 0x00, 0x00, 0x00, 0x00, 0x00,
    0x00, 0x00, 0x00, 0x00, 0x00, 0x00, 0x00, 0x00, 0x00, 0x00, 0x00, 0x00, 0x00, 0x00, 0x00, 0x00,
    0x00, 0x00, 0x00, 0x00, 0x00, 0x00, 0x00, 0x00, 0x00, 0x00, 0x00, 0x00, 0x00, 0x00, 0x00, 0x00,
    0x00, 0x00, 0x00, 0x00, 0x00, 0x00, 0x00, 0x00, 0x00, 0x00, 0x00, 0x00, 0x00, 0x00, 0x00, 0x00,
    0x00, 0x00, 0x00, 0x00, 0x00, 0x00, 0x00, 0x00, 0x00, 0x00, 0x00, 0x00, 0x00, 0x00, 0x00, 0x00,
    0x00, 0x00, 0x00, 0x00, 0x00, 0x00, 0x00, 0x00, 0x00, 0x00, 0x00, 0x00, 0x00, 0x00, 0x00, 0x00,
    0x00, 0x00, 0x00, 0x00, 0x00, 0x00, 0x00, 0x00, 0x00, 0x00, 0x00, 0x00, 0x00, 0x00, 0x00, 0x00,
    0x00, 0x00, 0x00, 0x00, 0x00, 0x00, 0x00, 0x00, 0x00, 0x00, 0x00, 0x00, 0x00, 0x00, 0x00, 0x00,
    0x00, 0x00, 0x00, 0x00, 0x00, 0x00, 0x00, 0x00, 0x00, 0x00, 0x00, 0x00, 0x00, 0x00, 0x00, 0x00,
    0x00, 0x00, 0x00, 0x00, 0x00, 0x00, 0x00, 0x00, 0x00, 0x00, 0x00, 0x00, 0x00, 0x00, 0x00, 0x00,
    0xFF, 0x7F, 0x7F, 0x02, 0x00, 0x00, 0x00, 0x00, 0xDD, 0x7B, 0x4B, 0x44, 0xF4, 0x88, 0x44, 0xD2,
    0xFB, 0x94, 0x48, 0xD6, 0xFF, 0x96, 0x59, 0x47, 0x00, 0x00, 0x00, 0x00, 0xFF, 0xCC, 0x66, 0x05,
    0x00, 0x00, 0x00, 0x00, 0xCC, 0x88, 0x66, 0x0F, 0xE9, 0x9A, 0x41, 0xEB, 0xF7, 0xA9, 0x40, 0xFD,
    0xFD, 0xB5, 0x51, 0xFD, 0xFF, 0xB3, 0x4A, 0xEB, 0xEE, 0xAA, 0x77, 0x0F, 0x00, 0x00, 0x00, 0x00,
    0xFF, 0xCC, 0x33, 0x05, 0x00, 0x00, 0x00, 0x00, 0xE5, 0x8F, 0x4F, 0x47, 0xF9, 0xA3, 0x49, 0xD6,
    0xFB, 0xAD, 0x4C, 0xD2, 0xFB, 0xB0, 0x5A, 0x44, 0x00, 0x00, 0x00, 0x00, 0xFF, 0xFF, 0x7F, 0x02,
    0x00, 0x00, 0x00, 0x00, 0x00, 0x00, 0x00, 0x00, 0x00, 0x00, 0x00, 0x00, 0x00, 0x00, 0x00, 0x00,
    0x00, 0x00, 0x00, 0x00, 0x00, 0x00, 0x00, 0x00, 0x00, 0x00, 0x00, 0x00, 0x00, 0x00, 0x00, 0x00,
    0x00, 0x00, 0x00, 0x00, 0x00, 0x00, 0x00, 0x00, 0x00, 0x00, 0x00, 0x00, 0x00, 0x00, 0x00, 0x00,
    0x00, 0x00, 0x00, 0x00, 0x00, 0x00, 0x00, 0x00, 0x00, 0x00, 0x00, 0x00, 0x00, 0x00, 0x00, 0x00,
    0x00, 0x00, 0x00, 0x00, 0x00, 0x00, 0x00, 0x00, 0x00, 0x00, 0x00, 0x00, 0x00, 0x00, 0x00, 0x00,
    0x00, 0x00, 0x00, 0x00, 0x00, 0x00, 0x00, 0x00, 0x00, 0x00, 0x00, 0x00, 0x00, 0x00, 0x00, 0x00,
    0x00, 0x00, 0x00, 0x00, 0x00, 0x00, 0x00, 0x00, 0x00, 0x00, 0x00, 0x00, 0x00, 0x00, 0x00, 0x00,
    0x00, 0x00, 0x00, 0x00, 0x00, 0x00, 0x00, 0x00, 0x00, 0x00, 0x00, 0x00, 0x00, 0x00, 0x00, 0x00,
    0x00, 0x00, 0x00, 0x00, 0x00, 0x00, 0x00, 0x00, 0x00, 0x00, 0x00, 0x00, 0x00, 0x00, 0x00, 0x00,
    0x00, 0x00, 0x00, 0x00, 0x00, 0x00, 0x00, 0x00, 0x00, 0x00, 0x00, 0x00, 0x00, 0x00, 0x00, 0x00,
    0x00, 0x00, 0x00, 0x00, 0x00, 0x00, 0x00, 0x00, 0x00, 0x00, 0x00, 0x00, 0x00, 0x00, 0xFF, 0x02,
    0xAA, 0x00, 0xFF, 0x03, 0x00, 0x00, 0x00, 0x00, 0xFF, 0xAA, 0x55, 0x03, 0xFF, 0x00, 0x00, 0x01,
    0xFF, 0x00, 0x00, 0x01, 0xAA, 0x7F, 0x7F, 0x06, 0xE5, 0x93, 0x44, 0xE0, 0xFF, 0xAC, 0x43, 0xFF,
    0xFF, 0xB7, 0x4B, 0xFF, 0xFD, 0xAE, 0x4D, 0xE0, 0xFF, 0xAA, 0x7F, 0x06, 0xFF, 0x00, 0x00, 0x01,
    0xFF, 0x00, 0x00, 0x01, 0xAA, 0xAA, 0x55, 0x03, 0x00, 0x00, 0x00, 0x00, 0xAA, 0x00, 0xFF, 0x03,
    0x00, 0x00, 0xFF, 0x02, 0x00, 0x00, 0x00, 0x00, 0x00, 0x00, 0x00, 0x00, 0x00, 0x00, 0x00, 0x00,
    0x00, 0x00, 0x00, 0x00, 0x00, 0x00, 0x00, 0x00, 0x00, 0x00, 0x00, 0x00, 0x00, 0x00, 0x00, 0x00,
    0x00, 0x00, 0x00, 0x00, 0x00, 0x00, 0x00, 0x00, 0x00, 0x00, 0x00, 0x00, 0x00, 0x00, 0x00, 0x00,
    0x00, 0x00, 0x00, 0x00, 0x00, 0x00, 0x00, 0x00, 0x00, 0x00, 0x00, 0x00, 0x00, 0x00, 0x00, 0x00,
    0x00, 0x00, 0x00, 0x00, 0x00, 0x00, 0x00, 0x00, 0x00, 0x00, 0x00, 0x00, 0x00, 0x00, 0x00, 0x00,
    0x00, 0x00, 0x00, 0x00, 0x00, 0x00, 0x00, 0x00, 0x00, 0x00, 0x00, 0x00, 0x00, 0x00, 0x00, 0x00,
    0x00, 0x00, 0x00, 0x00, 0x00, 0x00, 0x00, 0x00, 0x00, 0x00, 0x00, 0x00, 0x00, 0x00, 0x00, 0x00,
    0x00, 0x00, 0x00, 0x00, 0x00, 0x00, 0x00, 0x00, 0x00, 0x00, 0x00, 0x00, 0x00, 0x00, 0x00, 0x00,
    0x00, 0x00, 0x00, 0x00, 0x00, 0x00, 0x00, 0x00, 0x00, 0x00, 0x00, 0x00, 0x00, 0x00, 0x00, 0x00,
    0x00, 0x00, 0x00, 0x00, 0x00, 0x00, 0x00, 0x00, 0x00, 0x00, 0x00, 0x00, 0x00, 0x00, 0x00, 0x00,
    0x00, 0x00, 0x00, 0x00, 0x00, 0x00, 0x00, 0x00, 0x00, 0x00, 0x00, 0x00, 0x00, 0x00, 0x00, 0x00,
    0x00, 0x00, 0x00, 0x00, 0x00, 0x00, 0x00, 0x00, 0xFF, 0x7F, 0x7F, 0x02, 0x00, 0x00, 0x00, 0x00,
    0x00, 0x00, 0x00, 0x00, 0xFF, 0x7F, 0x7F, 0x02, 0x00, 0x00, 0x00, 0x00, 0x00, 0x00, 0x00, 0x00,
    0xFF, 0x7F, 0x7F, 0x02, 0x00, 0x00, 0x00, 0x00, 0xE1, 0x88, 0x51, 0x45, 0xF6, 0x94, 0x48, 0xCC,
    0xFA, 0xA0, 0x4C, 0xCC, 0xFB, 0xA2, 0x5C, 0x45, 0x00, 0x00, 0x00, 0x00, 0xFF, 0x7F, 0x7F, 0x02,
    0x00, 0x00, 0x00, 0x00, 0x00, 0x00, 0x00, 0x00, 0xFF, 0x7F, 0x7F, 0x02, 0x00, 0x00, 0x00, 0x00,
    0x00, 0x00, 0x00, 0x00, 0xFF, 0xFF, 0x7F, 0x02, 0x00, 0x00, 0x00, 0x00, 0x00, 0x00, 0x00, 0x00,
    0x00, 0x00, 0x00, 0x00, 0x00, 0x00, 0x00, 0x00, 0x00, 0x00, 0x00, 0x00, 0x00, 0x00, 0x00, 0x00,
    0x00, 0x00, 0x00, 0x00, 0x00, 0x00, 0x00, 0x00, 0x00, 0x00, 0x00, 0x00, 0x00, 0x00, 0x00, 0x00,
    0x00, 0x00, 0x00, 0x00, 0x00, 0x00, 0x00, 0x00, 0x00, 0x00, 0x00, 0x00, 0x00, 0x00, 0x00, 0x00,
    0x00, 0x00, 0x00, 0x00, 0x00, 0x00, 0x00, 0x00, 0x00, 0x00, 0x00, 0x00, 0x00, 0x00, 0x00, 0x00,
    0x00, 0x00, 0x00, 0x00, 0x00, 0x00, 0x00, 0x00, 0x00, 0x00, 0x00, 0x00, 0x00, 0x00, 0x00, 0x00,
    0x00, 0x00, 0x00, 0x00, 0x00, 0x00, 0x00, 0x00, 0x00, 0x00, 0x00, 0x00, 0x00, 0x00, 0x00, 0x00,
    0x00, 0x00, 0x00, 0x00, 0x00, 0x00, 0x00, 0x00, 0x00, 0x00, 0x00, 0x00, 0x00, 0x00, 0x00, 0x00,
    0x00, 0x00, 0x00, 0x00, 0x00, 0x00, 0x00, 0x00, 0x00, 0x00, 0x00, 0x00, 0x00, 0x00, 0x00, 0x00,
    0x00, 0x00, 0x00, 0x00, 0x00, 0x00, 0x00, 0x00, 0x00, 0x00, 0x00, 0x00, 0x00, 0x00, 0x00, 0x00,
    0x00, 0x00, 0x00, 0x00, 0x00, 0x00, 0x00, 0x00, 0x00, 0x00, 0x00, 0x00, 0x00, 0x00, 0x00, 0x00,
    0x00, 0x00, 0x00, 0x00, 0x00, 0x00, 0x00, 0x00, 0x00, 0x00, 0x00, 0x00, 0xFF, 0x00, 0x00, 0x01,
    0xFF, 0x00, 0x00, 0x01, 0x00, 0x00, 0x00, 0x00, 0x00, 0x00, 0x00, 0x00, 0x00, 0x00, 0x00, 0x00,
    0x00, 0x00, 0x00, 0x00, 0x00, 0x00, 0x00, 0x00, 0x00, 0x00, 0x00, 0x00, 0x00, 0x00, 0x01, 0x00,
    0x00, 0x00, 0x01, 0x00, 0x00, 0x00, 0x00, 0x00, 0x00, 0x00, 0x00, 0x00, 0x00, 0x00, 0x00, 0x00,
    0x00, 0x00, 0x00, 0x00, 0x00, 0x00, 0x00, 0x00, 0x00, 0x00, 0x00, 0x00, 0xFF, 0x00, 0x00, 0x01,
    0xFF, 0x00, 0x00, 0x01, 0x00, 0x00, 0x00, 0x00, 0x00, 0x00, 0x00, 0x00, 0x00, 0x00, 0x00, 0x00,
    0x00, 0x00, 0x00, 0x00, 0x00, 0x00, 0x00, 0x00, 0x00, 0x00, 0x00, 0x00, 0x00, 0x00, 0x00, 0x00,
    0x00, 0x00, 0x00, 0x00, 0x00, 0x00, 0x00, 0x00, 0x00, 0x00, 0x00, 0x00, 0x00, 0x00, 0x00, 0x00,
    0x00, 0x00, 0x00, 0x00, 0x00, 0x00, 0x00, 0x00, 0x00, 0x00, 0x00, 0x00, 0x00, 0x00, 0x00, 0x00,
    0x00, 0x00, 0x00, 0x00, 0x00, 0x00, 0x00, 0x00, 0x00, 0x00, 0x00, 0x00, 0x00, 0x00, 0x00, 0x00,
    0x00, 0x00, 0x00, 0x00, 0x00, 0x00, 0x00, 0x00, 0x00, 0x00, 0x00, 0x00, 0x00, 0x00, 0x00, 0x00,
    0x00, 0x00, 0x00, 0x00, 0x00, 0x00, 0x00, 0x00, 0x00, 0x00, 0x00, 0x00, 0x00, 0x00, 0x00, 0x00,
    0x00, 0x00, 0x00, 0x00, 0x00, 0x00, 0x00, 0x00, 0x00, 0x00, 0x00, 0x00, 0x00, 0x00, 0x00, 0x00,
    0x00, 0x00, 0x00, 0x00, 0x00, 0x00, 0x00, 0x00, 0x00, 0x00, 0x00, 0x00, 0x00, 0x00, 0x00, 0x00,
    0x00, 0x00, 0x00, 0x00, 0x00, 0x00, 0x00, 0x00, 0x00, 0x00, 0x00, 0x00, 0x00, 0x00, 0x00, 0x00,
    0x00, 0x00, 0x00, 0x00, 0x00, 0x00, 0x00, 0x00, 0x00, 0x00, 0x00, 0x00, 0x00, 0x00, 0x00, 0x00,
    0x00, 0x00, 0x00, 0x00, 0x00, 0x00, 0x00, 0x00, 0x00, 0x00, 0x00, 0x00, 0x00, 0x00, 0x00, 0x00,
    0x00, 0x00, 0x00, 0x00, 0x00, 0x00, 0x00, 0x00, 0x00, 0x00, 0x00, 0x00, 0x00, 0x00, 0x00, 0x00,
    0x00, 0x00, 0x00, 0x00, 0x00, 0x00, 0x00, 0x00, 0xFF, 0x7F, 0x7F, 0x02, 0x00, 0x00, 0x00, 0x00,
    0x00, 0x00, 0x00, 0x00, 0xFF, 0xFF, 0x7F, 0x02, 0x00, 0x00, 0x00, 0x00, 0x00, 0x00, 0x00, 0x00,
    0x00, 0x00, 0x00, 0x00, 0x00, 0x00, 0x00, 0x00, 0x00, 0x00, 0x00, 0x00, 0x00, 0x00, 0x00, 0x00,
    0x00, 0x00, 0x00, 0x00, 0x00, 0x00, 0x00, 0x00, 0x00, 0x00, 0x00, 0x00, 0x00, 0x00, 0x00, 0x00,
    0x00, 0x00, 0x00, 0x00, 0x00, 0x00, 0x00, 0x00, 0x00, 0x00, 0x00, 0x00, 0x00, 0x00, 0x00, 0x00,
    0x00, 0x00, 0x00, 0x00, 0x00, 0x00, 0x00, 0x00, 0x00, 0x00, 0x00, 0x00, 0x00, 0x00, 0x00, 0x00,
    0x00, 0x00, 0x00, 0x00, 0x00, 0x00, 0x00, 0x00, 0x00, 0x00, 0x00, 0x00, 0x00, 0x00, 0x00, 0x00,
    0x00, 0x00, 0x00, 0x00, 0x00, 0x00, 0x00, 0x00, 0x00, 0x00, 0x00, 0x00, 0x00, 0x00, 0x00, 0x00,
    0x00, 0x00, 0x00, 0x00, 0x00, 0x00, 0x00, 0x00, 0x00, 0x00, 0x00, 0x00, 0x00, 0x00, 0x00, 0x00,
    0x00, 0x00, 0x00, 0x00, 0x00, 0x00, 0x00, 0x00, 0x00, 0x00, 0x00, 0x00, 0x00, 0x00, 0x00, 0x00,
    0x00, 0x00, 0x00, 0x00, 0x00, 0x00, 0x00, 0x00, 0x00, 0x00, 0x00, 0x00, 0x00, 0x00, 0x00, 0x00,
    0x00, 0x00, 0x00, 0x00, 0x00, 0x00, 0x00, 0x00, 0x00, 0x00, 0x00, 0x00, 0x00, 0x00, 0x00, 0x00,
    0x00, 0x00, 0x00, 0x00, 0x00, 0x00, 0x00, 0x00, 0x00, 0x00, 0x00, 0x00, 0x00, 0x00, 0x00, 0x00,
    0x00, 0x00, 0x00, 0x00, 0x00, 0x00, 0x00, 0x00, 0x00, 0x00, 0x00, 0x00, 0x00, 0x00, 0x00, 0x00,
    0x00, 0x00, 0x00, 0x00, 0x00, 0x00, 0x00, 0x00, 0x00, 0x00, 0x00, 0x00, 0x00, 0x00, 0x00, 0x00,
    0x00, 0x00, 0x00, 0x00, 0x00, 0x00, 0x00, 0x00, 0x00, 0x00, 0x00, 0x00, 0x00, 0x00, 0x00, 0x00,
    0x00, 0x00, 0x00, 0x00, 0x00, 0x00, 0x00, 0x00, 0x00, 0x00, 0x00, 0x00, 0x00, 0x00, 0x00, 0x00,
    0x00, 0x00, 0x00, 0x00, 0x00, 0x00, 0x00, 0x00, 0x00, 0x00, 0x00, 0x00, 0x00, 0x00, 0x00, 0x00,
    0x00, 0x00, 0x00, 0x00, 0x00, 0x00, 0x00, 0x00, 0x00, 0x00, 0x00, 0x00, 0x00, 0x00, 0x00, 0x00,
    0x00, 0x00, 0x00, 0x00, 0x00, 0x00, 0x00, 0x00, 0x00, 0x00, 0x00, 0x00, 0x00, 0x00, 0x00, 0x00,
    0x00, 0x00, 0x00, 0x00, 0x00, 0x00, 0x00, 0x00, 0x00, 0x00, 0x00, 0x00, 0x00, 0x00, 0x00, 0x00,
    0x00, 0x00, 0x00, 0x00, 0x00, 0x00, 0x00, 0x00, 0x00, 0x00, 0x00, 0x00, 0x00, 0x00, 0x00, 0x00,
    0x00, 0x00, 0x00, 0x00, 0x00, 0x00, 0x00, 0x00, 0x00, 0x00, 0x00, 0x00, 0x00, 0x00, 0x00, 0x00,
    0x00, 0x00, 0x00, 0x00, 0x00, 0x00, 0x00, 0x00, 0x00, 0x00, 0x00, 0x00, 0x00, 0x00, 0x00, 0x00,
    0x00, 0x00, 0x00, 0x00, 0x00, 0x00, 0x00, 0x00, 0x00, 0x00, 0x00, 0x00, 0x00, 0x00, 0x00, 0x00,
    0x00, 0x00, 0x00, 0x00, 0x00, 0x00, 0x00, 0x00, 0x00, 0x00, 0x00, 0x00, 0x00, 0x00, 0x00, 0x00,
    0x00, 0x00, 0x00, 0x00, 0x00, 0x00, 0x00, 0x00, 0x00, 0x00, 0x00, 0x00, 0x00, 0x00, 0x00, 0x00,
    0x00, 0x00, 0x00, 0x00, 0x00, 0x00, 0x00, 0x00, 0x00, 0x00, 0x00, 0x00, 0x00, 0x00, 0x00, 0x00,
    0x00, 0x00, 0x00, 0x00, 0x00, 0x00, 0x00, 0x00, 0x00, 0x00, 0x00, 0x00, 0x00, 0x00, 0x00, 0x00,
    0x00, 0x00, 0x00, 0x00, 0x00, 0x00, 0x00, 0x00, 0x00, 0x00, 0x00, 0x00, 0x00, 0x00, 0x00, 0x00,
    0x00, 0x00, 0x00, 0x00, 0x00, 0x00, 0x00, 0x00, 0x00, 0x00, 0x00, 0x00, 0x00, 0x00, 0x00, 0x00,
    0x00, 0x00, 0x00, 0x00, 0x00, 0x00, 0x00, 0x00, 0x00, 0x00, 0x00, 0x00, 0x00, 0x00, 0x00, 0x00,
    0x00, 0x00, 0x00, 0x00, 0x00, 0x00, 0x00, 0x00, 0x00, 0x00, 0x00, 0x00, 0x00, 0x00, 0x00, 0x00,
    0x00, 0x00, 0x00, 0x00, 0x00, 0x00, 0x00, 0x00, 0x00, 0x00, 0x00, 0x00, 0x00, 0x00, 0x00, 0x00,
    0x00, 0x00, 0x00, 0x00, 0x00, 0x00, 0x00, 0x00, 0x00, 0x00, 0x00, 0x00, 0x00, 0x00, 0x00, 0x00,
    0x00, 0x00, 0x00, 0x00, 0x00, 0x00, 0x00, 0x00, 0x00, 0x00, 0x00, 0x00, 0x00, 0x00, 0x00, 0x00,
    0x00, 0x00, 0x00, 0x00, 0x00, 0x00, 0x00, 0x00, 0x00, 0x00, 0x00, 0x00, 0x00, 0x00, 0x00, 0x00,
    0x00, 0x00, 0x00, 0x00, 0x00, 0x00, 0x00, 0x00, 0x00, 0x00, 0x00, 0x00, 0x00, 0x00, 0x00, 0x00,
    0x00, 0x00, 0x00, 0x00, 0x00, 0x00, 0x00, 0x00, 0x00, 0x00, 0x00, 0x00, 0x00, 0x00, 0x00, 0x00,
    0x00, 0x00, 0x00, 0x00, 0x00, 0x00, 0x00, 0x00, 0x00, 0x00, 0x00, 0x00, 0x00, 0x00, 0x00, 0x00,
    0x00, 0x00, 0x00, 0x00, 0x00, 0x00, 0x00, 0x00, 0x00, 0x00, 0x00, 0x00, 0x00, 0x00, 0x00, 0x00,
};

const lv_image_dsc_t UI_IMG_WMO_SNOW_GRAINS_PNG = {
    .header.w     = 64,
    .header.h     = 64,
    .data_size    = sizeof(UI_IMG_WMO_SNOW_GRAINS_PNG_DATA),
    .header.cf    = LV_COLOR_FORMAT_ARGB8888,
    .header.magic = LV_IMAGE_HEADER_MAGIC,
    .data         = UI_IMG_WMO_SNOW_GRAINS_PNG_DATA};
