// Auto-generated from wmo-rain-showers-moderate.png — 64x64 ARGB8888
#include "../../ui.h"

#ifndef LV_ATTRIBUTE_MEM_ALIGN
#    define LV_ATTRIBUTE_MEM_ALIGN
#endif

const LV_ATTRIBUTE_MEM_ALIGN uint8_t UI_IMG_WMO_RAIN_SHOWERS_MODERATE_PNG_DATA[] = {
    0x00, 0x00, 0x00, 0x00, 0x00, 0x00, 0x00, 0x00, 0x00, 0x00, 0x00, 0x00, 0x00, 0x00, 0x00, 0x00,
    0x00, 0x00, 0x00, 0x00, 0x00, 0x00, 0x00, 0x00, 0x00, 0x00, 0x00, 0x00, 0x00, 0x00, 0x00, 0x00,
    0x00, 0x00, 0x00, 0x00, 0x00, 0x00, 0x00, 0x00, 0x00, 0x00, 0x00, 0x00, 0x00, 0x00, 0x00, 0x00,
    0x00, 0x00, 0x00, 0x00, 0x00, 0x00, 0x00, 0x00, 0x00, 0x00, 0x00, 0x00, 0x00, 0x00, 0x00, 0x00,
    0x00, 0x00, 0x00, 0x00, 0x00, 0x00, 0x00, 0x00, 0x00, 0x00, 0x00, 0x00, 0x00, 0x00, 0x00, 0x00,
    0x00, 0x00, 0x00, 0x00, 0x00, 0x00, 0x00, 0x00, 0x00, 0x00, 0x00, 0x00, 0x00, 0x00, 0x00, 0x00,
    0x00, 0x00, 0x00, 0x00, 0x00, 0x00, 0x00, 0x00, 0x00, 0x00, 0x00, 0x00, 0x00, 0x00, 0x00, 0x00,
    0x00, 0x00, 0x00, 0x00, 0x00, 0x00, 0x00, 0x00, 0x00, 0x00, 0x00, 0x00, 0x00, 0x00, 0x00, 0x00,
    0x00, 0x00, 0x00, 0x00, 0x00, 0x00, 0x00, 0x00, 0x00, 0x00, 0x00, 0x00, 0x00, 0x00, 0x00, 0x00,
    0x00, 0x00, 0x00, 0x00, 0x00, 0x00, 0x00, 0x00, 0x00, 0x00, 0x00, 0x00, 0x00, 0x00, 0x00, 0x00,
    0x00, 0x00, 0x00, 0x00, 0x00, 0x00, 0x00, 0x00, 0x00, 0x00, 0x00, 0x00, 0x00, 0x00, 0x00, 0x00,
    0x00, 0x00, 0x00, 0x00, 0x00, 0x00, 0x00, 0x00, 0x00, 0x00, 0x00, 0x00, 0x00, 0x00, 0x00, 0x00,
    0x00, 0x00, 0x00, 0x00, 0x00, 0x00, 0x00, 0x00, 0x00, 0x00, 0x00, 0x00, 0x00, 0x00, 0x00, 0x00,
    0x00, 0x00, 0x00, 0x00, 0x00, 0x00, 0x00, 0x00, 0x00, 0x00, 0x00, 0x00, 0x00, 0x00, 0x00, 0x00,
    0x00, 0x00, 0x00, 0x00, 0x00, 0x00, 0x00, 0x00, 0x00, 0x00, 0x00, 0x00, 0x00, 0x00, 0x00, 0x00,
    0x00, 0x00, 0x00, 0x00, 0x00, 0x00, 0x00, 0x00, 0x00, 0x00, 0x00, 0x00, 0x00, 0x00, 0x00, 0x00,
    0x00, 0x00, 0x00, 0x00, 0x00, 0x00, 0x00, 0x00, 0x00, 0x00, 0x00, 0x00, 0x00, 0x00, 0x00, 0x00,
    0x00, 0x00, 0x00, 0x00, 0x00, 0x00, 0x00, 0x00, 0x00, 0x00, 0x00, 0x00, 0x00, 0x00, 0x00, 0x00,
    0x00, 0x00, 0x00, 0x00, 0x00, 0x00, 0x00, 0x00, 0x00, 0x00, 0x00, 0x00, 0x00, 0x00, 0x00, 0x00,
    0x00, 0x00, 0x00, 0x00, 0x00, 0x00, 0x00, 0x00, 0x00, 0x00, 0x00, 0x00, 0x00, 0x00, 0x00, 0x00,
    0x00, 0x00, 0x00, 0x00, 0x00, 0x00, 0x00, 0x00, 0x00, 0x00, 0x00, 0x00, 0x00, 0x00, 0x00, 0x00,
    0x00, 0x00, 0x00, 0x00, 0x00, 0x00, 0x00, 0x00, 0x00, 0x00, 0x00, 0x00, 0x00, 0x00, 0x00, 0x00,
    0x00, 0x00, 0x00, 0x00, 0x00, 0x00, 0x00, 0x00, 0x00, 0x00, 0x00, 0x00, 0x00, 0x00, 0x00, 0x00,
    0x00, 0x00, 0x00, 0x00, 0x00, 0x00, 0x00, 0x00, 0x00, 0x00, 0x00, 0x00, 0x00, 0x00, 0x00, 0x00,
    0x00, 0x00, 0x00, 0x00, 0x00, 0x00, 0x00, 0x00, 0x00, 0x00, 0x00, 0x00, 0x00, 0x00, 0x00, 0x00,
    0x00, 0x00, 0x00, 0x00, 0x00, 0x00, 0x00, 0x00, 0x00, 0x00, 0x00, 0x00, 0xFF, 0xFF, 0xFF, 0x01,
    0xFF, 0xFF, 0xFF, 0x01, 0xFF, 0x7F, 0x7F, 0x02, 0xFF, 0x7F, 0x7F, 0x02, 0xFF, 0xFF, 0xFF, 0x01,
    0xFF, 0x00, 0x00, 0x01, 0x00, 0x00, 0x00, 0x00, 0x00, 0x00, 0x00, 0x00, 0x00, 0x00, 0x00, 0x00,
    0x00, 0x00, 0x00, 0x00, 0x00, 0x00, 0x00, 0x00, 0x00, 0x00, 0x00, 0x00, 0x00, 0x00, 0x00, 0x00,
    0x00, 0x00, 0x00, 0x00, 0x00, 0x00, 0x00, 0x00, 0x00, 0x00, 0x00, 0x00, 0x00, 0x00, 0x00, 0x00,
    0x00, 0x00, 0x00, 0x00, 0x00, 0x00, 0x00, 0x00, 0x00, 0x00, 0x00, 0x00, 0x00, 0x00, 0x00, 0x00,
    0x00, 0x00, 0x00, 0x00, 0x00, 0x00, 0x00, 0x00, 0x00, 0x00, 0x00, 0x00, 0x00, 0x00, 0x00, 0x00,
    0x00, 0x00, 0x00, 0x00, 0x00, 0x00, 0x00, 0x00, 0x00, 0x00, 0x00, 0x00, 0x00, 0x00, 0x00, 0x00,
    0x00, 0x00, 0x00, 0x00, 0x00, 0x00, 0x00, 0x00, 0x00, 0x00, 0x00, 0x00, 0x00, 0x00, 0x00, 0x00,
    0x00, 0x00, 0x00, 0x00, 0x00, 0x00, 0x00, 0x00, 0x00, 0x00, 0x00, 0x00, 0x00, 0x00, 0x00, 0x00,
    0x00, 0x00, 0x00, 0x00, 0x00, 0x00, 0x00, 0x00, 0x00, 0x00, 0x00, 0x00, 0x00, 0x00, 0x00, 0x00,
    0x00, 0x00, 0x00, 0x00, 0x00, 0x00, 0x00, 0x00, 0x00, 0x00, 0x00, 0x00, 0x00, 0x00, 0x00, 0x00,
    0x00, 0x00, 0x00, 0x00, 0x00, 0x00, 0x00, 0x00, 0x00, 0x00, 0x00, 0x00, 0x00, 0x00, 0x00, 0x00,
    0x00, 0x00, 0x00, 0x00, 0x00, 0x00, 0x00, 0x00, 0x00, 0x00, 0x00, 0x00, 0x00, 0x00, 0x00, 0x00,
    0x00, 0x00, 0x00, 0x00, 0x00, 0x00, 0x00, 0x00, 0x00, 0x00, 0x00, 0x00, 0x00, 0x00, 0x00, 0x00,
    0x00, 0x00, 0x00, 0x00, 0x00, 0x00, 0x00, 0x00, 0x00, 0x00, 0x00, 0x00, 0xFF, 0xFF, 0xFF, 0x01,
    0xFF, 0xAA, 0xAA, 0x03, 0xFF, 0xBF, 0xBF, 0x04, 0xFF, 0xFF, 0xFF, 0x01, 0x00, 0x00, 0x00, 0x00,
    0x00, 0x00, 0x00, 0x00, 0x00, 0x00, 0x00, 0x00, 0x00, 0x00, 0x00, 0x00, 0x00, 0x00, 0x00, 0x00,
    0x00, 0x00, 0x00, 0x00, 0xFF, 0xAA, 0xAA, 0x03, 0xFF, 0xBF, 0xBF, 0x04, 0xFF, 0xFF, 0xFF, 0x02,
    0x00, 0x00, 0x00, 0x00, 0x00, 0x00, 0x00, 0x00, 0x00, 0x00, 0x00, 0x00, 0x00, 0x00, 0x00, 0x00,
    0x00, 0x00, 0x00, 0x00, 0x00, 0x00, 0x00, 0x00, 0x00, 0x00, 0x00, 0x00, 0x00, 0x00, 0x00, 0x00,
    0x00, 0x00, 0x00, 0x00, 0x00, 0x00, 0x00, 0x00, 0x00, 0x00, 0x00, 0x00, 0x00, 0x00, 0x00, 0x00,
    0x00, 0x00, 0x00, 0x00, 0x00, 0x00, 0x00, 0x00, 0x00, 0x00, 0x00, 0x00, 0x00, 0x00, 0x00, 0x00,
    0x00, 0x00, 0x00, 0x00, 0x00, 0x00, 0x00, 0x00, 0x00, 0x00, 0x00, 0x00, 0x00, 0x00, 0x00, 0x00,
    0x00, 0x00, 0x00, 0x00, 0x00, 0x00, 0x00, 0x00, 0x00, 0x00, 0x00, 0x00, 0x00, 0x00, 0x00, 0x00,
    0x00, 0x00, 0x00, 0x00, 0x00, 0x00, 0x00, 0x00, 0x00, 0x00, 0x00, 0x00, 0x00, 0x00, 0x00, 0x00,
    0x00, 0x00, 0x00, 0x00, 0x00, 0x00, 0x00, 0x00, 0x00, 0x00, 0x00, 0x00, 0x00, 0x00, 0x00, 0x00,
    0x00, 0x00, 0x00, 0x00, 0x00, 0x00, 0x00, 0x00, 0x00, 0x00, 0x00, 0x00, 0x00, 0x00, 0x00, 0x00,
    0x00, 0x00, 0x00, 0x00, 0x00, 0x00, 0x00, 0x00, 0x00, 0x00, 0x00, 0x00, 0x00, 0x00, 0x00, 0x00,
    0x00, 0x00, 0x00, 0x00, 0x00, 0x00, 0x00, 0x00, 0x00, 0x00, 0x00, 0x00, 0x00, 0x00, 0x00, 0x00,
    0x00, 0x00, 0x00, 0x00, 0x00, 0x00, 0x00, 0x00, 0x00, 0x00, 0x00, 0x00, 0x00, 0x00, 0x00, 0x00,
    0x00, 0x00, 0x00, 0x00, 0xFF, 0xFF, 0xFF, 0x01, 0xFF, 0xFF, 0xFF, 0x03, 0x00, 0x00, 0x00, 0x00,
    0x00, 0x00, 0x00, 0x00, 0x00, 0x00, 0x00, 0x00, 0x00, 0x00, 0x00, 0x00, 0xFF, 0xB2, 0xB2, 0x0A,
    0xFF, 0xBA, 0xBA, 0x1A, 0xF8, 0xB7, 0xB7, 0x27, 0xF7, 0xB1, 0xB1, 0x24, 0xF2, 0xB6, 0xB6, 0x15,
    0xFF, 0xBF, 0xBF, 0x04, 0x00, 0x00, 0x00, 0x00, 0x00, 0x00, 0x00, 0x00, 0x00, 0x00, 0x00, 0x00,
    0xFF, 0xFF, 0xFF, 0x01, 0xFF, 0xAA, 0xAA, 0x03, 0xFF, 0x00, 0x00, 0x01, 0x00, 0x00, 0x00, 0x00,
    0x00, 0x00, 0x00, 0x00, 0x00, 0x00, 0x00, 0x00, 0x00, 0x00, 0x00, 0x00, 0x00, 0x00, 0x00, 0x00,
    0x00, 0x00, 0x00, 0x00, 0x00, 0x00, 0x00, 0x00, 0x00, 0x00, 0x00, 0x00, 0x00, 0x00, 0x00, 0x00,
    0x00, 0x00, 0x00, 0x00, 0x00, 0x00, 0x00, 0x00, 0x00, 0x00, 0x00, 0x00, 0x00, 0x00, 0x00, 0x00,
    0x00, 0x00, 0x00, 0x00, 0x00, 0x00, 0x00, 0x00, 0x00, 0x00, 0x00, 0x00, 0x00, 0x00, 0x00, 0x00,
    0x00, 0x00, 0x00, 0x00, 0x00, 0x00, 0x00, 0x00, 0x00, 0x00, 0x00, 0x00, 0x00, 0x00, 0x00, 0x00,
    0x00, 0x00, 0x00, 0x00, 0x00, 0x00, 0x00, 0x00, 0x00, 0x00, 0x00, 0x00, 0x00, 0x00, 0x00, 0x00,
    0x00, 0x00, 0x00, 0x00, 0x00, 0x00, 0x00, 0x00, 0x00, 0x00, 0x00, 0x00, 0x00, 0x00, 0x00, 0x00,
    0x00, 0x00, 0x00, 0x00, 0x00, 0x00, 0x00, 0x00, 0x00, 0x00, 0x00, 0x00, 0x00, 0x00, 0x00, 0x00,
    0x00, 0x00, 0x00, 0x00, 0x00, 0x00, 0x00, 0x00, 0x00, 0x00, 0x00, 0x00, 0x00, 0x00, 0x00, 0x00,
    0x00, 0x00, 0x00, 0x00, 0x00, 0x00, 0x00, 0x00, 0x00, 0x00, 0x00, 0x00, 0x00, 0x00, 0x00, 0x00,
    0x00, 0x00, 0x00, 0x00, 0x00, 0x00, 0x00, 0x00, 0x00, 0x00, 0x00, 0x00, 0x00, 0x00, 0x00, 0x01,
    0xFF, 0xAA, 0xAA, 0x03, 0x00, 0x00, 0x00, 0x00, 0x00, 0x00, 0x00, 0x00, 0xE9, 0xAA, 0xAA, 0x0C,
    0xFB, 0xBB, 0xBB, 0x4B, 0xFD, 0xB9, 0xB9, 0x90, 0xFC, 0xBB, 0xBB, 0xC4, 0xFD, 0xBC, 0xBC, 0xE3,
    0xFF, 0xBE, 0xBE, 0xF4, 0xFD, 0xBE, 0xBE, 0xFB, 0xFF, 0xBF, 0xBF, 0xF9, 0xFC, 0xBF, 0xBF, 0xF1,
    0xFF, 0xC0, 0xC0, 0xD8, 0xFD, 0xC0, 0xC0, 0xB3, 0xFF, 0xC1, 0xC1, 0x75, 0xFF, 0xBF, 0xBF, 0x30,
    0x00, 0x00, 0x00, 0x00, 0x00, 0x00, 0x00, 0x00, 0x00, 0x00, 0x00, 0x00, 0xFF, 0xAA, 0xAA, 0x03,
    0x00, 0x00, 0x00, 0x00, 0x00, 0x00, 0x00, 0x00, 0x00, 0x00, 0x00, 0x00, 0x00, 0x00, 0x00, 0x00,
    0x00, 0x00, 0x00, 0x00, 0x00, 0x00, 0x00, 0x00, 0x00, 0x00, 0x00, 0x00, 0x00, 0x00, 0x00, 0x00,
    0x00, 0x00, 0x00, 0x00, 0x00, 0x00, 0x00, 0x00, 0x00, 0x00, 0x00, 0x00, 0x00, 0x00, 0x00, 0x00,
    0x00, 0x00, 0x00, 0x00, 0x00, 0x00, 0x00, 0x00, 0x00, 0x00, 0x00, 0x00, 0x00, 0x00, 0x00, 0x00,
    0x00, 0x00, 0x00, 0x00, 0x00, 0x00, 0x00, 0x00, 0x00, 0x00, 0x00, 0x00, 0x00, 0x00, 0x00, 0x00,
    0x00, 0x00, 0x00, 0x00, 0x00, 0x00, 0x00, 0x00, 0x00, 0x00, 0x00, 0x00, 0x00, 0x00, 0x00, 0x00,
    0x00, 0x00, 0x00, 0x00, 0x00, 0x00, 0x00, 0x00, 0x00, 0x00, 0x00, 0x00, 0x00, 0x00, 0x00, 0x00,
    0x00, 0x00, 0x00, 0x00, 0x00, 0x00, 0x00, 0x00, 0x00, 0x00, 0x00, 0x00, 0x00, 0x00, 0x00, 0x00,
    0x00, 0x00, 0x00, 0x00, 0x00, 0x00, 0x00, 0x00, 0x00, 0x00, 0x00, 0x00, 0x00, 0x00, 0x00, 0x00,
    0x00, 0x00, 0x00, 0x00, 0x00, 0x00, 0x00, 0x00, 0x00, 0x00, 0x00, 0x00, 0x00, 0x00, 0x00, 0x00,
    0x00, 0x00, 0x00, 0x00, 0x00, 0x00, 0x00, 0x00, 0xFF, 0x7F, 0x7F, 0x02, 0x00, 0x00, 0x00, 0x00,
    0x00, 0x00, 0x00, 0x00, 0xF5, 0xAA, 0xAA, 0x1B, 0xFD, 0xBB, 0xBB, 0x84, 0xFD, 0xBC, 0xBC, 0xDF,
    0xFF, 0xC5, 0xC5, 0xFF, 0xFF, 0xCC, 0xCC, 0xFF, 0xFF, 0xCC, 0xCC, 0xFF, 0xFF, 0xCA, 0xCB, 0xFF,
    0xFF, 0xCA, 0xCA, 0xFF, 0xFF, 0xCB, 0xCB, 0xFF, 0xFF, 0xCC, 0xCD, 0xFF, 0xFF, 0xCE, 0xCF, 0xFF,
    0xFF, 0xD1, 0xD1, 0xFF, 0xFF, 0xD4, 0xD4, 0xFF, 0xFF, 0xD4, 0xD5, 0xFF, 0xFE, 0xC5, 0xC6, 0xFF,
    0xFF, 0xC5, 0xC5, 0xC3, 0xFC, 0xC2, 0xC2, 0x5C, 0xBF, 0x3F, 0x3F, 0x04, 0x00, 0x00, 0x00, 0x00,
    0xFF, 0xAA, 0xAA, 0x03, 0x00, 0x00, 0x00, 0x00, 0x00, 0x00, 0x00, 0x00, 0x00, 0x00, 0x00, 0x00,
    0x00, 0x00, 0x00, 0x00, 0x00, 0x00, 0x00, 0x00, 0x00, 0x00, 0x00, 0x00, 0x00, 0x00, 0x00, 0x00,
    0x00, 0x00, 0x00, 0x00, 0x00, 0x00, 0x00, 0x00, 0x00, 0x00, 0x00, 0x00, 0x00, 0x00, 0x00, 0x00,
    0x00, 0x00, 0x00, 0x00, 0x00, 0x00, 0x00, 0x00, 0x00, 0x00, 0x00, 0x00, 0x00, 0x00, 0x00, 0x00,
    0x00, 0x00, 0x00, 0x00, 0x00, 0x00, 0x00, 0x00, 0x00, 0x00, 0x00, 0x00, 0x00, 0x00, 0x00, 0x00,
    0x00, 0x00, 0x00, 0x00, 0x00, 0x00, 0x00, 0x00, 0x00, 0x00, 0x00, 0x00, 0x00, 0x00, 0x00, 0x00,
    0x00, 0x00, 0x00, 0x00, 0x00, 0x00, 0x00, 0x00, 0x00, 0x00, 0x00, 0x00, 0x00, 0x00, 0x00, 0x00,
    0x00, 0x00, 0x00, 0x00, 0x00, 0x00, 0x00, 0x00, 0x00, 0x00, 0x00, 0x00, 0x00, 0x00, 0x00, 0x00,
    0x00, 0x00, 0x00, 0x00, 0xFF, 0x00, 0x00, 0x01, 0xFF, 0xAA, 0xAA, 0x03, 0xFF, 0xBF, 0xBF, 0x04,
    0xFF, 0xBF, 0xBF, 0x04, 0xFF, 0xBF, 0xBF, 0x04, 0xFF, 0xAA, 0xAA, 0x03, 0xFF, 0xFF, 0xFF, 0x01,
    0x00, 0x00, 0x00, 0x00, 0xFF, 0xAA, 0xAA, 0x03, 0x00, 0x00, 0x00, 0x00, 0xFF, 0x55, 0x55, 0x03,
    0xFA, 0xB7, 0xB7, 0x76, 0xFD, 0xBC, 0xBC, 0xEC, 0xFF, 0xC9, 0xC9, 0xFF, 0xFF, 0xC5, 0xC5, 0xFF,
    0xFF, 0xC4, 0xC3, 0xFD, 0xFF, 0xC8, 0xC9, 0xFB, 0xFF, 0xCC, 0xCD, 0xFC, 0xFF, 0xCF, 0xCF, 0xFD,
    0xFF, 0xD1, 0xD2, 0xFE, 0xFF, 0xD4, 0xD4, 0xFE, 0xFF, 0xD5, 0xD6, 0xFE, 0xFF, 0xD6, 0xD6, 0xFE,
    0xFF, 0xD6, 0xD6, 0xFD, 0xFF, 0xD5, 0xD5, 0xFC, 0xFF, 0xD3, 0xD4, 0xFB, 0xFF, 0xD0, 0xD1, 0xFF,
    0xFF, 0xD6, 0xD6, 0xFF, 0xFF, 0xD3, 0xD3, 0xFF, 0xFD, 0xC7, 0xC7, 0xCB, 0xFB, 0xBB, 0xBB, 0x44,
    0x00, 0x00, 0x00, 0x00, 0xFF, 0xFF, 0xFF, 0x01, 0xFF, 0xFF, 0xFF, 0x01, 0x00, 0x00, 0x00, 0x00,
    0x00, 0x00, 0x00, 0x00, 0x00, 0x00, 0x00, 0x00, 0x00, 0x00, 0x00, 0x00, 0x00, 0x00, 0x00, 0x00,
    0x00, 0x00, 0x00, 0x00, 0x00, 0x00, 0x00, 0x00, 0x00, 0x00, 0x00, 0x00, 0x00, 0x00, 0x00, 0x00,
    0x00, 0x00, 0x00, 0x00, 0x00, 0x00, 0x00, 0x00, 0x00, 0x00, 0x00, 0x00, 0x00, 0x00, 0x00, 0x00,
    0x00, 0x00, 0x00, 0x00, 0x00, 0x00, 0x00, 0x00, 0x00, 0x00, 0x00, 0x00, 0x00, 0x00, 0x00, 0x00,
    0x00, 0x00, 0x00, 0x00, 0x00, 0x00, 0x00, 0x00, 0x00, 0x00, 0x00, 0x00, 0x00, 0x00, 0x00, 0x00,
    0x00, 0x00, 0x00, 0x00, 0x00, 0x00, 0x00, 0x00, 0x00, 0x00, 0x00, 0x00, 0x00, 0x00, 0x00, 0x00,
    0x00, 0x00, 0x00, 0x00, 0x00, 0x00, 0x00, 0x00, 0x00, 0x00, 0x00, 0x00, 0x00, 0x00, 0x00, 0x00,
    0xFF, 0xAA, 0xAA, 0x03, 0x00, 0x00, 0x00, 0x00, 0x00, 0x00, 0x00, 0x00, 0x00, 0x00, 0x00, 0x00,
    0x00, 0x00, 0x00, 0x00, 0x00, 0x00, 0x00, 0x00, 0x00, 0x00, 0x00, 0x00, 0x00, 0x00, 0x00, 0x00,
    0xFF, 0x99, 0x99, 0x05, 0x00, 0x00, 0x00, 0x00, 0xF7, 0xAE, 0xAE, 0x23, 0xFB, 0xB9, 0xBA, 0xC2,
    0xFF, 0xC7, 0xC7, 0xFF, 0xFF, 0xC1, 0xC1, 0xFF, 0xFF, 0xC3, 0xC3, 0xFB, 0xFF, 0xC8, 0xC8, 0xFD,
    0xFF, 0xCC, 0xCD, 0xFF, 0xFF, 0xD1, 0xD1, 0xFF, 0xFF, 0xD4, 0xD5, 0xFF, 0xFF, 0xD7, 0xD8, 0xFF,
    0xFF, 0xDA, 0xDB, 0xFF, 0xFF, 0xDC, 0xDD, 0xFF, 0xFF, 0xDD, 0xDE, 0xFF, 0xFF, 0xDF, 0xE0, 0xFF,
    0xFF, 0xDF, 0xE0, 0xFF, 0xFF, 0xDF, 0xE0, 0xFF, 0xFF, 0xDE, 0xDE, 0xFF, 0xFF, 0xDB, 0xDC, 0xFF,
    0xFF, 0xD8, 0xD8, 0xFD, 0xFF, 0xD4, 0xD4, 0xFC, 0xFF, 0xD7, 0xD7, 0xFF, 0xFF, 0xCD, 0xCD, 0xFF,
    0xFD, 0xC1, 0xC1, 0x88, 0xFF, 0x00, 0x00, 0x01, 0x00, 0x00, 0x00, 0x00, 0xFF, 0xFF, 0xFF, 0x01,
    0x00, 0x00, 0x00, 0x00, 0x00, 0x00, 0x00, 0x00, 0x00, 0x00, 0x00, 0x00, 0x00, 0x00, 0x00, 0x00,
    0x00, 0x00, 0x00, 0x00, 0x00, 0x00, 0x00, 0x00, 0x00, 0x00, 0x00, 0x00, 0x00, 0x00, 0x00, 0x00,
    0x00, 0x00, 0x00, 0x00, 0x00, 0x00, 0x00, 0x00, 0x00, 0x00, 0x00, 0x00, 0x00, 0x00, 0x00, 0x00,
    0x00, 0x00, 0x00, 0x00, 0x00, 0x00, 0x00, 0x00, 0x00, 0x00, 0x00, 0x00, 0x00, 0x00, 0x00, 0x00,
    0x00, 0x00, 0x00, 0x00, 0x00, 0x00, 0x00, 0x00, 0x00, 0x00, 0x00, 0x00, 0x00, 0x00, 0x00, 0x00,
    0x00, 0x00, 0x00, 0x00, 0x00, 0x00, 0x00, 0x00, 0x00, 0x00, 0x00, 0x00, 0x00, 0x00, 0x00, 0x00,
    0x00, 0x00, 0x00, 0x00, 0x00, 0x00, 0x00, 0x00, 0xFF, 0x00, 0x00, 0x01, 0xFF, 0x7F, 0x7F, 0x02,
    0x00, 0x00, 0x00, 0x00, 0x7F, 0x7F, 0x7F, 0x02, 0xFA, 0xBA, 0xBA, 0x38, 0xFA, 0xBB, 0xBB, 0x6A,
    0xF9, 0xB9, 0xB9, 0x80, 0xFA, 0xBC, 0xBC, 0x73, 0xFB, 0xBE, 0xBE, 0x47, 0xF0, 0xB4, 0xB4, 0x11,
    0x00, 0x00, 0x00, 0x00, 0xF6, 0xB3, 0xB3, 0x3D, 0xFC, 0xBB, 0xBB, 0xE7, 0xFF, 0xC4, 0xC5, 0xFF,
    0xFF, 0xBE, 0xBE, 0xFB, 0xFF, 0xC3, 0xC4, 0xFE, 0xFF, 0xCA, 0xCB, 0xFF, 0xFF, 0xCF, 0xD0, 0xFF,
    0xFF, 0xD3, 0xD5, 0xFF, 0xFF, 0xD7, 0xD8, 0xFF, 0xFF, 0xDA, 0xDB, 0xFF, 0xFF, 0xDD, 0xDE, 0xFF,
    0xFF, 0xDF, 0xE0, 0xFF, 0xFF, 0xE1, 0xE3, 0xFF, 0xFF, 0xE3, 0xE4, 0xFF, 0xFF, 0xE5, 0xE6, 0xFF,
    0xFF, 0xE6, 0xE7, 0xFF, 0xFF, 0xE6, 0xE7, 0xFF, 0xFF, 0xE6, 0xE7, 0xFF, 0xFF, 0xE5, 0xE6, 0xFF,
    0xFF, 0xE2, 0xE3, 0xFF, 0xFF, 0xDE, 0xDF, 0xFF, 0xFF, 0xD8, 0xD9, 0xFD, 0xFF, 0xD3, 0xD4, 0xFD,
    0xFF, 0xDA, 0xDA, 0xFF, 0xFD, 0xC4, 0xC4, 0xB2, 0xFF, 0xB2, 0xB2, 0x0A, 0x00, 0x00, 0x00, 0x00,
    0xFF, 0xFF, 0xFF, 0x01, 0x00, 0x00, 0x00, 0x00, 0x00, 0x00, 0x00, 0x00, 0x00, 0x00, 0x00, 0x00,
    0x00, 0x00, 0x00, 0x00, 0x00, 0x00, 0x00, 0x00, 0x00, 0x00, 0x00, 0x00, 0x00, 0x00, 0x00, 0x00,
    0x00, 0x00, 0x00, 0x00, 0x00, 0x00, 0x00, 0x00, 0x00, 0x00, 0x00, 0x00, 0x00, 0x00, 0x00, 0x00,
    0x00, 0x00, 0x00, 0x00, 0x00, 0x00, 0x00, 0x00, 0x00, 0x00, 0x00, 0x00, 0x00, 0x00, 0x00, 0x00,
    0x00, 0x00, 0x00, 0x00, 0x00, 0x00, 0x00, 0x00, 0x00, 0x00, 0x00, 0x00, 0x00, 0x00, 0x00, 0x00,
    0x00, 0x00, 0x00, 0x00, 0x00, 0x00, 0x00, 0x00, 0x00, 0x00, 0x00, 0x00, 0x00, 0x00, 0x00, 0x00,
    0x00, 0x00, 0x00, 0x00, 0xFF, 0xFF, 0xFF, 0x01, 0x00, 0x00, 0x00, 0x00, 0x00, 0x00, 0x00, 0x00,
    0xF6, 0xB6, 0xB6, 0x5F, 0xFB, 0xBB, 0xBB, 0xD1, 0xFF, 0xC0, 0xC1, 0xFF, 0xFF, 0xCB, 0xCB, 0xFF,
    0xFF, 0xCE, 0xCE, 0xFF, 0xFF, 0xCD, 0xCD, 0xFF, 0xFF, 0xC6, 0xC6, 0xFF, 0xFA, 0xB9, 0xB9, 0xE6,
    0xF6, 0xB4, 0xB4, 0x9E, 0xFB, 0xB5, 0xB5, 0xF2, 0xFF, 0xC1, 0xC1, 0xFF, 0xFF, 0xBE, 0xC0, 0xFB,
    0xFF, 0xC5, 0xC6, 0xFF, 0xFF, 0xCA, 0xCB, 0xFF, 0xFF, 0xCF, 0xD1, 0xFF, 0xFF, 0xD4, 0xD6, 0xFF,
    0xFF, 0xD8, 0xDA, 0xFF, 0xFF, 0xDB, 0xDC, 0xFF, 0xFF, 0xDD, 0xDF, 0xFF, 0xFF, 0xDF, 0xE1, 0xFF,
    0xFF, 0xE1, 0xE3, 0xFF, 0xFF, 0xE3, 0xE5, 0xFF, 0xFF, 0xE5, 0xE7, 0xFF, 0xFF, 0xE7, 0xE8, 0xFF,
    0xFF, 0xE8, 0xEA, 0xFF, 0xFF, 0xE9, 0xEB, 0xFF, 0xFF, 0xEA, 0xEB, 0xFF, 0xFF, 0xEA, 0xEC, 0xFF,
    0xFF, 0xE9, 0xEB, 0xFF, 0xFF, 0xE7, 0xE8, 0xFF, 0xFF, 0xE3, 0xE4, 0xFF, 0xFF, 0xDD, 0xDD, 0xFF,
    0xFF, 0xD7, 0xD7, 0xFA, 0xFF, 0xDC, 0xDD, 0xFF, 0xFF, 0xC4, 0xC4, 0xBC, 0xDF, 0x9F, 0x9F, 0x08,
    0xFF, 0xFF, 0xFF, 0x02, 0xFF, 0xFF, 0xFF, 0x01, 0x00, 0x00, 0x00, 0x00, 0x00, 0x00, 0x00, 0x00,
    0x00, 0x00, 0x00, 0x00, 0x00, 0x00, 0x00, 0x00, 0x00, 0x00, 0x00, 0x00, 0x00, 0x00, 0x00, 0x00,
    0x00, 0x00, 0x00, 0x00, 0x00, 0x00, 0x00, 0x00, 0x00, 0x00, 0x00, 0x00, 0x00, 0x00, 0x00, 0x00,
    0x00, 0x00, 0x00, 0x00, 0x00, 0x00, 0x00, 0x00, 0x00, 0x00, 0x00, 0x00, 0x00, 0x00, 0x00, 0x00,
    0x00, 0x00, 0x00, 0x00, 0x00, 0x00, 0x00, 0x00, 0x00, 0x00, 0x00, 0x00, 0x00, 0x00, 0x00, 0x00,
    0x00, 0x00, 0x00, 0x00, 0x00, 0x00, 0x00, 0x00, 0x00, 0x00, 0x00, 0x00, 0x00, 0x00, 0x00, 0x00,
    0xFF, 0xFF, 0xFF, 0x01, 0xFF, 0x7F, 0x7F, 0x02, 0xD4, 0xAA, 0xAA, 0x06, 0xF8, 0xB7, 0xB7, 0xA4,
    0xFF, 0xC5, 0xC5, 0xFF, 0xFF, 0xC4, 0xC5, 0xFF, 0xFF, 0xC2, 0xC3, 0xFE, 0xFF, 0xC7, 0xC7, 0xFB,
    0xFF, 0xC6, 0xC6, 0xFB, 0xFF, 0xC2, 0xC2, 0xFB, 0xFD, 0xB9, 0xB9, 0xFD, 0xFF, 0xB8, 0xB9, 0xFF,
    0xFF, 0xC0, 0xC0, 0xFF, 0xFF, 0xBB, 0xBC, 0xFF, 0xFF, 0xBD, 0xBE, 0xFE, 0xFF, 0xC5, 0xC6, 0xFF,
    0xFF, 0xCA, 0xCC, 0xFF, 0xFF, 0xCF, 0xD1, 0xFF, 0xFF, 0xD4, 0xD6, 0xFF, 0xFF, 0xD7, 0xD9, 0xFF,
    0xFF, 0xDA, 0xDC, 0xFF, 0xFF, 0xDC, 0xDE, 0xFF, 0xFF, 0xDE, 0xE1, 0xFF, 0xFF, 0xE0, 0xE2, 0xFF,
    0xFF, 0xE2, 0xE4, 0xFF, 0xFF, 0xE4, 0xE6, 0xFF, 0xFF, 0xE6, 0xE8, 0xFF, 0xFF, 0xE8, 0xEA, 0xFF,
    0xFF, 0xE9, 0xEB, 0xFF, 0xFF, 0xEA, 0xEC, 0xFF, 0xFF, 0xEC, 0xEE, 0xFF, 0xFF, 0xED, 0xEF, 0xFF,
    0xFF, 0xED, 0xEF, 0xFF, 0xFF, 0xED, 0xEE, 0xFF, 0xFF, 0xEA, 0xEB, 0xFF, 0xFF, 0xE6, 0xE7, 0xFF,
    0xFF, 0xDF, 0xE0, 0xFF, 0xFF, 0xD8, 0xD8, 0xFA, 0xFF, 0xDD, 0xDD, 0xFF, 0xFF, 0xC1, 0xC1, 0xA5,
    0x00, 0x00, 0x00, 0x00, 0xFF, 0xBF, 0xBF, 0x04, 0x00, 0x00, 0x00, 0x00, 0x00, 0x00, 0x00, 0x00,
    0x00, 0x00, 0x00, 0x00, 0x00, 0x00, 0x00, 0x00, 0x00, 0x00, 0x00, 0x00, 0x00, 0x00, 0x00, 0x00,
    0x00, 0x00, 0x00, 0x00, 0x00, 0x00, 0x00, 0x00, 0x00, 0x00, 0x00, 0x00, 0x00, 0x00, 0x00, 0x00,
    0x00, 0x00, 0x00, 0x00, 0x00, 0x00, 0x00, 0x00, 0x00, 0x00, 0x00, 0x00, 0x00, 0x00, 0x00, 0x00,
    0x00, 0x00, 0x00, 0x00, 0x00, 0x00, 0x00, 0x00, 0x00, 0x00, 0x00, 0x00, 0x00, 0x00, 0x00, 0x00,
    0x00, 0x00, 0x00, 0x00, 0x00, 0x00, 0x00, 0x00, 0x00, 0x00, 0x00, 0x00, 0x00, 0x00, 0x00, 0x00,
    0xFF, 0xAA, 0xAA, 0x03, 0x00, 0x00, 0x00, 0x00, 0xF6, 0xB2, 0xB2, 0xAA, 0xFF, 0xC8, 0xC8, 0xFF,
    0xFF, 0xBD, 0xBD, 0xFA, 0xFF, 0xC3, 0xC4, 0xFD, 0xFF, 0xC9, 0xCA, 0xFF, 0xFF, 0xCB, 0xCB, 0xFF,
    0xFF, 0xC6, 0xC7, 0xFF, 0xFF, 0xBD, 0xBD, 0xFF, 0xFD, 0xB5, 0xB5, 0xFF, 0xFB, 0xB3, 0xB3, 0xFE,
    0xFF, 0xB8, 0xB8, 0xFB, 0xFF, 0xBD, 0xBE, 0xFE, 0xFF, 0xC4, 0xC5, 0xFF, 0xFF, 0xC9, 0xCB, 0xFF,
    0xFF, 0xCE, 0xD1, 0xFF, 0xFF, 0xD2, 0xD5, 0xFF, 0xFF, 0xD6, 0xD8, 0xFF, 0xFF, 0xD8, 0xDB, 0xFF,
    0xFF, 0xDB, 0xDE, 0xFF, 0xFF, 0xDD, 0xDF, 0xFF, 0xFF, 0xDF, 0xE1, 0xFF, 0xFF, 0xE0, 0xE3, 0xFF,
    0xFF, 0xE2, 0xE5, 0xFF, 0xFF, 0xE4, 0xE7, 0xFF, 0xFF, 0xE6, 0xE8, 0xFF, 0xFF, 0xE8, 0xEA, 0xFF,
    0xFF, 0xE9, 0xEC, 0xFF, 0xFF, 0xEB, 0xED, 0xFF, 0xFF, 0xEC, 0xEE, 0xFF, 0xFF, 0xEE, 0xF0, 0xFF,
    0xFF, 0xEF, 0xF1, 0xFF, 0xFF, 0xF0, 0xF1, 0xFF, 0xFF, 0xEF, 0xF0, 0xFF, 0xFF, 0xEC, 0xEE, 0xFF,
    0xFF, 0xE7, 0xE8, 0xFF, 0xFF, 0xE0, 0xE0, 0xFF, 0xFF, 0xD8, 0xD8, 0xFA, 0xFF, 0xDA, 0xDA, 0xFF,
    0xFC, 0xBC, 0xBC, 0x6C, 0x00, 0x00, 0x00, 0x00, 0xFF, 0xAA, 0xAA, 0x03, 0x00, 0x00, 0x00, 0x00,
    0x00, 0x00, 0x00, 0x00, 0x00, 0x00, 0x00, 0x00, 0x00, 0x00, 0x00, 0x00, 0x00, 0x00, 0x00, 0x00,
    0x00, 0x00, 0x00, 0x00, 0x00, 0x00, 0x00, 0x00, 0x00, 0x00, 0x00, 0x00, 0x00, 0x00, 0x00, 0x00,
    0x00, 0x00, 0x00, 0x00, 0x00, 0x00, 0x00, 0x00, 0x00, 0x00, 0x00, 0x00, 0x00, 0x00, 0x00, 0x00,
    0x00, 0x00, 0x00, 0x00, 0x00, 0x00, 0x00, 0x00, 0x00, 0x00, 0x00, 0x00, 0x00, 0x00, 0x00, 0x00,
    0x00, 0x00, 0x00, 0x00, 0xFF, 0xFF, 0xFF, 0x01, 0xFF, 0xAA, 0xAA, 0x03, 0xFF, 0xB6, 0xB6, 0x07,
    0x00, 0x00, 0x00, 0x00, 0xF5, 0xB3, 0xB3, 0x69, 0xFF, 0xC5, 0xC4, 0xFF, 0xFF, 0xBB, 0xBB, 0xF9,
    0xFF, 0xC1, 0xC1, 0xFF, 0xFF, 0xC9, 0xC9, 0xFF, 0xFF, 0xCD, 0xCE, 0xFF, 0xFF, 0xCB, 0xCC, 0xFF,
    0xFF, 0xC2, 0xC3, 0xFF, 0xFF, 0xB8, 0xB9, 0xFF, 0xFD, 0xB4, 0xB5, 0xFF, 0xFF, 0xB7, 0xB7, 0xFF,
    0xFF, 0xBC, 0xBC, 0xFF, 0xFF, 0xC1, 0xC3, 0xFF, 0xFF, 0xC7, 0xC8, 0xFF, 0xFF, 0xCC, 0xCE, 0xFF,
    0xFF, 0xD1, 0xD3, 0xFF, 0xFF, 0xD4, 0xD7, 0xFF, 0xFF, 0xD7, 0xD9, 0xFF, 0xFF, 0xD9, 0xDC, 0xFF,
    0xFF, 0xDB, 0xDE, 0xFF, 0xFF, 0xDD, 0xE0, 0xFF, 0xFF, 0xDF, 0xE1, 0xFF, 0xFF, 0xE1, 0xE3, 0xFF,
    0xFF, 0xE2, 0xE5, 0xFF, 0xFF, 0xE4, 0xE7, 0xFF, 0xFF, 0xE5, 0xE9, 0xFF, 0xFF, 0xE7, 0xEA, 0xFF,
    0xFF, 0xE9, 0xEC, 0xFF, 0xFF, 0xEB, 0xED, 0xFF, 0xFF, 0xEC, 0xEE, 0xFF, 0xFF, 0xEE, 0xF0, 0xFF,
    0xFF, 0xEF, 0xF1, 0xFF, 0xFF, 0xF0, 0xF2, 0xFF, 0xFF, 0xF1, 0xF3, 0xFF, 0xFF, 0xF0, 0xF2, 0xFF,
    0xFF, 0xED, 0xEE, 0xFF, 0xFF, 0xE7, 0xE8, 0xFF, 0xFF, 0xDD, 0xDE, 0xFE, 0xFF, 0xD9, 0xDA, 0xFC,
    0xFF, 0xCA, 0xCA, 0xF4, 0xF7, 0xB9, 0xB9, 0x21, 0xFF, 0xFF, 0xFF, 0x01, 0xFF, 0xFF, 0xFF, 0x02,
    0x00, 0x00, 0x00, 0x00, 0x00, 0x00, 0x00, 0x00, 0x00, 0x00, 0x00, 0x00, 0x00, 0x00, 0x00, 0x00,
    0x00, 0x00, 0x00, 0x00, 0x00, 0x00, 0x00, 0x00, 0x00, 0x00, 0x00, 0x00, 0x00, 0x00, 0x00, 0x00,
    0x00, 0x00, 0x00, 0x00, 0x00, 0x00, 0x00, 0x00, 0x00, 0x00, 0x00, 0x00, 0x00, 0x00, 0x00, 0x00,
    0x00, 0x00, 0x00, 0x00, 0x00, 0x00, 0x00, 0x00, 0x00, 0x00, 0x00, 0x00, 0xFF, 0xAA, 0xAA, 0x03,
    0xFF, 0xAA, 0xAA, 0x03, 0x00, 0x00, 0x00, 0x00, 0x00, 0x00, 0x00, 0x00, 0x00, 0x00, 0x00, 0x00,
    0xFF, 0xCC, 0x99, 0x05, 0xF8, 0xB4, 0xB4, 0xE8, 0xFF, 0xBB, 0xBB, 0xFD, 0xFF, 0xBB, 0xBC, 0xFD,
    0xFF, 0xC2, 0xC2, 0xFF, 0xFF, 0xC8, 0xC8, 0xFF, 0xFF, 0xCB, 0xCB, 0xFF, 0xFF, 0xC7, 0xC7, 0xFF,
    0xFF, 0xBD, 0xBE, 0xFF, 0xFF, 0xB6, 0xB7, 0xFF, 0xFF, 0xB6, 0xB6, 0xFF, 0xFF, 0xBA, 0xBA, 0xFF,
    0xFF, 0xBF, 0xC0, 0xFF, 0xFF, 0xC5, 0xC6, 0xFF, 0xFF, 0xCA, 0xCD, 0xFF, 0xFF, 0xCF, 0xD1, 0xFF,
    0xFF, 0xD2, 0xD5, 0xFF, 0xFF, 0xD5, 0xD8, 0xFF, 0xFF, 0xD7, 0xDA, 0xFF, 0xFF, 0xD9, 0xDC, 0xFF,
    0xFF, 0xDB, 0xDE, 0xFF, 0xFF, 0xDD, 0xE0, 0xFF, 0xFF, 0xDF, 0xE2, 0xFF, 0xFF, 0xE0, 0xE3, 0xFF,
    0xFF, 0xE2, 0xE5, 0xFF, 0xFF, 0xE4, 0xE7, 0xFF, 0xFF, 0xE5, 0xE8, 0xFF, 0xFF, 0xE7, 0xEA, 0xFF,
    0xFF, 0xE9, 0xEC, 0xFF, 0xFF, 0xEA, 0xED, 0xFF, 0xFF, 0xEC, 0xEF, 0xFF, 0xFF, 0xED, 0xF0, 0xFF,
    0xFF, 0xEF, 0xF1, 0xFF, 0xFF, 0xF0, 0xF2, 0xFF, 0xFF, 0xF1, 0xF3, 0xFF, 0xFF, 0xF2, 0xF3, 0xFF,
    0xFF, 0xF0, 0xF2, 0xFF, 0xFF, 0xEC, 0xEE, 0xFF, 0xFF, 0xE5, 0xE6, 0xFF, 0xFF, 0xDA, 0xDB, 0xFC,
    0xFF, 0xDD, 0xDD, 0xFF, 0xFD, 0xC1, 0xC1, 0xA5, 0x00, 0x00, 0x00, 0x00, 0xFF, 0xAA, 0xAA, 0x03,
    0x00, 0x00, 0x00, 0x00, 0x00, 0x00, 0x00, 0x00, 0x00, 0x00, 0x00, 0x00, 0x00, 0x00, 0x00, 0x00,
    0x00, 0x00, 0x00, 0x00, 0x00, 0x00, 0x00, 0x00, 0x00, 0x00, 0x00, 0x00, 0x00, 0x00, 0x00, 0x00,
    0x00, 0x00, 0x00, 0x00, 0x00, 0x00, 0x00, 0x00, 0x00, 0x00, 0x00, 0x00, 0x00, 0x00, 0x00, 0x00,
    0x00, 0x00, 0x00, 0x00, 0xFF, 0x7F, 0x7F, 0x02, 0xFF, 0xFF, 0xFF, 0x01, 0x00, 0x00, 0x00, 0x00,
    0x00, 0x00, 0x00, 0x00, 0xF1, 0xBB, 0xBB, 0x13, 0xFB, 0xB7, 0xB7, 0x40, 0xFC, 0xB8, 0xB8, 0x65,
    0xFA, 0xB7, 0xB7, 0xA4, 0xFF, 0xBD, 0xBC, 0xFF, 0xFA, 0xB6, 0xB6, 0xFE, 0xFE, 0xB9, 0xBA, 0xFF,
    0xFF, 0xBD, 0xBD, 0xFF, 0xFF, 0xC1, 0xC2, 0xFF, 0xFF, 0xC3, 0xC4, 0xFF, 0xFF, 0xC1, 0xC1, 0xFF,
    0xFF, 0xBA, 0xBB, 0xFF, 0xFF, 0xB7, 0xB7, 0xFF, 0xFF, 0xB9, 0xB9, 0xFF, 0xFF, 0xBD, 0xBE, 0xFF,
    0xFF, 0xC2, 0xC3, 0xFF, 0xFF, 0xC7, 0xCA, 0xFF, 0xFF, 0xCC, 0xCF, 0xFF, 0xFF, 0xD0, 0xD3, 0xFF,
    0xFF, 0xD3, 0xD6, 0xFF, 0xFF, 0xD5, 0xD8, 0xFF, 0xFF, 0xD7, 0xDA, 0xFF, 0xFF, 0xD9, 0xDC, 0xFF,
    0xFF, 0xDB, 0xDF, 0xFF, 0xFF, 0xDD, 0xE0, 0xFF, 0xFF, 0xDE, 0xE2, 0xFF, 0xFF, 0xE0, 0xE4, 0xFF,
    0xFF, 0xE2, 0xE5, 0xFF, 0xFF, 0xE3, 0xE7, 0xFF, 0xFF, 0xE5, 0xE8, 0xFF, 0xFF, 0xE6, 0xEA, 0xFF,
    0xFF, 0xE8, 0xEC, 0xFF, 0xFF, 0xEA, 0xED, 0xFF, 0xFF, 0xEB, 0xEE, 0xFF, 0xFF, 0xEC, 0xF0, 0xFF,
    0xFF, 0xEE, 0xF1, 0xFF, 0xFF, 0xEF, 0xF2, 0xFF, 0xFF, 0xF1, 0xF4, 0xFF, 0xFF, 0xF2, 0xF4, 0xFF,
    0xFF, 0xF2, 0xF4, 0xFF, 0xFF, 0xF0, 0xF1, 0xFF, 0xFF, 0xEA, 0xEB, 0xFF, 0xFF, 0xE1, 0xE1, 0xFF,
    0xFF, 0xD8, 0xD9, 0xFD, 0xFF, 0xCC, 0xCC, 0xFA, 0xFF, 0xB8, 0xB8, 0x28, 0x00, 0x00, 0x00, 0x00,
    0xFF, 0xFF, 0xFF, 0x02, 0x00, 0x00, 0x00, 0x00, 0x00, 0x00, 0x00, 0x00, 0x00, 0x00, 0x00, 0x00,
    0x00, 0x00, 0x00, 0x00, 0x00, 0x00, 0x00, 0x00, 0x00, 0x00, 0x00, 0x00, 0x00, 0x00, 0x00, 0x00,
    0x00, 0x00, 0x00, 0x00, 0x00, 0x00, 0x00, 0x00, 0x00, 0x00, 0x00, 0x00, 0x00, 0x00, 0x00, 0x00,
    0xFF, 0xAA, 0xAA, 0x03, 0x00, 0x00, 0x00, 0x00, 0x00, 0x00, 0x00, 0x00, 0xFB, 0xB8, 0xB8, 0x48,
    0xFC, 0xBA, 0xBA, 0xAB, 0xFD, 0xBC, 0xBC, 0xEA, 0xFF, 0xC3, 0xC3, 0xFF, 0xFF, 0xCB, 0xCB, 0xFF,
    0xFF, 0xCA, 0xCB, 0xFF, 0xFF, 0xC0, 0xC1, 0xFE, 0xFF, 0xC2, 0xC2, 0xFF, 0xFF, 0xC0, 0xC0, 0xFF,
    0xFF, 0xBF, 0xBF, 0xFF, 0xFF, 0xBE, 0xBE, 0xFF, 0xFF, 0xBF, 0xBF, 0xFF, 0xFF, 0xBE, 0xBE, 0xFF,
    0xFF, 0xBB, 0xBC, 0xFF, 0xFF, 0xBA, 0xBB, 0xFF, 0xFF, 0xBC, 0xBD, 0xFF, 0xFF, 0xBF, 0xC1, 0xFF,
    0xFF, 0xC4, 0xC6, 0xFF, 0xFF, 0xCA, 0xCC, 0xFF, 0xFF, 0xCE, 0xD1, 0xFF, 0xFF, 0xD1, 0xD4, 0xFF,
    0xFF, 0xD3, 0xD6, 0xFF, 0xFF, 0xD5, 0xD9, 0xFF, 0xFF, 0xD7, 0xDB, 0xFF, 0xFF, 0xD9, 0xDD, 0xFF,
    0xFF, 0xDA, 0xDE, 0xFF, 0xFF, 0xDC, 0xE0, 0xFF, 0xFF, 0xDE, 0xE2, 0xFF, 0xFF, 0xDF, 0xE3, 0xFF,
    0xFF, 0xE1, 0xE5, 0xFF, 0xFF, 0xE3, 0xE7, 0xFF, 0xFF, 0xE4, 0xE8, 0xFF, 0xFF, 0xE6, 0xEA, 0xFF,
    0xFF, 0xE7, 0xEB, 0xFF, 0xFF, 0xE9, 0xEC, 0xFF, 0xFF, 0xEB, 0xEE, 0xFF, 0xFF, 0xEC, 0xEF, 0xFF,
    0xFF, 0xED, 0xF1, 0xFF, 0xFF, 0xEF, 0xF2, 0xFF, 0xFF, 0xF1, 0xF3, 0xFF, 0xFF, 0xF1, 0xF4, 0xFF,
    0xFF, 0xF2, 0xF4, 0xFF, 0xFF, 0xF1, 0xF3, 0xFF, 0xFF, 0xED, 0xEF, 0xFF, 0xFF, 0xE6, 0xE7, 0xFF,
    0xFF, 0xDC, 0xDC, 0xFB, 0xFF, 0xDD, 0xDD, 0xFF, 0xFF, 0xC2, 0xC2, 0x8A, 0x00, 0x00, 0x00, 0x00,
    0xFF, 0xBF, 0xBF, 0x04, 0x00, 0x00, 0x00, 0x00, 0x00, 0x00, 0x00, 0x00, 0x00, 0x00, 0x00, 0x00,
    0x00, 0x00, 0x00, 0x00, 0x00, 0x00, 0x00, 0x00, 0x00, 0x00, 0x00, 0x00, 0x00, 0x00, 0x00, 0x00,
    0x00, 0x00, 0x00, 0x00, 0x00, 0x00, 0x00, 0x00, 0x00, 0x00, 0x00, 0x00, 0xFF, 0xAA, 0xAA, 0x03,
    0x00, 0x00, 0x00, 0x00, 0xF2, 0xB0, 0xB0, 0x2A, 0xF9, 0xB9, 0xB9, 0xB7, 0xFF, 0xC1, 0xC1, 0xFF,
    0xFF, 0xC8, 0xC8, 0xFF, 0xFF, 0xC5, 0xC5, 0xFF, 0xFF, 0xC4, 0xC5, 0xFE, 0xFF, 0xC8, 0xC9, 0xFC,
    0xFF, 0xCB, 0xCB, 0xFC, 0xFF, 0xCD, 0xCD, 0xFF, 0xFF, 0xCC, 0xCD, 0xFF, 0xFF, 0xCB, 0xCC, 0xFF,
    0xFF, 0xC8, 0xC9, 0xFF, 0xFF, 0xC5, 0xC6, 0xFF, 0xFF, 0xC3, 0xC3, 0xFF, 0xFF, 0xC3, 0xC3, 0xFF,
    0xFF, 0xC2, 0xC3, 0xFF, 0xFF, 0xC0, 0xC1, 0xFF, 0xFF, 0xC0, 0xC2, 0xFF, 0xFF, 0xC2, 0xC4, 0xFF,
    0xFF, 0xC7, 0xC9, 0xFF, 0xFF, 0xCB, 0xCE, 0xFF, 0xFF, 0xCE, 0xD2, 0xFF, 0xFF, 0xD1, 0xD4, 0xFF,
    0xFF, 0xD3, 0xD7, 0xFF, 0xFF, 0xD5, 0xD9, 0xFF, 0xFF, 0xD7, 0xDB, 0xFF, 0xFF, 0xD8, 0xDD, 0xFF,
    0xFF, 0xDA, 0xDE, 0xFF, 0xFF, 0xDC, 0xE0, 0xFF, 0xFF, 0xDD, 0xE1, 0xFF, 0xFF, 0xDF, 0xE3, 0xFF,
    0xFF, 0xE1, 0xE5, 0xFF, 0xFF, 0xE2, 0xE6, 0xFF, 0xFF, 0xE4, 0xE8, 0xFF, 0xFF, 0xE6, 0xEA, 0xFF,
    0xFF, 0xE7, 0xEB, 0xFF, 0xFF, 0xE9, 0xEC, 0xFF, 0xFF, 0xE9, 0xED, 0xFF, 0xFF, 0xEB, 0xEF, 0xFF,
    0xFF, 0xED, 0xF1, 0xFF, 0xFF, 0xEE, 0xF2, 0xFF, 0xFF, 0xF0, 0xF3, 0xFF, 0xFF, 0xF1, 0xF4, 0xFF,
    0xFF, 0xF2, 0xF5, 0xFF, 0xFF, 0xF2, 0xF4, 0xFF, 0xFF, 0xEF, 0xF1, 0xFF, 0xFF, 0xE9, 0xEB, 0xFF,
    0xFF, 0xDF, 0xE0, 0xFD, 0xFF, 0xDA, 0xDB, 0xFF, 0xFD, 0xC4, 0xC4, 0xDA, 0xFF, 0xCC, 0xCC, 0x05,
    0xFF, 0x00, 0x00, 0x01, 0x00, 0x00, 0x00, 0x00, 0x00, 0x00, 0x00, 0x00, 0x00, 0x00, 0x00, 0x00,
    0x00, 0x00, 0x00, 0x00, 0x00, 0x00, 0x00, 0x00, 0x00, 0x00, 0x00, 0x00, 0x00, 0x00, 0x00, 0x00,
    0x00, 0x00, 0x00, 0x00, 0x00, 0x00, 0x00, 0x00, 0xFF, 0xFF, 0xFF, 0x03, 0x00, 0x00, 0x00, 0x00,
    0xF3, 0xB1, 0xB1, 0x55, 0xFB, 0xBB, 0xBB, 0xF2, 0xFF, 0xC5, 0xC5, 0xFF, 0xFF, 0xBF, 0xC0, 0xFC,
    0xFF, 0xC4, 0xC4, 0xFC, 0xFF, 0xC9, 0xC9, 0xFE, 0xFF, 0xCE, 0xCF, 0xFF, 0xFF, 0xD2, 0xD3, 0xFF,
    0xFF, 0xD5, 0xD6, 0xFF, 0xFF, 0xD7, 0xD8, 0xFF, 0xFF, 0xD7, 0xD8, 0xFF, 0xFF, 0xD6, 0xD7, 0xFF,
    0xFF, 0xD3, 0xD4, 0xFF, 0xFF, 0xD0, 0xD0, 0xFF, 0xFF, 0xCD, 0xCD, 0xFF, 0xFF, 0xCD, 0xCE, 0xFF,
    0xFF, 0xCE, 0xCF, 0xFF, 0xFF, 0xCB, 0xCC, 0xFF, 0xFF, 0xC6, 0xC8, 0xFF, 0xFF, 0xC6, 0xC8, 0xFF,
    0xFF, 0xC9, 0xCC, 0xFF, 0xFF, 0xCB, 0xCF, 0xFF, 0xFF, 0xCE, 0xD2, 0xFF, 0xFF, 0xD1, 0xD5, 0xFF,
    0xFF, 0xD3, 0xD7, 0xFF, 0xFF, 0xD5, 0xD9, 0xFF, 0xFF, 0xD6, 0xDB, 0xFF, 0xFF, 0xD8, 0xDD, 0xFF,
    0xFF, 0xDA, 0xDF, 0xFF, 0xFF, 0xDB, 0xE0, 0xFF, 0xFF, 0xDD, 0xE1, 0xFF, 0xFF, 0xDF, 0xE3, 0xFF,
    0xFF, 0xE0, 0xE5, 0xFF, 0xFF, 0xE1, 0xE6, 0xFF, 0xFF, 0xE3, 0xE7, 0xFF, 0xFF, 0xE4, 0xE9, 0xFF,
    0xFF, 0xE6, 0xEA, 0xFF, 0xFF, 0xE8, 0xEC, 0xFF, 0xFF, 0xE9, 0xED, 0xFF, 0xFF, 0xEA, 0xEE, 0xFF,
    0xFF, 0xEC, 0xF0, 0xFF, 0xFF, 0xED, 0xF1, 0xFF, 0xFF, 0xEF, 0xF3, 0xFF, 0xFF, 0xF1, 0xF4, 0xFF,
    0xFF, 0xF2, 0xF4, 0xFF, 0xFF, 0xF2, 0xF4, 0xFF, 0xFF, 0xF0, 0xF3, 0xFF, 0xFF, 0xEB, 0xED, 0xFF,
    0xFF, 0xE2, 0xE4, 0xFF, 0xFF, 0xD8, 0xD8, 0xFE, 0xFF, 0xCB, 0xCB, 0xFE, 0xF9, 0xB9, 0xB9, 0x30,
    0x00, 0x00, 0x00, 0x00, 0xFF, 0xFF, 0xFF, 0x02, 0x00, 0x00, 0x00, 0x00, 0x00, 0x00, 0x00, 0x00,
    0x00, 0x00, 0x00, 0x00, 0x00, 0x00, 0x00, 0x00, 0x00, 0x00, 0x00, 0x00, 0x00, 0x00, 0x00, 0x00,
    0x00, 0x00, 0x00, 0x00, 0xFF, 0xAA, 0xAA, 0x03, 0x00, 0x00, 0x00, 0x00, 0xF3, 0xB0, 0xB0, 0x5B,
    0xFE, 0xBD, 0xBD, 0xFF, 0xFF, 0xBD, 0xBE, 0xFF, 0xFD, 0xBF, 0xBF, 0xFC, 0xFF, 0xC5, 0xC6, 0xFF,
    0xFF, 0xCC, 0xCD, 0xFF, 0xFF, 0xD1, 0xD3, 0xFF, 0xFF, 0xD7, 0xD8, 0xFF, 0xFF, 0xDB, 0xDC, 0xFF,
    0xFF, 0xDD, 0xDF, 0xFF, 0xFF, 0xDF, 0xE1, 0xFF, 0xFF, 0xE1, 0xE2, 0xFF, 0xFF, 0xE0, 0xE1, 0xFF,
    0xFF, 0xDE, 0xDF, 0xFF, 0xFF, 0xDA, 0xDB, 0xFF, 0xFF, 0xD7, 0xD8, 0xFF, 0xFF, 0xD8, 0xD9, 0xFF,
    0xFF, 0xDA, 0xDB, 0xFF, 0xFF, 0xD5, 0xD7, 0xFF, 0xFF, 0xCD, 0xD0, 0xFF, 0xFF, 0xC9, 0xCD, 0xFF,
    0xFF, 0xCA, 0xCE, 0xFF, 0xFF, 0xCC, 0xD0, 0xFF, 0xFF, 0xCE, 0xD3, 0xFF, 0xFF, 0xD0, 0xD5, 0xFF,
    0xFF, 0xD2, 0xD7, 0xFF, 0xFF, 0xD4, 0xD9, 0xFF, 0xFF, 0xD6, 0xDB, 0xFF, 0xFF, 0xD8, 0xDD, 0xFF,
    0xFF, 0xD9, 0xDE, 0xFF, 0xFF, 0xDB, 0xE0, 0xFF, 0xFF, 0xDD, 0xE2, 0xFF, 0xFF, 0xDE, 0xE3, 0xFF,
    0xFF, 0xE0, 0xE4, 0xFF, 0xFF, 0xE1, 0xE6, 0xFF, 0xFF, 0xE2, 0xE7, 0xFF, 0xFF, 0xE4, 0xE9, 0xFF,
    0xFF, 0xE4, 0xE9, 0xFF, 0xFF, 0xE6, 0xEB, 0xFF, 0xFF, 0xE9, 0xED, 0xFF, 0xFF, 0xEA, 0xEE, 0xFF,
    0xFF, 0xEB, 0xEF, 0xFF, 0xFF, 0xED, 0xF1, 0xFF, 0xFF, 0xEE, 0xF2, 0xFF, 0xFF, 0xF0, 0xF3, 0xFF,
    0xFF, 0xF1, 0xF4, 0xFF, 0xFF, 0xF1, 0xF4, 0xFF, 0xFF, 0xF1, 0xF3, 0xFF, 0xFF, 0xED, 0xEF, 0xFF,
    0xFF, 0xE4, 0xE6, 0xFF, 0xFF, 0xDA, 0xDB, 0xFB, 0xFF, 0xD8, 0xD8, 0xFF, 0xFF, 0xBF, 0xBF, 0x61,
    0x00, 0x00, 0x00, 0x00, 0xFF, 0xBF, 0xBF, 0x04, 0x00, 0x00, 0x00, 0x00, 0x00, 0x00, 0x00, 0x00,
    0x00, 0x00, 0x00, 0x00, 0x00, 0x00, 0x00, 0x00, 0x00, 0x00, 0x00, 0x00, 0x00, 0x00, 0x00, 0x00,
    0xFF, 0xAA, 0xAA, 0x03, 0x00, 0x00, 0x00, 0x00, 0xF1, 0xB1, 0xB1, 0x38, 0xFA, 0xBA, 0xBA, 0xFB,
    0xFF, 0xBC, 0xBC, 0xFD, 0xFF, 0xBE, 0xBE, 0xFD, 0xFF, 0xC5, 0xC6, 0xFF, 0xFF, 0xCC, 0xCD, 0xFF,
    0xFF, 0xD2, 0xD3, 0xFF, 0xFF, 0xD7, 0xD9, 0xFF, 0xFF, 0xDB, 0xDD, 0xFF, 0xFF, 0xDF, 0xE1, 0xFF,
    0xFF, 0xE2, 0xE4, 0xFF, 0xFF, 0xE4, 0xE6, 0xFF, 0xFF, 0xE6, 0xE8, 0xFF, 0xFF, 0xE7, 0xE9, 0xFF,
    0xFF, 0xE6, 0xE8, 0xFF, 0xFF, 0xE3, 0xE5, 0xFF, 0xFF, 0xE0, 0xE1, 0xFF, 0xFF, 0xE0, 0xE1, 0xFF,
    0xFF, 0xE1, 0xE3, 0xFF, 0xFF, 0xDB, 0xDE, 0xFF, 0xFF, 0xD2, 0xD5, 0xFF, 0xFF, 0xCD, 0xD0, 0xFF,
    0xFF, 0xCB, 0xCF, 0xFF, 0xFF, 0xCC, 0xD1, 0xFF, 0xFF, 0xCE, 0xD3, 0xFF, 0xFF, 0xD0, 0xD5, 0xFF,
    0xFF, 0xD2, 0xD7, 0xFF, 0xFF, 0xD4, 0xD9, 0xFF, 0xFF, 0xD5, 0xDB, 0xFF, 0xFF, 0xD7, 0xDD, 0xFF,
    0xFF, 0xD9, 0xDE, 0xFF, 0xFF, 0xDB, 0xE0, 0xFF, 0xFF, 0xDC, 0xE2, 0xFF, 0xFF, 0xDD, 0xE3, 0xFF,
    0xFF, 0xDF, 0xE4, 0xFF, 0xFF, 0xE1, 0xE6, 0xFF, 0xFF, 0xE3, 0xE8, 0xFF, 0xFF, 0xE4, 0xE9, 0xFF,
    0xFF, 0xE5, 0xE9, 0xFF, 0xFF, 0xE5, 0xEA, 0xFF, 0xFF, 0xE7, 0xEC, 0xFF, 0xFF, 0xE9, 0xEE, 0xFF,
    0xFF, 0xEA, 0xEF, 0xFF, 0xFF, 0xEC, 0xF1, 0xFF, 0xFF, 0xED, 0xF1, 0xFF, 0xFF, 0xEE, 0xF3, 0xFF,
    0xFF, 0xF0, 0xF3, 0xFF, 0xFF, 0xF0, 0xF4, 0xFF, 0xFF, 0xF0, 0xF3, 0xFF, 0xFF, 0xED, 0xEF, 0xFF,
    0xFF, 0xE5, 0xE7, 0xFF, 0xFF, 0xDB, 0xDD, 0xFB, 0xFF, 0xDB, 0xDC, 0xFF, 0xFD, 0xBF, 0xBF, 0x8C,
    0x00, 0x00, 0x00, 0x00, 0xFF, 0xBF, 0xBF, 0x04, 0x00, 0x00, 0x00, 0x00, 0x00, 0x00, 0x00, 0x00,
    0x00, 0x00, 0x00, 0x00, 0x00, 0x00, 0x00, 0x00, 0x00, 0x00, 0x00, 0x00, 0xFF, 0xFF, 0xFF, 0x01,
    0xFF, 0x7F, 0x7F, 0x02, 0xE2, 0xAA, 0xAA, 0x09, 0xF7, 0xB3, 0xB3, 0xD6, 0xFF, 0xBF, 0xC0, 0xFF,
    0xFF, 0xBC, 0xBD, 0xFC, 0xFF, 0xC3, 0xC4, 0xFF, 0xFF, 0xCA, 0xCB, 0xFF, 0xFF, 0xD0, 0xD2, 0xFF,
    0xFF, 0xD6, 0xD7, 0xFF, 0xFF, 0xD9, 0xDC, 0xFF, 0xFF, 0xDD, 0xDF, 0xFF, 0xFF, 0xE0, 0xE2, 0xFF,
    0xFF, 0xE3, 0xE6, 0xFF, 0xFF, 0xE6, 0xE8, 0xFF, 0xFF, 0xE8, 0xEA, 0xFF, 0xFF, 0xEA, 0xEC, 0xFF,
    0xFF, 0xEA, 0xEC, 0xFF, 0xFF, 0xE9, 0xEB, 0xFF, 0xFF, 0xE7, 0xE9, 0xFF, 0xFF, 0xE5, 0xE8, 0xFF,
    0xFF, 0xE5, 0xE7, 0xFF, 0xFF, 0xDF, 0xE2, 0xFF, 0xFF, 0xD7, 0xDA, 0xFF, 0xFF, 0xCF, 0xD3, 0xFF,
    0xFF, 0xCC, 0xD1, 0xFF, 0xFF, 0xCC, 0xD2, 0xFF, 0xFF, 0xCE, 0xD3, 0xFF, 0xFF, 0xD0, 0xD5, 0xFF,
    0xFF, 0xD2, 0xD7, 0xFF, 0xFF, 0xD3, 0xD9, 0xFF, 0xFF, 0xD5, 0xDB, 0xFF, 0xFF, 0xD7, 0xDC, 0xFF,
    0xFF, 0xD8, 0xDE, 0xFF, 0xFF, 0xDA, 0xE0, 0xFF, 0xFF, 0xDB, 0xE1, 0xFF, 0xFF, 0xDC, 0xE2, 0xFF,
    0xFF, 0xDE, 0xE3, 0xFF, 0xFF, 0xE0, 0xE5, 0xFF, 0xFF, 0xE2, 0xE7, 0xFF, 0xFF, 0xE4, 0xE9, 0xFF,
    0xFF, 0xE4, 0xEA, 0xFF, 0xFF, 0xE5, 0xEA, 0xFF, 0xFF, 0xE6, 0xEB, 0xFF, 0xFF, 0xE8, 0xED, 0xFF,
    0xFF, 0xE9, 0xEE, 0xFF, 0xFF, 0xEB, 0xF0, 0xFF, 0xFF, 0xEC, 0xF1, 0xFF, 0xFF, 0xEE, 0xF2, 0xFF,
    0xFF, 0xEF, 0xF3, 0xFF, 0xFF, 0xF0, 0xF3, 0xFF, 0xFF, 0xF0, 0xF3, 0xFF, 0xFF, 0xED, 0xF0, 0xFF,
    0xFF, 0xE6, 0xE8, 0xFF, 0xFF, 0xDC, 0xDD, 0xFB, 0xFF, 0xDB, 0xDB, 0xFF, 0xFF, 0xC1, 0xC1, 0xA5,
    0x00, 0x00, 0x00, 0x00, 0xFF, 0xFF, 0xFF, 0x03, 0x00, 0x00, 0x00, 0x00, 0x00, 0x00, 0x00, 0x00,
    0x00, 0x00, 0x00, 0x00, 0x00, 0x00, 0x00, 0x00, 0x00, 0x00, 0x00, 0x00, 0xFF, 0xBF, 0xBF, 0x04,
    0x00, 0x00, 0x00, 0x00, 0xF5, 0xB3, 0xB5, 0x6F, 0xFF, 0xC3, 0xC3, 0xFF, 0xFF, 0xB9, 0xBA, 0xFB,
    0xFF, 0xC1, 0xC1, 0xFF, 0xFF, 0xC7, 0xC8, 0xFF, 0xFF, 0xCD, 0xD0, 0xFF, 0xFF, 0xD3, 0xD5, 0xFF,
    0xFF, 0xD7, 0xD9, 0xFF, 0xFF, 0xDA, 0xDD, 0xFF, 0xFF, 0xDD, 0xE0, 0xFF, 0xFF, 0xE1, 0xE3, 0xFF,
    0xFF, 0xE3, 0xE6, 0xFF, 0xFF, 0xE6, 0xE9, 0xFF, 0xFF, 0xE8, 0xEB, 0xFF, 0xFF, 0xEA, 0xED, 0xFF,
    0xFF, 0xEB, 0xEE, 0xFF, 0xFF, 0xEC, 0xEE, 0xFF, 0xFF, 0xEA, 0xED, 0xFF, 0xFF, 0xE8, 0xEB, 0xFF,
    0xFF, 0xE7, 0xEA, 0xFF, 0xFF, 0xE3, 0xE6, 0xFF, 0xFF, 0xDA, 0xDE, 0xFF, 0xFF, 0xD1, 0xD6, 0xFF,
    0xFF, 0xCD, 0xD2, 0xFF, 0xFF, 0xCC, 0xD2, 0xFF, 0xFF, 0xCD, 0xD3, 0xFF, 0xFF, 0xCF, 0xD5, 0xFF,
    0xFF, 0xD1, 0xD7, 0xFF, 0xFF, 0xD2, 0xD9, 0xFF, 0xFF, 0xD5, 0xDB, 0xFF, 0xFF, 0xD6, 0xDC, 0xFF,
    0xFF, 0xD8, 0xDE, 0xFF, 0xFF, 0xDA, 0xE0, 0xFF, 0xFF, 0xDA, 0xE0, 0xFF, 0xFF, 0xDB, 0xE1, 0xFF,
    0xFF, 0xDD, 0xE3, 0xFF, 0xFF, 0xDF, 0xE4, 0xFF, 0xFF, 0xE0, 0xE6, 0xFF, 0xFF, 0xE2, 0xE8, 0xFF,
    0xFF, 0xE4, 0xE9, 0xFF, 0xFF, 0xE4, 0xEA, 0xFF, 0xFF, 0xE5, 0xEB, 0xFF, 0xFF, 0xE7, 0xED, 0xFF,
    0xFF, 0xE8, 0xED, 0xFF, 0xFF, 0xEA, 0xEF, 0xFF, 0xFF, 0xEB, 0xF0, 0xFF, 0xFF, 0xEC, 0xF1, 0xFF,
    0xFF, 0xEE, 0xF2, 0xFF, 0xFF, 0xEF, 0xF3, 0xFF, 0xFF, 0xEE, 0xF2, 0xFF, 0xFF, 0xEC, 0xEF, 0xFF,
    0xFF, 0xE5, 0xE7, 0xFF, 0xFF, 0xDB, 0xDC, 0xFC, 0xFF, 0xDA, 0xDB, 0xFF, 0xFF, 0xC1, 0xC1, 0xAF,
    0x00, 0x00, 0x00, 0x00, 0xFF, 0xAA, 0xAA, 0x03, 0x00, 0x00, 0x00, 0x00, 0x00, 0x00, 0x00, 0x00,
    0x00, 0x00, 0x00, 0x00, 0x00, 0x00, 0x00, 0x00, 0x00, 0x00, 0x00, 0x01, 0xFF, 0xFF, 0xFF, 0x01,
    0xFF, 0xB6, 0xB6, 0x07, 0xF8, 0xB3, 0xB3, 0xDC, 0xFF, 0xBD, 0xBE, 0xFE, 0xFF, 0xBD, 0xBD, 0xFD,
    0xFF, 0xC3, 0xC5, 0xFF, 0xFF, 0xCA, 0xCC, 0xFF, 0xFF, 0xCF, 0xD2, 0xFF, 0xFF, 0xD3, 0xD6, 0xFF,
    0xFF, 0xD7, 0xDA, 0xFF, 0xFF, 0xDA, 0xDD, 0xFF, 0xFF, 0xDD, 0xE0, 0xFF, 0xFF, 0xE0, 0xE4, 0xFF,
    0xFF, 0xE3, 0xE7, 0xFF, 0xFF, 0xE6, 0xE9, 0xFF, 0xFF, 0xE8, 0xEC, 0xFF, 0xFF, 0xEA, 0xEE, 0xFF,
    0xFF, 0xEB, 0xEF, 0xFF, 0xFF, 0xEC, 0xF0, 0xFF, 0xFF, 0xEC, 0xEF, 0xFF, 0xFF, 0xEB, 0xED, 0xFF,
    0xFF, 0xE9, 0xEC, 0xFF, 0xFF, 0xE5, 0xE9, 0xFF, 0xFF, 0xDD, 0xE1, 0xFF, 0xFF, 0xD3, 0xD9, 0xFF,
    0xFF, 0xCE, 0xD3, 0xFF, 0xFF, 0xCC, 0xD2, 0xFF, 0xFF, 0xCD, 0xD3, 0xFF, 0xFF, 0xCF, 0xD5, 0xFF,
    0xFF, 0xD1, 0xD7, 0xFF, 0xFF, 0xD2, 0xD8, 0xFF, 0xFF, 0xD4, 0xDA, 0xFF, 0xFF, 0xD5, 0xDC, 0xFF,
    0xFF, 0xD7, 0xDD, 0xFF, 0xFF, 0xD9, 0xDF, 0xFF, 0xFF, 0xDA, 0xE0, 0xFF, 0xFF, 0xDA, 0xE0, 0xFF,
    0xFF, 0xDC, 0xE2, 0xFF, 0xFF, 0xDE, 0xE4, 0xFF, 0xFF, 0xE0, 0xE6, 0xFF, 0xFF, 0xE1, 0xE7, 0xFF,
    0xFF, 0xE3, 0xE9, 0xFF, 0xFF, 0xE3, 0xE9, 0xFF, 0xFF, 0xE5, 0xEA, 0xFF, 0xFF, 0xE6, 0xEC, 0xFF,
    0xFF, 0xE7, 0xED, 0xFF, 0xFF, 0xE9, 0xEE, 0xFF, 0xFF, 0xEB, 0xEF, 0xFF, 0xFF, 0xEB, 0xF1, 0xFF,
    0xFF, 0xED, 0xF2, 0xFF, 0xFF, 0xED, 0xF2, 0xFF, 0xFF, 0xED, 0xF1, 0xFF, 0xFF, 0xEB, 0xEE, 0xFF,
    0xFF, 0xE4, 0xE6, 0xFF, 0xFF, 0xD9, 0xDB, 0xFC, 0xFF, 0xD9, 0xDA, 0xFF, 0xFD, 0xBF, 0xBF, 0xAD,
    0x00, 0x00, 0x00, 0x00, 0xFF, 0xAA, 0xAA, 0x03, 0x00, 0x00, 0x00, 0x00, 0x00, 0x00, 0x00, 0x00,
    0x00, 0x00, 0x00, 0x00, 0x00, 0x00, 0x00, 0x00, 0xFF, 0xAA, 0xAA, 0x03, 0x00, 0x00, 0x00, 0x00,
    0xF3, 0xB1, 0xB1, 0x42, 0xFE, 0xBC, 0xBC, 0xFF, 0xFD, 0xB9, 0xB9, 0xFD, 0xFF, 0xBF, 0xC0, 0xFF,
    0xFF, 0xC5, 0xC7, 0xFF, 0xFF, 0xCB, 0xCE, 0xFF, 0xFF, 0xD0, 0xD3, 0xFF, 0xFF, 0xD3, 0xD7, 0xFF,
    0xFF, 0xD7, 0xDA, 0xFF, 0xFF, 0xDA, 0xDD, 0xFF, 0xFF, 0xDC, 0xE0, 0xFF, 0xFF, 0xE0, 0xE4, 0xFF,
    0xFF, 0xE2, 0xE6, 0xFF, 0xFF, 0xE5, 0xE9, 0xFF, 0xFF, 0xE7, 0xEB, 0xFF, 0xFF, 0xEA, 0xEE, 0xFF,
    0xFF, 0xEB, 0xEF, 0xFF, 0xFF, 0xEC, 0xF0, 0xFF, 0xFF, 0xEC, 0xF0, 0xFF, 0xFF, 0xEB, 0xEF, 0xFF,
    0xFF, 0xEA, 0xED, 0xFF, 0xFF, 0xE6, 0xEA, 0xFF, 0xFF, 0xDF, 0xE4, 0xFF, 0xFF, 0xD5, 0xDB, 0xFF,
    0xFF, 0xCF, 0xD4, 0xFF, 0xFF, 0xCC, 0xD3, 0xFF, 0xFF, 0xCC, 0xD3, 0xFF, 0xFF, 0xCE, 0xD5, 0xFF,
    0xFF, 0xD0, 0xD7, 0xFF, 0xFF, 0xD1, 0xD8, 0xFF, 0xFF, 0xD3, 0xDA, 0xFF, 0xFF, 0xD4, 0xDB, 0xFF,
    0xFF, 0xD6, 0xDD, 0xFF, 0xFF, 0xD8, 0xDF, 0xFF, 0xFF, 0xD9, 0xE0, 0xFF, 0xFF, 0xD9, 0xE0, 0xFF,
    0xFF, 0xDB, 0xE1, 0xFF, 0xFF, 0xDC, 0xE4, 0xFF, 0xFF, 0xDF, 0xE5, 0xFF, 0xFF, 0xE0, 0xE7, 0xFF,
    0xFF, 0xE2, 0xE8, 0xFF, 0xFF, 0xE2, 0xE8, 0xFF, 0xFF, 0xE3, 0xEA, 0xFF, 0xFF, 0xE5, 0xEB, 0xFF,
    0xFF, 0xE6, 0xEC, 0xFF, 0xFF, 0xE8, 0xEE, 0xFF, 0xFF, 0xE9, 0xEF, 0xFF, 0xFF, 0xEA, 0xF0, 0xFF,
    0xFF, 0xEB, 0xF1, 0xFF, 0xFF, 0xEC, 0xF1, 0xFF, 0xFF, 0xEC, 0xF0, 0xFF, 0xFF, 0xE9, 0xEC, 0xFF,
    0xFF, 0xE2, 0xE5, 0xFF, 0xFF, 0xD8, 0xDA, 0xFB, 0xFF, 0xD8, 0xD9, 0xFF, 0xFD, 0xBF, 0xBF, 0x9C,
    0x00, 0x00, 0x00, 0x00, 0xFF, 0xFF, 0xFF, 0x03, 0x00, 0x00, 0x00, 0x00, 0x00, 0x00, 0x00, 0x00,
    0x00, 0x00, 0x00, 0x00, 0x00, 0x00, 0x00, 0x00, 0xFF, 0xBF, 0xBF, 0x04, 0x00, 0x00, 0x00, 0x00,
    0xF5, 0xB2, 0xB4, 0x82, 0xFF, 0xC2, 0xC3, 0xFE, 0xFF, 0xB9, 0xBB, 0xFB, 0xFF, 0xC0, 0xC2, 0xFF,
    0xFF, 0xC6, 0xC9, 0xFF, 0xFF, 0xCB, 0xCF, 0xFF, 0xFF, 0xCF, 0xD3, 0xFF, 0xFF, 0xD3, 0xD7, 0xFF,
    0xFF, 0xD6, 0xDA, 0xFF, 0xFF, 0xD9, 0xDD, 0xFF, 0xFF, 0xDC, 0xE0, 0xFF, 0xFF, 0xDE, 0xE3, 0xFF,
    0xFF, 0xE2, 0xE6, 0xFF, 0xFF, 0xE5, 0xE9, 0xFF, 0xFF, 0xE7, 0xEB, 0xFF, 0xFF, 0xE8, 0xED, 0xFF,
    0xFF, 0xEB, 0xEF, 0xFF, 0xFF, 0xEC, 0xF0, 0xFF, 0xFF, 0xEC, 0xF0, 0xFF, 0xFF, 0xEB, 0xEF, 0xFF,
    0xFF, 0xEA, 0xED, 0xFF, 0xFF, 0xE7, 0xEB, 0xFF, 0xFF, 0xE0, 0xE5, 0xFF, 0xFF, 0xD6, 0xDD, 0xFF,
    0xFF, 0xCF, 0xD6, 0xFF, 0xFF, 0xCC, 0xD3, 0xFF, 0xFF, 0xCC, 0xD3, 0xFF, 0xFF, 0xCD, 0xD4, 0xFF,
    0xFF, 0xCF, 0xD6, 0xFF, 0xFF, 0xD1, 0xD8, 0xFF, 0xFF, 0xD2, 0xD9, 0xFF, 0xFF, 0xD4, 0xDB, 0xFF,
    0xFF, 0xD4, 0xDC, 0xFF, 0xFF, 0xD7, 0xDE, 0xFF, 0xFF, 0xD9, 0xE0, 0xFF, 0xFF, 0xD9, 0xE0, 0xFF,
    0xFF, 0xDA, 0xE2, 0xFF, 0xFF, 0xDB, 0xE3, 0xFF, 0xFF, 0xDD, 0xE4, 0xFF, 0xFF, 0xDF, 0xE6, 0xFF,
    0xFF, 0xE0, 0xE7, 0xFF, 0xFF, 0xE1, 0xE8, 0xFF, 0xFF, 0xE3, 0xE9, 0xFF, 0xFF, 0xE4, 0xEB, 0xFF,
    0xFF, 0xE6, 0xEC, 0xFF, 0xFF, 0xE7, 0xED, 0xFF, 0xFF, 0xE8, 0xED, 0xFF, 0xFF, 0xE9, 0xEF, 0xFF,
    0xFF, 0xEA, 0xEF, 0xFF, 0xFF, 0xEA, 0xF0, 0xFF, 0xFF, 0xEA, 0xEF, 0xFF, 0xFF, 0xE7, 0xEA, 0xFF,
    0xFF, 0xDF, 0xE2, 0xFF, 0xFF, 0xD5, 0xD7, 0xFB, 0xFF, 0xD5, 0xD7, 0xFF, 0xFC, 0xBC, 0xBC, 0x7B,
    0x00, 0x00, 0x00, 0x00, 0xFF, 0xBF, 0xBF, 0x04, 0x00, 0x00, 0x00, 0x00, 0x00, 0x00, 0x00, 0x00,
    0x00, 0x00, 0x00, 0x00, 0x00, 0x00, 0x00, 0x00, 0xFF, 0xAA, 0xAA, 0x03, 0x00, 0x00, 0x00, 0x00,
    0xF6, 0xB3, 0xB3, 0xAF, 0xFF, 0xC1, 0xC2, 0xFF, 0xFF, 0xBB, 0xBC, 0xFC, 0xFF, 0xC0, 0xC3, 0xFF,
    0xFF, 0xC6, 0xCA, 0xFF, 0xFF, 0xCB, 0xCF, 0xFF, 0xFF, 0xCF, 0xD3, 0xFF, 0xFF, 0xD2, 0xD7, 0xFF,
    0xFF, 0xD5, 0xDA, 0xFF, 0xFF, 0xD8, 0xDD, 0xFF, 0xFF, 0xDB, 0xDF, 0xFF, 0xFF, 0xDD, 0xE2, 0xFF,
    0xFF, 0xE0, 0xE6, 0xFF, 0xFF, 0xE3, 0xE9, 0xFF, 0xFF, 0xE6, 0xEB, 0xFF, 0xFF, 0xE8, 0xED, 0xFF,
    0xFF, 0xE9, 0xEF, 0xFF, 0xFF, 0xEB, 0xF0, 0xFF, 0xFF, 0xEB, 0xF0, 0xFF, 0xFF, 0xEB, 0xEF, 0xFF,
    0xFF, 0xE9, 0xEE, 0xFF, 0xFF, 0xE7, 0xEC, 0xFF, 0xFF, 0xE1, 0xE7, 0xFF, 0xFF, 0xD8, 0xDF, 0xFF,
    0xFF, 0xCF, 0xD7, 0xFF, 0xFF, 0xCC, 0xD3, 0xFF, 0xFF, 0xCB, 0xD3, 0xFF, 0xFF, 0xCC, 0xD4, 0xFF,
    0xFF, 0xCE, 0xD5, 0xFF, 0xFF, 0xCF, 0xD7, 0xFF, 0xFF, 0xD1, 0xD9, 0xFF, 0xFF, 0xD3, 0xDB, 0xFF,
    0xFF, 0xD4, 0xDC, 0xFF, 0xFF, 0xD5, 0xDD, 0xFF, 0xFF, 0xD7, 0xDF, 0xFF, 0xFF, 0xDA, 0xE0, 0xFF,
    0xFF, 0xDA, 0xE2, 0xFF, 0xFF, 0xDB, 0xE3, 0xFF, 0xFF, 0xDD, 0xE4, 0xFF, 0xFF, 0xDE, 0xE5, 0xFF,
    0xFF, 0xDF, 0xE6, 0xFF, 0xFF, 0xE1, 0xE7, 0xFF, 0xFF, 0xE2, 0xE9, 0xFF, 0xFF, 0xE3, 0xEA, 0xFF,
    0xFF, 0xE4, 0xEB, 0xFF, 0xFF, 0xE5, 0xEC, 0xFF, 0xFF, 0xE7, 0xED, 0xFF, 0xFF, 0xE8, 0xEE, 0xFF,
    0xFF, 0xE9, 0xEE, 0xFF, 0xFF, 0xE9, 0xEE, 0xFF, 0xFF, 0xE8, 0xEC, 0xFF, 0xFF, 0xE4, 0xE7, 0xFF,
    0xFF, 0xDC, 0xDF, 0xFF, 0xFF, 0xD1, 0xD3, 0xFD, 0xFF, 0xCE, 0xCF, 0xFF, 0xFB, 0xB7, 0xB7, 0x4E,
    0x00, 0x00, 0x00, 0x00, 0xFF, 0xFF, 0xFF, 0x03, 0x00, 0x00, 0x00, 0x00, 0x00, 0x00, 0x00, 0x00,
    0x00, 0x00, 0x00, 0x00, 0x00, 0x00, 0x00, 0x00, 0xFF, 0xFF, 0xFF, 0x01, 0x00, 0x00, 0x00, 0x00,
    0xF7, 0xB3, 0xB3, 0xC7, 0xFF, 0xBF, 0xC0, 0xFF, 0xFF, 0xBB, 0xBD, 0xFC, 0xFF, 0xC1, 0xC4, 0xFF,
    0xFF, 0xC6, 0xCA, 0xFF, 0xFF, 0xCB, 0xCF, 0xFF, 0xFF, 0xCE, 0xD3, 0xFF, 0xFF, 0xD1, 0xD6, 0xFF,
    0xFF, 0xD4, 0xDA, 0xFF, 0xFF, 0xD7, 0xDC, 0xFF, 0xFF, 0xD9, 0xDE, 0xFF, 0xFF, 0xDC, 0xE2, 0xFF,
    0xFF, 0xDF, 0xE5, 0xFF, 0xFF, 0xE2, 0xE7, 0xFF, 0xFF, 0xE4, 0xEB, 0xFF, 0xFF, 0xE7, 0xED, 0xFF,
    0xFF, 0xE8, 0xED, 0xFF, 0xFF, 0xEA, 0xEF, 0xFF, 0xFF, 0xEA, 0xF0, 0xFF, 0xFF, 0xEA, 0xEF, 0xFF,
    0xFF, 0xE8, 0xED, 0xFF, 0xFF, 0xE6, 0xEB, 0xFF, 0xFF, 0xE1, 0xE8, 0xFF, 0xFF, 0xD9, 0xE0, 0xFF,
    0xFF, 0xD0, 0xD8, 0xFF, 0xFF, 0xCC, 0xD3, 0xFF, 0xFF, 0xCB, 0xD2, 0xFF, 0xFF, 0xCB, 0xD4, 0xFF,
    0xFF, 0xCD, 0xD5, 0xFF, 0xFF, 0xCE, 0xD7, 0xFF, 0xFF, 0xD0, 0xD8, 0xFF, 0xFF, 0xD1, 0xD9, 0xFF,
    0xFF, 0xD4, 0xDC, 0xFF, 0xFF, 0xD4, 0xDD, 0xFF, 0xFF, 0xD5, 0xDE, 0xFF, 0xFF, 0xD8, 0xE0, 0xFF,
    0xFF, 0xDA, 0xE1, 0xFF, 0xFF, 0xDB, 0xE2, 0xFF, 0xFF, 0xDC, 0xE4, 0xFF, 0xFF, 0xDD, 0xE5, 0xFF,
    0xFF, 0xDE, 0xE5, 0xFF, 0xFF, 0xDF, 0xE7, 0xFF, 0xFF, 0xE1, 0xE7, 0xFF, 0xFF, 0xE2, 0xE9, 0xFF,
    0xFF, 0xE3, 0xEA, 0xFF, 0xFF, 0xE4, 0xEB, 0xFF, 0xFF, 0xE5, 0xEC, 0xFF, 0xFF, 0xE6, 0xEC, 0xFF,
    0xFF, 0xE7, 0xED, 0xFF, 0xFF, 0xE7, 0xEC, 0xFF, 0xFF, 0xE5, 0xEA, 0xFF, 0xFF, 0xDF, 0xE3, 0xFF,
    0xFF, 0xD7, 0xDA, 0xFE, 0xFF, 0xCF, 0xD1, 0xFF, 0xFD, 0xC0, 0xC1, 0xF5, 0xFF, 0xBA, 0xB0, 0x1A,
    0x00, 0x00, 0x00, 0x00, 0xFF, 0x7F, 0x7F, 0x02, 0x00, 0x00, 0x00, 0x00, 0x00, 0x00, 0x00, 0x00,
    0x00, 0x00, 0x00, 0x00, 0x00, 0x00, 0x00, 0x00, 0xFF, 0xFF, 0xFF, 0x01, 0x00, 0x00, 0x00, 0x00,
    0xF6, 0xB3, 0xB4, 0xCA, 0xFF, 0xBE, 0xBF, 0xFF, 0xFF, 0xBB, 0xBD, 0xFC, 0xFF, 0xC0, 0xC3, 0xFF,
    0xFF, 0xC6, 0xCA, 0xFF, 0xFF, 0xCA, 0xCF, 0xFF, 0xFF, 0xCD, 0xD3, 0xFF, 0xFF, 0xD0, 0xD6, 0xFF,
    0xFF, 0xD3, 0xD9, 0xFF, 0xFF, 0xD5, 0xDC, 0xFF, 0xFF, 0xD8, 0xDE, 0xFF, 0xFF, 0xDB, 0xE1, 0xFF,
    0xFF, 0xDE, 0xE4, 0xFF, 0xFF, 0xE0, 0xE7, 0xFF, 0xFF, 0xE3, 0xEA, 0xFF, 0xFF, 0xE5, 0xEB, 0xFF,
    0xFF, 0xE7, 0xED, 0xFF, 0xFF, 0xE8, 0xEE, 0xFF, 0xFF, 0xE9, 0xEF, 0xFF, 0xFF, 0xE9, 0xEE, 0xFF,
    0xFF, 0xE7, 0xEC, 0xFF, 0xFF, 0xE5, 0xEB, 0xFF, 0xFF, 0xE1, 0xE8, 0xFF, 0xFF, 0xDA, 0xE2, 0xFF,
    0xFF, 0xD2, 0xDA, 0xFF, 0xFF, 0xCC, 0xD4, 0xFF, 0xFF, 0xCA, 0xD2, 0xFF, 0xFF, 0xCB, 0xD3, 0xFF,
    0xFF, 0xCC, 0xD5, 0xFF, 0xFF, 0xCE, 0xD6, 0xFF, 0xFF, 0xCF, 0xD8, 0xFF, 0xFF, 0xD1, 0xD9, 0xFF,
    0xFF, 0xD2, 0xDA, 0xFF, 0xFF, 0xD4, 0xDD, 0xFF, 0xFF, 0xD5, 0xDE, 0xFF, 0xFF, 0xD6, 0xDE, 0xFF,
    0xFF, 0xD7, 0xE0, 0xFF, 0xFF, 0xD8, 0xE1, 0xFF, 0xFF, 0xDA, 0xE2, 0xFF, 0xFF, 0xDB, 0xE3, 0xFF,
    0xFF, 0xDD, 0xE5, 0xFF, 0xFF, 0xDE, 0xE6, 0xFF, 0xFF, 0xDF, 0xE7, 0xFF, 0xFF, 0xE1, 0xE8, 0xFF,
    0xFF, 0xE2, 0xE9, 0xFF, 0xFF, 0xE3, 0xEA, 0xFF, 0xFF, 0xE4, 0xEA, 0xFF, 0xFF, 0xE4, 0xEB, 0xFF,
    0xFF, 0xE5, 0xEB, 0xFF, 0xFF, 0xE4, 0xEA, 0xFF, 0xFF, 0xE2, 0xE7, 0xFF, 0xFF, 0xDC, 0xE0, 0xFF,
    0xFF, 0xD2, 0xD5, 0xFC, 0xFF, 0xD2, 0xD4, 0xFE, 0xFD, 0xBC, 0xBC, 0xBC, 0x00, 0x00, 0x00, 0x00,
    0xFF, 0xFF, 0xFF, 0x02, 0x00, 0x00, 0x00, 0x00, 0x00, 0x00, 0x00, 0x00, 0x00, 0x00, 0x00, 0x00,
    0x00, 0x00, 0x00, 0x00, 0x00, 0x00, 0x00, 0x00, 0xFF, 0xFF, 0xFF, 0x02, 0x00, 0x00, 0x00, 0x00,
    0xF6, 0xB2, 0xB4, 0xBB, 0xFF, 0xC0, 0xC1, 0xFF, 0xFF, 0xBA, 0xBC, 0xFC, 0xFF, 0xBF, 0xC3, 0xFF,
    0xFF, 0xC4, 0xC9, 0xFF, 0xFF, 0xC8, 0xCE, 0xFF, 0xFF, 0xCC, 0xD2, 0xFF, 0xFF, 0xCE, 0xD5, 0xFF,
    0xFF, 0xD1, 0xD8, 0xFF, 0xFF, 0xD4, 0xDB, 0xFF, 0xFF, 0xD6, 0xDD, 0xFF, 0xFF, 0xD9, 0xE0, 0xFF,
    0xFF, 0xDC, 0xE3, 0xFF, 0xFF, 0xDF, 0xE6, 0xFF, 0xFF, 0xE1, 0xE8, 0xFF, 0xFF, 0xE3, 0xEA, 0xFF,
    0xFF, 0xE5, 0xEC, 0xFF, 0xFF, 0xE6, 0xED, 0xFF, 0xFF, 0xE7, 0xED, 0xFF, 0xFF, 0xE7, 0xED, 0xFF,
    0xFF, 0xE6, 0xEC, 0xFF, 0xFF, 0xE4, 0xEA, 0xFF, 0xFF, 0xE1, 0xE8, 0xFF, 0xFF, 0xDB, 0xE2, 0xFF,
    0xFF, 0xD2, 0xDB, 0xFF, 0xFF, 0xCD, 0xD5, 0xFF, 0xFF, 0xCA, 0xD3, 0xFF, 0xFF, 0xCA, 0xD3, 0xFF,
    0xFF, 0xCB, 0xD4, 0xFF, 0xFF, 0xCC, 0xD6, 0xFF, 0xFF, 0xCD, 0xD7, 0xFF, 0xFF, 0xD0, 0xD9, 0xFF,
    0xFF, 0xD1, 0xDA, 0xFF, 0xFF, 0xD2, 0xDB, 0xFF, 0xFF, 0xD4, 0xDD, 0xFF, 0xFF, 0xD5, 0xDF, 0xFF,
    0xFF, 0xD7, 0xDF, 0xFF, 0xFF, 0xD8, 0xE1, 0xFF, 0xFF, 0xD9, 0xE2, 0xFF, 0xFF, 0xDB, 0xE3, 0xFF,
    0xFF, 0xDC, 0xE4, 0xFF, 0xFF, 0xDD, 0xE5, 0xFF, 0xFF, 0xDE, 0xE6, 0xFF, 0xFF, 0xDF, 0xE7, 0xFF,
    0xFF, 0xE0, 0xE8, 0xFF, 0xFF, 0xE1, 0xE9, 0xFF, 0xFF, 0xE2, 0xE9, 0xFF, 0xFF, 0xE3, 0xE9, 0xFF,
    0xFF, 0xE3, 0xE9, 0xFF, 0xFF, 0xE2, 0xE7, 0xFF, 0xFF, 0xDD, 0xE2, 0xFF, 0xFF, 0xD6, 0xDA, 0xFF,
    0xFF, 0xCC, 0xCF, 0xFC, 0xFF, 0xCE, 0xD0, 0xFF, 0xFC, 0xB7, 0xB7, 0x60, 0x00, 0x00, 0x00, 0x00,
    0xFF, 0xBF, 0xBF, 0x04, 0x00, 0x00, 0x00, 0x00, 0x00, 0x00, 0x00, 0x00, 0x00, 0x00, 0x00, 0x00,
    0x00, 0x00, 0x00, 0x00, 0x00, 0x00, 0x00, 0x00, 0xFF, 0xBF, 0xBF, 0x04, 0x00, 0x00, 0x00, 0x00,
    0xF6, 0xB1, 0xB3, 0x94, 0xFF, 0xC1, 0xC3, 0xFE, 0xFF, 0xB8, 0xBB, 0xFB, 0xFF, 0xBE, 0xC2, 0xFF,
    0xFF, 0xC3, 0xC8, 0xFF, 0xFF, 0xC7, 0xCE, 0xFF, 0xFF, 0xCA, 0xD1, 0xFF, 0xFF, 0xCD, 0xD5, 0xFF,
    0xFF, 0xCF, 0xD7, 0xFF, 0xFF, 0xD3, 0xDA, 0xFF, 0xFF, 0xD5, 0xDD, 0xFF, 0xFF, 0xD7, 0xDF, 0xFF,
    0xFF, 0xD9, 0xE1, 0xFF, 0xFF, 0xDD, 0xE4, 0xFF, 0xFF, 0xDF, 0xE7, 0xFF, 0xFF, 0xE1, 0xE9, 0xFF,
    0xFF, 0xE3, 0xEA, 0xFF, 0xFF, 0xE4, 0xEB, 0xFF, 0xFF, 0xE5, 0xEC, 0xFF, 0xFF, 0xE5, 0xEC, 0xFF,
    0xFF, 0xE5, 0xEB, 0xFF, 0xFF, 0xE4, 0xEA, 0xFF, 0xFF, 0xE2, 0xE9, 0xFF, 0xFF, 0xDD, 0xE4, 0xFF,
    0xFF, 0xD5, 0xDD, 0xFF, 0xFF, 0xCF, 0xD7, 0xFF, 0xFF, 0xCC, 0xD4, 0xFF, 0xFF, 0xCA, 0xD3, 0xFF,
    0xFF, 0xCB, 0xD4, 0xFF, 0xFF, 0xCB, 0xD5, 0xFF, 0xFF, 0xCD, 0xD7, 0xFF, 0xFF, 0xCE, 0xD8, 0xFF,
    0xFF, 0xCF, 0xD9, 0xFF, 0xFF, 0xD1, 0xDB, 0xFF, 0xFF, 0xD2, 0xDC, 0xFF, 0xFF, 0xD3, 0xDD, 0xFF,
    0xFF, 0xD5, 0xDF, 0xFF, 0xFF, 0xD6, 0xE0, 0xFF, 0xFF, 0xD8, 0xE1, 0xFF, 0xFF, 0xD9, 0xE2, 0xFF,
    0xFF, 0xDA, 0xE2, 0xFF, 0xFF, 0xDB, 0xE4, 0xFF, 0xFF, 0xDD, 0xE5, 0xFF, 0xFF, 0xDE, 0xE6, 0xFF,
    0xFF, 0xDF, 0xE7, 0xFF, 0xFF, 0xDF, 0xE7, 0xFF, 0xFF, 0xE0, 0xE8, 0xFF, 0xFF, 0xE0, 0xE8, 0xFF,
    0xFF, 0xDF, 0xE6, 0xFF, 0xFF, 0xDD, 0xE3, 0xFF, 0xFF, 0xD7, 0xDC, 0xFF, 0xFF, 0xCF, 0xD3, 0xFD,
    0xFF, 0xCC, 0xCF, 0xFE, 0xFF, 0xBC, 0xBD, 0xE2, 0xFF, 0xAA, 0xAA, 0x0C, 0xFF, 0xFF, 0xFF, 0x01,
    0xFF, 0x00, 0x00, 0x01, 0x00, 0x00, 0x00, 0x00, 0x00, 0x00, 0x00, 0x00, 0x00, 0x00, 0x00, 0x00,
    0x00, 0x00, 0x00, 0x00, 0x00, 0x00, 0x00, 0x00, 0xFF, 0xBF, 0xBF, 0x04, 0x00, 0x00, 0x00, 0x00,
    0xF3, 0xAF, 0xB2, 0x5A, 0xFF, 0xBE, 0xC0, 0xFF, 0xFF, 0xB7, 0xBA, 0xFC, 0xFF, 0xBC, 0xC0, 0xFF,
    0xFF, 0xC1, 0xC7, 0xFF, 0xFF, 0xC5, 0xCC, 0xFF, 0xFF, 0xC9, 0xD0, 0xFF, 0xFF, 0xCB, 0xD3, 0xFF,
    0xFF, 0xCE, 0xD7, 0xFF, 0xFF, 0xD0, 0xD9, 0xFF, 0xFF, 0xD3, 0xDC, 0xFF, 0xFF, 0xD6, 0xDF, 0xFF,
    0xFF, 0xD8, 0xE0, 0xFF, 0xFF, 0xDB, 0xE3, 0xFF, 0xFF, 0xDD, 0xE5, 0xFF, 0xFF, 0xDF, 0xE7, 0xFF,
    0xFF, 0xE1, 0xE9, 0xFF, 0xFF, 0xE2, 0xEA, 0xFF, 0xFF, 0xE3, 0xEB, 0xFF, 0xFF, 0xE3, 0xEA, 0xFF,
    0xFF, 0xE3, 0xEA, 0xFF, 0xFF, 0xE3, 0xEA, 0xFF, 0xFF, 0xE3, 0xE9, 0xFF, 0xFF, 0xDF, 0xE5, 0xFF,
    0xFF, 0xD8, 0xDF, 0xFF, 0xFF, 0xD3, 0xDA, 0xFF, 0xFF, 0xCF, 0xD7, 0xFF, 0xFF, 0xCC, 0xD5, 0xFF,
    0xFF, 0xCB, 0xD5, 0xFF, 0xFF, 0xCB, 0xD5, 0xFF, 0xFF, 0xCC, 0xD6, 0xFF, 0xFF, 0xCD, 0xD7, 0xFF,
    0xFF, 0xCE, 0xD8, 0xFF, 0xFF, 0xCF, 0xD9, 0xFF, 0xFF, 0xD1, 0xDB, 0xFF, 0xFF, 0xD2, 0xDC, 0xFF,
    0xFF, 0xD4, 0xDE, 0xFF, 0xFF, 0xD5, 0xDF, 0xFF, 0xFF, 0xD6, 0xE0, 0xFF, 0xFF, 0xD8, 0xE1, 0xFF,
    0xFF, 0xD8, 0xE2, 0xFF, 0xFF, 0xDA, 0xE3, 0xFF, 0xFF, 0xDB, 0xE4, 0xFF, 0xFF, 0xDC, 0xE4, 0xFF,
    0xFF, 0xDD, 0xE5, 0xFF, 0xFF, 0xDD, 0xE6, 0xFF, 0xFF, 0xDE, 0xE6, 0xFF, 0xFF, 0xDD, 0xE5, 0xFF,
    0xFF, 0xDC, 0xE3, 0xFF, 0xFF, 0xD7, 0xDD, 0xFF, 0xFF, 0xD1, 0xD6, 0xFF, 0xFF, 0xC9, 0xCC, 0xFB,
    0xFF, 0xCD, 0xCF, 0xFF, 0xFC, 0xB7, 0xB7, 0x68, 0x00, 0x00, 0x00, 0x00, 0xBF, 0xBF, 0xBF, 0x04,
    0x00, 0x00, 0x00, 0x00, 0x00, 0x00, 0x00, 0x00, 0x00, 0x00, 0x00, 0x00, 0x00, 0x00, 0x00, 0x00,
    0x00, 0x00, 0x00, 0x00, 0x00, 0x00, 0x00, 0x00, 0xFF, 0xFF, 0xFF, 0x01, 0x00, 0x00, 0x00, 0x00,
    0xE7, 0xAD, 0xAD, 0x16, 0xFA, 0xB1, 0xB3, 0xF1, 0xFF, 0xB8, 0xBB, 0xFE, 0xFF, 0xB9, 0xBD, 0xFE,
    0xFF, 0xBF, 0xC4, 0xFF, 0xFF, 0xC3, 0xCA, 0xFF, 0xFF, 0xC7, 0xCF, 0xFF, 0xFF, 0xCA, 0xD2, 0xFF,
    0xFF, 0xCC, 0xD5, 0xFF, 0xFF, 0xCF, 0xD8, 0xFF, 0xFF, 0xD1, 0xDA, 0xFF, 0xFF, 0xD4, 0xDD, 0xFF,
    0xFF, 0xD6, 0xDF, 0xFF, 0xFF, 0xD8, 0xE1, 0xFF, 0xFF, 0xDB, 0xE4, 0xFF, 0xFF, 0xDD, 0xE5, 0xFF,
    0xFF, 0xDE, 0xE7, 0xFF, 0xFF, 0xDF, 0xE8, 0xFF, 0xFF, 0xE0, 0xE8, 0xFF, 0xFF, 0xE1, 0xE9, 0xFF,
    0xFF, 0xE2, 0xE9, 0xFF, 0xFF, 0xE2, 0xEA, 0xFF, 0xFF, 0xE2, 0xE9, 0xFF, 0xFF, 0xE0, 0xE6, 0xFF,
    0xFF, 0xDB, 0xE1, 0xFF, 0xFF, 0xD6, 0xDD, 0xFF, 0xFF, 0xD3, 0xDB, 0xFF, 0xFF, 0xCF, 0xD8, 0xFF,
    0xFF, 0xCC, 0xD6, 0xFF, 0xFF, 0xCB, 0xD5, 0xFF, 0xFF, 0xCB, 0xD5, 0xFF, 0xFF, 0xCB, 0xD6, 0xFF,
    0xFF, 0xCC, 0xD7, 0xFF, 0xFF, 0xCE, 0xD9, 0xFF, 0xFF, 0xCF, 0xDA, 0xFF, 0xFF, 0xD0, 0xDB, 0xFF,
    0xFF, 0xD2, 0xDC, 0xFF, 0xFF, 0xD3, 0xDE, 0xFF, 0xFF, 0xD4, 0xDE, 0xFF, 0xFF, 0xD6, 0xE0, 0xFF,
    0xFF, 0xD7, 0xE0, 0xFF, 0xFF, 0xD8, 0xE1, 0xFF, 0xFF, 0xD9, 0xE2, 0xFF, 0xFF, 0xDA, 0xE3, 0xFF,
    0xFF, 0xDA, 0xE3, 0xFF, 0xFF, 0xDB, 0xE3, 0xFF, 0xFF, 0xDB, 0xE3, 0xFF, 0xFF, 0xDA, 0xE1, 0xFF,
    0xFF, 0xD6, 0xDD, 0xFF, 0xFF, 0xD0, 0xD6, 0xFF, 0xFF, 0xC9, 0xCD, 0xFC, 0xFF, 0xCC, 0xCF, 0xFF,
    0xFD, 0xB9, 0xBA, 0xC9, 0xFF, 0xBF, 0xBF, 0x04, 0xFF, 0xFF, 0xFF, 0x02, 0xFF, 0x00, 0x00, 0x01,
    0x00, 0x00, 0x00, 0x00, 0x00, 0x00, 0x00, 0x00, 0x00, 0x00, 0x00, 0x00, 0x00, 0x00, 0x00, 0x00,
    0x00, 0x00, 0x00, 0x00, 0x00, 0x00, 0x00, 0x00, 0x00, 0x00, 0x00, 0x00, 0xFF, 0xAA, 0xAA, 0x03,
    0x00, 0x00, 0x00, 0x00, 0xF8, 0xB2, 0xB2, 0x99, 0xFF, 0xC0, 0xC3, 0xFF, 0xFF, 0xB6, 0xBA, 0xFB,
    0xFF, 0xBC, 0xC1, 0xFF, 0xFF, 0xC0, 0xC7, 0xFF, 0xFF, 0xC4, 0xCC, 0xFF, 0xFF, 0xC7, 0xD0, 0xFF,
    0xFF, 0xCA, 0xD3, 0xFF, 0xFF, 0xCC, 0xD6, 0xFF, 0xFF, 0xCF, 0xD9, 0xFF, 0xFF, 0xD1, 0xDB, 0xFF,
    0xFF, 0xD3, 0xDD, 0xFF, 0xFF, 0xD6, 0xE0, 0xFF, 0xFF, 0xD8, 0xE1, 0xFF, 0xFF, 0xDA, 0xE3, 0xFF,
    0xFF, 0xDB, 0xE4, 0xFF, 0xFF, 0xDD, 0xE6, 0xFF, 0xFF, 0xDD, 0xE6, 0xFF, 0xFF, 0xDE, 0xE7, 0xFF,
    0xFF, 0xE0, 0xE8, 0xFF, 0xFF, 0xE0, 0xE8, 0xFF, 0xFF, 0xE0, 0xE7, 0xFF, 0xFF, 0xDE, 0xE5, 0xFF,
    0xFF, 0xDB, 0xE2, 0xFF, 0xFF, 0xD8, 0xDF, 0xFF, 0xFF, 0xD5, 0xDD, 0xFF, 0xFF, 0xD2, 0xDB, 0xFF,
    0xFF, 0xCF, 0xD9, 0xFF, 0xFF, 0xCC, 0xD7, 0xFF, 0xFF, 0xCB, 0xD6, 0xFF, 0xFF, 0xCB, 0xD6, 0xFF,
    0xFF, 0xCB, 0xD6, 0xFF, 0xFF, 0xCC, 0xD7, 0xFF, 0xFF, 0xCE, 0xD9, 0xFF, 0xFF, 0xCF, 0xDA, 0xFF,
    0xFF, 0xD0, 0xDB, 0xFF, 0xFF, 0xD1, 0xDC, 0xFF, 0xFF, 0xD3, 0xDD, 0xFF, 0xFF, 0xD4, 0xDE, 0xFF,
    0xFF, 0xD5, 0xDF, 0xFF, 0xFF, 0xD6, 0xE0, 0xFF, 0xFF, 0xD6, 0xE0, 0xFF, 0xFF, 0xD7, 0xE1, 0xFF,
    0xFF, 0xD7, 0xE1, 0xFF, 0xFF, 0xD8, 0xE0, 0xFF, 0xFF, 0xD6, 0xDE, 0xFF, 0xFF, 0xD3, 0xDA, 0xFF,
    0xFF, 0xCE, 0xD5, 0xFF, 0xFF, 0xC8, 0xCD, 0xFD, 0xFF, 0xC6, 0xCA, 0xFD, 0xFF, 0xBF, 0xC1, 0xF4,
    0xFF, 0xB6, 0xB6, 0x2A, 0x00, 0x00, 0x00, 0x00, 0xFF, 0xFF, 0xFF, 0x02, 0x00, 0x00, 0x00, 0x00,
    0x00, 0x00, 0x00, 0x00, 0x00, 0x00, 0x00, 0x00, 0x00, 0x00, 0x00, 0x00, 0x00, 0x00, 0x00, 0x00,
    0x00, 0x00, 0x00, 0x00, 0x00, 0x00, 0x00, 0x00, 0x00, 0x00, 0x00, 0x00, 0xFF, 0x7F, 0x7F, 0x02,
    0xFF, 0xFF, 0xFF, 0x01, 0xF7, 0xAF, 0xB7, 0x20, 0xFB, 0xB4, 0xB6, 0xF5, 0xFF, 0xB8, 0xBC, 0xFC,
    0xFF, 0xB7, 0xBC, 0xFE, 0xFF, 0xBC, 0xC3, 0xFF, 0xFF, 0xC1, 0xC9, 0xFF, 0xFF, 0xC4, 0xCE, 0xFF,
    0xFF, 0xC7, 0xD1, 0xFF, 0xFF, 0xCA, 0xD4, 0xFF, 0xFF, 0xCC, 0xD7, 0xFF, 0xFF, 0xCE, 0xD9, 0xFF,
    0xFF, 0xD1, 0xDB, 0xFF, 0xFF, 0xD3, 0xDE, 0xFF, 0xFF, 0xD5, 0xDF, 0xFF, 0xFF, 0xD7, 0xE1, 0xFF,
    0xFF, 0xD8, 0xE2, 0xFF, 0xFF, 0xDA, 0xE3, 0xFF, 0xFF, 0xDB, 0xE5, 0xFF, 0xFF, 0xDD, 0xE6, 0xFF,
    0xFF, 0xDD, 0xE6, 0xFF, 0xFF, 0xDE, 0xE6, 0xFF, 0xFF, 0xDD, 0xE5, 0xFF, 0xFF, 0xDC, 0xE4, 0xFF,
    0xFF, 0xDB, 0xE3, 0xFF, 0xFF, 0xD9, 0xE1, 0xFF, 0xFF, 0xD6, 0xDF, 0xFF, 0xFF, 0xD4, 0xDD, 0xFF,
    0xFF, 0xD2, 0xDB, 0xFF, 0xFF, 0xCF, 0xD9, 0xFF, 0xFF, 0xCC, 0xD7, 0xFF, 0xFF, 0xCB, 0xD6, 0xFF,
    0xFF, 0xCB, 0xD6, 0xFF, 0xFF, 0xCB, 0xD7, 0xFF, 0xFF, 0xCC, 0xD8, 0xFF, 0xFF, 0xCD, 0xD9, 0xFF,
    0xFF, 0xCE, 0xDA, 0xFF, 0xFF, 0xD0, 0xDB, 0xFF, 0xFF, 0xD1, 0xDC, 0xFF, 0xFF, 0xD2, 0xDD, 0xFF,
    0xFF, 0xD3, 0xDD, 0xFF, 0xFF, 0xD3, 0xDE, 0xFF, 0xFF, 0xD4, 0xDE, 0xFF, 0xFF, 0xD4, 0xDE, 0xFF,
    0xFF, 0xD4, 0xDD, 0xFF, 0xFF, 0xD3, 0xDB, 0xFF, 0xFF, 0xD0, 0xD7, 0xFF, 0xFF, 0xCC, 0xD3, 0xFF,
    0xFF, 0xC6, 0xCC, 0xFD, 0xFF, 0xC4, 0xC8, 0xFC, 0xFF, 0xC3, 0xC6, 0xFF, 0xFF, 0xB4, 0xB4, 0x55,
    0x00, 0x00, 0x00, 0x00, 0xFF, 0xAA, 0xAA, 0x03, 0x00, 0x00, 0x00, 0x00, 0x00, 0x00, 0x00, 0x00,
    0x00, 0x00, 0x00, 0x00, 0x00, 0x00, 0x00, 0x00, 0x00, 0x00, 0x00, 0x00, 0x00, 0x00, 0x00, 0x00,
    0x00, 0x00, 0x00, 0x00, 0x00, 0x00, 0x00, 0x00, 0x00, 0x00, 0x00, 0x00, 0x00, 0x00, 0x00, 0x00,
    0xFF, 0xAA, 0xAA, 0x03, 0x00, 0x00, 0x00, 0x00, 0xF7, 0xB1, 0xB1, 0x6C, 0xFF, 0xC0, 0xC3, 0xFF,
    0xFF, 0xB5, 0xBA, 0xFA, 0xFF, 0xB8, 0xBE, 0xFE, 0xFF, 0xBC, 0xC4, 0xFF, 0xFF, 0xC0, 0xC9, 0xFF,
    0xFF, 0xC4, 0xCE, 0xFF, 0xFF, 0xC7, 0xD1, 0xFF, 0xFF, 0xC9, 0xD4, 0xFF, 0xFF, 0xCB, 0xD7, 0xFF,
    0xFF, 0xCE, 0xD9, 0xFF, 0xFF, 0xD0, 0xDB, 0xFF, 0xFF, 0xD2, 0xDD, 0xFF, 0xFF, 0xD4, 0xDF, 0xFF,
    0xFF, 0xD6, 0xE1, 0xFF, 0xFF, 0xD8, 0xE2, 0xFF, 0xFF, 0xDA, 0xE4, 0xFF, 0xFF, 0xDB, 0xE5, 0xFF,
    0xFF, 0xDC, 0xE5, 0xFF, 0xFF, 0xDC, 0xE4, 0xFF, 0xFF, 0xDC, 0xE3, 0xFF, 0xFF, 0xDB, 0xE3, 0xFF,
    0xFF, 0xDB, 0xE3, 0xFF, 0xFF, 0xDA, 0xE2, 0xFF, 0xFF, 0xD9, 0xE1, 0xFF, 0xFF, 0xD6, 0xDF, 0xFF,
    0xFF, 0xD4, 0xDD, 0xFF, 0xFF, 0xD2, 0xDC, 0xFF, 0xFF, 0xCF, 0xD9, 0xFF, 0xFF, 0xCD, 0xD8, 0xFF,
    0xFF, 0xCC, 0xD8, 0xFF, 0xFF, 0xCC, 0xD7, 0xFF, 0xFF, 0xCC, 0xD8, 0xFF, 0xFF, 0xCD, 0xD8, 0xFF,
    0xFF, 0xCD, 0xD9, 0xFF, 0xFF, 0xCE, 0xDA, 0xFF, 0xFF, 0xCF, 0xDB, 0xFF, 0xFF, 0xD0, 0xDB, 0xFF,
    0xFF, 0xD0, 0xDB, 0xFF, 0xFF, 0xD0, 0xDB, 0xFF, 0xFF, 0xD0, 0xDB, 0xFF, 0xFF, 0xCF, 0xD9, 0xFF,
    0xFF, 0xCD, 0xD7, 0xFF, 0xFF, 0xCB, 0xD3, 0xFF, 0xFF, 0xC8, 0xCF, 0xFF, 0xFF, 0xC3, 0xC9, 0xFC,
    0xFF, 0xC2, 0xC6, 0xFF, 0xFF, 0xC2, 0xC5, 0xFF, 0xFC, 0xB2, 0xB4, 0x67, 0x00, 0x00, 0x00, 0x00,
    0xFF, 0xBF, 0xBF, 0x04, 0x00, 0x00, 0x00, 0x00, 0x00, 0x00, 0x00, 0x00, 0x00, 0x00, 0x00, 0x00,
    0x00, 0x00, 0x00, 0x00, 0x00, 0x00, 0x00, 0x00, 0x00, 0x00, 0x00, 0x00, 0x00, 0x00, 0x00, 0x00,
    0x00, 0x00, 0x00, 0x00, 0x00, 0x00, 0x00, 0x00, 0x00, 0x00, 0x00, 0x00, 0x00, 0x00, 0x00, 0x00,
    0x00, 0x00, 0x00, 0x00, 0xFF, 0xAA, 0xAA, 0x03, 0x00, 0x00, 0x00, 0x00, 0xFA, 0xAE, 0xB2, 0x9C,
    0xFF, 0xC2, 0xC6, 0xFF, 0xFF, 0xB5, 0xBA, 0xFA, 0xFF, 0xB7, 0xBD, 0xFE, 0xFF, 0xBB, 0xC3, 0xFF,
    0xFF, 0xBE, 0xC8, 0xFF, 0xFF, 0xC2, 0xCC, 0xFF, 0xFF, 0xC4, 0xD0, 0xFF, 0xFF, 0xC7, 0xD2, 0xFF,
    0xFF, 0xCA, 0xD5, 0xFF, 0xFF, 0xCC, 0xD8, 0xFF, 0xFF, 0xCF, 0xDA, 0xFF, 0xFF, 0xD2, 0xDD, 0xFF,
    0xFF, 0xD5, 0xDF, 0xFF, 0xFF, 0xD7, 0xE1, 0xFF, 0xFF, 0xD9, 0xE3, 0xFF, 0xFF, 0xDA, 0xE4, 0xFF,
    0xFF, 0xDB, 0xE4, 0xFF, 0xFF, 0xDA, 0xE3, 0xFF, 0xFF, 0xDA, 0xE2, 0xFF, 0xFF, 0xDA, 0xE2, 0xFF,
    0xFF, 0xD9, 0xE2, 0xFF, 0xFF, 0xD9, 0xE2, 0xFF, 0xFF, 0xD9, 0xE1, 0xFF, 0xFF, 0xD8, 0xE1, 0xFF,
    0xFF, 0xD6, 0xE0, 0xFF, 0xFF, 0xD5, 0xDE, 0xFF, 0xFF, 0xD2, 0xDC, 0xFF, 0xFF, 0xD0, 0xDA, 0xFF,
    0xFF, 0xCE, 0xD9, 0xFF, 0xFF, 0xCD, 0xD9, 0xFF, 0xFF, 0xCD, 0xD8, 0xFF, 0xFF, 0xCD, 0xD9, 0xFF,
    0xFF, 0xCD, 0xD9, 0xFF, 0xFF, 0xCE, 0xDA, 0xFF, 0xFF, 0xCF, 0xDA, 0xFF, 0xFF, 0xCF, 0xDA, 0xFF,
    0xFF, 0xCF, 0xDA, 0xFF, 0xFF, 0xCD, 0xD8, 0xFF, 0xFF, 0xCA, 0xD5, 0xFF, 0xFF, 0xC8, 0xD2, 0xFF,
    0xFF, 0xC6, 0xCE, 0xFF, 0xFF, 0xC3, 0xCA, 0xFD, 0xFF, 0xC0, 0xC6, 0xFB, 0xFF, 0xC5, 0xCA, 0xFF,
    0xFD, 0xBC, 0xC0, 0xF4, 0xFF, 0xB2, 0xB5, 0x57, 0x00, 0x00, 0x00, 0x00, 0xFF, 0xBF, 0xBF, 0x04,
    0x00, 0x00, 0x00, 0x00, 0x00, 0x00, 0x00, 0x00, 0x00, 0x00, 0x00, 0x00, 0x00, 0x00, 0x00, 0x00,
    0x00, 0x00, 0x00, 0x00, 0x00, 0x00, 0x00, 0x00, 0x00, 0x00, 0x00, 0x00, 0x00, 0x00, 0x00, 0x00,
    0x00, 0x00, 0x00, 0x00, 0x00, 0x00, 0x00, 0x00, 0x00, 0x00, 0x00, 0x00, 0x00, 0x00, 0x00, 0x00,
    0x00, 0x00, 0x00, 0x00, 0xFF, 0x00, 0x00, 0x01, 0xFF, 0xFF, 0xFF, 0x02, 0x00, 0x00, 0x00, 0x01,
    0xFB, 0xB1, 0xB4, 0x9A, 0xFF, 0xC0, 0xC4, 0xFF, 0xFF, 0xB6, 0xBC, 0xFF, 0xFF, 0xB5, 0xBC, 0xFB,
    0xFF, 0xB8, 0xC0, 0xFE, 0xFF, 0xBC, 0xC4, 0xFF, 0xFF, 0xBF, 0xC8, 0xFF, 0xFF, 0xC2, 0xCC, 0xFF,
    0xFF, 0xC5, 0xD1, 0xFF, 0xFF, 0xC9, 0xD5, 0xFF, 0xFF, 0xCC, 0xD8, 0xFF, 0xFF, 0xCF, 0xDB, 0xFF,
    0xFF, 0xD2, 0xDD, 0xFF, 0xFF, 0xD5, 0xDF, 0xFF, 0xFF, 0xD7, 0xE1, 0xFF, 0xFF, 0xD8, 0xE1, 0xFF,
    0xFF, 0xD8, 0xE1, 0xFF, 0xFF, 0xD8, 0xE1, 0xFF, 0xFF, 0xD8, 0xE1, 0xFF, 0xFF, 0xD7, 0xE1, 0xFF,
    0xFF, 0xD7, 0xE1, 0xFF, 0xFF, 0xD7, 0xE0, 0xFF, 0xFF, 0xD7, 0xE0, 0xFF, 0xFF, 0xD7, 0xE0, 0xFF,
    0xFF, 0xD6, 0xDF, 0xFF, 0xFF, 0xD4, 0xDE, 0xFF, 0xFF, 0xD3, 0xDD, 0xFF, 0xFF, 0xD1, 0xDC, 0xFF,
    0xFF, 0xD0, 0xDA, 0xFF, 0xFF, 0xCE, 0xDA, 0xFF, 0xFF, 0xCD, 0xD9, 0xFF, 0xFF, 0xCD, 0xD9, 0xFF,
    0xFF, 0xCD, 0xD9, 0xFF, 0xFF, 0xCD, 0xD9, 0xFF, 0xFF, 0xCE, 0xDA, 0xFF, 0xFF, 0xCE, 0xD9, 0xFF,
    0xFF, 0xCC, 0xD6, 0xFF, 0xFF, 0xC7, 0xD1, 0xFF, 0xFF, 0xC3, 0xCB, 0xFE, 0xFF, 0xC1, 0xC8, 0xFC,
    0xFF, 0xBD, 0xC4, 0xFC, 0xFF, 0xC0, 0xC6, 0xFF, 0xFF, 0xC4, 0xCA, 0xFF, 0xFF, 0xB9, 0xBC, 0xC5,
    0xFF, 0xB1, 0xB1, 0x2E, 0x00, 0x00, 0x00, 0x00, 0xFF, 0xFF, 0xFF, 0x03, 0x00, 0x00, 0x00, 0x00,
    0x00, 0x00, 0x00, 0x00, 0x00, 0x00, 0x00, 0x00, 0x00, 0x00, 0x00, 0x00, 0x00, 0x00, 0x00, 0x00,
    0x00, 0x00, 0x00, 0x00, 0x00, 0x00, 0x00, 0x00, 0x00, 0x00, 0x00, 0x00, 0x00, 0x00, 0x00, 0x00,
    0x00, 0x00, 0x00, 0x00, 0x00, 0x00, 0x00, 0x00, 0x00, 0x00, 0x00, 0x00, 0x00, 0x00, 0x00, 0x00,
    0x00, 0x00, 0x00, 0x00, 0x00, 0x00, 0x00, 0x00, 0xFF, 0xFF, 0xFF, 0x01, 0xFF, 0x7F, 0x7F, 0x02,
    0x00, 0x00, 0x00, 0x00, 0xFA, 0xB0, 0xB4, 0x6E, 0xFD, 0xB5, 0xBA, 0xF1, 0xFF, 0xBF, 0xC5, 0xFF,
    0xFF, 0xB7, 0xBE, 0xFF, 0xFF, 0xB6, 0xBE, 0xFC, 0xFF, 0xB8, 0xC1, 0xFB, 0xFF, 0xBB, 0xC4, 0xFC,
    0xFF, 0xBE, 0xC8, 0xFD, 0xFF, 0xC2, 0xCD, 0xFD, 0xFF, 0xC6, 0xD1, 0xFD, 0xFF, 0xC8, 0xD4, 0xFD,
    0xFF, 0xCB, 0xD7, 0xFD, 0xFF, 0xCD, 0xD9, 0xFD, 0xFF, 0xD0, 0xDB, 0xFC, 0xFF, 0xD1, 0xDC, 0xFC,
    0xFF, 0xD1, 0xDD, 0xFC, 0xFF, 0xD2, 0xDD, 0xFC, 0xFF, 0xD2, 0xDD, 0xFC, 0xFF, 0xD2, 0xDD, 0xFC,
    0xFF, 0xD1, 0xDD, 0xFC, 0xFF, 0xD2, 0xDC, 0xFC, 0xFF, 0xD1, 0xDD, 0xFC, 0xFF, 0xD1, 0xDC, 0xFC,
    0xFF, 0xD1, 0xDC, 0xFC, 0xFF, 0xD0, 0xDC, 0xFC, 0xFF, 0xCF, 0xDB, 0xFC, 0xFF, 0xCD, 0xDA, 0xFC,
    0xFF, 0xCB, 0xD8, 0xFD, 0xFF, 0xCA, 0xD7, 0xFD, 0xFF, 0xCA, 0xD6, 0xFD, 0xFF, 0xCA, 0xD6, 0xFD,
    0xFF, 0xC8, 0xD5, 0xFE, 0xFF, 0xC8, 0xD4, 0xFE, 0xFF, 0xC9, 0xD5, 0xFD, 0xFF, 0xC8, 0xD2, 0xFC,
    0xFF, 0xC4, 0xCD, 0xFB, 0xFF, 0xBF, 0xC7, 0xFC, 0xFF, 0xBD, 0xC4, 0xFF, 0xFF, 0xC2, 0xC9, 0xFF,
    0xFF, 0xC2, 0xC8, 0xFF, 0xFF, 0xB8, 0xBD, 0xDE, 0xFF, 0xB7, 0xB9, 0x6B, 0xFF, 0x55, 0x55, 0x03,
    0x00, 0x00, 0x00, 0x00, 0xFF, 0xAA, 0xAA, 0x03, 0x00, 0x00, 0x00, 0x00, 0x00, 0x00, 0x00, 0x00,
    0x00, 0x00, 0x00, 0x00, 0x00, 0x00, 0x00, 0x00, 0x00, 0x00, 0x00, 0x00, 0x00, 0x00, 0x00, 0x00,
    0x00, 0x00, 0x00, 0x00, 0x00, 0x00, 0x00, 0x00, 0x00, 0x00, 0x00, 0x00, 0x00, 0x00, 0x00, 0x00,
    0x00, 0x00, 0x00, 0x00, 0x00, 0x00, 0x00, 0x00, 0x00, 0x00, 0x00, 0x00, 0x00, 0x00, 0x00, 0x00,
    0x00, 0x00, 0x00, 0x00, 0x00, 0x00, 0x00, 0x00, 0x00, 0x00, 0x00, 0x00, 0xFF, 0x00, 0x00, 0x01,
    0xFF, 0xFF, 0xFF, 0x02, 0x00, 0x00, 0x00, 0x00, 0xF7, 0xAA, 0xAA, 0x24, 0xFD, 0xB4, 0xB7, 0x96,
    0xFD, 0xB4, 0xB9, 0xEE, 0xFF, 0xBE, 0xC4, 0xFF, 0xFF, 0xC0, 0xC7, 0xFF, 0xFF, 0xBF, 0xC7, 0xFF,
    0xFF, 0xBE, 0xC6, 0xFF, 0xFF, 0xBE, 0xC7, 0xFF, 0xFF, 0xC0, 0xC9, 0xFF, 0xFF, 0xC2, 0xCB, 0xFF,
    0xFF, 0xC4, 0xCE, 0xFF, 0xFF, 0xC6, 0xD1, 0xFF, 0xFF, 0xC8, 0xD3, 0xFF, 0xFF, 0xC9, 0xD4, 0xFF,
    0xFF, 0xCA, 0xD5, 0xFF, 0xFF, 0xCB, 0xD6, 0xFF, 0xFF, 0xCC, 0xD7, 0xFF, 0xFF, 0xCB, 0xD6, 0xFF,
    0xFF, 0xCC, 0xD6, 0xFF, 0xFF, 0xCB, 0xD6, 0xFF, 0xFF, 0xCA, 0xD5, 0xFF, 0xFF, 0xCA, 0xD5, 0xFF,
    0xFF, 0xCA, 0xD5, 0xFF, 0xFF, 0xC9, 0xD4, 0xFF, 0xFF, 0xC9, 0xD4, 0xFF, 0xFF, 0xC8, 0xD3, 0xFF,
    0xFF, 0xC7, 0xD1, 0xFF, 0xFF, 0xC6, 0xD0, 0xFF, 0xFF, 0xC5, 0xCF, 0xFF, 0xFF, 0xC5, 0xCF, 0xFF,
    0xFF, 0xC3, 0xCD, 0xFF, 0xFF, 0xC4, 0xCD, 0xFF, 0xFF, 0xC4, 0xCD, 0xFF, 0xFF, 0xC5, 0xCD, 0xFF,
    0xFF, 0xC5, 0xCC, 0xFF, 0xFF, 0xC2, 0xC7, 0xFF, 0xFF, 0xB6, 0xBB, 0xF6, 0xFF, 0xB8, 0xBC, 0xBB,
    0xFF, 0xB5, 0xB8, 0x61, 0xFF, 0xB0, 0xB0, 0x0D, 0x00, 0x00, 0x00, 0x00, 0x00, 0x00, 0x00, 0x00,
    0xFF, 0x7F, 0x7F, 0x02, 0x00, 0x00, 0x00, 0x00, 0x00, 0x00, 0x00, 0x00, 0x00, 0x00, 0x00, 0x00,
    0x00, 0x00, 0x00, 0x00, 0x00, 0x00, 0x00, 0x00, 0x00, 0x00, 0x00, 0x00, 0x00, 0x00, 0x00, 0x00,
    0x00, 0x00, 0x00, 0x00, 0x00, 0x00, 0x00, 0x00, 0x00, 0x00, 0x00, 0x00, 0x00, 0x00, 0x00, 0x00,
    0x00, 0x00, 0x00, 0x00, 0x00, 0x00, 0x00, 0x00, 0x00, 0x00, 0x00, 0x00, 0x00, 0x00, 0x00, 0x00,
    0x00, 0x00, 0x00, 0x00, 0x00, 0x00, 0x00, 0x00, 0x00, 0x00, 0x00, 0x00, 0x00, 0x00, 0x00, 0x00,
    0x00, 0x00, 0x00, 0x00, 0xFF, 0xAA, 0xAA, 0x03, 0x00, 0x00, 0x00, 0x00, 0x00, 0x00, 0x00, 0x00,
    0xFF, 0xC8, 0xB6, 0x0E, 0xFF, 0xC0, 0xC0, 0x49, 0xFF, 0xBA, 0xBD, 0x89, 0xFF, 0xB7, 0xBB, 0xAF,
    0xFF, 0xB2, 0xB7, 0xCF, 0xFD, 0xB0, 0xB5, 0xE3, 0xFF, 0xB2, 0xB8, 0xE3, 0xFF, 0xB3, 0xB8, 0xDE,
    0xFF, 0xB2, 0xB8, 0xD6, 0xFF, 0xB2, 0xB8, 0xCF, 0xFF, 0xB2, 0xB9, 0xC9, 0xFF, 0xB3, 0xB8, 0xC6,
    0xFF, 0xB1, 0xB7, 0xC5, 0xFF, 0xB4, 0xBA, 0xB9, 0xFF, 0xB7, 0xBE, 0xAF, 0xFF, 0xB9, 0xC0, 0xB3,
    0xFF, 0xB9, 0xC1, 0xAF, 0xFF, 0xB5, 0xBD, 0xB8, 0xFF, 0xB2, 0xB8, 0xC2, 0xFF, 0xB3, 0xB9, 0xC0,
    0xFF, 0xB2, 0xB8, 0xC2, 0xFF, 0xB2, 0xB8, 0xC4, 0xFF, 0xB3, 0xB9, 0xC6, 0xFF, 0xB2, 0xB9, 0xC9,
    0xFF, 0xB3, 0xB9, 0xCD, 0xFF, 0xB2, 0xB8, 0xD5, 0xFF, 0xB3, 0xB9, 0xD5, 0xFF, 0xB6, 0xBE, 0xD0,
    0xFF, 0xB6, 0xBF, 0xDA, 0xFF, 0xB7, 0xC1, 0xD5, 0xFF, 0xB5, 0xBE, 0xD0, 0xFF, 0xB1, 0xB6, 0xC6,
    0xFF, 0xB4, 0xB9, 0x97, 0xFF, 0xB4, 0xB7, 0x5D, 0xFF, 0xB4, 0xB4, 0x22, 0x00, 0x00, 0x00, 0x00,
    0x00, 0x00, 0x00, 0x00, 0x00, 0x00, 0x00, 0x00, 0xFF, 0xAA, 0xAA, 0x03, 0xFF, 0x00, 0x00, 0x01,
    0x00, 0x00, 0x00, 0x00, 0x00, 0x00, 0x00, 0x00, 0x00, 0x00, 0x00, 0x00, 0x00, 0x00, 0x00, 0x00,
    0x00, 0x00, 0x00, 0x00, 0x00, 0x00, 0x00, 0x00, 0x00, 0x00, 0x00, 0x00, 0x00, 0x00, 0x00, 0x00,
    0x00, 0x00, 0x00, 0x00, 0x00, 0x00, 0x00, 0x00, 0x00, 0x00, 0x00, 0x00, 0x00, 0x00, 0x00, 0x00,
    0x00, 0x00, 0x00, 0x00, 0x00, 0x00, 0x00, 0x00, 0x00, 0x00, 0x00, 0x00, 0x00, 0x00, 0x00, 0x00,
    0x00, 0x00, 0x00, 0x00, 0x00, 0x00, 0x00, 0x00, 0x00, 0x00, 0x00, 0x00, 0x00, 0x00, 0x00, 0x00,
    0x00, 0x00, 0x00, 0x00, 0x00, 0x00, 0x00, 0x00, 0xFF, 0x7F, 0xBF, 0x04, 0x00, 0x00, 0x00, 0x00,
    0xD9, 0x82, 0xA8, 0x2F, 0xE3, 0x6C, 0x89, 0x84, 0xE5, 0x63, 0x76, 0x9F, 0xE9, 0x65, 0x73, 0x79,
    0xD5, 0x73, 0x83, 0x1F, 0xFF, 0xFF, 0xFF, 0x03, 0xFF, 0xA2, 0xA2, 0x0B, 0xFF, 0xB6, 0xB6, 0x07,
    0xFF, 0xAA, 0x55, 0x03, 0x00, 0x00, 0x00, 0x00, 0x00, 0x00, 0x00, 0x00, 0x00, 0x00, 0x00, 0x00,
    0x00, 0x00, 0x00, 0x00, 0xD1, 0x88, 0xA3, 0x1C, 0xEE, 0x7C, 0x86, 0x7D, 0xE8, 0x6B, 0x6A, 0xA1,
    0xEC, 0x66, 0x55, 0x7D, 0xC8, 0x51, 0x2D, 0x1C, 0x00, 0x00, 0x00, 0x00, 0x00, 0x00, 0x00, 0x00,
    0x00, 0x00, 0x00, 0x00, 0x00, 0x00, 0x00, 0x00, 0x00, 0x00, 0x00, 0x00, 0x00, 0x00, 0x00, 0x00,
    0x00, 0x00, 0x00, 0x00, 0x00, 0x00, 0x00, 0x00, 0xEC, 0x9A, 0xA3, 0x1C, 0xF5, 0x84, 0x7C, 0x85,
    0xF2, 0x79, 0x5D, 0xB6, 0xF3, 0x7B, 0x50, 0x9B, 0xE8, 0x7A, 0x51, 0x38, 0x00, 0x00, 0x00, 0x00,
    0x00, 0x00, 0x00, 0x00, 0x00, 0x00, 0x00, 0x00, 0x00, 0x00, 0x00, 0x00, 0xFF, 0xFF, 0xFF, 0x01,
    0xFF, 0xFF, 0xFF, 0x03, 0xFF, 0xFF, 0xFF, 0x01, 0x00, 0x00, 0x00, 0x00, 0x00, 0x00, 0x00, 0x00,
    0x00, 0x00, 0x00, 0x00, 0x00, 0x00, 0x00, 0x00, 0x00, 0x00, 0x00, 0x00, 0x00, 0x00, 0x00, 0x00,
    0x00, 0x00, 0x00, 0x00, 0x00, 0x00, 0x00, 0x00, 0x00, 0x00, 0x00, 0x00, 0x00, 0x00, 0x00, 0x00,
    0x00, 0x00, 0x00, 0x00, 0x00, 0x00, 0x00, 0x00, 0x00, 0x00, 0x00, 0x00, 0x00, 0x00, 0x00, 0x00,
    0x00, 0x00, 0x00, 0x00, 0x00, 0x00, 0x00, 0x00, 0x00, 0x00, 0x00, 0x00, 0x00, 0x00, 0x00, 0x00,
    0x00, 0x00, 0x00, 0x00, 0x00, 0x00, 0x00, 0x00, 0x00, 0x00, 0x00, 0x00, 0x00, 0x00, 0x00, 0x00,
    0x00, 0x00, 0x00, 0x00, 0xFF, 0x55, 0xAA, 0x03, 0x00, 0x00, 0x00, 0x00, 0xE2, 0x7B, 0x97, 0x59,
    0xED, 0x62, 0x78, 0xFD, 0xF8, 0x4F, 0x5E, 0xFF, 0xF7, 0x45, 0x4C, 0xFF, 0xFD, 0x4B, 0x4C, 0xFF,
    0xEF, 0x53, 0x52, 0xE6, 0xE2, 0x5C, 0x5C, 0x2C, 0x00, 0x00, 0x00, 0x00, 0x00, 0x00, 0x00, 0x00,
    0x00, 0x00, 0x00, 0x00, 0x00, 0x00, 0x00, 0x00, 0xFF, 0xAA, 0xAA, 0x03, 0x00, 0x00, 0x00, 0x00,
    0xE7, 0x89, 0xA0, 0x41, 0xF5, 0x72, 0x7D, 0xF2, 0xFF, 0x63, 0x5E, 0xFF, 0xFC, 0x59, 0x46, 0xFF,
    0xFF, 0x5D, 0x43, 0xFF, 0xF2, 0x63, 0x49, 0xF3, 0xE7, 0x6C, 0x58, 0x42, 0xFF, 0xFF, 0xFF, 0x01,
    0xFF, 0x7F, 0x7F, 0x04, 0xFF, 0x7F, 0x7F, 0x02, 0xFF, 0xFF, 0xFF, 0x01, 0xFF, 0xAA, 0xAA, 0x03,
    0x00, 0x00, 0x00, 0x00, 0xEC, 0x95, 0xA1, 0x29, 0xF7, 0x7D, 0x7A, 0xE1, 0xFF, 0x71, 0x57, 0xFF,
    0xFF, 0x6B, 0x3C, 0xFF, 0xFF, 0x75, 0x3D, 0xFF, 0xF9, 0x80, 0x4A, 0xF9, 0xF0, 0x83, 0x58, 0x59,
    0xFF, 0xFF, 0xFF, 0x01, 0xFF, 0xAA, 0x7F, 0x06, 0xFF, 0x7F, 0x7F, 0x02, 0x00, 0x00, 0x00, 0x00,
    0x00, 0x00, 0x00, 0x00, 0x00, 0x00, 0x00, 0x00, 0x00, 0x00, 0x00, 0x00, 0x00, 0x00, 0x00, 0x00,
    0x00, 0x00, 0x00, 0x00, 0x00, 0x00, 0x00, 0x00, 0x00, 0x00, 0x00, 0x00, 0x00, 0x00, 0x00, 0x00,
    0x00, 0x00, 0x00, 0x00, 0x00, 0x00, 0x00, 0x00, 0x00, 0x00, 0x00, 0x00, 0x00, 0x00, 0x00, 0x00,
    0x00, 0x00, 0x00, 0x00, 0x00, 0x00, 0x00, 0x00, 0x00, 0x00, 0x00, 0x00, 0x00, 0x00, 0x00, 0x00,
    0x00, 0x00, 0x00, 0x00, 0x00, 0x00, 0x00, 0x00, 0x00, 0x00, 0x00, 0x00, 0x00, 0x00, 0x00, 0x00,
    0x00, 0x00, 0x00, 0x00, 0x00, 0x00, 0x00, 0x00, 0x00, 0x00, 0x00, 0x00, 0x00, 0x00, 0x00, 0x00,
    0xFF, 0x7F, 0x7F, 0x02, 0x00, 0x00, 0x00, 0x00, 0xE4, 0x8C, 0xAE, 0x26, 0xED, 0x60, 0x76, 0xF5,
    0xF1, 0x3D, 0x46, 0xFF, 0xED, 0x2E, 0x30, 0xFA, 0xEE, 0x2C, 0x2B, 0xFC, 0xEF, 0x2E, 0x2B, 0xF8,
    0xFF, 0x42, 0x3C, 0xFF, 0xE7, 0x50, 0x4B, 0xC4, 0xFF, 0xFF, 0xFF, 0x02, 0xAA, 0x55, 0x55, 0x03,
    0xFF, 0x00, 0x00, 0x01, 0xFF, 0x7F, 0x7F, 0x02, 0xFF, 0x7F, 0x7F, 0x02, 0xF2, 0xA5, 0xBF, 0x14,
    0xF3, 0x6E, 0x7B, 0xE5, 0xFE, 0x52, 0x4D, 0xFF, 0xF6, 0x43, 0x32, 0xF9, 0xF6, 0x44, 0x2C, 0xFC,
    0xF5, 0x4A, 0x2F, 0xF9, 0xFF, 0x5C, 0x3F, 0xFF, 0xEB, 0x64, 0x4C, 0xDB, 0xDF, 0x7F, 0x7F, 0x08,
    0xFF, 0xFF, 0x00, 0x01, 0xFF, 0x00, 0x00, 0x01, 0xFF, 0xFF, 0xFF, 0x01, 0xFF, 0x3F, 0x3F, 0x04,
    0xFF, 0xDA, 0xFF, 0x07, 0xF7, 0x7D, 0x7E, 0xD0, 0xFF, 0x6A, 0x55, 0xFF, 0xFC, 0x5C, 0x33, 0xF9,
    0xFD, 0x62, 0x32, 0xFD, 0xFD, 0x6F, 0x3E, 0xFA, 0xFF, 0x82, 0x4F, 0xFF, 0xF9, 0x84, 0x56, 0xF0,
    0xF2, 0x85, 0x61, 0x15, 0xFF, 0x00, 0x00, 0x01, 0xFF, 0xFF, 0xFF, 0x01, 0x00, 0x00, 0x00, 0x00,
    0x00, 0x00, 0x00, 0x00, 0x00, 0x00, 0x00, 0x00, 0x00, 0x00, 0x00, 0x00, 0x00, 0x00, 0x00, 0x00,
    0x00, 0x00, 0x00, 0x00, 0x00, 0x00, 0x00, 0x00, 0x00, 0x00, 0x00, 0x00, 0x00, 0x00, 0x00, 0x00,
    0x00, 0x00, 0x00, 0x00, 0x00, 0x00, 0x00, 0x00, 0x00, 0x00, 0x00, 0x00, 0x00, 0x00, 0x00, 0x00,
    0x00, 0x00, 0x00, 0x00, 0x00, 0x00, 0x00, 0x00, 0x00, 0x00, 0x00, 0x00, 0x00, 0x00, 0x00, 0x00,
    0x00, 0x00, 0x00, 0x00, 0x00, 0x00, 0x00, 0x00, 0x00, 0x00, 0x00, 0x00, 0x00, 0x00, 0x00, 0x00,
    0x00, 0x00, 0x00, 0x00, 0x00, 0x00, 0x00, 0x00, 0x00, 0x00, 0x00, 0x00, 0xFF, 0x00, 0x00, 0x01,
    0xFF, 0x55, 0x55, 0x03, 0xFF, 0xFF, 0xFF, 0x03, 0xEA, 0x67, 0x7E, 0xC6, 0xFB, 0x47, 0x54, 0xFF,
    0xF2, 0x2F, 0x32, 0xFC, 0xF8, 0x2B, 0x2B, 0xFF, 0xF9, 0x2C, 0x2C, 0xFF, 0xF9, 0x30, 0x30, 0xFE,
    0xF7, 0x34, 0x31, 0xFE, 0xED, 0x40, 0x3C, 0xF8, 0xE5, 0x55, 0x55, 0x1E, 0x00, 0x00, 0x00, 0x00,
    0xFF, 0x7F, 0x7F, 0x02, 0xFF, 0x3F, 0x7F, 0x04, 0x00, 0x00, 0x00, 0x00, 0xF3, 0x70, 0x84, 0xAA,
    0xFF, 0x57, 0x59, 0xFF, 0xFA, 0x40, 0x33, 0xFB, 0xFC, 0x40, 0x2E, 0xFF, 0xFD, 0x43, 0x2E, 0xFF,
    0xFD, 0x4B, 0x34, 0xFF, 0xFA, 0x52, 0x39, 0xFD, 0xF7, 0x5D, 0x43, 0xFF, 0xE6, 0x62, 0x4E, 0x34,
    0x00, 0x00, 0x00, 0x00, 0xFF, 0x7F, 0x7F, 0x02, 0xFF, 0x7F, 0x7F, 0x04, 0x00, 0x00, 0x00, 0x00,
    0xF7, 0x7F, 0x88, 0x8C, 0xFF, 0x6D, 0x61, 0xFF, 0xFF, 0x56, 0x35, 0xFA, 0xFF, 0x5A, 0x30, 0xFF,
    0xFF, 0x62, 0x35, 0xFF, 0xFF, 0x6F, 0x41, 0xFF, 0xFF, 0x79, 0x4B, 0xFC, 0xFF, 0x88, 0x55, 0xFF,
    0xF2, 0x82, 0x52, 0x50, 0x00, 0x00, 0x00, 0x00, 0xFF, 0xAA, 0x55, 0x03, 0x00, 0x00, 0x00, 0x00,
    0x00, 0x00, 0x00, 0x00, 0x00, 0x00, 0x00, 0x00, 0x00, 0x00, 0x00, 0x00, 0x00, 0x00, 0x00, 0x00,
    0x00, 0x00, 0x00, 0x00, 0x00, 0x00, 0x00, 0x00, 0x00, 0x00, 0x00, 0x00, 0x00, 0x00, 0x00, 0x00,
    0x00, 0x00, 0x00, 0x00, 0x00, 0x00, 0x00, 0x00, 0x00, 0x00, 0x00, 0x00, 0x00, 0x00, 0x00, 0x00,
    0x00, 0x00, 0x00, 0x00, 0x00, 0x00, 0x00, 0x00, 0x00, 0x00, 0x00, 0x00, 0x00, 0x00, 0x00, 0x00,
    0x00, 0x00, 0x00, 0x00, 0x00, 0x00, 0x00, 0x00, 0x00, 0x00, 0x00, 0x00, 0x00, 0x00, 0x00, 0x00,
    0x00, 0x00, 0x00, 0x00, 0x00, 0x00, 0x00, 0x00, 0x00, 0x00, 0x00, 0x00, 0xFF, 0x3F, 0x7F, 0x04,
    0x00, 0x00, 0x00, 0x00, 0xE7, 0x6D, 0x87, 0x80, 0xFF, 0x53, 0x64, 0xFF, 0xF6, 0x31, 0x36, 0xFB,
    0xFB, 0x2C, 0x2D, 0xFF, 0xFE, 0x2C, 0x2C, 0xFF, 0xFE, 0x2E, 0x31, 0xFF, 0xFD, 0x30, 0x32, 0xFE,
    0xFF, 0x2F, 0x2E, 0xFE, 0xF3, 0x32, 0x2F, 0xF9, 0xDF, 0x4F, 0x47, 0x20, 0x00, 0x00, 0x00, 0x00,
    0xFF, 0x66, 0x66, 0x05, 0x00, 0x00, 0x00, 0x00, 0xF1, 0x76, 0x8D, 0x61, 0xFF, 0x5A, 0x65, 0xFF,
    0xFC, 0x3D, 0x36, 0xFB, 0xFE, 0x3D, 0x2F, 0xFF, 0xFF, 0x3E, 0x2E, 0xFF, 0xFF, 0x43, 0x32, 0xFF,
    0xFE, 0x48, 0x35, 0xFF, 0xFF, 0x4C, 0x34, 0xFE, 0xFF, 0x50, 0x34, 0xFF, 0xEC, 0x58, 0x40, 0x37,
    0x00, 0x00, 0x00, 0x00, 0xFF, 0x55, 0x55, 0x06, 0x00, 0x00, 0x00, 0x00, 0xF7, 0x87, 0x96, 0x44,
    0xFE, 0x6C, 0x68, 0xFF, 0xFD, 0x55, 0x3A, 0xFC, 0xFF, 0x56, 0x31, 0xFF, 0xFF, 0x5B, 0x32, 0xFF,
    0xFF, 0x61, 0x38, 0xFF, 0xFF, 0x6A, 0x3E, 0xFF, 0xFF, 0x71, 0x42, 0xFC, 0xFF, 0x7C, 0x47, 0xFF,
    0xF5, 0x76, 0x48, 0x54, 0x00, 0x00, 0x00, 0x00, 0xFF, 0xAA, 0x55, 0x03, 0x00, 0x00, 0x00, 0x00,
    0x00, 0x00, 0x00, 0x00, 0x00, 0x00, 0x00, 0x00, 0x00, 0x00, 0x00, 0x00, 0x00, 0x00, 0x00, 0x00,
    0x00, 0x00, 0x00, 0x00, 0x00, 0x00, 0x00, 0x00, 0x00, 0x00, 0x00, 0x00, 0x00, 0x00, 0x00, 0x00,
    0x00, 0x00, 0x00, 0x00, 0x00, 0x00, 0x00, 0x00, 0x00, 0x00, 0x00, 0x00, 0x00, 0x00, 0x00, 0x00,
    0x00, 0x00, 0x00, 0x00, 0x00, 0x00, 0x00, 0x00, 0x00, 0x00, 0x00, 0x00, 0x00, 0x00, 0x00, 0x00,
    0x00, 0x00, 0x00, 0x00, 0x00, 0x00, 0x00, 0x00, 0x00, 0x00, 0x00, 0x00, 0x00, 0x00, 0x00, 0x00,
    0x00, 0x00, 0x00, 0x00, 0x00, 0x00, 0x00, 0x00, 0xFF, 0x55, 0xAA, 0x03, 0x00, 0x00, 0x00, 0x00,
    0xE4, 0x78, 0x93, 0x39, 0xF4, 0x5A, 0x6D, 0xFC, 0xF7, 0x38, 0x3F, 0xFC, 0xFA, 0x2E, 0x2F, 0xFE,
    0xFF, 0x2D, 0x2D, 0xFF, 0xFF, 0x2F, 0x31, 0xFF, 0xFF, 0x31, 0x33, 0xFF, 0xFF, 0x2F, 0x31, 0xFC,
    0xFF, 0x29, 0x2A, 0xFF, 0xF8, 0x2C, 0x2C, 0xC9, 0xFF, 0x7F, 0x7F, 0x02, 0xFF, 0x3F, 0x3F, 0x04,
    0xFF, 0x00, 0x00, 0x01, 0xF7, 0x87, 0xA5, 0x22, 0xF9, 0x58, 0x68, 0xF2, 0xFF, 0x3C, 0x3C, 0xFD,
    0xFF, 0x38, 0x2F, 0xFE, 0xFF, 0x3B, 0x2E, 0xFF, 0xFF, 0x40, 0x32, 0xFF, 0xFF, 0x43, 0x35, 0xFF,
    0xFF, 0x45, 0x34, 0xFD, 0xFF, 0x45, 0x2C, 0xFE, 0xFA, 0x43, 0x2A, 0xE2, 0xE7, 0x5C, 0x5C, 0x0B,
    0xFF, 0x7F, 0x00, 0x02, 0xFF, 0x00, 0x00, 0x02, 0xF0, 0xA5, 0xC3, 0x11, 0xFB, 0x6A, 0x6C, 0xE1,
    0xFF, 0x56, 0x41, 0xFE, 0xFF, 0x51, 0x30, 0xFD, 0xFF, 0x57, 0x31, 0xFF, 0xFF, 0x5E, 0x37, 0xFF,
    0xFF, 0x63, 0x3C, 0xFF, 0xFF, 0x66, 0x3B, 0xFE, 0xFF, 0x69, 0x36, 0xFD, 0xFD, 0x69, 0x39, 0xF5,
    0xF5, 0x67, 0x4B, 0x1B, 0x00, 0x00, 0x00, 0x00, 0xFF, 0x00, 0x7F, 0x02, 0x00, 0x00, 0x00, 0x00,
    0x00, 0x00, 0x00, 0x00, 0x00, 0x00, 0x00, 0x00, 0x00, 0x00, 0x00, 0x00, 0x00, 0x00, 0x00, 0x00,
    0x00, 0x00, 0x00, 0x00, 0x00, 0x00, 0x00, 0x00, 0x00, 0x00, 0x00, 0x00, 0x00, 0x00, 0x00, 0x00,
    0x00, 0x00, 0x00, 0x00, 0x00, 0x00, 0x00, 0x00, 0x00, 0x00, 0x00, 0x00, 0x00, 0x00, 0x00, 0x00,
    0x00, 0x00, 0x00, 0x00, 0x00, 0x00, 0x00, 0x00, 0x00, 0x00, 0x00, 0x00, 0x00, 0x00, 0x00, 0x00,
    0x00, 0x00, 0x00, 0x00, 0x00, 0x00, 0x00, 0x00, 0x00, 0x00, 0x00, 0x00, 0x00, 0x00, 0x00, 0x00,
    0x00, 0x00, 0x00, 0x00, 0xFF, 0xFF, 0xFF, 0x01, 0xFF, 0x00, 0x00, 0x02, 0xE7, 0xA2, 0xB9, 0x0B,
    0xEC, 0x5F, 0x74, 0xD9, 0xFD, 0x42, 0x4C, 0xFF, 0xFA, 0x2F, 0x31, 0xFD, 0xFF, 0x2E, 0x2D, 0xFF,
    0xFF, 0x30, 0x31, 0xFF, 0xFF, 0x32, 0x34, 0xFF, 0xFF, 0x32, 0x35, 0xFE, 0xFF, 0x2A, 0x2C, 0xFC,
    0xFF, 0x29, 0x2B, 0xFD, 0xFA, 0x37, 0x3B, 0x3C, 0x00, 0x00, 0x00, 0x00, 0xFF, 0x33, 0x33, 0x05,
    0xFF, 0xFF, 0xFF, 0x01, 0xF7, 0x57, 0x69, 0xC1, 0xFF, 0x3C, 0x42, 0xFF, 0xFD, 0x32, 0x2E, 0xFC,
    0xFF, 0x36, 0x2E, 0xFF, 0xFF, 0x3B, 0x32, 0xFF, 0xFF, 0x40, 0x36, 0xFF, 0xFF, 0x43, 0x37, 0xFF,
    0xFF, 0x41, 0x2F, 0xFB, 0xFF, 0x40, 0x2C, 0xFF, 0xFC, 0x43, 0x37, 0x57, 0x00, 0x00, 0x00, 0x00,
    0xFF, 0x55, 0x2A, 0x06, 0x00, 0x00, 0x00, 0x00, 0xFA, 0x68, 0x71, 0xA4, 0xFF, 0x57, 0x48, 0xFF,
    0xFF, 0x4C, 0x2E, 0xFC, 0xFF, 0x52, 0x30, 0xFF, 0xFF, 0x59, 0x36, 0xFF, 0xFF, 0x5F, 0x3B, 0xFF,
    0xFF, 0x63, 0x3D, 0xFF, 0xFF, 0x63, 0x36, 0xFB, 0xFF, 0x69, 0x37, 0xFF, 0xFC, 0x62, 0x3D, 0x75,
    0x00, 0x00, 0x00, 0x00, 0xFF, 0x55, 0x55, 0x03, 0x00, 0x00, 0x00, 0x00, 0x00, 0x00, 0x00, 0x00,
    0x00, 0x00, 0x00, 0x00, 0x00, 0x00, 0x00, 0x00, 0x00, 0x00, 0x00, 0x00, 0x00, 0x00, 0x00, 0x00,
    0x00, 0x00, 0x00, 0x00, 0x00, 0x00, 0x00, 0x00, 0x00, 0x00, 0x00, 0x00, 0x00, 0x00, 0x00, 0x00,
    0x00, 0x00, 0x00, 0x00, 0x00, 0x00, 0x00, 0x00, 0x00, 0x00, 0x00, 0x00, 0x00, 0x00, 0x00, 0x00,
    0x00, 0x00, 0x00, 0x00, 0x00, 0x00, 0x00, 0x00, 0x00, 0x00, 0x00, 0x00, 0x00, 0x00, 0x00, 0x00,
    0x00, 0x00, 0x00, 0x00, 0x00, 0x00, 0x00, 0x00, 0x00, 0x00, 0x00, 0x00, 0x00, 0x00, 0x00, 0x00,
    0x00, 0x00, 0x00, 0x00, 0xFF, 0x55, 0x55, 0x03, 0x00, 0x00, 0x00, 0x00, 0xE7, 0x62, 0x7A, 0x98,
    0xFF, 0x4D, 0x5B, 0xFF, 0xF6, 0x31, 0x34, 0xFC, 0xFF, 0x2F, 0x2E, 0xFF, 0xFF, 0x31, 0x30, 0xFF,
    0xFF, 0x33, 0x36, 0xFF, 0xFF, 0x34, 0x37, 0xFF, 0xFF, 0x2E, 0x31, 0xFB, 0xFF, 0x2C, 0x2F, 0xFF,
    0xFF, 0x33, 0x38, 0x82, 0x00, 0x00, 0x00, 0x00, 0xFF, 0x2A, 0x2A, 0x06, 0x00, 0x00, 0x00, 0x00,
    0xF0, 0x5A, 0x6D, 0x79, 0xFF, 0x3C, 0x46, 0xFF, 0xFF, 0x2A, 0x2B, 0xFB, 0xFF, 0x31, 0x2E, 0xFF,
    0xFF, 0x36, 0x31, 0xFF, 0xFF, 0x3C, 0x36, 0xFF, 0xFF, 0x40, 0x39, 0xFF, 0xFF, 0x3E, 0x34, 0xFC,
    0xFF, 0x3E, 0x2E, 0xFF, 0xFD, 0x3E, 0x33, 0xA2, 0x00, 0x00, 0x00, 0x00, 0xFF, 0x66, 0x33, 0x05,
    0x00, 0x00, 0x00, 0x00, 0xF3, 0x6A, 0x78, 0x5B, 0xFF, 0x53, 0x4B, 0xFF, 0xFF, 0x46, 0x2B, 0xFB,
    0xFF, 0x4E, 0x30, 0xFF, 0xFF, 0x54, 0x34, 0xFF, 0xFF, 0x5B, 0x3A, 0xFF, 0xFF, 0x60, 0x3D, 0xFF,
    0xFF, 0x60, 0x39, 0xFC, 0xFF, 0x64, 0x36, 0xFF, 0xFD, 0x60, 0x3B, 0xBE, 0x00, 0x00, 0x01, 0x00,
    0xFF, 0x55, 0x55, 0x03, 0xFF, 0x00, 0x00, 0x01, 0x00, 0x00, 0x00, 0x00, 0x00, 0x00, 0x00, 0x00,
    0x00, 0x00, 0x00, 0x00, 0x00, 0x00, 0x00, 0x00, 0x00, 0x00, 0x00, 0x00, 0x00, 0x00, 0x00, 0x00,
    0x00, 0x00, 0x00, 0x00, 0x00, 0x00, 0x00, 0x00, 0x00, 0x00, 0x00, 0x00, 0x00, 0x00, 0x00, 0x00,
    0x00, 0x00, 0x00, 0x00, 0x00, 0x00, 0x00, 0x00, 0x00, 0x00, 0x00, 0x00, 0x00, 0x00, 0x00, 0x00,
    0x00, 0x00, 0x00, 0x00, 0x00, 0x00, 0x00, 0x00, 0x00, 0x00, 0x00, 0x00, 0x00, 0x00, 0x00, 0x00,
    0x00, 0x00, 0x00, 0x00, 0x00, 0x00, 0x00, 0x00, 0x00, 0x00, 0x00, 0x00, 0x00, 0x00, 0x00, 0x00,
    0xAA, 0x55, 0x55, 0x03, 0x00, 0x00, 0x00, 0x00, 0xDB, 0x63, 0x77, 0x40, 0xF3, 0x51, 0x60, 0xFF,
    0xF5, 0x35, 0x3A, 0xFC, 0xFC, 0x2F, 0x2F, 0xFF, 0xFF, 0x30, 0x30, 0xFF, 0xFF, 0x34, 0x36, 0xFF,
    0xFF, 0x36, 0x38, 0xFF, 0xFF, 0x33, 0x35, 0xFC, 0xFF, 0x2D, 0x30, 0xFF, 0xFF, 0x30, 0x36, 0xC8,
    0xFF, 0x7F, 0x7F, 0x04, 0xFF, 0x33, 0x33, 0x05, 0x00, 0x00, 0x00, 0x00, 0xEB, 0x5F, 0x72, 0x28,
    0xF7, 0x39, 0x41, 0xF9, 0xFD, 0x27, 0x27, 0xFD, 0xFF, 0x2D, 0x2D, 0xFE, 0xFF, 0x31, 0x31, 0xFF,
    0xFF, 0x36, 0x36, 0xFF, 0xFF, 0x3B, 0x39, 0xFF, 0xFF, 0x3C, 0x37, 0xFD, 0xFF, 0x39, 0x30, 0xFF,
    0xFF, 0x3A, 0x33, 0xDE, 0xFF, 0x55, 0x55, 0x0F, 0xFF, 0x55, 0x00, 0x03, 0xFF, 0x00, 0x00, 0x02,
    0xE7, 0x73, 0x8B, 0x16, 0xF8, 0x4A, 0x47, 0xEC, 0xFF, 0x40, 0x28, 0xFE, 0xFF, 0x47, 0x2D, 0xFD,
    0xFF, 0x4F, 0x32, 0xFF, 0xFF, 0x56, 0x39, 0xFF, 0xFF, 0x5C, 0x3D, 0xFF, 0xFF, 0x5D, 0x3C, 0xFD,
    0xFF, 0x5D, 0x35, 0xFD, 0xFF, 0x5D, 0x38, 0xF0, 0xFF, 0x5F, 0x47, 0x20, 0x01, 0x00, 0x00, 0x00,
    0xFF, 0x7F, 0x7F, 0x02, 0x00, 0x00, 0x00, 0x00, 0x00, 0x00, 0x00, 0x00, 0x00, 0x00, 0x00, 0x00,
    0x00, 0x00, 0x00, 0x00, 0x00, 0x00, 0x00, 0x00, 0x00, 0x00, 0x00, 0x00, 0x00, 0x00, 0x00, 0x00,
    0x00, 0x00, 0x00, 0x00, 0x00, 0x00, 0x00, 0x00, 0x00, 0x00, 0x00, 0x00, 0x00, 0x00, 0x00, 0x00,
    0x00, 0x00, 0x00, 0x00, 0x00, 0x00, 0x00, 0x00, 0x00, 0x00, 0x00, 0x00, 0x00, 0x00, 0x00, 0x00,
    0x00, 0x00, 0x00, 0x00, 0x00, 0x00, 0x00, 0x00, 0x00, 0x00, 0x00, 0x00, 0x00, 0x00, 0x00, 0x00,
    0x00, 0x00, 0x00, 0x00, 0x00, 0x00, 0x00, 0x00, 0x00, 0x00, 0x00, 0x00, 0x00, 0x00, 0x00, 0x00,
    0xBF, 0x3F, 0x3F, 0x04, 0x00, 0x00, 0x00, 0x00, 0xDD, 0x47, 0x50, 0x99, 0xFA, 0x3B, 0x41, 0xFE,
    0xF6, 0x2D, 0x2D, 0xFB, 0xFF, 0x30, 0x2F, 0xFF, 0xFF, 0x35, 0x35, 0xFF, 0xFF, 0x37, 0x39, 0xFF,
    0xFF, 0x36, 0x38, 0xFE, 0xFF, 0x2F, 0x31, 0xFC, 0xFF, 0x30, 0x36, 0xF5, 0xFF, 0x46, 0x4C, 0x28,
    0x00, 0x00, 0x00, 0x00, 0xDA, 0x48, 0x48, 0x07, 0x00, 0x00, 0x00, 0x00, 0xEA, 0x3C, 0x42, 0x7B,
    0xFF, 0x26, 0x25, 0xFF, 0xFC, 0x27, 0x25, 0xFB, 0xFF, 0x30, 0x30, 0xFF, 0xFF, 0x35, 0x36, 0xFF,
    0xFF, 0x38, 0x3A, 0xFF, 0xFF, 0x39, 0x3A, 0xFE, 0xFF, 0x34, 0x32, 0xFC, 0xFF, 0x36, 0x34, 0xFF,
    0xFF, 0x42, 0x42, 0x41, 0x00, 0x00, 0x00, 0x00, 0xFF, 0x55, 0x55, 0x06, 0x00, 0x00, 0x00, 0x00,
    0xEB, 0x4B, 0x4E, 0x5B, 0xFF, 0x3A, 0x2A, 0xFF, 0xFF, 0x3B, 0x23, 0xFC, 0xFF, 0x49, 0x31, 0xFF,
    0xFF, 0x50, 0x38, 0xFF, 0xFF, 0x56, 0x3D, 0xFF, 0xFF, 0x5A, 0x3D, 0xFF, 0xFF, 0x59, 0x36, 0xFB,
    0xFF, 0x5D, 0x38, 0xFF, 0xFF, 0x5A, 0x41, 0x5D, 0x00, 0x00, 0x00, 0x00, 0xFF, 0x55, 0x55, 0x03,
    0x00, 0x00, 0x00, 0x00, 0x00, 0x00, 0x00, 0x00, 0x00, 0x00, 0x00, 0x00, 0x00, 0x00, 0x00, 0x00,
    0x00, 0x00, 0x00, 0x00, 0x00, 0x00, 0x00, 0x00, 0x00, 0x00, 0x00, 0x00, 0x00, 0x00, 0x00, 0x00,
    0x00, 0x00, 0x00, 0x00, 0x00, 0x00, 0x00, 0x00, 0x00, 0x00, 0x00, 0x00, 0x00, 0x00, 0x00, 0x00,
    0x00, 0x00, 0x00, 0x00, 0x00, 0x00, 0x00, 0x00, 0x00, 0x00, 0x00, 0x00, 0x00, 0x00, 0x00, 0x00,
    0x00, 0x00, 0x00, 0x00, 0x00, 0x00, 0x00, 0x00, 0x00, 0x00, 0x00, 0x00, 0x00, 0x00, 0x00, 0x00,
    0x00, 0x00, 0x00, 0x00, 0x00, 0x00, 0x00, 0x00, 0x00, 0x00, 0x00, 0x00, 0x00, 0x00, 0x00, 0x00,
    0xFF, 0x55, 0x55, 0x03, 0x00, 0x00, 0x00, 0x00, 0xDD, 0x38, 0x3A, 0xA7, 0xFA, 0x2F, 0x2F, 0xFD,
    0xF8, 0x28, 0x28, 0xFB, 0xFF, 0x2F, 0x30, 0xFF, 0xFF, 0x37, 0x38, 0xFF, 0xFF, 0x38, 0x3A, 0xFF,
    0xFF, 0x31, 0x34, 0xFB, 0xFF, 0x33, 0x37, 0xFF, 0xFF, 0x3A, 0x41, 0x69, 0x00, 0x00, 0x00, 0x00,
    0xFF, 0x55, 0x55, 0x03, 0xFF, 0x3F, 0x3F, 0x04, 0x00, 0x00, 0x00, 0x00, 0xE8, 0x31, 0x31, 0x8B,
    0xFF, 0x26, 0x24, 0xFD, 0xFC, 0x26, 0x26, 0xFB, 0xFF, 0x2E, 0x30, 0xFF, 0xFF, 0x37, 0x38, 0xFF,
    0xFF, 0x3A, 0x3B, 0xFF, 0xFF, 0x34, 0x35, 0xFB, 0xFF, 0x33, 0x36, 0xFF, 0xFF, 0x39, 0x3D, 0x89,
    0x00, 0x00, 0x00, 0x00, 0xFF, 0x3F, 0x3F, 0x04, 0xFF, 0x3F, 0x3F, 0x04, 0x00, 0x00, 0x00, 0x00,
    0xEC, 0x3D, 0x38, 0x6C, 0xFF, 0x36, 0x27, 0xFD, 0xFF, 0x38, 0x26, 0xFB, 0xFF, 0x43, 0x31, 0xFF,
    0xFF, 0x4F, 0x3A, 0xFF, 0xFF, 0x56, 0x3E, 0xFF, 0xFF, 0x55, 0x39, 0xFB, 0xFF, 0x59, 0x37, 0xFF,
    0xFF, 0x55, 0x3B, 0xA7, 0x00, 0x00, 0x00, 0x00, 0xFF, 0x3F, 0x3F, 0x04, 0x00, 0x00, 0x00, 0x00,
    0x00, 0x00, 0x00, 0x00, 0x00, 0x00, 0x00, 0x00, 0x00, 0x00, 0x00, 0x00, 0x00, 0x00, 0x00, 0x00,
    0x00, 0x00, 0x00, 0x00, 0x00, 0x00, 0x00, 0x00, 0x00, 0x00, 0x00, 0x00, 0x00, 0x00, 0x00, 0x00,
    0x00, 0x00, 0x00, 0x00, 0x00, 0x00, 0x00, 0x00, 0x00, 0x00, 0x00, 0x00, 0x00, 0x00, 0x00, 0x00,
    0x00, 0x00, 0x00, 0x00, 0x00, 0x00, 0x00, 0x00, 0x00, 0x00, 0x00, 0x00, 0x00, 0x00, 0x00, 0x00,
    0x00, 0x00, 0x00, 0x00, 0x00, 0x00, 0x00, 0x00, 0x00, 0x00, 0x00, 0x00, 0x00, 0x00, 0x00, 0x00,
    0x00, 0x00, 0x00, 0x00, 0x00, 0x00, 0x00, 0x00, 0x00, 0x00, 0x00, 0x00, 0x00, 0x00, 0x00, 0x00,
    0xBF, 0x3F, 0x3F, 0x04, 0x00, 0x00, 0x00, 0x00, 0xDD, 0x36, 0x36, 0x6B, 0xFF, 0x2D, 0x2E, 0xFF,
    0xF9, 0x25, 0x27, 0xF8, 0xFF, 0x29, 0x2E, 0xFD, 0xFF, 0x2F, 0x34, 0xFD, 0xFF, 0x32, 0x35, 0xF9,
    0xFF, 0x33, 0x36, 0xFF, 0xFF, 0x37, 0x3D, 0xB3, 0x00, 0x00, 0x00, 0x00, 0xFF, 0x3F, 0x3F, 0x04,
    0x00, 0x00, 0x00, 0x00, 0xFF, 0x55, 0x55, 0x03, 0x00, 0x00, 0x00, 0x00, 0xE5, 0x36, 0x39, 0x50,
    0xFF, 0x2A, 0x2D, 0xFF, 0xFC, 0x23, 0x26, 0xF9, 0xFF, 0x28, 0x2E, 0xFD, 0xFF, 0x2F, 0x34, 0xFE,
    0xFF, 0x34, 0x36, 0xF9, 0xFF, 0x33, 0x34, 0xFF, 0xFF, 0x36, 0x3A, 0xCD, 0xFF, 0x55, 0x7F, 0x06,
    0xFF, 0x55, 0x55, 0x03, 0xFF, 0x00, 0x00, 0x01, 0xFF, 0x7F, 0x7F, 0x02, 0x00, 0x00, 0x00, 0x00,
    0xEB, 0x3E, 0x39, 0x35, 0xFF, 0x34, 0x2E, 0xFF, 0xFD, 0x32, 0x28, 0xFB, 0xFF, 0x3A, 0x2E, 0xFC,
    0xFF, 0x43, 0x33, 0xFE, 0xFF, 0x4C, 0x37, 0xFA, 0xFF, 0x51, 0x35, 0xFF, 0xFF, 0x52, 0x39, 0xE2,
    0xFF, 0x55, 0x55, 0x12, 0xFF, 0x7F, 0x00, 0x02, 0xFF, 0x7F, 0x00, 0x02, 0x00, 0x00, 0x00, 0x00,
    0x00, 0x00, 0x00, 0x00, 0x00, 0x00, 0x00, 0x00, 0x00, 0x00, 0x00, 0x00, 0x00, 0x00, 0x00, 0x00,
    0x00, 0x00, 0x00, 0x00, 0x00, 0x00, 0x00, 0x00, 0x00, 0x00, 0x00, 0x00, 0x00, 0x00, 0x00, 0x00,
    0x00, 0x00, 0x00, 0x00, 0x00, 0x00, 0x00, 0x00, 0x00, 0x00, 0x00, 0x00, 0x00, 0x00, 0x00, 0x00,
    0x00, 0x00, 0x00, 0x00, 0x00, 0x00, 0x00, 0x00, 0x00, 0x00, 0x00, 0x00, 0x00, 0x00, 0x00, 0x00,
    0x00, 0x00, 0x00, 0x00, 0x00, 0x00, 0x00, 0x00, 0x00, 0x00, 0x00, 0x00, 0x00, 0x00, 0x00, 0x00,
    0x00, 0x00, 0x00, 0x00, 0x00, 0x00, 0x00, 0x00, 0x00, 0x00, 0x00, 0x00, 0x00, 0x00, 0x00, 0x00,
    0xFF, 0x00, 0x00, 0x01, 0xFF, 0x00, 0x00, 0x01, 0xD4, 0x3F, 0x3F, 0x0C, 0xEE, 0x2C, 0x31, 0xCA,
    0xFF, 0x27, 0x2E, 0xFF, 0xFF, 0x23, 0x2C, 0xFF, 0xFF, 0x26, 0x2F, 0xFF, 0xFF, 0x2D, 0x36, 0xFF,
    0xFF, 0x34, 0x3C, 0xDE, 0xFF, 0x4D, 0x58, 0x17, 0xFF, 0x00, 0x00, 0x02, 0xFF, 0x00, 0x7F, 0x02,
    0x00, 0x00, 0x00, 0x00, 0x00, 0x00, 0x00, 0x00, 0xFF, 0x00, 0x7F, 0x02, 0xBF, 0x7F, 0x7F, 0x04,
    0xF2, 0x2C, 0x33, 0xB6, 0xFF, 0x28, 0x31, 0xFF, 0xFF, 0x23, 0x2D, 0xFF, 0xFF, 0x26, 0x2F, 0xFF,
    0xFF, 0x2C, 0x34, 0xFF, 0xFF, 0x34, 0x3A, 0xEF, 0xFF, 0x41, 0x4D, 0x2B, 0x00, 0x00, 0x00, 0x00,
    0xFF, 0x7F, 0x7F, 0x02, 0x00, 0x00, 0x00, 0x00, 0x00, 0x00, 0x00, 0x00, 0xFF, 0x00, 0x00, 0x02,
    0x00, 0x00, 0x00, 0x00, 0xF5, 0x34, 0x37, 0x9C, 0xFF, 0x33, 0x34, 0xFF, 0xFF, 0x32, 0x2E, 0xFF,
    0xFF, 0x38, 0x2F, 0xFF, 0xFF, 0x41, 0x32, 0xFF, 0xFF, 0x48, 0x38, 0xFC, 0xFB, 0x4F, 0x44, 0x43,
    0x00, 0x00, 0x00, 0x00, 0xFF, 0x55, 0x55, 0x03, 0x00, 0x00, 0x00, 0x00, 0x00, 0x00, 0x00, 0x00,
    0x00, 0x00, 0x00, 0x00, 0x00, 0x00, 0x00, 0x00, 0x00, 0x00, 0x00, 0x00, 0x00, 0x00, 0x00, 0x00,
    0x00, 0x00, 0x00, 0x00, 0x00, 0x00, 0x00, 0x00, 0x00, 0x00, 0x00, 0x00, 0x00, 0x00, 0x00, 0x00,
    0x00, 0x00, 0x00, 0x00, 0x00, 0x00, 0x00, 0x00, 0x00, 0x00, 0x00, 0x00, 0x00, 0x00, 0x00, 0x00,
    0x00, 0x00, 0x00, 0x00, 0x00, 0x00, 0x00, 0x00, 0x00, 0x00, 0x00, 0x00, 0x00, 0x00, 0x00, 0x00,
    0x00, 0x00, 0x00, 0x00, 0x00, 0x00, 0x00, 0x00, 0x00, 0x00, 0x00, 0x00, 0x00, 0x00, 0x00, 0x00,
    0x00, 0x00, 0x00, 0x00, 0x00, 0x00, 0x00, 0x00, 0x00, 0x00, 0x00, 0x00, 0x00, 0x00, 0x00, 0x00,
    0x00, 0x00, 0x00, 0x00, 0xFF, 0x00, 0x00, 0x01, 0x00, 0x00, 0x00, 0x00, 0xF0, 0x3C, 0x4B, 0x11,
    0xFB, 0x2C, 0x38, 0x90, 0xFF, 0x28, 0x35, 0xD6, 0xFF, 0x2A, 0x38, 0xD9, 0xFF, 0x34, 0x41, 0x9C,
    0xFF, 0x44, 0x55, 0x1E, 0x00, 0x00, 0x00, 0x00, 0xFF, 0x00, 0x00, 0x02, 0x00, 0x00, 0x00, 0x00,
    0x00, 0x00, 0x00, 0x00, 0x00, 0x00, 0x00, 0x00, 0xFF, 0x00, 0x00, 0x01, 0x00, 0x00, 0x00, 0x00,
    0xFF, 0x55, 0x55, 0x09, 0xFB, 0x2D, 0x3C, 0x87, 0xFF, 0x28, 0x36, 0xD6, 0xFF, 0x2A, 0x38, 0xDF,
    0xFF, 0x32, 0x3F, 0xAC, 0xFF, 0x3C, 0x4D, 0x2E, 0x00, 0x00, 0x00, 0x00, 0xFF, 0x7F, 0x7F, 0x02,
    0x00, 0x00, 0x00, 0x00, 0x00, 0x00, 0x00, 0x00, 0x00, 0x00, 0x00, 0x00, 0xFF, 0x00, 0x00, 0x01,
    0xFF, 0x00, 0x00, 0x01, 0xFF, 0x55, 0xAA, 0x03, 0xFC, 0x35, 0x3D, 0x78, 0xFF, 0x30, 0x39, 0xD2,
    0xFF, 0x34, 0x37, 0xE1, 0xFF, 0x3E, 0x3D, 0xB7, 0xFF, 0x45, 0x45, 0x3E, 0x00, 0x00, 0x00, 0x00,
    0xFF, 0x55, 0x55, 0x03, 0x00, 0x00, 0x00, 0x00, 0x00, 0x00, 0x00, 0x00, 0x00, 0x00, 0x00, 0x00,
    0x00, 0x00, 0x00, 0x00, 0x00, 0x00, 0x00, 0x00, 0x00, 0x00, 0x00, 0x00, 0x00, 0x00, 0x00, 0x00,
    0x00, 0x00, 0x00, 0x00, 0x00, 0x00, 0x00, 0x00, 0x00, 0x00, 0x00, 0x00, 0x00, 0x00, 0x00, 0x00,
    0x00, 0x00, 0x00, 0x00, 0x00, 0x00, 0x00, 0x00, 0x00, 0x00, 0x00, 0x00, 0x00, 0x00, 0x00, 0x00,
    0x00, 0x00, 0x00, 0x00, 0x00, 0x00, 0x00, 0x00, 0x00, 0x00, 0x00, 0x00, 0x00, 0x00, 0x00, 0x00,
    0x00, 0x00, 0x00, 0x00, 0x00, 0x00, 0x00, 0x00, 0x00, 0x00, 0x00, 0x00, 0x00, 0x00, 0x00, 0x00,
    0x00, 0x00, 0x00, 0x00, 0x00, 0x00, 0x00, 0x00, 0x00, 0x00, 0x00, 0x00, 0x00, 0x00, 0x00, 0x00,
    0x00, 0x00, 0x00, 0x00, 0x00, 0x00, 0x00, 0x00, 0xFF, 0x00, 0x00, 0x01, 0x00, 0x00, 0x00, 0x00,
    0x00, 0x00, 0x00, 0x00, 0xFF, 0xAA, 0xFF, 0x03, 0xFF, 0x99, 0x99, 0x05, 0x00, 0x00, 0x00, 0x00,
    0x00, 0x00, 0x00, 0x00, 0xFF, 0x00, 0x00, 0x01, 0x00, 0x00, 0x00, 0x00, 0x00, 0x00, 0x00, 0x00,
    0x00, 0x00, 0x00, 0x00, 0x00, 0x00, 0x00, 0x00, 0x00, 0x00, 0x00, 0x00, 0x00, 0x00, 0x00, 0x00,
    0x00, 0x00, 0x00, 0x00, 0x00, 0x00, 0x00, 0x00, 0xFF, 0xAA, 0xAA, 0x03, 0xFF, 0x55, 0x71, 0x09,
    0x00, 0x00, 0x00, 0x00, 0x00, 0x00, 0x00, 0x00, 0xFF, 0x00, 0x00, 0x02, 0x00, 0x00, 0x00, 0x00,
    0x00, 0x00, 0x00, 0x00, 0x00, 0x00, 0x00, 0x00, 0x00, 0x00, 0x00, 0x00, 0x00, 0x00, 0x00, 0x00,
    0x00, 0x00, 0x00, 0x00, 0x00, 0x00, 0x00, 0x00, 0x00, 0x00, 0x00, 0x00, 0x00, 0x01, 0x02, 0x00,
    0xFF, 0x66, 0x7F, 0x0A, 0x00, 0x00, 0x00, 0x00, 0x00, 0x00, 0x00, 0x00, 0xFF, 0x7F, 0x00, 0x02,
    0x00, 0x00, 0x00, 0x00, 0x00, 0x00, 0x00, 0x00, 0x00, 0x00, 0x00, 0x00, 0x00, 0x00, 0x00, 0x00,
    0x00, 0x00, 0x00, 0x00, 0x00, 0x00, 0x00, 0x00, 0x00, 0x00, 0x00, 0x00, 0x00, 0x00, 0x00, 0x00,
    0x00, 0x00, 0x00, 0x00, 0x00, 0x00, 0x00, 0x00, 0x00, 0x00, 0x00, 0x00, 0x00, 0x00, 0x00, 0x00,
    0x00, 0x00, 0x00, 0x00, 0x00, 0x00, 0x00, 0x00, 0x00, 0x00, 0x00, 0x00, 0x00, 0x00, 0x00, 0x00,
    0x00, 0x00, 0x00, 0x00, 0x00, 0x00, 0x00, 0x00, 0x00, 0x00, 0x00, 0x00, 0x00, 0x00, 0x00, 0x00,
    0x00, 0x00, 0x00, 0x00, 0x00, 0x00, 0x00, 0x00, 0x00, 0x00, 0x00, 0x00, 0x00, 0x00, 0x00, 0x00,
    0x00, 0x00, 0x00, 0x00, 0x00, 0x00, 0x00, 0x00, 0x00, 0x00, 0x00, 0x00, 0x00, 0x00, 0x00, 0x00,
    0x00, 0x00, 0x00, 0x00, 0x00, 0x00, 0x00, 0x00, 0x00, 0x00, 0x00, 0x00, 0xFF, 0x00, 0x00, 0x01,
    0xFF, 0x00, 0x55, 0x03, 0x00, 0x00, 0x00, 0x00, 0x00, 0x00, 0x00, 0x00, 0xFF, 0x55, 0x55, 0x03,
    0xFF, 0x00, 0x00, 0x02, 0x00, 0x00, 0x00, 0x00, 0x00, 0x00, 0x00, 0x00, 0x00, 0x00, 0x00, 0x00,
    0x00, 0x00, 0x00, 0x00, 0x00, 0x00, 0x00, 0x00, 0x00, 0x00, 0x00, 0x00, 0x00, 0x00, 0x00, 0x00,
    0xFF, 0x00, 0x00, 0x01, 0xFF, 0x55, 0x55, 0x03, 0x00, 0x00, 0x00, 0x00, 0x00, 0x00, 0x00, 0x00,
    0xFF, 0x00, 0x00, 0x03, 0xFF, 0x00, 0x7F, 0x02, 0x00, 0x00, 0x00, 0x00, 0x00, 0x00, 0x00, 0x00,
    0x00, 0x00, 0x00, 0x00, 0x00, 0x00, 0x00, 0x00, 0x00, 0x00, 0x00, 0x00, 0x00, 0x00, 0x00, 0x00,
    0x00, 0x00, 0x00, 0x00, 0xFF, 0x00, 0x00, 0x01, 0xFF, 0x55, 0x55, 0x03, 0x00, 0x00, 0x00, 0x00,
    0x00, 0x00, 0x00, 0x00, 0xFF, 0x00, 0x00, 0x02, 0xFF, 0x55, 0x55, 0x03, 0x00, 0x00, 0x00, 0x00,
    0x00, 0x00, 0x00, 0x00, 0x00, 0x00, 0x00, 0x00, 0x00, 0x00, 0x00, 0x00, 0x00, 0x00, 0x00, 0x00,
    0x00, 0x00, 0x00, 0x00, 0x00, 0x00, 0x00, 0x00, 0x00, 0x00, 0x00, 0x00, 0x00, 0x00, 0x00, 0x00,
    0x00, 0x00, 0x00, 0x00, 0x00, 0x00, 0x00, 0x00, 0x00, 0x00, 0x00, 0x00, 0x00, 0x00, 0x00, 0x00,
    0x00, 0x00, 0x00, 0x00, 0x00, 0x00, 0x00, 0x00, 0x00, 0x00, 0x00, 0x00, 0x00, 0x00, 0x00, 0x00,
    0x00, 0x00, 0x00, 0x00, 0x00, 0x00, 0x00, 0x00, 0x00, 0x00, 0x00, 0x00, 0x00, 0x00, 0x00, 0x00,
    0x00, 0x00, 0x00, 0x00, 0x00, 0x00, 0x00, 0x00, 0x00, 0x00, 0x00, 0x00, 0x00, 0x00, 0x00, 0x00,
    0x00, 0x00, 0x00, 0x00, 0x00, 0x00, 0x00, 0x00, 0x00, 0x00, 0x00, 0x00, 0x00, 0x00, 0x00, 0x00,
    0x00, 0x00, 0x00, 0x00, 0x00, 0x00, 0x00, 0x00, 0x00, 0x00, 0x00, 0x00, 0x00, 0x00, 0x00, 0x00,
    0x00, 0x00, 0x00, 0x00, 0xFF, 0x00, 0x00, 0x01, 0xFF, 0x00, 0x00, 0x01, 0x00, 0x00, 0x00, 0x00,
    0x00, 0x00, 0x00, 0x00, 0x00, 0x00, 0x00, 0x00, 0x00, 0x00, 0x00, 0x00, 0x00, 0x00, 0x00, 0x00,
    0x00, 0x00, 0x00, 0x00, 0x00, 0x00, 0x00, 0x00, 0x00, 0x00, 0x00, 0x00, 0x00, 0x00, 0x00, 0x00,
    0x00, 0x00, 0x00, 0x00, 0x00, 0x00, 0x00, 0x00, 0xFF, 0x00, 0x00, 0x01, 0xFF, 0x00, 0x00, 0x01,
    0x00, 0x00, 0x00, 0x00, 0x00, 0x00, 0x00, 0x00, 0x00, 0x00, 0x00, 0x00, 0x00, 0x00, 0x00, 0x00,
    0x00, 0x00, 0x00, 0x00, 0x00, 0x00, 0x00, 0x00, 0x00, 0x00, 0x00, 0x00, 0x00, 0x00, 0x00, 0x00,
    0x00, 0x00, 0x00, 0x00, 0x00, 0x00, 0x00, 0x00, 0x00, 0x00, 0x00, 0x00, 0xFF, 0x00, 0x00, 0x01,
    0xFF, 0x00, 0x00, 0x01, 0x00, 0x00, 0x00, 0x00, 0x00, 0x00, 0x00, 0x00, 0x00, 0x00, 0x00, 0x00,
    0x00, 0x00, 0x00, 0x00, 0x00, 0x00, 0x00, 0x00, 0x00, 0x00, 0x00, 0x00, 0x00, 0x00, 0x00, 0x00,
    0x00, 0x00, 0x00, 0x00, 0x00, 0x00, 0x00, 0x00, 0x00, 0x00, 0x00, 0x00, 0x00, 0x00, 0x00, 0x00,
    0x00, 0x00, 0x00, 0x00, 0x00, 0x00, 0x00, 0x00, 0x00, 0x00, 0x00, 0x00, 0x00, 0x00, 0x00, 0x00,
    0x00, 0x00, 0x00, 0x00, 0x00, 0x00, 0x00, 0x00, 0x00, 0x00, 0x00, 0x00, 0x00, 0x00, 0x00, 0x00,
    0x00, 0x00, 0x00, 0x00, 0x00, 0x00, 0x00, 0x00, 0x00, 0x00, 0x00, 0x00, 0x00, 0x00, 0x00, 0x00,
    0x00, 0x00, 0x00, 0x00, 0x00, 0x00, 0x00, 0x00, 0x00, 0x00, 0x00, 0x00, 0x00, 0x00, 0x00, 0x00,
    0x00, 0x00, 0x00, 0x00, 0x00, 0x00, 0x00, 0x00, 0x00, 0x00, 0x00, 0x00, 0x00, 0x00, 0x00, 0x00,
    0x00, 0x00, 0x00, 0x00, 0x00, 0x00, 0x00, 0x00, 0x00, 0x00, 0x00, 0x00, 0x00, 0x00, 0x00, 0x00,
    0x00, 0x00, 0x00, 0x00, 0x00, 0x00, 0x00, 0x00, 0x00, 0x00, 0x00, 0x00, 0x00, 0x00, 0x00, 0x00,
    0x00, 0x00, 0x00, 0x00, 0x00, 0x00, 0x00, 0x00, 0x00, 0x00, 0x00, 0x00, 0x00, 0x00, 0x00, 0x00,
    0x00, 0x00, 0x00, 0x00, 0x00, 0x00, 0x00, 0x00, 0x00, 0x00, 0x00, 0x00, 0x00, 0x00, 0x00, 0x00,
    0x00, 0x00, 0x00, 0x00, 0x00, 0x00, 0x00, 0x00, 0x00, 0x00, 0x00, 0x00, 0x00, 0x00, 0x00, 0x00,
    0x00, 0x00, 0x00, 0x00, 0x00, 0x00, 0x00, 0x00, 0x00, 0x00, 0x00, 0x00, 0x00, 0x00, 0x00, 0x00,
    0x00, 0x00, 0x00, 0x00, 0x00, 0x00, 0x00, 0x00, 0x00, 0x00, 0x00, 0x00, 0x00, 0x00, 0x00, 0x00,
    0x00, 0x00, 0x00, 0x00, 0x00, 0x00, 0x00, 0x00, 0x00, 0x00, 0x00, 0x00, 0x00, 0x00, 0x00, 0x00,
    0x00, 0x00, 0x00, 0x00, 0x00, 0x00, 0x00, 0x00, 0x00, 0x00, 0x00, 0x00, 0x00, 0x00, 0x00, 0x00,
    0x00, 0x00, 0x00, 0x00, 0x00, 0x00, 0x00, 0x00, 0x00, 0x00, 0x00, 0x00, 0x00, 0x00, 0x00, 0x00,
    0x00, 0x00, 0x00, 0x00, 0x00, 0x00, 0x00, 0x00, 0x00, 0x00, 0x00, 0x00, 0x00, 0x00, 0x00, 0x00,
    0x00, 0x00, 0x00, 0x00, 0x00, 0x00, 0x00, 0x00, 0x00, 0x00, 0x00, 0x00, 0x00, 0x00, 0x00, 0x00,
    0x00, 0x00, 0x00, 0x00, 0x00, 0x00, 0x00, 0x00, 0x00, 0x00, 0x00, 0x00, 0x00, 0x00, 0x00, 0x00,
    0x00, 0x00, 0x00, 0x00, 0x00, 0x00, 0x00, 0x00, 0x00, 0x00, 0x00, 0x00, 0x00, 0x00, 0x00, 0x00,
    0x00, 0x00, 0x00, 0x00, 0x00, 0x00, 0x00, 0x00, 0x00, 0x00, 0x00, 0x00, 0x00, 0x00, 0x00, 0x00,
    0x00, 0x00, 0x00, 0x00, 0x00, 0x00, 0x00, 0x00, 0x00, 0x00, 0x00, 0x00, 0x00, 0x00, 0x00, 0x00,
    0x00, 0x00, 0x00, 0x00, 0x00, 0x00, 0x00, 0x00, 0x00, 0x00, 0x00, 0x00, 0x00, 0x00, 0x00, 0x00,
    0x00, 0x00, 0x00, 0x00, 0x00, 0x00, 0x00, 0x00, 0x00, 0x00, 0x00, 0x00, 0x00, 0x00, 0x00, 0x00,
    0x00, 0x00, 0x00, 0x00, 0x00, 0x00, 0x00, 0x00, 0x00, 0x00, 0x00, 0x00, 0x00, 0x00, 0x00, 0x00,
    0x00, 0x00, 0x00, 0x00, 0x00, 0x00, 0x00, 0x00, 0x00, 0x00, 0x00, 0x00, 0x00, 0x00, 0x00, 0x00,
    0x00, 0x00, 0x00, 0x00, 0x00, 0x00, 0x00, 0x00, 0x00, 0x00, 0x00, 0x00, 0x00, 0x00, 0x00, 0x00,
    0x00, 0x00, 0x00, 0x00, 0x00, 0x00, 0x00, 0x00, 0x00, 0x00, 0x00, 0x00, 0x00, 0x00, 0x00, 0x00,
    0x00, 0x00, 0x00, 0x00, 0x00, 0x00, 0x00, 0x00, 0x00, 0x00, 0x00, 0x00, 0x00, 0x00, 0x00, 0x00,
    0x00, 0x00, 0x00, 0x00, 0x00, 0x00, 0x00, 0x00, 0x00, 0x00, 0x00, 0x00, 0x00, 0x00, 0x00, 0x00,
    0x00, 0x00, 0x00, 0x00, 0x00, 0x00, 0x00, 0x00, 0x00, 0x00, 0x00, 0x00, 0x00, 0x00, 0x00, 0x00,
    0x00, 0x00, 0x00, 0x00, 0x00, 0x00, 0x00, 0x00, 0x00, 0x00, 0x00, 0x00, 0x00, 0x00, 0x00, 0x00,
    0x00, 0x00, 0x00, 0x00, 0x00, 0x00, 0x00, 0x00, 0x00, 0x00, 0x00, 0x00, 0x00, 0x00, 0x00, 0x00,
    0x00, 0x00, 0x00, 0x00, 0x00, 0x00, 0x00, 0x00, 0x00, 0x00, 0x00, 0x00, 0x00, 0x00, 0x00, 0x00,
    0x00, 0x00, 0x00, 0x00, 0x00, 0x00, 0x00, 0x00, 0x00, 0x00, 0x00, 0x00, 0x00, 0x00, 0x00, 0x00,
    0x00, 0x00, 0x00, 0x00, 0x00, 0x00, 0x00, 0x00, 0x00, 0x00, 0x00, 0x00, 0x00, 0x00, 0x00, 0x00,
    0x00, 0x00, 0x00, 0x00, 0x00, 0x00, 0x00, 0x00, 0x00, 0x00, 0x00, 0x00, 0x00, 0x00, 0x00, 0x00,
    0x00, 0x00, 0x00, 0x00, 0x00, 0x00, 0x00, 0x00, 0x00, 0x00, 0x00, 0x00, 0x00, 0x00, 0x00, 0x00,
    0x00, 0x00, 0x00, 0x00, 0x00, 0x00, 0x00, 0x00, 0x00, 0x00, 0x00, 0x00, 0x00, 0x00, 0x00, 0x00,
    0x00, 0x00, 0x00, 0x00, 0x00, 0x00, 0x00, 0x00, 0x00, 0x00, 0x00, 0x00, 0x00, 0x00, 0x00, 0x00,
    0x00, 0x00, 0x00, 0x00, 0x00, 0x00, 0x00, 0x00, 0x00, 0x00, 0x00, 0x00, 0x00, 0x00, 0x00, 0x00,
    0x00, 0x00, 0x00, 0x00, 0x00, 0x00, 0x00, 0x00, 0x00, 0x00, 0x00, 0x00, 0x00, 0x00, 0x00, 0x00,
    0x00, 0x00, 0x00, 0x00, 0x00, 0x00, 0x00, 0x00, 0x00, 0x00, 0x00, 0x00, 0x00, 0x00, 0x00, 0x00,
    0x00, 0x00, 0x00, 0x00, 0x00, 0x00, 0x00, 0x00, 0x00, 0x00, 0x00, 0x00, 0x00, 0x00, 0x00, 0x00,
    0x00, 0x00, 0x00, 0x00, 0x00, 0x00, 0x00, 0x00, 0x00, 0x00, 0x00, 0x00, 0x00, 0x00, 0x00, 0x00,
    0x00, 0x00, 0x00, 0x00, 0x00, 0x00, 0x00, 0x00, 0x00, 0x00, 0x00, 0x00, 0x00, 0x00, 0x00, 0x00,
    0x00, 0x00, 0x00, 0x00, 0x00, 0x00, 0x00, 0x00, 0x00, 0x00, 0x00, 0x00, 0x00, 0x00, 0x00, 0x00,
    0x00, 0x00, 0x00, 0x00, 0x00, 0x00, 0x00, 0x00, 0x00, 0x00, 0x00, 0x00, 0x00, 0x00, 0x00, 0x00,
    0x00, 0x00, 0x00, 0x00, 0x00, 0x00, 0x00, 0x00, 0x00, 0x00, 0x00, 0x00, 0x00, 0x00, 0x00, 0x00,
    0x00, 0x00, 0x00, 0x00, 0x00, 0x00, 0x00, 0x00, 0x00, 0x00, 0x00, 0x00, 0x00, 0x00, 0x00, 0x00,
    0x00, 0x00, 0x00, 0x00, 0x00, 0x00, 0x00, 0x00, 0x00, 0x00, 0x00, 0x00, 0x00, 0x00, 0x00, 0x00,
    0x00, 0x00, 0x00, 0x00, 0x00, 0x00, 0x00, 0x00, 0x00, 0x00, 0x00, 0x00, 0x00, 0x00, 0x00, 0x00,
    0x00, 0x00, 0x00, 0x00, 0x00, 0x00, 0x00, 0x00, 0x00, 0x00, 0x00, 0x00, 0x00, 0x00, 0x00, 0x00,
    0x00, 0x00, 0x00, 0x00, 0x00, 0x00, 0x00, 0x00, 0x00, 0x00, 0x00, 0x00, 0x00, 0x00, 0x00, 0x00,
    0x00, 0x00, 0x00, 0x00, 0x00, 0x00, 0x00, 0x00, 0x00, 0x00, 0x00, 0x00, 0x00, 0x00, 0x00, 0x00,
    0x00, 0x00, 0x00, 0x00, 0x00, 0x00, 0x00, 0x00, 0x00, 0x00, 0x00, 0x00, 0x00, 0x00, 0x00, 0x00,
    0x00, 0x00, 0x00, 0x00, 0x00, 0x00, 0x00, 0x00, 0x00, 0x00, 0x00, 0x00, 0x00, 0x00, 0x00, 0x00,
    0x00, 0x00, 0x00, 0x00, 0x00, 0x00, 0x00, 0x00, 0x00, 0x00, 0x00, 0x00, 0x00, 0x00, 0x00, 0x00,
    0x00, 0x00, 0x00, 0x00, 0x00, 0x00, 0x00, 0x00, 0x00, 0x00, 0x00, 0x00, 0x00, 0x00, 0x00, 0x00,
    0x00, 0x00, 0x00, 0x00, 0x00, 0x00, 0x00, 0x00, 0x00, 0x00, 0x00, 0x00, 0x00, 0x00, 0x00, 0x00,
    0x00, 0x00, 0x00, 0x00, 0x00, 0x00, 0x00, 0x00, 0x00, 0x00, 0x00, 0x00, 0x00, 0x00, 0x00, 0x00,
    0x00, 0x00, 0x00, 0x00, 0x00, 0x00, 0x00, 0x00, 0x00, 0x00, 0x00, 0x00, 0x00, 0x00, 0x00, 0x00,
    0x00, 0x00, 0x00, 0x00, 0x00, 0x00, 0x00, 0x00, 0x00, 0x00, 0x00, 0x00, 0x00, 0x00, 0x00, 0x00,
    0x00, 0x00, 0x00, 0x00, 0x00, 0x00, 0x00, 0x00, 0x00, 0x00, 0x00, 0x00, 0x00, 0x00, 0x00, 0x00,
    0x00, 0x00, 0x00, 0x00, 0x00, 0x00, 0x00, 0x00, 0x00, 0x00, 0x00, 0x00, 0x00, 0x00, 0x00, 0x00,
    0x00, 0x00, 0x00, 0x00, 0x00, 0x00, 0x00, 0x00, 0x00, 0x00, 0x00, 0x00, 0x00, 0x00, 0x00, 0x00,
    0x00, 0x00, 0x00, 0x00, 0x00, 0x00, 0x00, 0x00, 0x00, 0x00, 0x00, 0x00, 0x00, 0x00, 0x00, 0x00,
    0x00, 0x00, 0x00, 0x00, 0x00, 0x00, 0x00, 0x00, 0x00, 0x00, 0x00, 0x00, 0x00, 0x00, 0x00, 0x00,
    0x00, 0x00, 0x00, 0x00, 0x00, 0x00, 0x00, 0x00, 0x00, 0x00, 0x00, 0x00, 0x00, 0x00, 0x00, 0x00,
    0x00, 0x00, 0x00, 0x00, 0x00, 0x00, 0x00, 0x00, 0x00, 0x00, 0x00, 0x00, 0x00, 0x00, 0x00, 0x00,
    0x00, 0x00, 0x00, 0x00, 0x00, 0x00, 0x00, 0x00, 0x00, 0x00, 0x00, 0x00, 0x00, 0x00, 0x00, 0x00,
    0x00, 0x00, 0x00, 0x00, 0x00, 0x00, 0x00, 0x00, 0x00, 0x00, 0x00, 0x00, 0x00, 0x00, 0x00, 0x00,
    0x00, 0x00, 0x00, 0x00, 0x00, 0x00, 0x00, 0x00, 0x00, 0x00, 0x00, 0x00, 0x00, 0x00, 0x00, 0x00,
    0x00, 0x00, 0x00, 0x00, 0x00, 0x00, 0x00, 0x00, 0x00, 0x00, 0x00, 0x00, 0x00, 0x00, 0x00, 0x00,
    0x00, 0x00, 0x00, 0x00, 0x00, 0x00, 0x00, 0x00, 0x00, 0x00, 0x00, 0x00, 0x00, 0x00, 0x00, 0x00,
    0x00, 0x00, 0x00, 0x00, 0x00, 0x00, 0x00, 0x00, 0x00, 0x00, 0x00, 0x00, 0x00, 0x00, 0x00, 0x00,
    0x00, 0x00, 0x00, 0x00, 0x00, 0x00, 0x00, 0x00, 0x00, 0x00, 0x00, 0x00, 0x00, 0x00, 0x00, 0x00,
    0x00, 0x00, 0x00, 0x00, 0x00, 0x00, 0x00, 0x00, 0x00, 0x00, 0x00, 0x00, 0x00, 0x00, 0x00, 0x00,
    0x00, 0x00, 0x00, 0x00, 0x00, 0x00, 0x00, 0x00, 0x00, 0x00, 0x00, 0x00, 0x00, 0x00, 0x00, 0x00,
    0x00, 0x00, 0x00, 0x00, 0x00, 0x00, 0x00, 0x00, 0x00, 0x00, 0x00, 0x00, 0x00, 0x00, 0x00, 0x00,
    0x00, 0x00, 0x00, 0x00, 0x00, 0x00, 0x00, 0x00, 0x00, 0x00, 0x00, 0x00, 0x00, 0x00, 0x00, 0x00,
    0x00, 0x00, 0x00, 0x00, 0x00, 0x00, 0x00, 0x00, 0x00, 0x00, 0x00, 0x00, 0x00, 0x00, 0x00, 0x00,
    0x00, 0x00, 0x00, 0x00, 0x00, 0x00, 0x00, 0x00, 0x00, 0x00, 0x00, 0x00, 0x00, 0x00, 0x00, 0x00,
    0x00, 0x00, 0x00, 0x00, 0x00, 0x00, 0x00, 0x00, 0x00, 0x00, 0x00, 0x00, 0x00, 0x00, 0x00, 0x00,
    0x00, 0x00, 0x00, 0x00, 0x00, 0x00, 0x00, 0x00, 0x00, 0x00, 0x00, 0x00, 0x00, 0x00, 0x00, 0x00,
    0x00, 0x00, 0x00, 0x00, 0x00, 0x00, 0x00, 0x00, 0x00, 0x00, 0x00, 0x00, 0x00, 0x00, 0x00, 0x00,
    0x00, 0x00, 0x00, 0x00, 0x00, 0x00, 0x00, 0x00, 0x00, 0x00, 0x00, 0x00, 0x00, 0x00, 0x00, 0x00,
    0x00, 0x00, 0x00, 0x00, 0x00, 0x00, 0x00, 0x00, 0x00, 0x00, 0x00, 0x00, 0x00, 0x00, 0x00, 0x00,
    0x00, 0x00, 0x00, 0x00, 0x00, 0x00, 0x00, 0x00, 0x00, 0x00, 0x00, 0x00, 0x00, 0x00, 0x00, 0x00,
    0x00, 0x00, 0x00, 0x00, 0x00, 0x00, 0x00, 0x00, 0x00, 0x00, 0x00, 0x00, 0x00, 0x00, 0x00, 0x00,
    0x00, 0x00, 0x00, 0x00, 0x00, 0x00, 0x00, 0x00, 0x00, 0x00, 0x00, 0x00, 0x00, 0x00, 0x00, 0x00,
    0x00, 0x00, 0x00, 0x00, 0x00, 0x00, 0x00, 0x00, 0x00, 0x00, 0x00, 0x00, 0x00, 0x00, 0x00, 0x00,
    0x00, 0x00, 0x00, 0x00, 0x00, 0x00, 0x00, 0x00, 0x00, 0x00, 0x00, 0x00, 0x00, 0x00, 0x00, 0x00,
    0x00, 0x00, 0x00, 0x00, 0x00, 0x00, 0x00, 0x00, 0x00, 0x00, 0x00, 0x00, 0x00, 0x00, 0x00, 0x00,
    0x00, 0x00, 0x00, 0x00, 0x00, 0x00, 0x00, 0x00, 0x00, 0x00, 0x00, 0x00, 0x00, 0x00, 0x00, 0x00,
    0x00, 0x00, 0x00, 0x00, 0x00, 0x00, 0x00, 0x00, 0x00, 0x00, 0x00, 0x00, 0x00, 0x00, 0x00, 0x00,
    0x00, 0x00, 0x00, 0x00, 0x00, 0x00, 0x00, 0x00, 0x00, 0x00, 0x00, 0x00, 0x00, 0x00, 0x00, 0x00,
    0x00, 0x00, 0x00, 0x00, 0x00, 0x00, 0x00, 0x00, 0x00, 0x00, 0x00, 0x00, 0x00, 0x00, 0x00, 0x00,
    0x00, 0x00, 0x00, 0x00, 0x00, 0x00, 0x00, 0x00, 0x00, 0x00, 0x00, 0x00, 0x00, 0x00, 0x00, 0x00,
    0x00, 0x00, 0x00, 0x00, 0x00, 0x00, 0x00, 0x00, 0x00, 0x00, 0x00, 0x00, 0x00, 0x00, 0x00, 0x00,
    0x00, 0x00, 0x00, 0x00, 0x00, 0x00, 0x00, 0x00, 0x00, 0x00, 0x00, 0x00, 0x00, 0x00, 0x00, 0x00,
    0x00, 0x00, 0x00, 0x00, 0x00, 0x00, 0x00, 0x00, 0x00, 0x00, 0x00, 0x00, 0x00, 0x00, 0x00, 0x00,
    0x00, 0x00, 0x00, 0x00, 0x00, 0x00, 0x00, 0x00, 0x00, 0x00, 0x00, 0x00, 0x00, 0x00, 0x00, 0x00,
    0x00, 0x00, 0x00, 0x00, 0x00, 0x00, 0x00, 0x00, 0x00, 0x00, 0x00, 0x00, 0x00, 0x00, 0x00, 0x00,
    0x00, 0x00, 0x00, 0x00, 0x00, 0x00, 0x00, 0x00, 0x00, 0x00, 0x00, 0x00, 0x00, 0x00, 0x00, 0x00,
    0x00, 0x00, 0x00, 0x00, 0x00, 0x00, 0x00, 0x00, 0x00, 0x00, 0x00, 0x00, 0x00, 0x00, 0x00, 0x00,
    0x00, 0x00, 0x00, 0x00, 0x00, 0x00, 0x00, 0x00, 0x00, 0x00, 0x00, 0x00, 0x00, 0x00, 0x00, 0x00,
    0x00, 0x00, 0x00, 0x00, 0x00, 0x00, 0x00, 0x00, 0x00, 0x00, 0x00, 0x00, 0x00, 0x00, 0x00, 0x00,
    0x00, 0x00, 0x00, 0x00, 0x00, 0x00, 0x00, 0x00, 0x00, 0x00, 0x00, 0x00, 0x00, 0x00, 0x00, 0x00,
    0x00, 0x00, 0x00, 0x00, 0x00, 0x00, 0x00, 0x00, 0x00, 0x00, 0x00, 0x00, 0x00, 0x00, 0x00, 0x00,
    0x00, 0x00, 0x00, 0x00, 0x00, 0x00, 0x00, 0x00, 0x00, 0x00, 0x00, 0x00, 0x00, 0x00, 0x00, 0x00,
    0x00, 0x00, 0x00, 0x00, 0x00, 0x00, 0x00, 0x00, 0x00, 0x00, 0x00, 0x00, 0x00, 0x00, 0x00, 0x00,
    0x00, 0x00, 0x00, 0x00, 0x00, 0x00, 0x00, 0x00, 0x00, 0x00, 0x00, 0x00, 0x00, 0x00, 0x00, 0x00,
    0x00, 0x00, 0x00, 0x00, 0x00, 0x00, 0x00, 0x00, 0x00, 0x00, 0x00, 0x00, 0x00, 0x00, 0x00, 0x00,
    0x00, 0x00, 0x00, 0x00, 0x00, 0x00, 0x00, 0x00, 0x00, 0x00, 0x00, 0x00, 0x00, 0x00, 0x00, 0x00,
    0x00, 0x00, 0x00, 0x00, 0x00, 0x00, 0x00, 0x00, 0x00, 0x00, 0x00, 0x00, 0x00, 0x00, 0x00, 0x00,
    0x00, 0x00, 0x00, 0x00, 0x00, 0x00, 0x00, 0x00, 0x00, 0x00, 0x00, 0x00, 0x00, 0x00, 0x00, 0x00,
};

const lv_image_dsc_t UI_IMG_WMO_RAIN_SHOWERS_MODERATE_PNG = {
    .header.w     = 64,
    .header.h     = 64,
    .data_size    = sizeof(UI_IMG_WMO_RAIN_SHOWERS_MODERATE_PNG_DATA),
    .header.cf    = LV_COLOR_FORMAT_ARGB8888,
    .header.magic = LV_IMAGE_HEADER_MAGIC,
    .data         = UI_IMG_WMO_RAIN_SHOWERS_MODERATE_PNG_DATA};
