// Auto-generated from wmo-thunderstorm-hail-heavy.png — 64x64 ARGB8888
#include "../../ui.h"

#ifndef LV_ATTRIBUTE_MEM_ALIGN
#    define LV_ATTRIBUTE_MEM_ALIGN
#endif

const LV_ATTRIBUTE_MEM_ALIGN uint8_t UI_IMG_WMO_THUNDERSTORM_HAIL_HEAVY_PNG_DATA[] = {
    0x00, 0x00, 0x00, 0x00, 0x00, 0x00, 0x00, 0x00, 0x00, 0x00, 0x00, 0x00, 0x00, 0x00, 0x00, 0x00,
    0x00, 0x00, 0x00, 0x00, 0x00, 0x00, 0x00, 0x00, 0x00, 0x00, 0x00, 0x00, 0x00, 0x00, 0x00, 0x00,
    0x00, 0x00, 0x00, 0x00, 0x00, 0x00, 0x00, 0x00, 0x00, 0x00, 0x00, 0x00, 0x00, 0x00, 0x00, 0x00,
    0x00, 0x00, 0x00, 0x00, 0x00, 0x00, 0x00, 0x00, 0x00, 0x00, 0x00, 0x00, 0x00, 0x00, 0x00, 0x00,
    0x00, 0x00, 0x00, 0x00, 0x00, 0x00, 0x00, 0x00, 0x00, 0x00, 0x00, 0x00, 0x00, 0x00, 0x00, 0x00,
    0x00, 0x00, 0x00, 0x00, 0x00, 0x00, 0x00, 0x00, 0x00, 0x00, 0x00, 0x00, 0x00, 0x00, 0x00, 0x00,
    0x00, 0x00, 0x00, 0x00, 0x00, 0x00, 0x00, 0x00, 0x00, 0x00, 0x00, 0x00, 0x00, 0x00, 0x00, 0x00,
    0x00, 0x00, 0x00, 0x00, 0x00, 0x00, 0x00, 0x00, 0x00, 0x00, 0x00, 0x00, 0x00, 0x00, 0x00, 0x00,
    0x00, 0x00, 0x00, 0x00, 0x00, 0x00, 0x00, 0x00, 0x00, 0x00, 0x00, 0x00, 0x00, 0x00, 0x00, 0x00,
    0x00, 0x00, 0x00, 0x00, 0x00, 0x00, 0x00, 0x00, 0x00, 0x00, 0x00, 0x00, 0x00, 0x00, 0x00, 0x00,
    0x00, 0x00, 0x00, 0x00, 0x00, 0x00, 0x00, 0x00, 0x00, 0x00, 0x00, 0x00, 0x00, 0x00, 0x00, 0x00,
    0x00, 0x00, 0x00, 0x00, 0x00, 0x00, 0x00, 0x00, 0x00, 0x00, 0x00, 0x00, 0x00, 0x00, 0x00, 0x00,
    0x00, 0x00, 0x00, 0x00, 0x00, 0x00, 0x00, 0x00, 0x00, 0x00, 0x00, 0x00, 0x00, 0x00, 0x00, 0x00,
    0x00, 0x00, 0x00, 0x00, 0x00, 0x00, 0x00, 0x00, 0x00, 0x00, 0x00, 0x00, 0x00, 0x00, 0x00, 0x00,
    0x00, 0x00, 0x00, 0x00, 0x00, 0x00, 0x00, 0x00, 0x00, 0x00, 0x00, 0x00, 0x00, 0x00, 0x00, 0x00,
    0x00, 0x00, 0x00, 0x00, 0x00, 0x00, 0x00, 0x00, 0x00, 0x00, 0x00, 0x00, 0x00, 0x00, 0x00, 0x00,
    0x00, 0x00, 0x00, 0x00, 0x00, 0x00, 0x00, 0x00, 0x00, 0x00, 0x00, 0x00, 0x00, 0x00, 0x00, 0x00,
    0x00, 0x00, 0x00, 0x00, 0x00, 0x00, 0x00, 0x00, 0x00, 0x00, 0x00, 0x00, 0x00, 0x00, 0x00, 0x00,
    0x00, 0x00, 0x00, 0x00, 0x00, 0x00, 0x00, 0x00, 0x00, 0x00, 0x00, 0x00, 0x00, 0x00, 0x00, 0x00,
    0x00, 0x00, 0x00, 0x00, 0x00, 0x00, 0x00, 0x00, 0x00, 0x00, 0x00, 0x00, 0x00, 0x00, 0x00, 0x00,
    0x00, 0x00, 0x00, 0x00, 0x00, 0x00, 0x00, 0x00, 0x00, 0x00, 0x00, 0x00, 0x00, 0x00, 0x00, 0x00,
    0x00, 0x00, 0x00, 0x00, 0x00, 0x00, 0x00, 0x00, 0x00, 0x00, 0x00, 0x00, 0x00, 0x00, 0x00, 0x00,
    0x00, 0x00, 0x00, 0x00, 0x00, 0x00, 0x00, 0x00, 0x00, 0x00, 0x00, 0x00, 0x00, 0x00, 0x00, 0x00,
    0x00, 0x00, 0x00, 0x00, 0x00, 0x00, 0x00, 0x00, 0x00, 0x00, 0x00, 0x00, 0x00, 0x00, 0x00, 0x00,
    0x00, 0x00, 0x00, 0x00, 0x00, 0x00, 0x00, 0x00, 0x00, 0x00, 0x00, 0x00, 0x00, 0x00, 0x00, 0x00,
    0x00, 0x00, 0x00, 0x00, 0x00, 0x00, 0x00, 0x00, 0x00, 0x00, 0x00, 0x00, 0x00, 0x00, 0x00, 0x00,
    0x00, 0x00, 0x00, 0x00, 0x00, 0x00, 0x00, 0x00, 0x00, 0x00, 0x00, 0x00, 0x00, 0x00, 0x00, 0x00,
    0x00, 0x00, 0x00, 0x00, 0x00, 0x00, 0x00, 0x00, 0x00, 0x00, 0x00, 0x00, 0x00, 0x00, 0x00, 0x00,
    0x00, 0x00, 0x00, 0x00, 0x00, 0x00, 0x00, 0x00, 0x00, 0x00, 0x00, 0x00, 0x00, 0x00, 0x00, 0x00,
    0x00, 0x00, 0x00, 0x00, 0x00, 0x00, 0x00, 0x00, 0x00, 0x00, 0x00, 0x00, 0x00, 0x00, 0x00, 0x00,
    0x00, 0x00, 0x00, 0x00, 0x00, 0x00, 0x00, 0x00, 0x00, 0x00, 0x00, 0x00, 0x00, 0x00, 0x00, 0x00,
    0x00, 0x00, 0x00, 0x00, 0x00, 0x00, 0x00, 0x00, 0x00, 0x00, 0x00, 0x00, 0x00, 0x00, 0x00, 0x00,
    0x00, 0x00, 0x00, 0x00, 0x00, 0x00, 0x00, 0x00, 0x00, 0x00, 0x00, 0x00, 0x00, 0x00, 0x00, 0x00,
    0x00, 0x00, 0x00, 0x00, 0x00, 0x00, 0x00, 0x00, 0x00, 0x00, 0x00, 0x00, 0x00, 0x00, 0x00, 0x00,
    0x00, 0x00, 0x00, 0x00, 0x00, 0x00, 0x00, 0x00, 0x00, 0x00, 0x00, 0x00, 0x00, 0x00, 0x00, 0x00,
    0x00, 0x00, 0x00, 0x00, 0x00, 0x00, 0x00, 0x00, 0x00, 0x00, 0x00, 0x00, 0x00, 0x00, 0x00, 0x00,
    0x00, 0x00, 0x00, 0x00, 0x00, 0x00, 0x00, 0x00, 0x00, 0x00, 0x00, 0x00, 0x00, 0x00, 0x00, 0x00,
    0x00, 0x00, 0x00, 0x00, 0x00, 0x00, 0x00, 0x00, 0x00, 0x00, 0x00, 0x00, 0x00, 0x00, 0x00, 0x00,
    0x00, 0x00, 0x00, 0x00, 0x00, 0x00, 0x00, 0x00, 0x00, 0x00, 0x00, 0x00, 0x00, 0x00, 0x00, 0x00,
    0x00, 0x00, 0x00, 0x00, 0x00, 0x00, 0x00, 0x00, 0x00, 0x00, 0x00, 0x00, 0x00, 0x00, 0x00, 0x00,
    0x00, 0x00, 0x00, 0x00, 0x00, 0x00, 0x00, 0x00, 0x00, 0x00, 0x00, 0x00, 0x00, 0x00, 0x00, 0x00,
    0x00, 0x00, 0x00, 0x00, 0x7F, 0x7F, 0x7F, 0x02, 0xFF, 0x55, 0x55, 0x03, 0xBF, 0x3F, 0x3F, 0x04,
    0xFF, 0x55, 0x55, 0x03, 0xAA, 0x55, 0x55, 0x03, 0xAA, 0x55, 0x55, 0x03, 0xFF, 0x55, 0x55, 0x03,
    0xFF, 0x3F, 0x3F, 0x04, 0xBF, 0x3F, 0x3F, 0x04, 0xFF, 0x7F, 0x7F, 0x02, 0xFF, 0x00, 0x00, 0x01,
    0x00, 0x00, 0x00, 0x00, 0x00, 0x00, 0x00, 0x00, 0x00, 0x00, 0x00, 0x00, 0x00, 0x00, 0x00, 0x00,
    0x00, 0x00, 0x00, 0x00, 0x00, 0x00, 0x00, 0x00, 0x00, 0x00, 0x00, 0x00, 0x00, 0x00, 0x00, 0x00,
    0x00, 0x00, 0x00, 0x00, 0x00, 0x00, 0x00, 0x00, 0x00, 0x00, 0x00, 0x00, 0x00, 0x00, 0x00, 0x00,
    0x00, 0x00, 0x00, 0x00, 0x00, 0x00, 0x00, 0x00, 0x00, 0x00, 0x00, 0x00, 0x00, 0x00, 0x00, 0x00,
    0x00, 0x00, 0x00, 0x00, 0x00, 0x00, 0x00, 0x00, 0x00, 0x00, 0x00, 0x00, 0x00, 0x00, 0x00, 0x00,
    0x00, 0x00, 0x00, 0x00, 0x00, 0x00, 0x00, 0x00, 0x00, 0x00, 0x00, 0x00, 0x00, 0x00, 0x00, 0x00,
    0x00, 0x00, 0x00, 0x00, 0x00, 0x00, 0x00, 0x00, 0x00, 0x00, 0x00, 0x00, 0x00, 0x00, 0x00, 0x00,
    0x00, 0x00, 0x00, 0x00, 0x00, 0x00, 0x00, 0x00, 0x00, 0x00, 0x00, 0x00, 0x00, 0x00, 0x00, 0x00,
    0x00, 0x00, 0x00, 0x00, 0x00, 0x00, 0x00, 0x00, 0x00, 0x00, 0x00, 0x00, 0x00, 0x00, 0x00, 0x00,
    0x00, 0x00, 0x00, 0x00, 0x00, 0x00, 0x00, 0x00, 0x00, 0x00, 0x00, 0x00, 0x00, 0x00, 0x00, 0x00,
    0x00, 0x00, 0x00, 0x00, 0x00, 0x00, 0x00, 0x00, 0x00, 0x00, 0x00, 0x00, 0x00, 0x00, 0x00, 0x00,
    0x00, 0x00, 0x00, 0x00, 0x00, 0x00, 0x00, 0x00, 0x00, 0x00, 0x00, 0x00, 0x00, 0x00, 0x00, 0x00,
    0x00, 0x00, 0x00, 0x00, 0x00, 0x00, 0x00, 0x00, 0xFF, 0x00, 0x00, 0x01, 0xBF, 0x3F, 0x3F, 0x04,
    0xFF, 0x00, 0x00, 0x01, 0x00, 0x00, 0x00, 0x00, 0x00, 0x00, 0x00, 0x00, 0x00, 0x00, 0x00, 0x00,
    0x00, 0x00, 0x00, 0x00, 0x00, 0x00, 0x00, 0x00, 0x00, 0x00, 0x00, 0x00, 0x00, 0x00, 0x00, 0x00,
    0x00, 0x00, 0x00, 0x00, 0x00, 0x00, 0x00, 0x00, 0x00, 0x00, 0x00, 0x00, 0x00, 0x00, 0x00, 0x00,
    0xBF, 0x3F, 0x3F, 0x04, 0xFF, 0x7F, 0x7F, 0x02, 0x00, 0x00, 0x00, 0x00, 0x00, 0x00, 0x00, 0x00,
    0x00, 0x00, 0x00, 0x00, 0x00, 0x00, 0x00, 0x00, 0x00, 0x00, 0x00, 0x00, 0x00, 0x00, 0x00, 0x00,
    0x00, 0x00, 0x00, 0x00, 0x00, 0x00, 0x00, 0x00, 0x00, 0x00, 0x00, 0x00, 0x00, 0x00, 0x00, 0x00,
    0x00, 0x00, 0x00, 0x00, 0x00, 0x00, 0x00, 0x00, 0x00, 0x00, 0x00, 0x00, 0x00, 0x00, 0x00, 0x00,
    0x00, 0x00, 0x00, 0x00, 0x00, 0x00, 0x00, 0x00, 0x00, 0x00, 0x00, 0x00, 0x00, 0x00, 0x00, 0x00,
    0x00, 0x00, 0x00, 0x00, 0x00, 0x00, 0x00, 0x00, 0x00, 0x00, 0x00, 0x00, 0x00, 0x00, 0x00, 0x00,
    0x00, 0x00, 0x00, 0x00, 0x00, 0x00, 0x00, 0x00, 0x00, 0x00, 0x00, 0x00, 0x00, 0x00, 0x00, 0x00,
    0x00, 0x00, 0x00, 0x00, 0x00, 0x00, 0x00, 0x00, 0x00, 0x00, 0x00, 0x00, 0x00, 0x00, 0x00, 0x00,
    0x00, 0x00, 0x00, 0x00, 0x00, 0x00, 0x00, 0x00, 0x00, 0x00, 0x00, 0x00, 0x00, 0x00, 0x00, 0x00,
    0x00, 0x00, 0x00, 0x00, 0x00, 0x00, 0x00, 0x00, 0x00, 0x00, 0x00, 0x00, 0x00, 0x00, 0x00, 0x00,
    0x00, 0x00, 0x00, 0x00, 0x00, 0x00, 0x00, 0x00, 0x00, 0x00, 0x00, 0x00, 0x00, 0x00, 0x00, 0x00,
    0x00, 0x00, 0x00, 0x00, 0x00, 0x00, 0x00, 0x00, 0x00, 0x00, 0x00, 0x00, 0x00, 0x00, 0x00, 0x00,
    0xFF, 0x00, 0x00, 0x01, 0xAA, 0x55, 0x55, 0x03, 0x00, 0x00, 0x00, 0x00, 0x00, 0x00, 0x00, 0x00,
    0x00, 0x00, 0x00, 0x00, 0xBF, 0x5C, 0x5C, 0x24, 0xC9, 0x54, 0x5A, 0x55, 0xCA, 0x4D, 0x57, 0x83,
    0xD2, 0x4D, 0x56, 0xA2, 0xD6, 0x4C, 0x56, 0xB1, 0xD8, 0x4B, 0x57, 0xB2, 0xDD, 0x4E, 0x5A, 0xA6,
    0xDF, 0x51, 0x5C, 0x8A, 0xE4, 0x55, 0x62, 0x60, 0xE3, 0x5E, 0x69, 0x2E, 0x7F, 0xFF, 0x7F, 0x02,
    0x00, 0x00, 0x00, 0x00, 0x00, 0x00, 0x00, 0x00, 0xFF, 0x55, 0x55, 0x03, 0xFF, 0x00, 0xFF, 0x01,
    0x00, 0x00, 0x00, 0x00, 0x00, 0x00, 0x00, 0x00, 0x00, 0x00, 0x00, 0x00, 0x00, 0x00, 0x00, 0x00,
    0x00, 0x00, 0x00, 0x00, 0x00, 0x00, 0x00, 0x00, 0x00, 0x00, 0x00, 0x00, 0x00, 0x00, 0x00, 0x00,
    0x00, 0x00, 0x00, 0x00, 0x00, 0x00, 0x00, 0x00, 0x00, 0x00, 0x00, 0x00, 0x00, 0x00, 0x00, 0x00,
    0x00, 0x00, 0x00, 0x00, 0x00, 0x00, 0x00, 0x00, 0x00, 0x00, 0x00, 0x00, 0x00, 0x00, 0x00, 0x00,
    0x00, 0x00, 0x00, 0x00, 0x00, 0x00, 0x00, 0x00, 0x00, 0x00, 0x00, 0x00, 0x00, 0x00, 0x00, 0x00,
    0x00, 0x00, 0x00, 0x00, 0x00, 0x00, 0x00, 0x00, 0x00, 0x00, 0x00, 0x00, 0x00, 0x00, 0x00, 0x00,
    0x00, 0x00, 0x00, 0x00, 0x00, 0x00, 0x00, 0x00, 0x00, 0x00, 0x00, 0x00, 0x00, 0x00, 0x00, 0x00,
    0x00, 0x00, 0x00, 0x00, 0x00, 0x00, 0x00, 0x00, 0x00, 0x00, 0x00, 0x00, 0x00, 0x00, 0x00, 0x00,
    0x00, 0x00, 0x00, 0x00, 0x00, 0x00, 0x00, 0x00, 0x00, 0x00, 0x00, 0x00, 0x00, 0x00, 0x00, 0x00,
    0x00, 0x00, 0x00, 0x00, 0x00, 0x00, 0x00, 0x00, 0x00, 0x00, 0x00, 0x00, 0x00, 0x00, 0x00, 0x00,
    0x00, 0x00, 0x00, 0x00, 0x00, 0x00, 0x00, 0x00, 0x00, 0x00, 0x00, 0x00, 0xFF, 0x7F, 0x7F, 0x02,
    0x00, 0x00, 0x00, 0x00, 0x00, 0x00, 0x00, 0x00, 0xB2, 0x66, 0x66, 0x14, 0xBD, 0x4D, 0x54, 0x6D,
    0xC6, 0x47, 0x51, 0xC3, 0xCA, 0x43, 0x4D, 0xF9, 0xDD, 0x44, 0x50, 0xFF, 0xE7, 0x43, 0x51, 0xFF,
    0xEB, 0x41, 0x51, 0xFF, 0xEE, 0x41, 0x51, 0xFF, 0xF2, 0x42, 0x53, 0xFF, 0xF6, 0x44, 0x54, 0xFF,
    0xFB, 0x48, 0x58, 0xFF, 0xF9, 0x4A, 0x5A, 0xFF, 0xED, 0x4B, 0x58, 0xFE, 0xEE, 0x4F, 0x5D, 0xD3,
    0xEF, 0x56, 0x62, 0x81, 0xE1, 0x5E, 0x6D, 0x23, 0x00, 0x00, 0x00, 0x00, 0x00, 0x00, 0x00, 0x00,
    0xFF, 0x55, 0x55, 0x03, 0x00, 0x00, 0x00, 0x00, 0x00, 0x00, 0x00, 0x00, 0x00, 0x00, 0x00, 0x00,
    0x00, 0x00, 0x00, 0x00, 0x00, 0x00, 0x00, 0x00, 0x00, 0x00, 0x00, 0x00, 0x00, 0x00, 0x00, 0x00,
    0x00, 0x00, 0x00, 0x00, 0x00, 0x00, 0x00, 0x00, 0x00, 0x00, 0x00, 0x00, 0x00, 0x00, 0x00, 0x00,
    0x00, 0x00, 0x00, 0x00, 0x00, 0x00, 0x00, 0x00, 0x00, 0x00, 0x00, 0x00, 0x00, 0x00, 0x00, 0x00,
    0x00, 0x00, 0x00, 0x00, 0x00, 0x00, 0x00, 0x00, 0x00, 0x00, 0x00, 0x00, 0x00, 0x00, 0x00, 0x00,
    0x00, 0x00, 0x00, 0x00, 0x00, 0x00, 0x00, 0x00, 0x00, 0x00, 0x00, 0x00, 0x00, 0x00, 0x00, 0x00,
    0x00, 0x00, 0x00, 0x00, 0x00, 0x00, 0x00, 0x00, 0x00, 0x00, 0x00, 0x00, 0x00, 0x00, 0x00, 0x00,
    0x00, 0x00, 0x00, 0x00, 0x00, 0x00, 0x00, 0x00, 0x00, 0x00, 0x00, 0x00, 0x00, 0x00, 0x00, 0x00,
    0x00, 0x00, 0x00, 0x00, 0x00, 0x00, 0x00, 0x00, 0x00, 0x00, 0x00, 0x00, 0x00, 0x00, 0x00, 0x00,
    0x00, 0x00, 0x00, 0x00, 0x00, 0x00, 0x00, 0x00, 0x00, 0x00, 0x00, 0x00, 0x00, 0x00, 0x00, 0x00,
    0x00, 0x00, 0x00, 0x00, 0x00, 0x00, 0x00, 0x00, 0xAA, 0x55, 0x55, 0x03, 0x00, 0x00, 0x00, 0x00,
    0x8D, 0x71, 0x71, 0x09, 0xB9, 0x4B, 0x52, 0x79, 0xC2, 0x43, 0x4C, 0xE6, 0xD3, 0x40, 0x4C, 0xFF,
    0xD7, 0x3A, 0x48, 0xFF, 0xD8, 0x35, 0x44, 0xFF, 0xDD, 0x34, 0x43, 0xFC, 0xE2, 0x33, 0x45, 0xFB,
    0xE6, 0x34, 0x47, 0xFB, 0xEA, 0x36, 0x47, 0xFC, 0xED, 0x37, 0x49, 0xFC, 0xF1, 0x38, 0x4C, 0xFB,
    0xF4, 0x3B, 0x4E, 0xFB, 0xF5, 0x3E, 0x4F, 0xFC, 0xF8, 0x41, 0x52, 0xFF, 0xFF, 0x47, 0x58, 0xFF,
    0xFF, 0x4F, 0x5F, 0xFF, 0xF7, 0x51, 0x5F, 0xF4, 0xF2, 0x58, 0x64, 0x93, 0xE0, 0x66, 0x70, 0x19,
    0x00, 0x00, 0x00, 0x00, 0xFF, 0x55, 0x55, 0x03, 0x00, 0x00, 0x00, 0x00, 0x00, 0x00, 0x00, 0x00,
    0x00, 0x00, 0x00, 0x00, 0x00, 0x00, 0x00, 0x00, 0x00, 0x00, 0x00, 0x00, 0x00, 0x00, 0x00, 0x00,
    0x00, 0x00, 0x00, 0x00, 0x00, 0x00, 0x00, 0x00, 0x00, 0x00, 0x00, 0x00, 0x00, 0x00, 0x00, 0x00,
    0x00, 0x00, 0x00, 0x00, 0x00, 0x00, 0x00, 0x00, 0x00, 0x00, 0x00, 0x00, 0x00, 0x00, 0x00, 0x00,
    0x00, 0x00, 0x00, 0x00, 0x00, 0x00, 0x00, 0x00, 0x00, 0x00, 0x00, 0x00, 0x00, 0x00, 0x00, 0x00,
    0x00, 0x00, 0x00, 0x00, 0x00, 0x00, 0x00, 0x00, 0x00, 0x00, 0x00, 0x00, 0x00, 0x00, 0x00, 0x00,
    0x00, 0x00, 0x00, 0x00, 0x00, 0x00, 0x00, 0x00, 0x00, 0x00, 0x00, 0x00, 0x00, 0x00, 0x00, 0x00,
    0x00, 0x00, 0x00, 0x00, 0x00, 0x00, 0x00, 0x00, 0x00, 0x00, 0x00, 0x00, 0x00, 0x00, 0x00, 0x00,
    0x00, 0x00, 0x00, 0x00, 0xFF, 0x00, 0x00, 0x01, 0xAA, 0x55, 0x55, 0x03, 0xBF, 0x3F, 0x3F, 0x04,
    0xFF, 0x55, 0x55, 0x03, 0xBF, 0x3F, 0x3F, 0x04, 0xBF, 0x3F, 0x3F, 0x04, 0xFF, 0x00, 0x00, 0x01,
    0x00, 0x00, 0x00, 0x00, 0x7F, 0x3F, 0x3F, 0x04, 0x00, 0x00, 0x00, 0x00, 0xAD, 0x51, 0x56, 0x38,
    0xBA, 0x44, 0x4D, 0xD0, 0xCD, 0x3E, 0x49, 0xFF, 0xCE, 0x34, 0x41, 0xFF, 0xD2, 0x30, 0x40, 0xFB,
    0xD8, 0x30, 0x40, 0xFC, 0xDE, 0x30, 0x41, 0xFE, 0xE3, 0x31, 0x43, 0xFF, 0xE8, 0x31, 0x44, 0xFF,
    0xED, 0x33, 0x46, 0xFF, 0xF1, 0x35, 0x48, 0xFF, 0xF4, 0x37, 0x4A, 0xFF, 0xF8, 0x39, 0x4C, 0xFF,
    0xFA, 0x3C, 0x4F, 0xFF, 0xFC, 0x3F, 0x51, 0xFF, 0xFD, 0x42, 0x53, 0xFE, 0xFD, 0x43, 0x55, 0xFD,
    0xFD, 0x46, 0x57, 0xFB, 0xFF, 0x49, 0x5A, 0xFF, 0xFF, 0x54, 0x64, 0xFF, 0xF9, 0x57, 0x64, 0xE7,
    0xF3, 0x5E, 0x6A, 0x59, 0x00, 0x00, 0x00, 0x00, 0xFF, 0x00, 0x7F, 0x02, 0xFF, 0x00, 0x00, 0x01,
    0x00, 0x00, 0x00, 0x00, 0x00, 0x00, 0x00, 0x00, 0x00, 0x00, 0x00, 0x00, 0x00, 0x00, 0x00, 0x00,
    0x00, 0x00, 0x00, 0x00, 0x00, 0x00, 0x00, 0x00, 0x00, 0x00, 0x00, 0x00, 0x00, 0x00, 0x00, 0x00,
    0x00, 0x00, 0x00, 0x00, 0x00, 0x00, 0x00, 0x00, 0x00, 0x00, 0x00, 0x00, 0x00, 0x00, 0x00, 0x00,
    0x00, 0x00, 0x00, 0x00, 0x00, 0x00, 0x00, 0x00, 0x00, 0x00, 0x00, 0x00, 0x00, 0x00, 0x00, 0x00,
    0x00, 0x00, 0x00, 0x00, 0x00, 0x00, 0x00, 0x00, 0x00, 0x00, 0x00, 0x00, 0x00, 0x00, 0x00, 0x00,
    0x00, 0x00, 0x00, 0x00, 0x00, 0x00, 0x00, 0x00, 0x00, 0x00, 0x00, 0x00, 0x00, 0x00, 0x00, 0x00,
    0x00, 0x00, 0x00, 0x00, 0x00, 0x00, 0x00, 0x00, 0x00, 0x00, 0x00, 0x00, 0x00, 0x00, 0x00, 0x00,
    0xAA, 0x55, 0x55, 0x03, 0x00, 0x00, 0x00, 0x00, 0x00, 0x00, 0x00, 0x00, 0x00, 0x00, 0x00, 0x00,
    0x00, 0x00, 0x00, 0x00, 0x00, 0x00, 0x00, 0x00, 0x00, 0x00, 0x00, 0x00, 0x00, 0x00, 0x00, 0x00,
    0x99, 0x33, 0x33, 0x05, 0x00, 0x00, 0x00, 0x00, 0xAC, 0x4A, 0x4F, 0x63, 0xBB, 0x40, 0x48, 0xF9,
    0xC9, 0x36, 0x42, 0xFF, 0xCA, 0x2E, 0x3C, 0xFB, 0xD1, 0x2E, 0x3D, 0xFE, 0xD9, 0x2E, 0x3E, 0xFF,
    0xDF, 0x2D, 0x3F, 0xFF, 0xE4, 0x2E, 0x40, 0xFF, 0xE9, 0x2F, 0x42, 0xFF, 0xEE, 0x31, 0x44, 0xFF,
    0xF2, 0x32, 0x46, 0xFF, 0xF6, 0x34, 0x48, 0xFF, 0xF9, 0x37, 0x4B, 0xFF, 0xFC, 0x3A, 0x4E, 0xFF,
    0xFE, 0x3D, 0x50, 0xFF, 0xFF, 0x40, 0x52, 0xFF, 0xFF, 0x43, 0x54, 0xFF, 0xFF, 0x45, 0x57, 0xFF,
    0xFF, 0x48, 0x5A, 0xFF, 0xFF, 0x4B, 0x5C, 0xFE, 0xFF, 0x4D, 0x5D, 0xFB, 0xFF, 0x51, 0x61, 0xFF,
    0xFF, 0x5A, 0x69, 0xFF, 0xF7, 0x5E, 0x69, 0x8A, 0x00, 0x00, 0x00, 0x00, 0xFF, 0x7F, 0x7F, 0x02,
    0xFF, 0x00, 0x00, 0x01, 0x00, 0x00, 0x00, 0x00, 0x00, 0x00, 0x00, 0x00, 0x00, 0x00, 0x00, 0x00,
    0x00, 0x00, 0x00, 0x00, 0x00, 0x00, 0x00, 0x00, 0x00, 0x00, 0x00, 0x00, 0x00, 0x00, 0x00, 0x00,
    0x00, 0x00, 0x00, 0x00, 0x00, 0x00, 0x00, 0x00, 0x00, 0x00, 0x00, 0x00, 0x00, 0x00, 0x00, 0x00,
    0x00, 0x00, 0x00, 0x00, 0x00, 0x00, 0x00, 0x00, 0x00, 0x00, 0x00, 0x00, 0x00, 0x00, 0x00, 0x00,
    0x00, 0x00, 0x00, 0x00, 0x00, 0x00, 0x00, 0x00, 0x00, 0x00, 0x00, 0x00, 0x00, 0x00, 0x00, 0x00,
    0x00, 0x00, 0x00, 0x00, 0x00, 0x00, 0x00, 0x00, 0x00, 0x00, 0x00, 0x00, 0x00, 0x00, 0x00, 0x00,
    0x00, 0x00, 0x00, 0x00, 0x00, 0x00, 0x00, 0x00, 0x00, 0x00, 0x00, 0x00, 0xFF, 0x00, 0x7F, 0x02,
    0x00, 0x00, 0x00, 0x00, 0x91, 0x6D, 0x91, 0x07, 0xC1, 0x55, 0x5B, 0x4B, 0xC5, 0x4E, 0x56, 0x85,
    0xCA, 0x4D, 0x57, 0x9B, 0xD1, 0x51, 0x5C, 0x8D, 0xD8, 0x57, 0x62, 0x5D, 0xD0, 0x5C, 0x68, 0x16,
    0x00, 0x00, 0x00, 0x00, 0xAE, 0x49, 0x50, 0x72, 0xC1, 0x40, 0x48, 0xFF, 0xC3, 0x31, 0x3C, 0xFE,
    0xC9, 0x2D, 0x3A, 0xFC, 0xD3, 0x2C, 0x3C, 0xFF, 0xD9, 0x2B, 0x3D, 0xFF, 0xDF, 0x2B, 0x3E, 0xFF,
    0xE4, 0x2C, 0x3F, 0xFF, 0xE9, 0x2D, 0x41, 0xFF, 0xEE, 0x2F, 0x43, 0xFF, 0xF2, 0x31, 0x45, 0xFF,
    0xF7, 0x34, 0x48, 0xFF, 0xFA, 0x36, 0x4A, 0xFF, 0xFD, 0x39, 0x4D, 0xFF, 0xFE, 0x3C, 0x4F, 0xFF,
    0xFF, 0x3F, 0x51, 0xFF, 0xFF, 0x42, 0x54, 0xFF, 0xFF, 0x45, 0x57, 0xFF, 0xFF, 0x47, 0x59, 0xFF,
    0xFF, 0x4A, 0x5C, 0xFF, 0xFF, 0x4C, 0x5E, 0xFF, 0xFF, 0x4F, 0x60, 0xFF, 0xFF, 0x50, 0x60, 0xFD,
    0xFF, 0x52, 0x62, 0xFB, 0xFF, 0x5E, 0x6D, 0xFF, 0xFA, 0x5F, 0x6C, 0x9E, 0x00, 0x00, 0x00, 0x00,
    0xFF, 0x55, 0x55, 0x03, 0xFF, 0x00, 0x00, 0x01, 0x00, 0x00, 0x00, 0x00, 0x00, 0x00, 0x00, 0x00,
    0x00, 0x00, 0x00, 0x00, 0x00, 0x00, 0x00, 0x00, 0x00, 0x00, 0x00, 0x00, 0x00, 0x00, 0x00, 0x00,
    0x00, 0x00, 0x00, 0x00, 0x00, 0x00, 0x00, 0x00, 0x00, 0x00, 0x00, 0x00, 0x00, 0x00, 0x00, 0x00,
    0x00, 0x00, 0x00, 0x00, 0x00, 0x00, 0x00, 0x00, 0x00, 0x00, 0x00, 0x00, 0x00, 0x00, 0x00, 0x00,
    0x00, 0x00, 0x00, 0x00, 0x00, 0x00, 0x00, 0x00, 0x00, 0x00, 0x00, 0x00, 0x00, 0x00, 0x00, 0x00,
    0x00, 0x00, 0x00, 0x00, 0x00, 0x00, 0x00, 0x00, 0x00, 0x00, 0x00, 0x00, 0x00, 0x00, 0x00, 0x00,
    0x00, 0x00, 0x00, 0x00, 0x00, 0x00, 0x00, 0x00, 0xFF, 0x00, 0x7F, 0x02, 0x00, 0x00, 0x00, 0x00,
    0xAE, 0x4D, 0x53, 0x56, 0xBB, 0x45, 0x4D, 0xD6, 0xCA, 0x42, 0x4C, 0xFF, 0xD6, 0x41, 0x4E, 0xFF,
    0xDC, 0x42, 0x50, 0xFF, 0xE3, 0x46, 0x54, 0xFF, 0xE5, 0x4D, 0x5A, 0xFF, 0xDC, 0x50, 0x5C, 0xE7,
    0xC1, 0x50, 0x58, 0xA5, 0xB6, 0x3C, 0x43, 0xFF, 0xC2, 0x30, 0x3B, 0xFE, 0xC7, 0x2C, 0x39, 0xFE,
    0xD0, 0x2B, 0x3A, 0xFF, 0xD7, 0x2A, 0x3B, 0xFF, 0xDD, 0x2A, 0x3C, 0xFF, 0xE3, 0x2A, 0x3E, 0xFF,
    0xE8, 0x2C, 0x3F, 0xFF, 0xED, 0x2E, 0x41, 0xFF, 0xF1, 0x30, 0x43, 0xFF, 0xF5, 0x32, 0x46, 0xFF,
    0xF9, 0x36, 0x49, 0xFF, 0xFC, 0x38, 0x4B, 0xFF, 0xFE, 0x3B, 0x4E, 0xFF, 0xFF, 0x3E, 0x50, 0xFF,
    0xFF, 0x41, 0x53, 0xFF, 0xFF, 0x43, 0x55, 0xFF, 0xFF, 0x46, 0x58, 0xFF, 0xFF, 0x49, 0x5A, 0xFF,
    0xFF, 0x4C, 0x5D, 0xFF, 0xFF, 0x4E, 0x5E, 0xFF, 0xFF, 0x50, 0x61, 0xFF, 0xFF, 0x52, 0x62, 0xFF,
    0xFF, 0x54, 0x64, 0xFF, 0xFF, 0x55, 0x63, 0xFA, 0xFF, 0x61, 0x6F, 0xFF, 0xF7, 0x60, 0x6D, 0x8E,
    0x00, 0x00, 0x00, 0x00, 0xFF, 0x7F, 0x7F, 0x04, 0x00, 0x00, 0x00, 0x00, 0x00, 0x00, 0x00, 0x00,
    0x00, 0x00, 0x00, 0x00, 0x00, 0x00, 0x00, 0x00, 0x00, 0x00, 0x00, 0x00, 0x00, 0x00, 0x00, 0x00,
    0x00, 0x00, 0x00, 0x00, 0x00, 0x00, 0x00, 0x00, 0x00, 0x00, 0x00, 0x00, 0x00, 0x00, 0x00, 0x00,
    0x00, 0x00, 0x00, 0x00, 0x00, 0x00, 0x00, 0x00, 0x00, 0x00, 0x00, 0x00, 0x00, 0x00, 0x00, 0x00,
    0x00, 0x00, 0x00, 0x00, 0x00, 0x00, 0x00, 0x00, 0x00, 0x00, 0x00, 0x00, 0x00, 0x00, 0x00, 0x00,
    0x00, 0x00, 0x00, 0x00, 0x00, 0x00, 0x00, 0x00, 0x00, 0x00, 0x00, 0x00, 0x00, 0x00, 0x00, 0x00,
    0x00, 0x00, 0x00, 0x01, 0xAA, 0x55, 0x55, 0x03, 0x00, 0x00, 0x00, 0x00, 0xA6, 0x49, 0x4D, 0x81,
    0xBB, 0x40, 0x48, 0xFF, 0xBF, 0x34, 0x40, 0xFF, 0xC1, 0x30, 0x3D, 0xFC, 0xC7, 0x30, 0x40, 0xFB,
    0xCC, 0x34, 0x43, 0xFB, 0xCF, 0x3A, 0x48, 0xFB, 0xD4, 0x3F, 0x4B, 0xFC, 0xD2, 0x4A, 0x54, 0xFF,
    0xBE, 0x43, 0x4A, 0xFF, 0xBA, 0x2F, 0x39, 0xFE, 0xC3, 0x2C, 0x39, 0xFF, 0xCC, 0x2A, 0x39, 0xFF,
    0xD3, 0x29, 0x3A, 0xFF, 0xD9, 0x29, 0x3B, 0xFF, 0xDE, 0x2A, 0x3C, 0xFF, 0xE3, 0x2B, 0x3E, 0xFF,
    0xE8, 0x2D, 0x40, 0xFF, 0xEC, 0x2F, 0x42, 0xFF, 0xF1, 0x31, 0x45, 0xFF, 0xF5, 0x34, 0x47, 0xFF,
    0xF9, 0x37, 0x4A, 0xFF, 0xFB, 0x3A, 0x4D, 0xFF, 0xFD, 0x3C, 0x4F, 0xFF, 0xFE, 0x3F, 0x52, 0xFF,
    0xFF, 0x42, 0x54, 0xFF, 0xFF, 0x45, 0x57, 0xFF, 0xFF, 0x48, 0x59, 0xFF, 0xFF, 0x4B, 0x5B, 0xFF,
    0xFF, 0x4D, 0x5E, 0xFF, 0xFF, 0x50, 0x60, 0xFF, 0xFF, 0x52, 0x62, 0xFF, 0xFF, 0x54, 0x63, 0xFF,
    0xFF, 0x56, 0x65, 0xFF, 0xFE, 0x57, 0x66, 0xFF, 0xFF, 0x58, 0x67, 0xFA, 0xFF, 0x63, 0x71, 0xFF,
    0xF6, 0x64, 0x6F, 0x5E, 0x00, 0x00, 0x00, 0x00, 0xFF, 0x55, 0x55, 0x03, 0x00, 0x00, 0x00, 0x00,
    0x00, 0x00, 0x00, 0x00, 0x00, 0x00, 0x00, 0x00, 0x00, 0x00, 0x00, 0x00, 0x00, 0x00, 0x00, 0x00,
    0x00, 0x00, 0x00, 0x00, 0x00, 0x00, 0x00, 0x00, 0x00, 0x00, 0x00, 0x00, 0x00, 0x00, 0x00, 0x00,
    0x00, 0x00, 0x00, 0x00, 0x00, 0x00, 0x00, 0x00, 0x00, 0x00, 0x00, 0x00, 0x00, 0x00, 0x00, 0x00,
    0x00, 0x00, 0x00, 0x00, 0x00, 0x00, 0x00, 0x00, 0x00, 0x00, 0x00, 0x00, 0x00, 0x00, 0x00, 0x00,
    0xFF, 0x00, 0x00, 0x01, 0xAA, 0x55, 0x55, 0x03, 0xBF, 0x3F, 0x3F, 0x04, 0xFF, 0x00, 0x00, 0x02,
    0xBF, 0x3F, 0x3F, 0x04, 0x00, 0x00, 0x00, 0x00, 0xA1, 0x4B, 0x50, 0x62, 0xB5, 0x40, 0x48, 0xFF,
    0xB2, 0x2E, 0x39, 0xFB, 0xB8, 0x2C, 0x38, 0xFD, 0xBE, 0x2D, 0x3A, 0xFF, 0xC2, 0x2F, 0x3D, 0xFF,
    0xC4, 0x33, 0x40, 0xFF, 0xC7, 0x37, 0x42, 0xFF, 0xC8, 0x3D, 0x47, 0xFF, 0xB1, 0x41, 0x47, 0xFE,
    0xB3, 0x31, 0x3A, 0xFC, 0xBF, 0x2C, 0x38, 0xFF, 0xC6, 0x2A, 0x38, 0xFF, 0xCD, 0x29, 0x38, 0xFF,
    0xD3, 0x29, 0x3A, 0xFF, 0xD9, 0x29, 0x3B, 0xFF, 0xDD, 0x2A, 0x3D, 0xFF, 0xE2, 0x2C, 0x3F, 0xFF,
    0xE7, 0x2E, 0x41, 0xFF, 0xEB, 0x30, 0x44, 0xFF, 0xEF, 0x33, 0x46, 0xFF, 0xF3, 0x35, 0x49, 0xFF,
    0xF6, 0x38, 0x4B, 0xFF, 0xFA, 0x3B, 0x4E, 0xFF, 0xFC, 0x3E, 0x50, 0xFF, 0xFE, 0x41, 0x53, 0xFF,
    0xFF, 0x44, 0x55, 0xFF, 0xFF, 0x46, 0x58, 0xFF, 0xFF, 0x49, 0x5A, 0xFF, 0xFF, 0x4C, 0x5D, 0xFF,
    0xFF, 0x4E, 0x5F, 0xFF, 0xFF, 0x51, 0x61, 0xFF, 0xFF, 0x53, 0x63, 0xFF, 0xFF, 0x55, 0x64, 0xFF,
    0xFF, 0x57, 0x66, 0xFF, 0xFF, 0x59, 0x67, 0xFF, 0xFF, 0x5A, 0x68, 0xFD, 0xFF, 0x5C, 0x6A, 0xFD,
    0xFA, 0x61, 0x6E, 0xF1, 0xEE, 0x6E, 0x77, 0x1E, 0xFF, 0x00, 0x00, 0x01, 0xFF, 0x7F, 0x7F, 0x02,
    0x00, 0x00, 0x00, 0x00, 0x00, 0x00, 0x00, 0x00, 0x00, 0x00, 0x00, 0x00, 0x00, 0x00, 0x00, 0x00,
    0x00, 0x00, 0x00, 0x00, 0x00, 0x00, 0x00, 0x00, 0x00, 0x00, 0x00, 0x00, 0x00, 0x00, 0x00, 0x00,
    0x00, 0x00, 0x00, 0x00, 0x00, 0x00, 0x00, 0x00, 0x00, 0x00, 0x00, 0x00, 0x00, 0x00, 0x00, 0x00,
    0x00, 0x00, 0x00, 0x00, 0x00, 0x00, 0x00, 0x00, 0x7F, 0x00, 0x00, 0x02, 0xAA, 0x55, 0x55, 0x03,
    0x00, 0x00, 0x00, 0x00, 0x00, 0x00, 0x00, 0x00, 0x00, 0x00, 0x00, 0x00, 0x00, 0x00, 0x00, 0x00,
    0x00, 0x00, 0x00, 0x00, 0x90, 0x63, 0x63, 0x17, 0xA0, 0x40, 0x45, 0xEE, 0xAB, 0x2E, 0x37, 0xFD,
    0xAF, 0x29, 0x34, 0xFD, 0xB7, 0x29, 0x36, 0xFF, 0xBC, 0x2B, 0x38, 0xFF, 0xBE, 0x2E, 0x3A, 0xFF,
    0xBE, 0x2F, 0x3B, 0xFF, 0xBC, 0x2E, 0x39, 0xFF, 0xB3, 0x3B, 0x42, 0xFF, 0xB1, 0x37, 0x3E, 0xFF,
    0xBC, 0x2D, 0x37, 0xFF, 0xC3, 0x2A, 0x37, 0xFF, 0xC9, 0x28, 0x37, 0xFF, 0xCE, 0x28, 0x38, 0xFF,
    0xD4, 0x28, 0x39, 0xFF, 0xD9, 0x29, 0x3B, 0xFF, 0xDE, 0x2A, 0x3D, 0xFF, 0xE2, 0x2C, 0x3F, 0xFF,
    0xE7, 0x2F, 0x42, 0xFF, 0xEB, 0x31, 0x44, 0xFF, 0xEF, 0x33, 0x46, 0xFF, 0xF2, 0x36, 0x49, 0xFF,
    0xF6, 0x39, 0x4C, 0xFF, 0xF9, 0x3B, 0x4E, 0xFF, 0xFC, 0x3F, 0x51, 0xFF, 0xFD, 0x41, 0x53, 0xFF,
    0xFE, 0x44, 0x55, 0xFF, 0xFF, 0x47, 0x58, 0xFF, 0xFF, 0x4A, 0x5B, 0xFF, 0xFF, 0x4C, 0x5C, 0xFF,
    0xFF, 0x4F, 0x5E, 0xFF, 0xFF, 0x51, 0x60, 0xFF, 0xFF, 0x53, 0x62, 0xFF, 0xFF, 0x56, 0x64, 0xFF,
    0xFF, 0x57, 0x66, 0xFF, 0xFF, 0x59, 0x67, 0xFF, 0xFF, 0x5B, 0x68, 0xFF, 0xFF, 0x5B, 0x68, 0xFB,
    0xFF, 0x63, 0x71, 0xFF, 0xF4, 0x62, 0x6D, 0xA5, 0x00, 0x00, 0x00, 0x00, 0xFF, 0x55, 0x55, 0x03,
    0x00, 0x00, 0x00, 0x00, 0x00, 0x00, 0x00, 0x00, 0x00, 0x00, 0x00, 0x00, 0x00, 0x00, 0x00, 0x00,
    0x00, 0x00, 0x00, 0x00, 0x00, 0x00, 0x00, 0x00, 0x00, 0x00, 0x00, 0x00, 0x00, 0x00, 0x00, 0x00,
    0x00, 0x00, 0x00, 0x00, 0x00, 0x00, 0x00, 0x00, 0x00, 0x00, 0x00, 0x00, 0x00, 0x00, 0x00, 0x00,
    0x00, 0x00, 0x00, 0x00, 0xAA, 0x55, 0x55, 0x03, 0x00, 0x00, 0x00, 0x00, 0x00, 0x00, 0x00, 0x00,
    0xAA, 0x61, 0x6D, 0x15, 0xB5, 0x52, 0x57, 0x57, 0xBA, 0x4E, 0x55, 0x92, 0xBD, 0x4B, 0x54, 0xBC,
    0xC3, 0x4C, 0x55, 0xC9, 0xC3, 0x4D, 0x55, 0xDC, 0xC0, 0x4A, 0x52, 0xFF, 0xB9, 0x42, 0x4A, 0xFE,
    0xB6, 0x3A, 0x43, 0xFF, 0xB5, 0x31, 0x3B, 0xFF, 0xB5, 0x2D, 0x38, 0xFF, 0xB6, 0x2C, 0x37, 0xFF,
    0xB4, 0x2B, 0x35, 0xFF, 0xAD, 0x35, 0x3C, 0xFF, 0xAF, 0x39, 0x40, 0xFF, 0xB9, 0x2E, 0x37, 0xFF,
    0xBF, 0x2A, 0x35, 0xFF, 0xC5, 0x28, 0x36, 0xFF, 0xCA, 0x28, 0x37, 0xFF, 0xD0, 0x28, 0x38, 0xFF,
    0xD4, 0x28, 0x3A, 0xFF, 0xD9, 0x29, 0x3B, 0xFF, 0xDE, 0x2A, 0x3E, 0xFF, 0xE2, 0x2C, 0x40, 0xFF,
    0xE6, 0x2F, 0x42, 0xFF, 0xE9, 0x31, 0x45, 0xFF, 0xEE, 0x34, 0x47, 0xFF, 0xF1, 0x36, 0x4A, 0xFF,
    0xF4, 0x39, 0x4C, 0xFF, 0xF8, 0x3C, 0x4E, 0xFF, 0xFA, 0x3F, 0x51, 0xFF, 0xFD, 0x42, 0x53, 0xFF,
    0xFE, 0x44, 0x55, 0xFF, 0xFF, 0x47, 0x58, 0xFF, 0xFF, 0x49, 0x5A, 0xFF, 0xFF, 0x4C, 0x5C, 0xFF,
    0xFF, 0x4F, 0x5F, 0xFF, 0xFF, 0x51, 0x60, 0xFF, 0xFF, 0x53, 0x62, 0xFF, 0xFF, 0x55, 0x64, 0xFF,
    0xFF, 0x57, 0x66, 0xFF, 0xFF, 0x59, 0x67, 0xFF, 0xFF, 0x5A, 0x68, 0xFF, 0xFF, 0x5C, 0x69, 0xFF,
    0xFF, 0x5C, 0x69, 0xFD, 0xFA, 0x62, 0x6D, 0xFC, 0xE8, 0x69, 0x74, 0x2E, 0x00, 0x00, 0x00, 0x00,
    0xAA, 0x55, 0x55, 0x03, 0x00, 0x00, 0x00, 0x00, 0x00, 0x00, 0x00, 0x00, 0x00, 0x00, 0x00, 0x00,
    0x00, 0x00, 0x00, 0x00, 0x00, 0x00, 0x00, 0x00, 0x00, 0x00, 0x00, 0x00, 0x00, 0x00, 0x00, 0x00,
    0x00, 0x00, 0x00, 0x00, 0x00, 0x00, 0x00, 0x00, 0x00, 0x00, 0x00, 0x00, 0x00, 0x00, 0x00, 0x00,
    0xAA, 0x55, 0x55, 0x03, 0x00, 0x00, 0x00, 0x00, 0x9E, 0x57, 0x57, 0x1D, 0xAC, 0x4C, 0x52, 0x8F,
    0xB4, 0x46, 0x4D, 0xE9, 0xC4, 0x44, 0x4E, 0xFF, 0xCD, 0x42, 0x4D, 0xFF, 0xD1, 0x40, 0x4C, 0xFF,
    0xD5, 0x40, 0x4D, 0xFF, 0xD7, 0x41, 0x4E, 0xFF, 0xD4, 0x41, 0x4E, 0xFE, 0xD5, 0x46, 0x53, 0xFF,
    0xD0, 0x4A, 0x55, 0xFF, 0xC8, 0x4A, 0x53, 0xFF, 0xBE, 0x45, 0x4D, 0xFF, 0xB4, 0x3F, 0x47, 0xFF,
    0xAF, 0x3C, 0x44, 0xFF, 0xB1, 0x39, 0x3F, 0xFF, 0xB8, 0x2E, 0x37, 0xFF, 0xBD, 0x29, 0x34, 0xFF,
    0xC1, 0x27, 0x34, 0xFF, 0xC6, 0x26, 0x35, 0xFF, 0xCB, 0x26, 0x36, 0xFF, 0xD0, 0x27, 0x37, 0xFF,
    0xD4, 0x28, 0x39, 0xFF, 0xD8, 0x29, 0x3B, 0xFF, 0xDD, 0x2A, 0x3E, 0xFF, 0xE1, 0x2C, 0x40, 0xFF,
    0xE5, 0x2F, 0x43, 0xFF, 0xE8, 0x31, 0x44, 0xFF, 0xEC, 0x33, 0x47, 0xFF, 0xF0, 0x37, 0x4A, 0xFF,
    0xF3, 0x39, 0x4D, 0xFF, 0xF6, 0x3C, 0x4F, 0xFF, 0xF9, 0x3F, 0x51, 0xFF, 0xFB, 0x41, 0x53, 0xFF,
    0xFD, 0x44, 0x55, 0xFF, 0xFE, 0x47, 0x58, 0xFF, 0xFF, 0x49, 0x5A, 0xFF, 0xFF, 0x4C, 0x5C, 0xFF,
    0xFF, 0x4F, 0x5E, 0xFF, 0xFF, 0x50, 0x60, 0xFF, 0xFF, 0x53, 0x61, 0xFF, 0xFF, 0x55, 0x63, 0xFF,
    0xFF, 0x57, 0x65, 0xFF, 0xFF, 0x59, 0x66, 0xFF, 0xFF, 0x5A, 0x67, 0xFF, 0xFF, 0x5B, 0x68, 0xFF,
    0xFF, 0x5B, 0x67, 0xFB, 0xFF, 0x63, 0x6F, 0xFF, 0xEF, 0x62, 0x6D, 0x98, 0x00, 0x00, 0x00, 0x00,
    0xFF, 0x55, 0xAA, 0x03, 0x00, 0x00, 0x00, 0x00, 0x00, 0x00, 0x00, 0x00, 0x00, 0x00, 0x00, 0x00,
    0x00, 0x00, 0x00, 0x00, 0x00, 0x00, 0x00, 0x00, 0x00, 0x00, 0x00, 0x00, 0x00, 0x00, 0x00, 0x00,
    0x00, 0x00, 0x00, 0x00, 0x00, 0x00, 0x00, 0x00, 0x00, 0x00, 0x00, 0x00, 0x7F, 0x00, 0x00, 0x02,
    0x00, 0x00, 0x00, 0x00, 0x9D, 0x4C, 0x51, 0x61, 0xA9, 0x44, 0x4A, 0xEC, 0xBA, 0x3E, 0x47, 0xFF,
    0xBA, 0x36, 0x41, 0xFF, 0xC0, 0x32, 0x3F, 0xFC, 0xC6, 0x33, 0x41, 0xFB, 0xCB, 0x34, 0x42, 0xFC,
    0xD1, 0x36, 0x44, 0xFC, 0xD4, 0x39, 0x47, 0xFD, 0xD7, 0x3C, 0x4A, 0xFF, 0xD9, 0x3E, 0x4C, 0xFF,
    0xD9, 0x40, 0x4D, 0xFF, 0xD6, 0x41, 0x4E, 0xFF, 0xD0, 0x42, 0x4E, 0xFF, 0xC7, 0x41, 0x4C, 0xFF,
    0xBF, 0x39, 0x44, 0xFF, 0xBB, 0x2E, 0x39, 0xFF, 0xBD, 0x28, 0x34, 0xFF, 0xC0, 0x26, 0x32, 0xFF,
    0xC4, 0x25, 0x32, 0xFF, 0xC7, 0x25, 0x33, 0xFF, 0xCB, 0x26, 0x35, 0xFF, 0xCF, 0x26, 0x37, 0xFF,
    0xD3, 0x27, 0x39, 0xFF, 0xD7, 0x29, 0x3B, 0xFF, 0xDB, 0x2A, 0x3E, 0xFF, 0xDF, 0x2D, 0x40, 0xFF,
    0xE3, 0x2F, 0x42, 0xFF, 0xE7, 0x31, 0x45, 0xFF, 0xEB, 0x34, 0x48, 0xFF, 0xEE, 0x37, 0x4A, 0xFF,
    0xF1, 0x39, 0x4C, 0xFF, 0xF4, 0x3C, 0x4F, 0xFF, 0xF7, 0x3F, 0x51, 0xFF, 0xFA, 0x42, 0x53, 0xFF,
    0xFB, 0x44, 0x55, 0xFF, 0xFD, 0x46, 0x57, 0xFF, 0xFE, 0x48, 0x59, 0xFF, 0xFF, 0x4C, 0x5B, 0xFF,
    0xFF, 0x4D, 0x5D, 0xFF, 0xFF, 0x50, 0x5F, 0xFF, 0xFF, 0x52, 0x61, 0xFF, 0xFF, 0x54, 0x62, 0xFF,
    0xFF, 0x56, 0x64, 0xFF, 0xFF, 0x58, 0x65, 0xFF, 0xFF, 0x59, 0x66, 0xFF, 0xFF, 0x5A, 0x67, 0xFF,
    0xFD, 0x5A, 0x67, 0xFE, 0xFE, 0x5C, 0x69, 0xFF, 0xEE, 0x5E, 0x69, 0xE8, 0xEB, 0x75, 0x89, 0x0D,
    0x00, 0x00, 0x00, 0x00, 0xFF, 0x00, 0x00, 0x01, 0x00, 0x00, 0x00, 0x00, 0x00, 0x00, 0x00, 0x00,
    0x00, 0x00, 0x00, 0x00, 0x00, 0x00, 0x00, 0x00, 0x00, 0x00, 0x00, 0x00, 0x00, 0x00, 0x00, 0x00,
    0x00, 0x00, 0x00, 0x00, 0x00, 0x00, 0x00, 0x01, 0xAA, 0x55, 0x55, 0x03, 0x00, 0x00, 0x00, 0x00,
    0x9A, 0x4B, 0x4E, 0x8B, 0xAA, 0x41, 0x48, 0xFF, 0xAE, 0x34, 0x3D, 0xFF, 0xB2, 0x2F, 0x3A, 0xFB,
    0xBB, 0x2F, 0x3B, 0xFE, 0xC3, 0x2F, 0x3D, 0xFF, 0xC9, 0x30, 0x3E, 0xFF, 0xCE, 0x32, 0x41, 0xFF,
    0xD4, 0x34, 0x43, 0xFF, 0xD8, 0x38, 0x46, 0xFF, 0xDB, 0x3B, 0x4A, 0xFF, 0xDD, 0x3E, 0x4D, 0xFF,
    0xDD, 0x40, 0x4D, 0xFF, 0xDC, 0x40, 0x4D, 0xFF, 0xD8, 0x3D, 0x4B, 0xFF, 0xD1, 0x3A, 0x46, 0xFF,
    0xC9, 0x35, 0x42, 0xFF, 0xC3, 0x2C, 0x3A, 0xFF, 0xC2, 0x27, 0x33, 0xFF, 0xC3, 0x24, 0x31, 0xFF,
    0xC5, 0x23, 0x31, 0xFF, 0xC7, 0x24, 0x33, 0xFF, 0xCA, 0x25, 0x35, 0xFF, 0xCE, 0x26, 0x37, 0xFF,
    0xD1, 0x27, 0x39, 0xFF, 0xD6, 0x28, 0x3B, 0xFF, 0xDA, 0x2A, 0x3E, 0xFF, 0xDD, 0x2D, 0x40, 0xFF,
    0xE1, 0x2F, 0x42, 0xFF, 0xE5, 0x31, 0x45, 0xFF, 0xE7, 0x33, 0x46, 0xFF, 0xEB, 0x36, 0x49, 0xFF,
    0xEF, 0x39, 0x4C, 0xFF, 0xF2, 0x3B, 0x4E, 0xFF, 0xF5, 0x3E, 0x50, 0xFF, 0xF7, 0x40, 0x52, 0xFF,
    0xF9, 0x43, 0x54, 0xFF, 0xFC, 0x46, 0x57, 0xFF, 0xFD, 0x48, 0x59, 0xFF, 0xFE, 0x4A, 0x5A, 0xFF,
    0xFE, 0x4D, 0x5C, 0xFF, 0xFF, 0x4F, 0x5E, 0xFF, 0xFF, 0x51, 0x60, 0xFF, 0xFF, 0x53, 0x61, 0xFF,
    0xFF, 0x55, 0x63, 0xFF, 0xFF, 0x56, 0x64, 0xFF, 0xFF, 0x58, 0x64, 0xFF, 0xFE, 0x59, 0x65, 0xFF,
    0xFD, 0x5A, 0x66, 0xFF, 0xFA, 0x59, 0x64, 0xFD, 0xFA, 0x60, 0x6A, 0xFF, 0xE5, 0x63, 0x6B, 0x45,
    0x00, 0x00, 0x00, 0x00, 0xFF, 0x55, 0x55, 0x03, 0x00, 0x00, 0x00, 0x00, 0x00, 0x00, 0x00, 0x00,
    0x00, 0x00, 0x00, 0x00, 0x00, 0x00, 0x00, 0x00, 0x00, 0x00, 0x00, 0x00, 0x00, 0x00, 0x00, 0x00,
    0x00, 0x00, 0x00, 0x00, 0xAA, 0x55, 0x55, 0x03, 0x00, 0x00, 0x00, 0x00, 0x93, 0x49, 0x4D, 0x87,
    0xA9, 0x40, 0x47, 0xFF, 0xA5, 0x2F, 0x37, 0xFB, 0xAE, 0x2D, 0x37, 0xFE, 0xB7, 0x2D, 0x38, 0xFF,
    0xBF, 0x2C, 0x39, 0xFF, 0xC4, 0x2C, 0x3A, 0xFF, 0xCA, 0x2E, 0x3D, 0xFF, 0xD1, 0x31, 0x40, 0xFF,
    0xD5, 0x34, 0x43, 0xFF, 0xDA, 0x38, 0x46, 0xFF, 0xDD, 0x3D, 0x4B, 0xFF, 0xDE, 0x40, 0x4E, 0xFF,
    0xDF, 0x42, 0x4F, 0xFF, 0xDE, 0x42, 0x4F, 0xFF, 0xDC, 0x40, 0x4D, 0xFF, 0xD8, 0x3C, 0x49, 0xFF,
    0xD2, 0x38, 0x45, 0xFF, 0xC9, 0x30, 0x3E, 0xFF, 0xC5, 0x27, 0x35, 0xFF, 0xC4, 0x23, 0x31, 0xFF,
    0xC5, 0x22, 0x31, 0xFF, 0xC6, 0x23, 0x32, 0xFF, 0xC9, 0x24, 0x34, 0xFF, 0xCC, 0x25, 0x37, 0xFF,
    0xCF, 0x27, 0x39, 0xFF, 0xD3, 0x28, 0x3B, 0xFF, 0xD7, 0x2A, 0x3D, 0xFF, 0xDB, 0x2C, 0x40, 0xFF,
    0xDE, 0x2F, 0x42, 0xFF, 0xE2, 0x30, 0x44, 0xFF, 0xE5, 0x33, 0x46, 0xFF, 0xE9, 0x36, 0x4A, 0xFF,
    0xEC, 0x39, 0x4D, 0xFF, 0xF0, 0x3A, 0x4E, 0xFF, 0xF2, 0x3D, 0x50, 0xFF, 0xF5, 0x3F, 0x52, 0xFF,
    0xF7, 0x41, 0x53, 0xFF, 0xF9, 0x44, 0x56, 0xFF, 0xFB, 0x48, 0x59, 0xFF, 0xFD, 0x49, 0x59, 0xFF,
    0xFE, 0x4C, 0x5B, 0xFF, 0xFE, 0x4E, 0x5D, 0xFF, 0xFF, 0x50, 0x5E, 0xFF, 0xFF, 0x52, 0x60, 0xFF,
    0xFF, 0x53, 0x61, 0xFF, 0xFF, 0x55, 0x62, 0xFF, 0xFF, 0x56, 0x63, 0xFF, 0xFE, 0x57, 0x63, 0xFF,
    0xFC, 0x58, 0x63, 0xFF, 0xF9, 0x57, 0x62, 0xFB, 0xFF, 0x5E, 0x6A, 0xFE, 0xE3, 0x5F, 0x67, 0x80,
    0x00, 0x00, 0x00, 0x00, 0xFF, 0x3F, 0x7F, 0x04, 0x00, 0x00, 0x00, 0x00, 0x00, 0x00, 0x00, 0x00,
    0x00, 0x00, 0x00, 0x00, 0x00, 0x00, 0x00, 0x00, 0x00, 0x00, 0x00, 0x00, 0x00, 0x00, 0x00, 0x00,
    0xAA, 0x55, 0x55, 0x03, 0x00, 0x00, 0x00, 0x00, 0x91, 0x4D, 0x53, 0x56, 0x9F, 0x41, 0x46, 0xFF,
    0xA0, 0x2E, 0x37, 0xFA, 0xA8, 0x2C, 0x36, 0xFE, 0xB2, 0x2A, 0x36, 0xFF, 0xB9, 0x2A, 0x37, 0xFF,
    0xC0, 0x2A, 0x38, 0xFF, 0xC6, 0x2C, 0x3A, 0xFF, 0xCC, 0x2E, 0x3D, 0xFF, 0xD1, 0x32, 0x41, 0xFF,
    0xD6, 0x36, 0x45, 0xFF, 0xDA, 0x3B, 0x49, 0xFF, 0xDD, 0x3F, 0x4D, 0xFF, 0xDF, 0x43, 0x50, 0xFF,
    0xE1, 0x45, 0x51, 0xFF, 0xE0, 0x45, 0x52, 0xFF, 0xDF, 0x44, 0x50, 0xFF, 0xDC, 0x40, 0x4D, 0xFF,
    0xD7, 0x3E, 0x4A, 0xFF, 0xCF, 0x37, 0x44, 0xFF, 0xC8, 0x2B, 0x39, 0xFF, 0xC5, 0x23, 0x32, 0xFF,
    0xC5, 0x21, 0x30, 0xFF, 0xC5, 0x22, 0x31, 0xFF, 0xC7, 0x23, 0x33, 0xFF, 0xCA, 0x25, 0x36, 0xFF,
    0xCD, 0x26, 0x38, 0xFF, 0xD0, 0x28, 0x3B, 0xFF, 0xD4, 0x29, 0x3D, 0xFF, 0xD7, 0x2C, 0x40, 0xFF,
    0xDB, 0x2E, 0x42, 0xFF, 0xDF, 0x30, 0x44, 0xFF, 0xE2, 0x33, 0x47, 0xFF, 0xE6, 0x36, 0x4A, 0xFF,
    0xE9, 0x38, 0x4B, 0xFF, 0xEC, 0x3A, 0x4E, 0xFF, 0xEF, 0x3D, 0x4F, 0xFF, 0xF2, 0x3F, 0x52, 0xFF,
    0xF4, 0x40, 0x53, 0xFF, 0xF7, 0x42, 0x54, 0xFF, 0xF9, 0x46, 0x57, 0xFF, 0xFA, 0x48, 0x59, 0xFF,
    0xFC, 0x4A, 0x5A, 0xFF, 0xFD, 0x4D, 0x5C, 0xFF, 0xFD, 0x4E, 0x5D, 0xFF, 0xFD, 0x50, 0x5E, 0xFF,
    0xFE, 0x52, 0x5F, 0xFF, 0xFD, 0x53, 0x60, 0xFF, 0xFD, 0x55, 0x61, 0xFF, 0xFD, 0x55, 0x61, 0xFF,
    0xFB, 0x55, 0x61, 0xFF, 0xF6, 0x55, 0x61, 0xFC, 0xFD, 0x5A, 0x66, 0xFF, 0xE2, 0x5B, 0x64, 0xAD,
    0x00, 0x00, 0x00, 0x00, 0xFF, 0x55, 0x55, 0x03, 0x00, 0x00, 0x00, 0x00, 0x00, 0x00, 0x00, 0x00,
    0x00, 0x00, 0x00, 0x00, 0x00, 0x00, 0x00, 0x00, 0x00, 0x00, 0x00, 0x00, 0x7F, 0x00, 0x7F, 0x02,
    0xFF, 0x00, 0x00, 0x01, 0x8C, 0x59, 0x66, 0x14, 0x91, 0x42, 0x47, 0xE9, 0x9C, 0x33, 0x39, 0xFE,
    0xA2, 0x2B, 0x34, 0xFD, 0xAB, 0x29, 0x34, 0xFF, 0xB3, 0x29, 0x35, 0xFF, 0xBA, 0x28, 0x36, 0xFF,
    0xC1, 0x29, 0x38, 0xFF, 0xC7, 0x2C, 0x3A, 0xFF, 0xCD, 0x2F, 0x3E, 0xFF, 0xD2, 0x33, 0x42, 0xFF,
    0xD7, 0x38, 0x46, 0xFF, 0xDA, 0x3D, 0x4B, 0xFF, 0xDD, 0x42, 0x4F, 0xFF, 0xDF, 0x45, 0x52, 0xFF,
    0xE1, 0x48, 0x54, 0xFF, 0xE0, 0x48, 0x54, 0xFF, 0xE0, 0x47, 0x53, 0xFF, 0xDD, 0x45, 0x50, 0xFF,
    0xD9, 0x43, 0x4F, 0xFF, 0xD2, 0x3E, 0x4B, 0xFF, 0xCA, 0x31, 0x40, 0xFF, 0xC5, 0x24, 0x35, 0xFF,
    0xC4, 0x20, 0x31, 0xFF, 0xC3, 0x20, 0x31, 0xFF, 0xC5, 0x22, 0x33, 0xFF, 0xC7, 0x24, 0x36, 0xFF,
    0xC9, 0x26, 0x38, 0xFF, 0xCD, 0x27, 0x3B, 0xFF, 0xD1, 0x29, 0x3D, 0xFF, 0xD4, 0x2C, 0x40, 0xFF,
    0xD7, 0x2D, 0x41, 0xFF, 0xDB, 0x30, 0x44, 0xFF, 0xDF, 0x33, 0x47, 0xFF, 0xE2, 0x35, 0x49, 0xFF,
    0xE5, 0x37, 0x4B, 0xFF, 0xE9, 0x39, 0x4D, 0xFF, 0xEB, 0x3C, 0x4F, 0xFF, 0xEE, 0x3F, 0x51, 0xFF,
    0xF1, 0x40, 0x52, 0xFF, 0xF3, 0x41, 0x53, 0xFF, 0xF6, 0x44, 0x55, 0xFF, 0xF8, 0x47, 0x58, 0xFF,
    0xF9, 0x48, 0x59, 0xFF, 0xFA, 0x4B, 0x5B, 0xFF, 0xFB, 0x4D, 0x5B, 0xFF, 0xFC, 0x4F, 0x5D, 0xFF,
    0xFC, 0x50, 0x5E, 0xFF, 0xFB, 0x51, 0x5E, 0xFF, 0xFB, 0x52, 0x5F, 0xFF, 0xFA, 0x53, 0x5F, 0xFF,
    0xF7, 0x53, 0x5F, 0xFF, 0xF3, 0x52, 0x5E, 0xFC, 0xF8, 0x56, 0x62, 0xFF, 0xE0, 0x57, 0x60, 0xC6,
    0x00, 0x00, 0x00, 0x00, 0xFF, 0x00, 0x00, 0x01, 0x00, 0x00, 0x00, 0x00, 0x00, 0x00, 0x00, 0x00,
    0x00, 0x00, 0x00, 0x00, 0x00, 0x00, 0x00, 0x00, 0x00, 0x00, 0x00, 0x00, 0x7F, 0x3F, 0x3F, 0x04,
    0x00, 0x00, 0x00, 0x00, 0x8E, 0x4B, 0x4F, 0x81, 0x9D, 0x3C, 0x42, 0xFF, 0x9A, 0x2C, 0x33, 0xFB,
    0xA4, 0x2A, 0x33, 0xFF, 0xAC, 0x28, 0x33, 0xFF, 0xB5, 0x27, 0x33, 0xFF, 0xBB, 0x28, 0x36, 0xFF,
    0xC1, 0x29, 0x38, 0xFF, 0xC7, 0x2D, 0x3B, 0xFF, 0xCC, 0x31, 0x3F, 0xFF, 0xD2, 0x35, 0x43, 0xFF,
    0xD6, 0x3A, 0x48, 0xFF, 0xD9, 0x3F, 0x4C, 0xFF, 0xDD, 0x43, 0x50, 0xFF, 0xDF, 0x46, 0x53, 0xFF,
    0xE0, 0x49, 0x55, 0xFF, 0xE0, 0x4B, 0x57, 0xFF, 0xDF, 0x4A, 0x55, 0xFF, 0xDD, 0x48, 0x53, 0xFF,
    0xD9, 0x46, 0x51, 0xFF, 0xD3, 0x43, 0x4F, 0xFF, 0xCB, 0x38, 0x46, 0xFF, 0xC5, 0x27, 0x38, 0xFF,
    0xC2, 0x20, 0x31, 0xFF, 0xC1, 0x20, 0x31, 0xFF, 0xC1, 0x21, 0x33, 0xFF, 0xC3, 0x23, 0x35, 0xFF,
    0xC6, 0x25, 0x37, 0xFF, 0xC9, 0x27, 0x3A, 0xFF, 0xCD, 0x28, 0x3C, 0xFF, 0xD0, 0x2B, 0x3F, 0xFF,
    0xD4, 0x2C, 0x41, 0xFF, 0xD7, 0x2F, 0x44, 0xFF, 0xDB, 0x31, 0x47, 0xFF, 0xDE, 0x33, 0x48, 0xFF,
    0xE1, 0x35, 0x4A, 0xFF, 0xE5, 0x38, 0x4C, 0xFF, 0xE8, 0x3B, 0x4F, 0xFF, 0xEB, 0x3D, 0x51, 0xFF,
    0xEE, 0x3F, 0x52, 0xFF, 0xF0, 0x40, 0x53, 0xFF, 0xF2, 0x42, 0x55, 0xFF, 0xF5, 0x45, 0x56, 0xFF,
    0xF6, 0x47, 0x57, 0xFF, 0xF7, 0x49, 0x59, 0xFF, 0xF8, 0x4B, 0x5A, 0xFF, 0xF9, 0x4C, 0x5B, 0xFF,
    0xF9, 0x4E, 0x5C, 0xFF, 0xF8, 0x4F, 0x5C, 0xFF, 0xF8, 0x50, 0x5D, 0xFF, 0xF7, 0x50, 0x5D, 0xFF,
    0xF4, 0x50, 0x5C, 0xFF, 0xEF, 0x4F, 0x5A, 0xFD, 0xF1, 0x52, 0x5D, 0xFF, 0xDB, 0x54, 0x5D, 0xD1,
    0x00, 0x01, 0x01, 0x00, 0x00, 0x00, 0x00, 0x00, 0x00, 0x00, 0x00, 0x01, 0x00, 0x00, 0x00, 0x00,
    0x00, 0x00, 0x00, 0x00, 0x00, 0x00, 0x00, 0x00, 0x00, 0x00, 0x00, 0x01, 0x00, 0x00, 0x00, 0x00,
    0x8B, 0x73, 0x73, 0x0B, 0x8C, 0x42, 0x45, 0xE3, 0x97, 0x32, 0x38, 0xFE, 0x9D, 0x2B, 0x32, 0xFD,
    0xA6, 0x28, 0x32, 0xFF, 0xAE, 0x27, 0x32, 0xFF, 0xB5, 0x27, 0x33, 0xFF, 0xBC, 0x28, 0x36, 0xFF,
    0xC1, 0x2A, 0x38, 0xFF, 0xC7, 0x2D, 0x3C, 0xFF, 0xCC, 0x31, 0x3F, 0xFF, 0xD1, 0x36, 0x44, 0xFF,
    0xD5, 0x3B, 0x49, 0xFF, 0xD9, 0x3F, 0x4D, 0xFF, 0xDB, 0x44, 0x51, 0xFF, 0xDE, 0x48, 0x53, 0xFF,
    0xDE, 0x4A, 0x56, 0xFF, 0xDE, 0x4C, 0x57, 0xFF, 0xDD, 0x4B, 0x56, 0xFF, 0xDB, 0x49, 0x54, 0xFF,
    0xD8, 0x47, 0x52, 0xFF, 0xD3, 0x46, 0x51, 0xFF, 0xCB, 0x3D, 0x4B, 0xFF, 0xC4, 0x2C, 0x3D, 0xFF,
    0xC0, 0x21, 0x33, 0xFF, 0xBE, 0x20, 0x31, 0xFF, 0xBE, 0x21, 0x32, 0xFF, 0xBF, 0x22, 0x34, 0xFF,
    0xC1, 0x24, 0x37, 0xFF, 0xC4, 0x26, 0x39, 0xFF, 0xC7, 0x28, 0x3C, 0xFF, 0xCB, 0x29, 0x3F, 0xFF,
    0xCF, 0x2B, 0x40, 0xFF, 0xD3, 0x2F, 0x44, 0xFF, 0xD6, 0x31, 0x46, 0xFF, 0xDA, 0x32, 0x48, 0xFF,
    0xDD, 0x33, 0x4A, 0xFF, 0xE1, 0x36, 0x4C, 0xFF, 0xE5, 0x39, 0x4E, 0xFF, 0xE8, 0x3B, 0x50, 0xFF,
    0xEB, 0x3E, 0x51, 0xFF, 0xED, 0x3F, 0x52, 0xFF, 0xEF, 0x41, 0x53, 0xFF, 0xF2, 0x43, 0x55, 0xFF,
    0xF3, 0x44, 0x56, 0xFF, 0xF4, 0x46, 0x57, 0xFF, 0xF4, 0x49, 0x58, 0xFF, 0xF6, 0x4A, 0x59, 0xFF,
    0xF5, 0x4C, 0x5A, 0xFF, 0xF5, 0x4D, 0x5A, 0xFF, 0xF4, 0x4D, 0x5A, 0xFF, 0xF2, 0x4D, 0x59, 0xFF,
    0xEF, 0x4D, 0x59, 0xFF, 0xEA, 0x4C, 0x57, 0xFD, 0xEC, 0x4E, 0x59, 0xFF, 0xD8, 0x51, 0x5B, 0xD2,
    0x00, 0x01, 0x01, 0x00, 0x00, 0x00, 0x00, 0x00, 0x00, 0x00, 0x00, 0x01, 0x00, 0x00, 0x00, 0x00,
    0x00, 0x00, 0x00, 0x00, 0x00, 0x00, 0x00, 0x00, 0xAA, 0x55, 0x55, 0x03, 0x00, 0x00, 0x00, 0x00,
    0x88, 0x51, 0x51, 0x45, 0x91, 0x3E, 0x43, 0xFF, 0x94, 0x2D, 0x33, 0xFD, 0x9E, 0x2A, 0x31, 0xFF,
    0xA6, 0x28, 0x31, 0xFF, 0xAE, 0x26, 0x31, 0xFF, 0xB5, 0x26, 0x33, 0xFF, 0xBB, 0x28, 0x36, 0xFF,
    0xC1, 0x2A, 0x38, 0xFF, 0xC6, 0x2D, 0x3C, 0xFF, 0xCC, 0x32, 0x41, 0xFF, 0xD0, 0x36, 0x45, 0xFF,
    0xD3, 0x3B, 0x4A, 0xFF, 0xD7, 0x3F, 0x4E, 0xFF, 0xD8, 0x43, 0x51, 0xFF, 0xDB, 0x47, 0x54, 0xFF,
    0xDC, 0x4A, 0x56, 0xFF, 0xDC, 0x4C, 0x57, 0xFF, 0xDB, 0x4C, 0x57, 0xFF, 0xD9, 0x4A, 0x55, 0xFF,
    0xD6, 0x48, 0x52, 0xFF, 0xD1, 0x46, 0x51, 0xFF, 0xCB, 0x40, 0x4D, 0xFF, 0xC2, 0x2F, 0x40, 0xFF,
    0xBD, 0x21, 0x34, 0xFF, 0xBB, 0x1F, 0x31, 0xFF, 0xBA, 0x1F, 0x31, 0xFF, 0xBA, 0x21, 0x34, 0xFF,
    0xBC, 0x23, 0x36, 0xFF, 0xBF, 0x25, 0x39, 0xFF, 0xC2, 0x27, 0x3B, 0xFF, 0xC6, 0x29, 0x3E, 0xFF,
    0xC9, 0x2A, 0x40, 0xFF, 0xCD, 0x2D, 0x43, 0xFF, 0xD1, 0x30, 0x46, 0xFF, 0xD6, 0x31, 0x48, 0xFF,
    0xD9, 0x32, 0x4A, 0xFF, 0xDD, 0x34, 0x4B, 0xFF, 0xE1, 0x37, 0x4D, 0xFF, 0xE4, 0x39, 0x4F, 0xFF,
    0xE6, 0x3B, 0x50, 0xFF, 0xE9, 0x3D, 0x51, 0xFF, 0xEB, 0x3F, 0x53, 0xFF, 0xED, 0x41, 0x54, 0xFF,
    0xEE, 0x43, 0x55, 0xFF, 0xEF, 0x45, 0x55, 0xFF, 0xF0, 0x46, 0x56, 0xFF, 0xF1, 0x48, 0x57, 0xFF,
    0xF1, 0x49, 0x57, 0xFF, 0xF1, 0x4A, 0x57, 0xFF, 0xEF, 0x4A, 0x57, 0xFF, 0xED, 0x4A, 0x56, 0xFF,
    0xEA, 0x4A, 0x55, 0xFF, 0xE6, 0x48, 0x53, 0xFC, 0xE9, 0x4B, 0x57, 0xFF, 0xD2, 0x4F, 0x57, 0xC8,
    0x00, 0x00, 0x00, 0x00, 0xFF, 0x00, 0x00, 0x01, 0x00, 0x00, 0x00, 0x00, 0x00, 0x00, 0x00, 0x00,
    0x00, 0x00, 0x00, 0x00, 0x00, 0x00, 0x00, 0x00, 0x7F, 0x3F, 0x3F, 0x04, 0x00, 0x00, 0x00, 0x00,
    0x87, 0x48, 0x4C, 0x7E, 0x96, 0x3B, 0x40, 0xFE, 0x96, 0x2B, 0x32, 0xFB, 0x9F, 0x29, 0x31, 0xFF,
    0xA6, 0x27, 0x30, 0xFF, 0xAE, 0x26, 0x31, 0xFF, 0xB5, 0x26, 0x33, 0xFF, 0xBB, 0x27, 0x36, 0xFF,
    0xC0, 0x29, 0x38, 0xFF, 0xC5, 0x2D, 0x3D, 0xFF, 0xCA, 0x31, 0x41, 0xFF, 0xCE, 0x35, 0x44, 0xFF,
    0xD1, 0x3A, 0x49, 0xFF, 0xD4, 0x3F, 0x4E, 0xFF, 0xD7, 0x43, 0x51, 0xFF, 0xD8, 0x46, 0x54, 0xFF,
    0xD8, 0x49, 0x55, 0xFF, 0xD8, 0x4B, 0x57, 0xFF, 0xD7, 0x4B, 0x56, 0xFF, 0xD5, 0x49, 0x54, 0xFF,
    0xD1, 0x47, 0x51, 0xFF, 0xCE, 0x45, 0x50, 0xFF, 0xC8, 0x41, 0x4E, 0xFF, 0xC0, 0x32, 0x43, 0xFF,
    0xB9, 0x22, 0x36, 0xFF, 0xB7, 0x1E, 0x31, 0xFF, 0xB5, 0x1F, 0x31, 0xFF, 0xB6, 0x20, 0x33, 0xFF,
    0xB7, 0x22, 0x35, 0xFF, 0xBA, 0x24, 0x38, 0xFF, 0xBD, 0x25, 0x3B, 0xFF, 0xC0, 0x28, 0x3E, 0xFF,
    0xC3, 0x29, 0x40, 0xFF, 0xC7, 0x2B, 0x42, 0xFF, 0xCC, 0x2F, 0x46, 0xFF, 0xD1, 0x30, 0x48, 0xFF,
    0xD5, 0x31, 0x49, 0xFF, 0xD9, 0x33, 0x4B, 0xFF, 0xDD, 0x35, 0x4D, 0xFF, 0xE0, 0x37, 0x4E, 0xFF,
    0xE3, 0x39, 0x4F, 0xFF, 0xE5, 0x3B, 0x50, 0xFF, 0xE7, 0x3D, 0x52, 0xFF, 0xE9, 0x3F, 0x52, 0xFF,
    0xEA, 0x40, 0x53, 0xFF, 0xEB, 0x42, 0x54, 0xFF, 0xEC, 0x44, 0x54, 0xFF, 0xEC, 0x45, 0x54, 0xFF,
    0xEC, 0x46, 0x55, 0xFF, 0xEB, 0x46, 0x54, 0xFF, 0xEA, 0x46, 0x54, 0xFF, 0xE8, 0x46, 0x53, 0xFF,
    0xE5, 0x45, 0x51, 0xFF, 0xE0, 0x44, 0x50, 0xFC, 0xE5, 0x49, 0x54, 0xFF, 0xCE, 0x4D, 0x56, 0xB1,
    0x00, 0x00, 0x00, 0x00, 0xAA, 0x55, 0x55, 0x03, 0x00, 0x00, 0x00, 0x00, 0x00, 0x00, 0x00, 0x00,
    0x00, 0x00, 0x00, 0x00, 0x00, 0x00, 0x00, 0x00, 0xAA, 0x55, 0x55, 0x03, 0x00, 0x00, 0x00, 0x00,
    0x88, 0x45, 0x49, 0xA4, 0x95, 0x37, 0x3C, 0xFF, 0x96, 0x2B, 0x31, 0xFB, 0x9F, 0x28, 0x30, 0xFF,
    0xA6, 0x26, 0x30, 0xFF, 0xAE, 0x26, 0x31, 0xFF, 0xB4, 0x26, 0x33, 0xFF, 0xBA, 0x27, 0x36, 0xFF,
    0xBF, 0x29, 0x39, 0xFF, 0xC4, 0x2C, 0x3D, 0xFF, 0xC8, 0x2F, 0x40, 0xFF, 0xCC, 0x34, 0x45, 0xFF,
    0xD0, 0x38, 0x49, 0xFF, 0xD2, 0x3C, 0x4C, 0xFF, 0xD3, 0x40, 0x50, 0xFF, 0xD5, 0x45, 0x53, 0xFF,
    0xD4, 0x46, 0x54, 0xFF, 0xD4, 0x48, 0x55, 0xFF, 0xD3, 0x49, 0x55, 0xFF, 0xD0, 0x47, 0x53, 0xFF,
    0xCD, 0x45, 0x50, 0xFF, 0xCA, 0x43, 0x4E, 0xFF, 0xC4, 0x40, 0x4E, 0xFF, 0xBD, 0x33, 0x45, 0xFF,
    0xB6, 0x22, 0x37, 0xFF, 0xB2, 0x1D, 0x31, 0xFF, 0xB0, 0x1E, 0x31, 0xFF, 0xB0, 0x1F, 0x32, 0xFF,
    0xB0, 0x22, 0x37, 0xFF, 0xB3, 0x23, 0x39, 0xFF, 0xB7, 0x24, 0x39, 0xFF, 0xB9, 0x26, 0x3C, 0xFF,
    0xBD, 0x28, 0x40, 0xFF, 0xC1, 0x29, 0x42, 0xFF, 0xC7, 0x2B, 0x44, 0xFF, 0xCB, 0x2F, 0x47, 0xFF,
    0xD0, 0x31, 0x4A, 0xFF, 0xD5, 0x32, 0x4B, 0xFF, 0xD8, 0x34, 0x4C, 0xFF, 0xDC, 0x36, 0x4D, 0xFF,
    0xDF, 0x38, 0x4E, 0xFF, 0xE1, 0x39, 0x4F, 0xFF, 0xE4, 0x3B, 0x50, 0xFF, 0xE5, 0x3D, 0x51, 0xFF,
    0xE7, 0x3E, 0x51, 0xFF, 0xE7, 0x3F, 0x51, 0xFF, 0xE8, 0x41, 0x52, 0xFF, 0xE8, 0x42, 0x52, 0xFF,
    0xE7, 0x43, 0x51, 0xFF, 0xE6, 0x43, 0x52, 0xFF, 0xE5, 0x43, 0x50, 0xFF, 0xE3, 0x42, 0x4F, 0xFF,
    0xDF, 0x41, 0x4D, 0xFF, 0xDB, 0x40, 0x4C, 0xFB, 0xDF, 0x48, 0x53, 0xFE, 0xC6, 0x4E, 0x56, 0x88,
    0x00, 0x00, 0x00, 0x00, 0xBF, 0x3F, 0x3F, 0x04, 0x00, 0x00, 0x00, 0x00, 0x00, 0x00, 0x00, 0x00,
    0x00, 0x00, 0x00, 0x00, 0x00, 0x00, 0x00, 0x00, 0x55, 0x00, 0x55, 0x03, 0x00, 0x00, 0x00, 0x00,
    0x87, 0x43, 0x46, 0xB9, 0x94, 0x35, 0x3B, 0xFF, 0x95, 0x2A, 0x31, 0xFC, 0x9D, 0x28, 0x30, 0xFF,
    0xA5, 0x26, 0x30, 0xFF, 0xAC, 0x25, 0x31, 0xFF, 0xB2, 0x25, 0x33, 0xFF, 0xB8, 0x26, 0x37, 0xFF,
    0xBD, 0x28, 0x3A, 0xFF, 0xC1, 0x2B, 0x3E, 0xFF, 0xC5, 0x2E, 0x41, 0xFF, 0xC9, 0x33, 0x46, 0xFF,
    0xCC, 0x37, 0x4A, 0xFF, 0xCD, 0x39, 0x4C, 0xFF, 0xCF, 0x3D, 0x4F, 0xFF, 0xD0, 0x42, 0x52, 0xFF,
    0xD0, 0x44, 0x53, 0xFF, 0xCE, 0x45, 0x54, 0xFF, 0xCD, 0x46, 0x53, 0xFF, 0xCA, 0x44, 0x51, 0xFF,
    0xC7, 0x42, 0x4E, 0xFF, 0xC3, 0x40, 0x4C, 0xFF, 0xBE, 0x3D, 0x4B, 0xFF, 0xB8, 0x33, 0x46, 0xFF,
    0xB1, 0x24, 0x3A, 0xFF, 0xAD, 0x1D, 0x32, 0xFF, 0xAA, 0x1D, 0x31, 0xFF, 0xA9, 0x1F, 0x33, 0xFF,
    0xB0, 0x19, 0x29, 0xFF, 0xB0, 0x1C, 0x2F, 0xFF, 0xAF, 0x24, 0x3A, 0xFF, 0xB2, 0x24, 0x3B, 0xFF,
    0xB6, 0x26, 0x3F, 0xFF, 0xBA, 0x28, 0x43, 0xFF, 0xC0, 0x29, 0x44, 0xFF, 0xC5, 0x2B, 0x47, 0xFF,
    0xCA, 0x2E, 0x49, 0xFF, 0xCF, 0x31, 0x4B, 0xFF, 0xD3, 0x32, 0x4C, 0xFF, 0xD7, 0x34, 0x4D, 0xFF,
    0xD9, 0x35, 0x4E, 0xFF, 0xDC, 0x37, 0x4E, 0xFF, 0xDF, 0x39, 0x4F, 0xFF, 0xDF, 0x3A, 0x4F, 0xFF,
    0xE1, 0x3C, 0x50, 0xFF, 0xE2, 0x3D, 0x50, 0xFF, 0xE2, 0x3E, 0x50, 0xFF, 0xE2, 0x3F, 0x4F, 0xFF,
    0xE1, 0x3F, 0x4F, 0xFF, 0xE0, 0x40, 0x4E, 0xFF, 0xDF, 0x40, 0x4D, 0xFF, 0xDD, 0x3E, 0x4B, 0xFF,
    0xD8, 0x3E, 0x4A, 0xFF, 0xD2, 0x3C, 0x47, 0xFD, 0xD4, 0x46, 0x51, 0xFF, 0xC0, 0x51, 0x58, 0x4E,
    0x00, 0x00, 0x00, 0x00, 0xFF, 0x55, 0x55, 0x03, 0x00, 0x00, 0x00, 0x00, 0x00, 0x00, 0x00, 0x00,
    0x00, 0x00, 0x00, 0x00, 0x00, 0x00, 0x00, 0x00, 0x55, 0x00, 0x55, 0x03, 0x00, 0x00, 0x00, 0x00,
    0x85, 0x43, 0x46, 0xB6, 0x92, 0x35, 0x3B, 0xFF, 0x93, 0x2A, 0x31, 0xFC, 0x9C, 0x28, 0x31, 0xFF,
    0xA2, 0x26, 0x31, 0xFF, 0xA9, 0x25, 0x32, 0xFF, 0xAF, 0x25, 0x34, 0xFF, 0xB5, 0x26, 0x37, 0xFF,
    0xBA, 0x28, 0x3A, 0xFF, 0xBE, 0x2A, 0x3E, 0xFF, 0xC1, 0x2C, 0x41, 0xFF, 0xC5, 0x31, 0x46, 0xFF,
    0xC7, 0x35, 0x4A, 0xFF, 0xC9, 0x38, 0x4C, 0xFF, 0xCA, 0x3A, 0x4E, 0xFF, 0xCB, 0x3E, 0x51, 0xFF,
    0xC9, 0x41, 0x52, 0xFF, 0xC8, 0x42, 0x52, 0xFF, 0xC6, 0x42, 0x51, 0xFF, 0xC3, 0x41, 0x4F, 0xFF,
    0xC0, 0x3E, 0x4C, 0xFF, 0xBC, 0x3B, 0x49, 0xFF, 0xB9, 0x39, 0x49, 0xFF, 0xB3, 0x31, 0x45, 0xFF,
    0xAC, 0x23, 0x3B, 0xFF, 0xA7, 0x1C, 0x33, 0xFF, 0xA3, 0x1D, 0x32, 0xFF, 0xA5, 0x19, 0x2B, 0xFF,
    0x81, 0x4C, 0x75, 0xFF, 0x8E, 0x43, 0x69, 0xFF, 0xA9, 0x1D, 0x32, 0xFF, 0xA9, 0x24, 0x3E, 0xFF,
    0xAD, 0x24, 0x3F, 0xFF, 0xB3, 0x27, 0x42, 0xFF, 0xB8, 0x29, 0x45, 0xFF, 0xBE, 0x2A, 0x48, 0xFF,
    0xC3, 0x2B, 0x49, 0xFF, 0xC9, 0x2D, 0x4A, 0xFF, 0xCD, 0x2F, 0x4C, 0xFF, 0xD1, 0x31, 0x4D, 0xFF,
    0xD4, 0x32, 0x4D, 0xFF, 0xD6, 0x35, 0x4E, 0xFF, 0xD9, 0x36, 0x4E, 0xFF, 0xDA, 0x38, 0x4E, 0xFF,
    0xDB, 0x39, 0x4E, 0xFF, 0xDC, 0x3A, 0x4E, 0xFF, 0xDC, 0x3B, 0x4E, 0xFF, 0xDC, 0x3B, 0x4E, 0xFF,
    0xDB, 0x3C, 0x4D, 0xFF, 0xD9, 0x3B, 0x4C, 0xFF, 0xD7, 0x3B, 0x4A, 0xFF, 0xD5, 0x3A, 0x48, 0xFF,
    0xD0, 0x3A, 0x46, 0xFE, 0xCE, 0x3A, 0x47, 0xFF, 0xC0, 0x43, 0x4D, 0xEF, 0xB2, 0x66, 0x66, 0x14,
    0x00, 0x00, 0x00, 0x00, 0xFF, 0x00, 0xFF, 0x01, 0x00, 0x00, 0x00, 0x00, 0x00, 0x00, 0x00, 0x00,
    0x00, 0x00, 0x00, 0x00, 0x00, 0x00, 0x00, 0x00, 0x7F, 0x3F, 0x3F, 0x04, 0x00, 0x00, 0x00, 0x00,
    0x85, 0x42, 0x45, 0x9D, 0x93, 0x36, 0x3C, 0xFF, 0x93, 0x29, 0x31, 0xFB, 0x9A, 0x27, 0x31, 0xFF,
    0xA1, 0x26, 0x31, 0xFF, 0xA8, 0x25, 0x32, 0xFF, 0xAE, 0x24, 0x35, 0xFF, 0xB4, 0x25, 0x37, 0xFF,
    0xB8, 0x26, 0x3B, 0xFF, 0xBC, 0x28, 0x3E, 0xFF, 0xBF, 0x2A, 0x41, 0xFF, 0xC2, 0x2D, 0x44, 0xFF,
    0xC4, 0x32, 0x48, 0xFF, 0xC5, 0x35, 0x4B, 0xFF, 0xC6, 0x37, 0x4D, 0xFF, 0xC6, 0x3A, 0x4F, 0xFF,
    0xC5, 0x3C, 0x50, 0xFF, 0xC2, 0x3D, 0x4F, 0xFF, 0xC0, 0x3D, 0x4E, 0xFF, 0xBE, 0x3C, 0x4C, 0xFF,
    0xBA, 0x39, 0x48, 0xFF, 0xB5, 0x36, 0x44, 0xFF, 0xB2, 0x33, 0x44, 0xFF, 0xAE, 0x2C, 0x42, 0xFF,
    0xA8, 0x20, 0x3C, 0xFF, 0xA2, 0x1D, 0x36, 0xFF, 0xA6, 0x15, 0x28, 0xFF, 0x82, 0x37, 0x5A, 0xFF,
    0x3D, 0xA6, 0xF8, 0xFF, 0x6D, 0x6F, 0xA9, 0xFF, 0xA3, 0x17, 0x2C, 0xFF, 0xA1, 0x23, 0x3E, 0xFF,
    0xA7, 0x23, 0x3F, 0xFF, 0xAD, 0x24, 0x42, 0xFF, 0xB4, 0x26, 0x45, 0xFF, 0xB9, 0x28, 0x47, 0xFF,
    0xBF, 0x2A, 0x48, 0xFF, 0xC4, 0x2C, 0x4A, 0xFF, 0xC9, 0x2D, 0x4B, 0xFF, 0xCD, 0x2F, 0x4C, 0xFF,
    0xD0, 0x31, 0x4C, 0xFF, 0xD2, 0x32, 0x4C, 0xFF, 0xD4, 0x33, 0x4C, 0xFF, 0xD6, 0x35, 0x4C, 0xFF,
    0xD6, 0x35, 0x4C, 0xFF, 0xD7, 0x37, 0x4C, 0xFF, 0xD7, 0x37, 0x4C, 0xFF, 0xD6, 0x38, 0x4A, 0xFF,
    0xD6, 0x38, 0x49, 0xFF, 0xD4, 0x38, 0x48, 0xFF, 0xD1, 0x37, 0x46, 0xFF, 0xCE, 0x36, 0x44, 0xFF,
    0xCA, 0x35, 0x43, 0xFB, 0xCE, 0x3D, 0x4A, 0xFF, 0xB9, 0x46, 0x4F, 0xA6, 0x00, 0x00, 0x00, 0x00,
    0xAA, 0x55, 0x55, 0x03, 0x00, 0x00, 0x00, 0x00, 0x00, 0x00, 0x00, 0x00, 0x00, 0x00, 0x00, 0x00,
    0x00, 0x00, 0x00, 0x00, 0x00, 0x00, 0x00, 0x00, 0x7F, 0x3F, 0x3F, 0x04, 0x00, 0x00, 0x00, 0x00,
    0x82, 0x44, 0x46, 0x73, 0x92, 0x38, 0x3E, 0xFF, 0x92, 0x29, 0x31, 0xFB, 0x99, 0x27, 0x31, 0xFF,
    0x9F, 0x25, 0x31, 0xFF, 0xA5, 0x24, 0x32, 0xFF, 0xAC, 0x23, 0x35, 0xFF, 0xB1, 0x23, 0x38, 0xFF,
    0xB6, 0x25, 0x3B, 0xFF, 0xB9, 0x27, 0x3E, 0xFF, 0xBC, 0x28, 0x41, 0xFF, 0xBF, 0x29, 0x44, 0xFF,
    0xC0, 0x2D, 0x46, 0xFF, 0xC1, 0x2F, 0x49, 0xFF, 0xC1, 0x32, 0x4B, 0xFF, 0xC1, 0x35, 0x4D, 0xFF,
    0xBF, 0x36, 0x4D, 0xFF, 0xBC, 0x37, 0x4C, 0xFF, 0xB8, 0x36, 0x4A, 0xFF, 0xB5, 0x35, 0x46, 0xFF,
    0xB2, 0x31, 0x42, 0xFF, 0xAE, 0x2E, 0x3F, 0xFF, 0xAB, 0x2B, 0x3E, 0xFF, 0xA7, 0x26, 0x3F, 0xFF,
    0xA4, 0x1E, 0x3C, 0xFF, 0x9F, 0x1A, 0x35, 0xFF, 0x9A, 0x19, 0x2F, 0xFF, 0x4B, 0x7C, 0xC8, 0xFF,
    0x47, 0xAA, 0xFF, 0xFF, 0x6C, 0x69, 0xA6, 0xFF, 0x9D, 0x16, 0x2D, 0xFF, 0x9C, 0x21, 0x3D, 0xFF,
    0xA1, 0x21, 0x3F, 0xFF, 0xA8, 0x23, 0x42, 0xFF, 0xAE, 0x24, 0x44, 0xFF, 0xB4, 0x26, 0x46, 0xFF,
    0xBA, 0x28, 0x48, 0xFF, 0xBF, 0x29, 0x49, 0xFF, 0xC4, 0x2B, 0x4A, 0xFF, 0xC8, 0x2C, 0x4A, 0xFF,
    0xCB, 0x2E, 0x4B, 0xFF, 0xCE, 0x2F, 0x4B, 0xFF, 0xCF, 0x30, 0x4B, 0xFF, 0xD0, 0x31, 0x4A, 0xFF,
    0xD1, 0x32, 0x4A, 0xFF, 0xD1, 0x33, 0x49, 0xFF, 0xD1, 0x34, 0x48, 0xFF, 0xD0, 0x34, 0x47, 0xFF,
    0xCF, 0x33, 0x46, 0xFF, 0xCC, 0x33, 0x44, 0xFF, 0xCA, 0x32, 0x42, 0xFF, 0xC7, 0x32, 0x41, 0xFF,
    0xC1, 0x32, 0x40, 0xFD, 0xC0, 0x3F, 0x4B, 0xFF, 0xB2, 0x50, 0x59, 0x3C, 0x00, 0x00, 0x00, 0x00,
    0xAA, 0x55, 0x55, 0x03, 0x00, 0x00, 0x00, 0x00, 0x00, 0x00, 0x00, 0x00, 0x00, 0x00, 0x00, 0x00,
    0x00, 0x00, 0x00, 0x00, 0x00, 0x00, 0x00, 0x00, 0xAA, 0x55, 0x55, 0x03, 0x00, 0x00, 0x00, 0x00,
    0x81, 0x4C, 0x4C, 0x35, 0x8A, 0x39, 0x3E, 0xFF, 0x8E, 0x2B, 0x33, 0xFE, 0x97, 0x27, 0x32, 0xFF,
    0x9D, 0x25, 0x32, 0xFF, 0xA2, 0x23, 0x33, 0xFF, 0xA8, 0x23, 0x35, 0xFF, 0xAE, 0x23, 0x38, 0xFF,
    0xB2, 0x23, 0x3B, 0xFF, 0xB6, 0x24, 0x3E, 0xFF, 0xB9, 0x26, 0x41, 0xFF, 0xBB, 0x28, 0x43, 0xFF,
    0xBC, 0x29, 0x46, 0xFF, 0xBD, 0x2B, 0x47, 0xFF, 0xBD, 0x2D, 0x48, 0xFF, 0xBB, 0x2E, 0x49, 0xFF,
    0xB8, 0x2E, 0x48, 0xFF, 0xB6, 0x2F, 0x46, 0xFF, 0xB1, 0x2E, 0x44, 0xFF, 0xAD, 0x2C, 0x40, 0xFF,
    0xA9, 0x29, 0x3C, 0xFF, 0xA6, 0x26, 0x39, 0xFF, 0xA3, 0x24, 0x39, 0xFF, 0xA2, 0x20, 0x3C, 0xFF,
    0x9E, 0x1E, 0x3F, 0xFF, 0xA2, 0x11, 0x28, 0xFF, 0x69, 0x4C, 0x85, 0xFF, 0x3E, 0x9F, 0xFF, 0xFF,
    0x4D, 0xA6, 0xFE, 0xFF, 0x67, 0x6B, 0xAD, 0xFF, 0x98, 0x15, 0x2C, 0xFF, 0x96, 0x1F, 0x3D, 0xFF,
    0x9C, 0x1F, 0x3E, 0xFF, 0xA2, 0x20, 0x41, 0xFF, 0xA8, 0x22, 0x44, 0xFF, 0xAF, 0x24, 0x45, 0xFF,
    0xB5, 0x25, 0x47, 0xFF, 0xBB, 0x27, 0x48, 0xFF, 0xC0, 0x28, 0x49, 0xFF, 0xC3, 0x2A, 0x49, 0xFF,
    0xC7, 0x2B, 0x49, 0xFF, 0xC8, 0x2C, 0x49, 0xFF, 0xCA, 0x2D, 0x49, 0xFF, 0xCB, 0x2E, 0x48, 0xFF,
    0xCA, 0x2F, 0x48, 0xFF, 0xCB, 0x2F, 0x47, 0xFF, 0xCB, 0x30, 0x45, 0xFF, 0xC9, 0x2F, 0x44, 0xFF,
    0xC7, 0x2F, 0x42, 0xFF, 0xC5, 0x2F, 0x41, 0xFF, 0xC3, 0x2F, 0x3F, 0xFF, 0xBE, 0x2F, 0x3E, 0xFC,
    0xC3, 0x38, 0x46, 0xFF, 0xB0, 0x43, 0x4D, 0xB9, 0x00, 0x00, 0x00, 0x00, 0xFF, 0x7F, 0x7F, 0x02,
    0x00, 0x00, 0x00, 0x00, 0x00, 0x00, 0x00, 0x00, 0x00, 0x00, 0x00, 0x00, 0x00, 0x00, 0x00, 0x00,
    0x00, 0x00, 0x00, 0x00, 0x00, 0x00, 0x00, 0x00, 0x00, 0x00, 0x00, 0x00, 0xFF, 0x00, 0x00, 0x01,
    0x7F, 0x7F, 0x7F, 0x04, 0x83, 0x3B, 0x40, 0xD3, 0x91, 0x2F, 0x38, 0xFE, 0x93, 0x27, 0x32, 0xFC,
    0x99, 0x25, 0x32, 0xFF, 0xA0, 0x23, 0x33, 0xFF, 0xA5, 0x22, 0x36, 0xFF, 0xAA, 0x22, 0x38, 0xFF,
    0xAE, 0x22, 0x3B, 0xFF, 0xB2, 0x22, 0x3E, 0xFF, 0xB5, 0x23, 0x40, 0xFF, 0xB7, 0x24, 0x43, 0xFF,
    0xB7, 0x25, 0x44, 0xFF, 0xB8, 0x26, 0x45, 0xFF, 0xB7, 0x27, 0x46, 0xFF, 0xB5, 0x28, 0x46, 0xFF,
    0xB2, 0x27, 0x45, 0xFF, 0xAE, 0x27, 0x42, 0xFF, 0xAA, 0x26, 0x40, 0xFF, 0xA5, 0x25, 0x3C, 0xFF,
    0xA1, 0x23, 0x38, 0xFF, 0x9F, 0x20, 0x35, 0xFF, 0x9D, 0x1F, 0x36, 0xFF, 0x9D, 0x1F, 0x3C, 0xFF,
    0x9F, 0x18, 0x38, 0xFF, 0x8C, 0x23, 0x48, 0xFF, 0x3F, 0x89, 0xEC, 0xFF, 0x4A, 0x9D, 0xFD, 0xFF,
    0x4A, 0xA6, 0xFF, 0xFF, 0x65, 0x68, 0xB0, 0xFF, 0x93, 0x14, 0x2C, 0xFF, 0x92, 0x1E, 0x3D, 0xFF,
    0x98, 0x1D, 0x3D, 0xFF, 0x9D, 0x1F, 0x40, 0xFF, 0xA4, 0x20, 0x42, 0xFF, 0xAB, 0x21, 0x45, 0xFF,
    0xB1, 0x23, 0x46, 0xFF, 0xB6, 0x25, 0x47, 0xFF, 0xBB, 0x26, 0x47, 0xFF, 0xBF, 0x27, 0x48, 0xFF,
    0xC1, 0x28, 0x48, 0xFF, 0xC3, 0x29, 0x48, 0xFF, 0xC4, 0x2A, 0x47, 0xFF, 0xC4, 0x2B, 0x46, 0xFF,
    0xC4, 0x2B, 0x45, 0xFF, 0xC4, 0x2C, 0x44, 0xFF, 0xC3, 0x2B, 0x43, 0xFF, 0xC2, 0x2B, 0x42, 0xFF,
    0xC0, 0x2C, 0x3F, 0xFF, 0xBE, 0x2C, 0x3E, 0xFF, 0xBA, 0x2D, 0x3E, 0xFE, 0xB9, 0x2F, 0x3F, 0xFC,
    0xB4, 0x3E, 0x4B, 0xFA, 0xA6, 0x4D, 0x58, 0x2E, 0x00, 0x00, 0x00, 0x00, 0xAA, 0x55, 0x55, 0x03,
    0x00, 0x00, 0x00, 0x00, 0x00, 0x00, 0x00, 0x00, 0x00, 0x00, 0x00, 0x00, 0x00, 0x00, 0x00, 0x00,
    0x00, 0x00, 0x00, 0x00, 0x00, 0x00, 0x00, 0x00, 0x00, 0x00, 0x00, 0x00, 0x7F, 0x3F, 0x3F, 0x04,
    0x00, 0x00, 0x00, 0x00, 0x84, 0x42, 0x49, 0x64, 0x92, 0x35, 0x40, 0xFF, 0x8F, 0x27, 0x32, 0xFB,
    0x96, 0x25, 0x33, 0xFF, 0x9C, 0x23, 0x34, 0xFF, 0xA1, 0x21, 0x36, 0xFF, 0xA6, 0x20, 0x38, 0xFF,
    0xAA, 0x21, 0x3B, 0xFF, 0xAE, 0x21, 0x3E, 0xFF, 0xB0, 0x21, 0x40, 0xFF, 0xB2, 0x21, 0x42, 0xFF,
    0xB3, 0x22, 0x44, 0xFF, 0xB2, 0x22, 0x45, 0xFF, 0xB2, 0x22, 0x45, 0xFF, 0xAF, 0x22, 0x44, 0xFF,
    0xAC, 0x21, 0x42, 0xFF, 0xA8, 0x21, 0x3F, 0xFF, 0xA3, 0x20, 0x3D, 0xFF, 0x9F, 0x20, 0x39, 0xFF,
    0x9C, 0x1F, 0x36, 0xFF, 0x99, 0x1E, 0x34, 0xFF, 0x98, 0x1E, 0x35, 0xFF, 0x97, 0x1F, 0x3D, 0xFF,
    0x9D, 0x15, 0x30, 0xFF, 0x57, 0x5F, 0xB1, 0xFF, 0x41, 0x9B, 0xFF, 0xFF, 0x4C, 0x99, 0xFA, 0xFF,
    0x4A, 0xA6, 0xFF, 0xFF, 0x63, 0x66, 0xB2, 0xFF, 0x90, 0x13, 0x2C, 0xFF, 0x8F, 0x1D, 0x3D, 0xFF,
    0x94, 0x1C, 0x3D, 0xFF, 0x9A, 0x1D, 0x3F, 0xFF, 0xA0, 0x1E, 0x42, 0xFF, 0xA7, 0x20, 0x44, 0xFF,
    0xAD, 0x21, 0x45, 0xFF, 0xB2, 0x22, 0x46, 0xFF, 0xB7, 0x24, 0x47, 0xFF, 0xBA, 0x25, 0x46, 0xFF,
    0xBC, 0x25, 0x46, 0xFF, 0xBD, 0x26, 0x46, 0xFF, 0xBE, 0x27, 0x45, 0xFF, 0xBE, 0x28, 0x44, 0xFF,
    0xBE, 0x28, 0x43, 0xFF, 0xBE, 0x28, 0x42, 0xFF, 0xBC, 0x28, 0x40, 0xFF, 0xBB, 0x28, 0x3F, 0xFF,
    0xB9, 0x29, 0x3E, 0xFF, 0xB6, 0x2A, 0x3D, 0xFF, 0xB2, 0x2B, 0x3D, 0xFA, 0xBA, 0x3B, 0x4C, 0xFF,
    0xA7, 0x48, 0x55, 0x78, 0x00, 0x00, 0x00, 0x00, 0xAA, 0x55, 0x55, 0x03, 0x00, 0x00, 0x00, 0x00,
    0x00, 0x00, 0x00, 0x00, 0x00, 0x00, 0x00, 0x00, 0x00, 0x00, 0x00, 0x00, 0x00, 0x00, 0x00, 0x00,
    0x00, 0x00, 0x00, 0x00, 0x00, 0x00, 0x00, 0x00, 0x00, 0x00, 0x00, 0x00, 0x00, 0x00, 0x00, 0x01,
    0x7F, 0x00, 0x00, 0x02, 0x7F, 0x55, 0x7F, 0x06, 0x86, 0x38, 0x43, 0xD1, 0x91, 0x2C, 0x3B, 0xFF,
    0x91, 0x25, 0x34, 0xFC, 0x97, 0x23, 0x35, 0xFF, 0x9C, 0x21, 0x36, 0xFF, 0xA1, 0x20, 0x38, 0xFF,
    0xA5, 0x20, 0x3B, 0xFF, 0xA9, 0x20, 0x3E, 0xFF, 0xAB, 0x20, 0x40, 0xFF, 0xAD, 0x20, 0x42, 0xFF,
    0xAD, 0x20, 0x43, 0xFF, 0xAE, 0x20, 0x44, 0xFF, 0xAC, 0x1F, 0x44, 0xFF, 0xAA, 0x1F, 0x42, 0xFF,
    0xA6, 0x1E, 0x41, 0xFF, 0xA2, 0x1E, 0x3F, 0xFF, 0x9E, 0x1E, 0x3C, 0xFF, 0x9B, 0x1E, 0x3A, 0xFF,
    0x97, 0x1D, 0x36, 0xFF, 0x94, 0x1D, 0x33, 0xFF, 0x92, 0x21, 0x38, 0xFF, 0x99, 0x1C, 0x31, 0xFF,
    0x79, 0x37, 0x6A, 0xFF, 0x3D, 0x8C, 0xFD, 0xFF, 0x4B, 0x94, 0xFD, 0xFF, 0x4A, 0x99, 0xFC, 0xFF,
    0x4A, 0xA3, 0xFF, 0xFF, 0x62, 0x65, 0xB3, 0xFF, 0x8F, 0x14, 0x2D, 0xFF, 0x8D, 0x1D, 0x3D, 0xFF,
    0x92, 0x1B, 0x3D, 0xFF, 0x97, 0x1C, 0x3F, 0xFF, 0x9D, 0x1D, 0x41, 0xFF, 0xA3, 0x1E, 0x42, 0xFF,
    0xA9, 0x20, 0x44, 0xFF, 0xAE, 0x20, 0x45, 0xFF, 0xB2, 0x22, 0x45, 0xFF, 0xB5, 0x22, 0x45, 0xFF,
    0xB6, 0x23, 0x45, 0xFF, 0xB6, 0x24, 0x44, 0xFF, 0xB7, 0x24, 0x43, 0xFF, 0xB7, 0x25, 0x42, 0xFF,
    0xB7, 0x25, 0x41, 0xFF, 0xB6, 0x25, 0x40, 0xFF, 0xB4, 0x26, 0x3E, 0xFF, 0xB3, 0x26, 0x3D, 0xFF,
    0xB0, 0x28, 0x3D, 0xFF, 0xAC, 0x29, 0x3D, 0xFA, 0xB6, 0x38, 0x4A, 0xFF, 0xA6, 0x43, 0x52, 0xAA,
    0x00, 0x00, 0x00, 0x00, 0x7F, 0x3F, 0x3F, 0x04, 0x00, 0x00, 0x00, 0x00, 0x00, 0x00, 0x00, 0x00,
    0x00, 0x00, 0x00, 0x00, 0x00, 0x00, 0x00, 0x00, 0x00, 0x00, 0x00, 0x00, 0x00, 0x00, 0x00, 0x00,
    0x00, 0x00, 0x00, 0x00, 0x00, 0x00, 0x00, 0x00, 0x00, 0x00, 0x00, 0x00, 0x00, 0x00, 0x00, 0x00,
    0x55, 0x55, 0x55, 0x03, 0x00, 0x00, 0x00, 0x00, 0x84, 0x44, 0x4E, 0x34, 0x8C, 0x35, 0x44, 0xF9,
    0x8F, 0x27, 0x39, 0xFD, 0x91, 0x23, 0x36, 0xFD, 0x96, 0x21, 0x37, 0xFF, 0x9B, 0x1F, 0x38, 0xFF,
    0x9F, 0x1E, 0x3A, 0xFF, 0xA3, 0x1E, 0x3D, 0xFF, 0xA5, 0x1E, 0x3F, 0xFF, 0xA6, 0x1E, 0x41, 0xFF,
    0xA7, 0x1E, 0x42, 0xFF, 0xA7, 0x1E, 0x43, 0xFF, 0xA5, 0x1D, 0x42, 0xFF, 0xA4, 0x1D, 0x42, 0xFF,
    0xA1, 0x1D, 0x40, 0xFF, 0x9E, 0x1D, 0x3F, 0xFF, 0x9A, 0x1D, 0x3D, 0xFF, 0x97, 0x1D, 0x3A, 0xFF,
    0x93, 0x1E, 0x38, 0xFF, 0x90, 0x20, 0x36, 0xFF, 0x8F, 0x24, 0x38, 0xFF, 0x8C, 0x25, 0x3A, 0xFF,
    0x47, 0x6F, 0xD5, 0xFF, 0x46, 0x90, 0xFF, 0xFF, 0x4A, 0x92, 0xFD, 0xFF, 0x4A, 0x97, 0xFC, 0xFF,
    0x49, 0xA0, 0xFF, 0xFF, 0x61, 0x63, 0xB4, 0xFF, 0x8F, 0x14, 0x2E, 0xFF, 0x8D, 0x1D, 0x3E, 0xFF,
    0x91, 0x1B, 0x3E, 0xFF, 0x95, 0x1C, 0x3F, 0xFF, 0x9A, 0x1C, 0x40, 0xFF, 0x9F, 0x1D, 0x42, 0xFF,
    0xA5, 0x1E, 0x43, 0xFF, 0xA9, 0x1F, 0x44, 0xFF, 0xAB, 0x20, 0x44, 0xFF, 0xAE, 0x20, 0x44, 0xFF,
    0xAF, 0x21, 0x43, 0xFF, 0xAF, 0x21, 0x42, 0xFF, 0xAF, 0x22, 0x41, 0xFF, 0xAF, 0x22, 0x40, 0xFF,
    0xAE, 0x22, 0x3F, 0xFF, 0xAD, 0x23, 0x3D, 0xFF, 0xAC, 0x24, 0x3D, 0xFF, 0xA9, 0x26, 0x3D, 0xFE,
    0xA6, 0x27, 0x3D, 0xFA, 0xB0, 0x36, 0x4B, 0xFF, 0xA3, 0x42, 0x54, 0xBB, 0x9F, 0x7F, 0x7F, 0x08,
    0x7F, 0x00, 0x00, 0x02, 0xFF, 0x00, 0x00, 0x01, 0x00, 0x00, 0x00, 0x00, 0x00, 0x00, 0x00, 0x00,
    0x00, 0x00, 0x00, 0x00, 0x00, 0x00, 0x00, 0x00, 0x00, 0x00, 0x00, 0x00, 0x00, 0x00, 0x00, 0x00,
    0x00, 0x00, 0x00, 0x00, 0x00, 0x00, 0x00, 0x00, 0x00, 0x00, 0x00, 0x00, 0x00, 0x00, 0x00, 0x00,
    0x00, 0x00, 0x00, 0x00, 0xAA, 0x55, 0x55, 0x03, 0x00, 0x00, 0x00, 0x00, 0x86, 0x3F, 0x50, 0x59,
    0x91, 0x34, 0x48, 0xFF, 0x8F, 0x25, 0x3B, 0xFF, 0x8F, 0x20, 0x36, 0xFC, 0x94, 0x1F, 0x38, 0xFF,
    0x98, 0x1E, 0x39, 0xFF, 0x9C, 0x1D, 0x3B, 0xFF, 0x9F, 0x1D, 0x3E, 0xFF, 0xA1, 0x1D, 0x40, 0xFF,
    0xA2, 0x1D, 0x41, 0xFF, 0xA1, 0x1D, 0x42, 0xFF, 0xA0, 0x1D, 0x41, 0xFF, 0x9F, 0x1D, 0x41, 0xFF,
    0x9D, 0x1D, 0x40, 0xFF, 0x9A, 0x1E, 0x3F, 0xFF, 0x97, 0x1E, 0x3F, 0xFF, 0x94, 0x1E, 0x3D, 0xFF,
    0x90, 0x1F, 0x3A, 0xFF, 0x8C, 0x23, 0x3D, 0xFF, 0x91, 0x22, 0x2E, 0xFF, 0x60, 0x4D, 0x8E, 0xFF,
    0x3E, 0x89, 0xFF, 0xFF, 0x4B, 0x8B, 0xFD, 0xFF, 0x49, 0x90, 0xFF, 0xFF, 0x4A, 0x94, 0xFC, 0xFF,
    0x4A, 0x9D, 0xFF, 0xFF, 0x62, 0x61, 0xB6, 0xFF, 0x8E, 0x15, 0x30, 0xFF, 0x8D, 0x1E, 0x40, 0xFF,
    0x91, 0x1C, 0x3F, 0xFF, 0x94, 0x1C, 0x40, 0xFF, 0x98, 0x1C, 0x41, 0xFF, 0x9D, 0x1D, 0x42, 0xFF,
    0xA1, 0x1D, 0x42, 0xFF, 0xA4, 0x1E, 0x42, 0xFF, 0xA6, 0x1F, 0x42, 0xFF, 0xA7, 0x1F, 0x42, 0xFF,
    0xA8, 0x1F, 0x41, 0xFF, 0xA7, 0x20, 0x40, 0xFF, 0xA7, 0x20, 0x3F, 0xFF, 0xA7, 0x20, 0x3E, 0xFF,
    0xA5, 0x21, 0x3D, 0xFF, 0xA4, 0x23, 0x3D, 0xFF, 0xA1, 0x24, 0x3C, 0xFC, 0xA0, 0x28, 0x3F, 0xFE,
    0xAC, 0x38, 0x50, 0xFF, 0xA2, 0x43, 0x57, 0xAA, 0x9F, 0x7F, 0x7F, 0x08, 0x00, 0x00, 0x00, 0x00,
    0x7F, 0x00, 0x00, 0x02, 0x00, 0x00, 0x00, 0x00, 0x00, 0x00, 0x00, 0x00, 0x00, 0x00, 0x00, 0x00,
    0x00, 0x00, 0x00, 0x00, 0x00, 0x00, 0x00, 0x00, 0x00, 0x00, 0x00, 0x00, 0x00, 0x00, 0x00, 0x00,
    0x00, 0x00, 0x00, 0x00, 0x00, 0x00, 0x00, 0x00, 0x00, 0x00, 0x00, 0x00, 0x00, 0x00, 0x00, 0x00,
    0x00, 0x00, 0x00, 0x00, 0x00, 0x00, 0x00, 0x00, 0x7F, 0x3F, 0x3F, 0x04, 0x00, 0x00, 0x00, 0x00,
    0x8C, 0x3D, 0x55, 0x57, 0x94, 0x33, 0x4C, 0xF6, 0x99, 0x27, 0x42, 0xFF, 0x91, 0x1D, 0x36, 0xFC,
    0x95, 0x1C, 0x36, 0xFC, 0x99, 0x1C, 0x38, 0xFE, 0x9C, 0x1C, 0x3B, 0xFF, 0x9F, 0x1C, 0x3E, 0xFF,
    0xA0, 0x1C, 0x3F, 0xFF, 0xA0, 0x1C, 0x40, 0xFF, 0x9F, 0x1D, 0x41, 0xFF, 0x9F, 0x1E, 0x41, 0xFF,
    0x9D, 0x1E, 0x41, 0xFF, 0x9B, 0x1F, 0x41, 0xFF, 0x99, 0x1F, 0x41, 0xFF, 0x96, 0x1F, 0x3F, 0xFF,
    0x93, 0x20, 0x3F, 0xFF, 0x95, 0x1F, 0x39, 0xFF, 0x82, 0x2D, 0x4F, 0xFF, 0x3F, 0x77, 0xEF, 0xFF,
    0x4A, 0x87, 0xFE, 0xFF, 0x49, 0x8A, 0xFE, 0xFF, 0x49, 0x8D, 0xFF, 0xFF, 0x4B, 0x91, 0xFC, 0xFF,
    0x48, 0x9A, 0xFF, 0xFF, 0x62, 0x60, 0xB7, 0xFF, 0x93, 0x17, 0x36, 0xFF, 0x90, 0x1F, 0x45, 0xFF,
    0x94, 0x1E, 0x43, 0xFF, 0x97, 0x1E, 0x44, 0xFF, 0x9B, 0x1E, 0x44, 0xFF, 0x9E, 0x1D, 0x41, 0xFF,
    0xA1, 0x1D, 0x41, 0xFF, 0xA2, 0x1D, 0x41, 0xFF, 0xA4, 0x1D, 0x40, 0xFF, 0xA5, 0x1D, 0x3F, 0xFF,
    0xA5, 0x1E, 0x3F, 0xFF, 0xA5, 0x1F, 0x3E, 0xFF, 0xA4, 0x1F, 0x3D, 0xFF, 0xA3, 0x20, 0x3D, 0xFE,
    0xA1, 0x21, 0x3C, 0xFC, 0xA0, 0x24, 0x3D, 0xFD, 0xA9, 0x2E, 0x49, 0xFF, 0xA4, 0x3A, 0x52, 0xF9,
    0xA3, 0x47, 0x5E, 0x7A, 0x00, 0x00, 0x00, 0x00, 0x00, 0x00, 0x00, 0x00, 0xFF, 0x00, 0x00, 0x01,
    0x00, 0x00, 0x00, 0x00, 0x00, 0x00, 0x00, 0x00, 0x00, 0x00, 0x00, 0x00, 0x00, 0x00, 0x00, 0x00,
    0x00, 0x00, 0x00, 0x00, 0x00, 0x00, 0x00, 0x00, 0x00, 0x00, 0x00, 0x00, 0x00, 0x00, 0x00, 0x00,
    0x00, 0x00, 0x00, 0x00, 0x00, 0x00, 0x00, 0x00, 0x00, 0x00, 0x00, 0x00, 0x00, 0x00, 0x00, 0x00,
    0x00, 0x00, 0x00, 0x00, 0x00, 0x00, 0x00, 0x00, 0x00, 0x00, 0x00, 0x00, 0xAA, 0x55, 0x55, 0x03,
    0x00, 0x00, 0x00, 0x00, 0x96, 0x43, 0x5D, 0x31, 0x9A, 0x36, 0x53, 0xC3, 0x9E, 0x2D, 0x48, 0xFF,
    0x9B, 0x20, 0x38, 0xFF, 0x97, 0x19, 0x31, 0xFF, 0x99, 0x18, 0x33, 0xFC, 0x9D, 0x1A, 0x39, 0xFB,
    0x9F, 0x1B, 0x3D, 0xFC, 0x9F, 0x1C, 0x3F, 0xFD, 0xA0, 0x1D, 0x41, 0xFD, 0x9F, 0x1E, 0x41, 0xFD,
    0x9F, 0x1F, 0x41, 0xFD, 0x9E, 0x1F, 0x41, 0xFD, 0x9D, 0x1F, 0x41, 0xFD, 0x9B, 0x1E, 0x40, 0xFD,
    0x98, 0x1F, 0x42, 0xFD, 0x9D, 0x19, 0x35, 0xFF, 0x56, 0x56, 0xB5, 0xFF, 0x42, 0x84, 0xFF, 0xFF,
    0x4B, 0x83, 0xFD, 0xFF, 0x49, 0x87, 0xFF, 0xFF, 0x4A, 0x89, 0xFF, 0xFF, 0x4B, 0x8C, 0xFC, 0xFF,
    0x48, 0x97, 0xFF, 0xFF, 0x67, 0x5B, 0xB6, 0xFF, 0xA4, 0x0F, 0x28, 0xFF, 0xA0, 0x18, 0x37, 0xFF,
    0xA3, 0x17, 0x35, 0xFF, 0xA4, 0x16, 0x36, 0xFF, 0xA3, 0x17, 0x37, 0xFE, 0xA0, 0x1C, 0x40, 0xFD,
    0xA2, 0x1C, 0x40, 0xFD, 0xA3, 0x1C, 0x3E, 0xFD, 0xA3, 0x1B, 0x3C, 0xFD, 0xA3, 0x1B, 0x3A, 0xFD,
    0xA2, 0x1C, 0x39, 0xFC, 0xA2, 0x1D, 0x38, 0xFB, 0xA2, 0x1E, 0x39, 0xFC, 0xA5, 0x23, 0x3F, 0xFF,
    0xAD, 0x2C, 0x4A, 0xFF, 0xAA, 0x35, 0x52, 0xFF, 0xA9, 0x40, 0x5B, 0xB6, 0xA5, 0x50, 0x69, 0x33,
    0x00, 0x00, 0x00, 0x00, 0x7F, 0x00, 0x00, 0x02, 0xFF, 0x00, 0x00, 0x01, 0x00, 0x00, 0x00, 0x00,
    0x00, 0x00, 0x00, 0x00, 0x00, 0x00, 0x00, 0x00, 0x00, 0x00, 0x00, 0x00, 0x00, 0x00, 0x00, 0x00,
    0x00, 0x00, 0x00, 0x00, 0x00, 0x00, 0x00, 0x00, 0x00, 0x00, 0x00, 0x00, 0x00, 0x00, 0x00, 0x00,
    0x00, 0x00, 0x00, 0x00, 0x00, 0x00, 0x00, 0x00, 0x00, 0x00, 0x00, 0x00, 0x00, 0x00, 0x00, 0x00,
    0x00, 0x00, 0x00, 0x00, 0x00, 0x00, 0x00, 0x00, 0x00, 0x00, 0x00, 0x00, 0x00, 0x00, 0x00, 0x00,
    0xAA, 0x55, 0x55, 0x03, 0x00, 0x00, 0x00, 0x00, 0x00, 0x01, 0x01, 0x00, 0x9F, 0x3F, 0x5C, 0x58,
    0x9C, 0x32, 0x4C, 0xBF, 0x99, 0x27, 0x3E, 0xFA, 0xA4, 0x24, 0x3E, 0xFF, 0xA8, 0x23, 0x43, 0xFF,
    0xA9, 0x22, 0x46, 0xFF, 0xA8, 0x22, 0x46, 0xFF, 0xA7, 0x22, 0x47, 0xFF, 0xA7, 0x22, 0x47, 0xFF,
    0xA6, 0x21, 0x46, 0xFF, 0xA6, 0x21, 0x45, 0xFF, 0xA5, 0x20, 0x45, 0xFF, 0xA3, 0x21, 0x47, 0xFF,
    0xAA, 0x1B, 0x3B, 0xFF, 0x7E, 0x33, 0x70, 0xFF, 0x3D, 0x7A, 0xFC, 0xFF, 0x4C, 0x7F, 0xFD, 0xFF,
    0x49, 0x82, 0xFF, 0xFF, 0x4A, 0x82, 0xFF, 0xFF, 0x4A, 0x85, 0xFF, 0xFF, 0x4A, 0x88, 0xFE, 0xFF,
    0x4B, 0x8F, 0xFF, 0xFF, 0x4E, 0x75, 0xE7, 0xFF, 0x6E, 0x4D, 0x9D, 0xFF, 0x70, 0x4D, 0x9D, 0xFF,
    0x71, 0x4C, 0x9B, 0xFF, 0x73, 0x4C, 0x99, 0xFE, 0x86, 0x44, 0x87, 0xFF, 0xA7, 0x1F, 0x44, 0xFF,
    0xA6, 0x1D, 0x40, 0xFF, 0xA5, 0x1B, 0x3C, 0xFF, 0xA4, 0x1A, 0x36, 0xFF, 0xA5, 0x1A, 0x33, 0xFF,
    0xA7, 0x1F, 0x35, 0xFF, 0xAB, 0x27, 0x3E, 0xFF, 0xAB, 0x2F, 0x4A, 0xFF, 0xA8, 0x34, 0x53, 0xEC,
    0xAB, 0x3F, 0x5E, 0xA5, 0xAD, 0x4D, 0x6C, 0x42, 0x00, 0x00, 0x00, 0x00, 0x00, 0x00, 0x00, 0x00,
    0xAA, 0x55, 0x55, 0x03, 0x00, 0x00, 0x00, 0x00, 0x00, 0x00, 0x00, 0x00, 0x00, 0x00, 0x00, 0x00,
    0x00, 0x00, 0x00, 0x00, 0x00, 0x00, 0x00, 0x00, 0x00, 0x00, 0x00, 0x00, 0x00, 0x00, 0x00, 0x00,
    0x00, 0x00, 0x00, 0x00, 0x00, 0x00, 0x00, 0x00, 0x00, 0x00, 0x00, 0x00, 0x00, 0x00, 0x00, 0x00,
    0x00, 0x00, 0x00, 0x00, 0x00, 0x00, 0x00, 0x00, 0x00, 0x00, 0x00, 0x00, 0x00, 0x00, 0x00, 0x00,
    0x00, 0x00, 0x00, 0x00, 0x00, 0x00, 0x00, 0x00, 0x00, 0x00, 0x00, 0x00, 0x00, 0x00, 0x00, 0x00,
    0x00, 0x00, 0x00, 0x00, 0x7F, 0x7F, 0x7F, 0x02, 0xAA, 0x00, 0x00, 0x03, 0x00, 0x00, 0x00, 0x00,
    0x00, 0x01, 0x01, 0x00, 0xA8, 0x45, 0x62, 0x2C, 0xA4, 0x3B, 0x57, 0x63, 0xA8, 0x37, 0x58, 0x93,
    0xA9, 0x34, 0x59, 0xBC, 0xAB, 0x34, 0x59, 0xD0, 0xAB, 0x32, 0x58, 0xD8, 0xAA, 0x31, 0x57, 0xDA,
    0xAA, 0x30, 0x55, 0xD9, 0xA9, 0x2F, 0x55, 0xD7, 0xA8, 0x2E, 0x54, 0xD6, 0xA8, 0x2D, 0x54, 0xD4,
    0xA6, 0x2C, 0x51, 0xD5, 0x4B, 0x62, 0xD7, 0xFF, 0x46, 0x7D, 0xFF, 0xFF, 0x4B, 0x7C, 0xFD, 0xFF,
    0x4A, 0x7E, 0xFF, 0xFF, 0x4A, 0x7F, 0xFF, 0xFF, 0x4A, 0x80, 0xFF, 0xFF, 0x4A, 0x82, 0xFF, 0xFF,
    0x4A, 0x84, 0xFF, 0xFF, 0x45, 0x87, 0xFF, 0xFF, 0x40, 0x8B, 0xFF, 0xFF, 0x41, 0x89, 0xFF, 0xFF,
    0x41, 0x86, 0xFF, 0xFE, 0x49, 0x8A, 0xFF, 0xFF, 0x74, 0x6F, 0xD2, 0xEE, 0xAC, 0x2C, 0x4F, 0xDE,
    0xA6, 0x2F, 0x53, 0xE2, 0xA5, 0x2C, 0x4B, 0xE1, 0xA1, 0x29, 0x42, 0xDD, 0xA0, 0x2A, 0x3D, 0xD2,
    0xA0, 0x30, 0x42, 0xB8, 0xA5, 0x3C, 0x51, 0x8C, 0xAE, 0x47, 0x63, 0x52, 0xB9, 0x5C, 0x8B, 0x16,
    0x00, 0x00, 0x00, 0x00, 0x00, 0x00, 0x00, 0x00, 0xFF, 0x00, 0x00, 0x01, 0x7F, 0x7F, 0x7F, 0x02,
    0x00, 0x00, 0x00, 0x00, 0x00, 0x00, 0x00, 0x00, 0x00, 0x00, 0x00, 0x00, 0x00, 0x00, 0x00, 0x00,
    0x00, 0x00, 0x00, 0x00, 0x00, 0x00, 0x00, 0x00, 0x00, 0x00, 0x00, 0x00, 0x00, 0x00, 0x00, 0x00,
    0x00, 0x00, 0x00, 0x00, 0x00, 0x00, 0x00, 0x00, 0x00, 0x00, 0x00, 0x00, 0x00, 0x00, 0x00, 0x00,
    0x00, 0x00, 0x00, 0x00, 0x00, 0x00, 0x00, 0x00, 0x00, 0x00, 0x00, 0x00, 0x00, 0x00, 0x00, 0x00,
    0x00, 0x00, 0x00, 0x00, 0x00, 0x00, 0x00, 0x00, 0x00, 0x00, 0x00, 0x00, 0x00, 0x00, 0x00, 0x00,
    0x00, 0x00, 0x00, 0x00, 0xFF, 0x7F, 0x00, 0x02, 0x00, 0x00, 0x00, 0x00, 0x00, 0x00, 0x00, 0x00,
    0x00, 0x00, 0x00, 0x00, 0x00, 0x00, 0x00, 0x00, 0x00, 0x00, 0x00, 0x00, 0x00, 0x00, 0x00, 0x00,
    0x00, 0x00, 0x00, 0x00, 0x00, 0x02, 0x02, 0x00, 0xFF, 0xBF, 0xFF, 0x04, 0xCC, 0x99, 0xCC, 0x05,
    0xFF, 0xBF, 0xFF, 0x04, 0xFF, 0xFF, 0xFF, 0x03, 0xCC, 0xCC, 0xFF, 0x05, 0x01, 0x01, 0x00, 0x00,
    0x2D, 0x6A, 0xE9, 0x75, 0x45, 0x78, 0xFF, 0xFC, 0x4A, 0x78, 0xFF, 0xF9, 0x48, 0x7A, 0xFF, 0xFC,
    0x49, 0x7B, 0xFF, 0xFC, 0x4A, 0x7C, 0xFF, 0xFF, 0x4A, 0x7C, 0xFF, 0xFF, 0x4A, 0x7D, 0xFF, 0xFF,
    0x4A, 0x7E, 0xFF, 0xFF, 0x4B, 0x7D, 0xFE, 0xFF, 0x4C, 0x7D, 0xFC, 0xFF, 0x4C, 0x7D, 0xFB, 0xFE,
    0x50, 0x7C, 0xFB, 0xFD, 0x65, 0x77, 0xF7, 0xF3, 0x88, 0x63, 0xC7, 0x29, 0xDF, 0x7F, 0x7F, 0x08,
    0xB2, 0x99, 0xCC, 0x0A, 0xB9, 0x73, 0xA2, 0x0B, 0x00, 0x02, 0x04, 0x00, 0x00, 0x00, 0x00, 0x00,
    0x00, 0x00, 0x00, 0x00, 0x00, 0x00, 0x00, 0x00, 0x00, 0x00, 0x00, 0x00, 0x00, 0x00, 0x00, 0x00,
    0xAA, 0x00, 0x55, 0x03, 0xAA, 0x55, 0x55, 0x03, 0x00, 0x00, 0x00, 0x00, 0x00, 0x00, 0x00, 0x00,
    0x00, 0x00, 0x00, 0x00, 0x00, 0x00, 0x00, 0x00, 0x00, 0x00, 0x00, 0x00, 0x00, 0x00, 0x00, 0x00,
    0x00, 0x00, 0x00, 0x00, 0x00, 0x00, 0x00, 0x00, 0x00, 0x00, 0x00, 0x00, 0x00, 0x00, 0x00, 0x00,
    0x00, 0x00, 0x00, 0x00, 0x00, 0x00, 0x00, 0x00, 0x00, 0x00, 0x00, 0x00, 0x00, 0x00, 0x00, 0x00,
    0x00, 0x00, 0x00, 0x00, 0x00, 0x00, 0x00, 0x00, 0x00, 0x00, 0x00, 0x00, 0x00, 0x00, 0x00, 0x00,
    0x00, 0x00, 0x00, 0x00, 0x00, 0x00, 0x00, 0x00, 0x00, 0x00, 0x00, 0x00, 0x00, 0x00, 0x00, 0x00,
    0xFF, 0x7F, 0x7F, 0x02, 0x00, 0x00, 0x00, 0x00, 0xBF, 0x4E, 0x44, 0x34, 0xCA, 0x43, 0x34, 0x93,
    0xCB, 0x3C, 0x2B, 0xA9, 0xCC, 0x3D, 0x2E, 0x74, 0xAA, 0x44, 0x44, 0x0F, 0x7F, 0x00, 0x00, 0x02,
    0xAA, 0x00, 0x55, 0x03, 0x00, 0x00, 0x00, 0x00, 0x00, 0x00, 0x00, 0x00, 0x00, 0x00, 0x00, 0x00,
    0x00, 0x00, 0x00, 0x00, 0x00, 0x00, 0x00, 0x01, 0x00, 0x00, 0x00, 0x00, 0x29, 0x52, 0xCD, 0x1F,
    0x43, 0x60, 0xE7, 0xFF, 0x54, 0x71, 0xFF, 0xFF, 0x51, 0x71, 0xFF, 0xFF, 0x51, 0x73, 0xFF, 0xFF,
    0x50, 0x76, 0xFF, 0xFF, 0x4A, 0x76, 0xFF, 0xFF, 0x4A, 0x77, 0xFF, 0xFF, 0x4B, 0x78, 0xFF, 0xFF,
    0x4A, 0x79, 0xFF, 0xFF, 0x4A, 0x79, 0xFF, 0xFF, 0x4A, 0x7A, 0xFF, 0xFF, 0x48, 0x79, 0xFF, 0xFC,
    0x62, 0x7D, 0xFF, 0xFF, 0x71, 0x71, 0xF8, 0x75, 0x00, 0x00, 0x00, 0x00, 0x00, 0xFF, 0xFF, 0x01,
    0x00, 0x00, 0x00, 0x00, 0x00, 0x00, 0x00, 0x00, 0xC3, 0x44, 0x3B, 0x1E, 0xDA, 0x40, 0x2D, 0x86,
    0xDC, 0x45, 0x30, 0xAF, 0xE6, 0x55, 0x40, 0x87, 0xCF, 0x57, 0x4F, 0x20, 0x00, 0x00, 0x00, 0x00,
    0xFF, 0x00, 0x00, 0x01, 0x00, 0x00, 0x00, 0x00, 0x00, 0x00, 0x00, 0x00, 0x00, 0x00, 0x00, 0x00,
    0x00, 0x00, 0x00, 0x00, 0x00, 0x00, 0x00, 0x00, 0x00, 0x00, 0x00, 0x00, 0x00, 0x00, 0x00, 0x00,
    0x00, 0x00, 0x00, 0x00, 0x00, 0x00, 0x00, 0x00, 0x00, 0x00, 0x00, 0x00, 0x00, 0x00, 0x00, 0x00,
    0x00, 0x00, 0x00, 0x00, 0x00, 0x00, 0x00, 0x00, 0x00, 0x00, 0x00, 0x00, 0x00, 0x00, 0x00, 0x00,
    0x00, 0x00, 0x00, 0x00, 0x00, 0x00, 0x00, 0x00, 0x00, 0x00, 0x00, 0x00, 0x00, 0x00, 0x00, 0x00,
    0x00, 0x00, 0x00, 0x00, 0x00, 0x00, 0x00, 0x00, 0x00, 0x00, 0x00, 0x00, 0xAA, 0x55, 0x55, 0x03,
    0x00, 0x00, 0x00, 0x00, 0xC8, 0x53, 0x4A, 0x4F, 0xDA, 0x4A, 0x3A, 0xFA, 0xE4, 0x47, 0x33, 0xFF,
    0xE3, 0x46, 0x33, 0xFF, 0xEB, 0x49, 0x35, 0xFF, 0xD5, 0x49, 0x3A, 0xC9, 0xCF, 0x5F, 0x4F, 0x10,
    0xFF, 0x00, 0x00, 0x01, 0xFF, 0x00, 0x00, 0x01, 0x00, 0x00, 0x00, 0x01, 0x00, 0x00, 0x00, 0x01,
    0x00, 0x00, 0x00, 0x01, 0xFF, 0xFF, 0xFF, 0x01, 0x00, 0x00, 0x00, 0x01, 0x4B, 0x5A, 0xD2, 0x11,
    0x5F, 0x59, 0xE5, 0x50, 0x5E, 0x58, 0xF2, 0x51, 0x5C, 0x59, 0xF8, 0x53, 0x5E, 0x5B, 0xFB, 0x4E,
    0x4C, 0x5F, 0xFD, 0x88, 0x48, 0x6F, 0xFF, 0xFF, 0x4A, 0x73, 0xFF, 0xFE, 0x4B, 0x73, 0xFF, 0xFF,
    0x4A, 0x74, 0xFF, 0xFF, 0x4B, 0x74, 0xFF, 0xFF, 0x49, 0x75, 0xFF, 0xFC, 0x55, 0x78, 0xFF, 0xFF,
    0x6C, 0x6F, 0xFC, 0xD1, 0x7F, 0x55, 0xD4, 0x06, 0x55, 0x55, 0xFF, 0x03, 0xBF, 0x3F, 0x7F, 0x04,
    0xFF, 0x00, 0x00, 0x01, 0xD1, 0x4F, 0x49, 0x2D, 0xE0, 0x40, 0x31, 0xEA, 0xF5, 0x47, 0x32, 0xFF,
    0xF5, 0x55, 0x3D, 0xFF, 0xFF, 0x68, 0x4F, 0xFF, 0xF3, 0x70, 0x5B, 0xE5, 0xEB, 0x79, 0x66, 0x28,
    0xFF, 0x00, 0x00, 0x01, 0xFF, 0x7F, 0x7F, 0x02, 0x00, 0x00, 0x00, 0x00, 0x00, 0x00, 0x00, 0x00,
    0x00, 0x00, 0x00, 0x00, 0x00, 0x00, 0x00, 0x00, 0x00, 0x00, 0x00, 0x00, 0x00, 0x00, 0x00, 0x00,
    0x00, 0x00, 0x00, 0x00, 0x00, 0x00, 0x00, 0x00, 0x00, 0x00, 0x00, 0x00, 0x00, 0x00, 0x00, 0x00,
    0x00, 0x00, 0x00, 0x00, 0x00, 0x00, 0x00, 0x00, 0x00, 0x00, 0x00, 0x00, 0x00, 0x00, 0x00, 0x00,
    0x00, 0x00, 0x00, 0x00, 0x00, 0x00, 0x00, 0x00, 0x00, 0x00, 0x00, 0x00, 0x00, 0x00, 0x00, 0x00,
    0x00, 0x00, 0x00, 0x00, 0x00, 0x00, 0x00, 0x00, 0xFF, 0x7F, 0x7F, 0x02, 0xFF, 0x00, 0x00, 0x01,
    0xD1, 0x5B, 0x5B, 0x1C, 0xDB, 0x4D, 0x3E, 0xEE, 0xE8, 0x48, 0x36, 0xFF, 0xE6, 0x4A, 0x3B, 0xF9,
    0xE7, 0x4E, 0x42, 0xFC, 0xE6, 0x4F, 0x42, 0xF8, 0xF5, 0x57, 0x48, 0xFF, 0xD8, 0x59, 0x4E, 0x7E,
    0x00, 0x00, 0x00, 0x00, 0xBF, 0x3F, 0x3F, 0x04, 0x00, 0x00, 0x00, 0x00, 0x00, 0x00, 0x00, 0x00,
    0x00, 0x00, 0x00, 0x00, 0x00, 0x00, 0x00, 0x00, 0x00, 0x00, 0x00, 0x00, 0x00, 0x00, 0x00, 0x00,
    0x00, 0x00, 0x00, 0x00, 0x00, 0x00, 0x00, 0x00, 0x00, 0x00, 0x00, 0x00, 0x00, 0x00, 0x00, 0x00,
    0x24, 0x50, 0xF0, 0x23, 0x44, 0x66, 0xFF, 0xFF, 0x4C, 0x6F, 0xFF, 0xFF, 0x4A, 0x70, 0xFE, 0xFF,
    0x4B, 0x70, 0xFF, 0xFF, 0x4B, 0x71, 0xFF, 0xFF, 0x4A, 0x71, 0xFF, 0xFC, 0x68, 0x70, 0xFF, 0xFF,
    0x7B, 0x67, 0xF7, 0x40, 0x00, 0x00, 0x00, 0x00, 0x7F, 0x3F, 0xBF, 0x04, 0xFF, 0x55, 0x00, 0x03,
    0xB6, 0x6D, 0x6D, 0x07, 0xDF, 0x42, 0x37, 0xD0, 0xF8, 0x42, 0x33, 0xFF, 0xF2, 0x4C, 0x3E, 0xF9,
    0xF9, 0x5E, 0x4D, 0xFC, 0xFB, 0x6B, 0x5A, 0xF8, 0xFF, 0x80, 0x6A, 0xFF, 0xF4, 0x78, 0x66, 0xAF,
    0x00, 0x00, 0x00, 0x00, 0xFF, 0x55, 0x55, 0x03, 0x00, 0x00, 0x00, 0x00, 0x00, 0x00, 0x00, 0x00,
    0x00, 0x00, 0x00, 0x00, 0x00, 0x00, 0x00, 0x00, 0x00, 0x00, 0x00, 0x00, 0x00, 0x00, 0x00, 0x00,
    0x00, 0x00, 0x00, 0x00, 0x00, 0x00, 0x00, 0x00, 0x00, 0x00, 0x00, 0x00, 0x00, 0x00, 0x00, 0x00,
    0x00, 0x00, 0x00, 0x00, 0x00, 0x00, 0x00, 0x00, 0x00, 0x00, 0x00, 0x00, 0x00, 0x00, 0x00, 0x00,
    0x00, 0x00, 0x00, 0x00, 0x00, 0x00, 0x00, 0x00, 0x00, 0x00, 0x00, 0x00, 0x00, 0x00, 0x00, 0x00,
    0x00, 0x00, 0x00, 0x00, 0x00, 0x00, 0x00, 0x00, 0xFF, 0x55, 0x55, 0x03, 0x00, 0x00, 0x01, 0x00,
    0xD8, 0x4E, 0x40, 0xB9, 0xF2, 0x4B, 0x39, 0xFF, 0xEB, 0x49, 0x3A, 0xFB, 0xF2, 0x4D, 0x43, 0xFF,
    0xF6, 0x4F, 0x49, 0xFF, 0xF2, 0x50, 0x4B, 0xFC, 0xF9, 0x54, 0x4A, 0xFD, 0xE1, 0x57, 0x4C, 0xBD,
    0x00, 0x00, 0x00, 0x00, 0xFF, 0x7F, 0x7F, 0x02, 0x00, 0x00, 0x00, 0x00, 0x00, 0x00, 0x00, 0x00,
    0xFF, 0x00, 0x00, 0x01, 0xBF, 0x3F, 0x3F, 0x04, 0xFF, 0x3F, 0x3F, 0x04, 0xBF, 0x3F, 0x3F, 0x04,
    0x7F, 0x3F, 0xBF, 0x04, 0x55, 0x55, 0xFF, 0x03, 0x66, 0x66, 0xFF, 0x05, 0x55, 0x55, 0xFF, 0x03,
    0x33, 0x51, 0xF4, 0x32, 0x44, 0x61, 0xFE, 0xFF, 0x4C, 0x6B, 0xFF, 0xFF, 0x4B, 0x6B, 0xFE, 0xFF,
    0x4B, 0x6C, 0xFF, 0xFF, 0x48, 0x6C, 0xFF, 0xFC, 0x5F, 0x71, 0xFF, 0xFF, 0x72, 0x66, 0xFB, 0xA0,
    0x00, 0x00, 0x00, 0x00, 0x55, 0xAA, 0xFF, 0x03, 0xBF, 0x3F, 0x3F, 0x04, 0x00, 0x00, 0x00, 0x00,
    0xDC, 0x47, 0x3D, 0x8C, 0xFC, 0x42, 0x35, 0xFF, 0xF6, 0x46, 0x3B, 0xFA, 0xFD, 0x52, 0x49, 0xFF,
    0xFF, 0x5E, 0x53, 0xFF, 0xFF, 0x6A, 0x5B, 0xFD, 0xFD, 0x75, 0x61, 0xFE, 0xFA, 0x73, 0x5E, 0xE2,
    0xBF, 0x7F, 0x5F, 0x08, 0x00, 0x00, 0x00, 0x00, 0xFF, 0x00, 0x00, 0x01, 0x00, 0x00, 0x00, 0x00,
    0x00, 0x00, 0x00, 0x00, 0xAA, 0x55, 0x55, 0x03, 0xBF, 0x3F, 0x3F, 0x04, 0xFF, 0x7F, 0x7F, 0x02,
    0x00, 0x00, 0x00, 0x00, 0x00, 0x00, 0x00, 0x00, 0x00, 0x00, 0x00, 0x00, 0x00, 0x00, 0x00, 0x00,
    0x00, 0x00, 0x00, 0x00, 0x00, 0x00, 0x00, 0x00, 0x00, 0x00, 0x00, 0x00, 0x00, 0x00, 0x00, 0x00,
    0x00, 0x00, 0x00, 0x00, 0x00, 0x00, 0x00, 0x00, 0x00, 0x00, 0x00, 0x00, 0x00, 0x00, 0x00, 0x00,
    0x00, 0x00, 0x00, 0x00, 0xBF, 0x3F, 0x3F, 0x04, 0x00, 0x00, 0x00, 0x00, 0xD8, 0x51, 0x46, 0x70,
    0xF6, 0x4D, 0x3D, 0xFF, 0xF1, 0x48, 0x37, 0xFB, 0xF8, 0x4B, 0x40, 0xFF, 0xFB, 0x4E, 0x49, 0xFF,
    0xFE, 0x4F, 0x4E, 0xFF, 0xFC, 0x4D, 0x4D, 0xFB, 0xFF, 0x50, 0x49, 0xFE, 0xEB, 0x53, 0x4B, 0xAC,
    0x00, 0x00, 0x00, 0x00, 0xFF, 0x55, 0x55, 0x03, 0x00, 0x00, 0x00, 0x00, 0x7F, 0x00, 0x00, 0x02,
    0x00, 0x00, 0x00, 0x00, 0x00, 0x00, 0x00, 0x00, 0x00, 0x00, 0x00, 0x00, 0x00, 0x00, 0x00, 0x00,
    0x00, 0x00, 0x00, 0x00, 0xFF, 0x00, 0x00, 0x01, 0x7F, 0x7F, 0xFF, 0x02, 0x00, 0x00, 0x00, 0x00,
    0x30, 0x4B, 0xEE, 0x2F, 0x45, 0x5E, 0xFD, 0xFF, 0x4C, 0x67, 0xFF, 0xFF, 0x4B, 0x67, 0xFE, 0xFF,
    0x4A, 0x67, 0xFF, 0xFD, 0x50, 0x69, 0xFF, 0xFD, 0x6E, 0x65, 0xFD, 0xEC, 0x7F, 0x5F, 0xF4, 0x18,
    0x00, 0xFF, 0xFF, 0x01, 0xCC, 0x66, 0x66, 0x05, 0x00, 0x00, 0x00, 0x00, 0xDD, 0x4E, 0x47, 0x44,
    0xF2, 0x41, 0x36, 0xFF, 0xF9, 0x42, 0x36, 0xFC, 0xFD, 0x4E, 0x45, 0xFF, 0xFF, 0x58, 0x50, 0xFF,
    0xFF, 0x5F, 0x56, 0xFF, 0xFD, 0x62, 0x57, 0xFD, 0xFF, 0x68, 0x55, 0xFE, 0xFC, 0x65, 0x51, 0xD6,
    0xBF, 0x7F, 0x7F, 0x04, 0xFF, 0x00, 0x00, 0x01, 0x00, 0x00, 0x00, 0x00, 0xFF, 0x00, 0x00, 0x01,
    0xFF, 0x00, 0x00, 0x01, 0x00, 0x00, 0x00, 0x00, 0x00, 0x00, 0x00, 0x00, 0x00, 0x00, 0x00, 0x00,
    0xFF, 0xFF, 0xFF, 0x01, 0xFF, 0x00, 0x00, 0x01, 0x00, 0x00, 0x00, 0x00, 0x00, 0x00, 0x00, 0x00,
    0x00, 0x00, 0x00, 0x00, 0x00, 0x00, 0x00, 0x00, 0x00, 0x00, 0x00, 0x00, 0x00, 0x00, 0x00, 0x00,
    0x00, 0x00, 0x00, 0x00, 0x00, 0x00, 0x00, 0x00, 0x00, 0x00, 0x00, 0x00, 0x00, 0x00, 0x00, 0x00,
    0xAA, 0x55, 0x55, 0x03, 0x00, 0x00, 0x00, 0x00, 0xD7, 0x5A, 0x55, 0x2D, 0xEA, 0x4B, 0x3E, 0xF7,
    0xF3, 0x46, 0x38, 0xFC, 0xF8, 0x4A, 0x3F, 0xFE, 0xFE, 0x4D, 0x46, 0xFF, 0xFF, 0x4F, 0x4C, 0xFF,
    0xFF, 0x4D, 0x4F, 0xFF, 0xFF, 0x49, 0x48, 0xFB, 0xFF, 0x4C, 0x48, 0xFF, 0xF4, 0x55, 0x55, 0x48,
    0x00, 0x00, 0x00, 0x00, 0xFF, 0x55, 0x55, 0x03, 0x7F, 0x7F, 0x7F, 0x02, 0x00, 0x00, 0x00, 0x00,
    0xAF, 0x4F, 0x4F, 0x10, 0xCF, 0x49, 0x3C, 0x61, 0xD0, 0x48, 0x38, 0x7E, 0xD5, 0x52, 0x44, 0x4A,
    0x00, 0x00, 0x00, 0x00, 0x00, 0x00, 0x00, 0x00, 0x55, 0x55, 0xAA, 0x03, 0x00, 0x00, 0x00, 0x00,
    0x30, 0x4B, 0xEE, 0x2F, 0x45, 0x5A, 0xFD, 0xFF, 0x4C, 0x63, 0xFF, 0xFF, 0x4B, 0x62, 0xFF, 0xFE,
    0x48, 0x63, 0xFD, 0xFC, 0x68, 0x69, 0xFF, 0xFF, 0x7A, 0x5F, 0xFA, 0x68, 0x00, 0x00, 0x00, 0x00,
    0x99, 0x66, 0xCC, 0x05, 0xFF, 0x00, 0x00, 0x02, 0xD2, 0x5A, 0x69, 0x11, 0xE9, 0x42, 0x38, 0xE1,
    0xFD, 0x41, 0x36, 0xFE, 0xFD, 0x4A, 0x42, 0xFD, 0xFF, 0x55, 0x4D, 0xFF, 0xFF, 0x5C, 0x55, 0xFF,
    0xFF, 0x60, 0x58, 0xFF, 0xFF, 0x5D, 0x51, 0xFB, 0xFF, 0x5F, 0x4D, 0xFF, 0xFC, 0x5B, 0x50, 0x75,
    0x00, 0x00, 0x00, 0x00, 0xFF, 0x55, 0x55, 0x03, 0xFF, 0x00, 0x00, 0x01, 0x00, 0x00, 0x00, 0x00,
    0x00, 0x00, 0x00, 0x00, 0xE1, 0x59, 0x4C, 0x3C, 0xEB, 0x64, 0x51, 0x5B, 0xE2, 0x69, 0x56, 0x35,
    0x00, 0x00, 0x00, 0x00, 0x00, 0x00, 0x00, 0x00, 0x00, 0x00, 0x00, 0x00, 0x00, 0x00, 0x00, 0x00,
    0x00, 0x00, 0x00, 0x00, 0x00, 0x00, 0x00, 0x00, 0x00, 0x00, 0x00, 0x00, 0x00, 0x00, 0x00, 0x00,
    0x00, 0x00, 0x00, 0x00, 0x00, 0x00, 0x00, 0x00, 0x00, 0x00, 0x00, 0x00, 0xFF, 0x00, 0x00, 0x01,
    0xAA, 0x55, 0x55, 0x03, 0xD4, 0x7F, 0x7F, 0x06, 0xE1, 0x4D, 0x41, 0xCD, 0xF9, 0x48, 0x3B, 0xFF,
    0xF8, 0x47, 0x3D, 0xFC, 0xFE, 0x4C, 0x45, 0xFF, 0xFF, 0x4E, 0x4C, 0xFF, 0xFF, 0x4E, 0x4F, 0xFF,
    0xFF, 0x4A, 0x4A, 0xFC, 0xFF, 0x4B, 0x48, 0xFF, 0xFD, 0x4C, 0x4F, 0x9A, 0x00, 0x00, 0x00, 0x00,
    0xFF, 0x55, 0x55, 0x03, 0xFF, 0x7F, 0x7F, 0x02, 0x00, 0x00, 0x00, 0x00, 0xD1, 0x55, 0x4E, 0x27,
    0xDD, 0x43, 0x35, 0xDB, 0xE8, 0x42, 0x30, 0xFF, 0xE7, 0x48, 0x35, 0xFF, 0xEB, 0x54, 0x41, 0xFF,
    0xDE, 0x5B, 0x4B, 0xAF, 0xDF, 0x7F, 0x5F, 0x08, 0x55, 0x55, 0xAA, 0x03, 0x00, 0x00, 0x00, 0x00,
    0x30, 0x46, 0xE9, 0x2F, 0x45, 0x56, 0xFC, 0xFF, 0x4D, 0x5E, 0xFF, 0xFF, 0x4A, 0x5E, 0xFF, 0xFB,
    0x5A, 0x63, 0xFF, 0xFF, 0x74, 0x5E, 0xFC, 0xC8, 0xFF, 0x7F, 0x7F, 0x02, 0x55, 0x55, 0xFF, 0x03,
    0xBF, 0x3F, 0x3F, 0x04, 0x00, 0x00, 0x00, 0x00, 0xE3, 0x45, 0x3D, 0xA5, 0xFF, 0x42, 0x38, 0xFF,
    0xFB, 0x45, 0x3D, 0xFC, 0xFF, 0x51, 0x4B, 0xFF, 0xFF, 0x59, 0x54, 0xFF, 0xFF, 0x5F, 0x58, 0xFF,
    0xFF, 0x5F, 0x55, 0xFC, 0xFF, 0x5C, 0x4C, 0xFF, 0xFF, 0x58, 0x4C, 0xC5, 0xFF, 0x7F, 0xBF, 0x04,
    0xFF, 0x7F, 0x7F, 0x02, 0xFF, 0x7F, 0x7F, 0x02, 0xFF, 0x7F, 0x00, 0x02, 0xC8, 0x5B, 0x5B, 0x0E,
    0xE7, 0x4A, 0x3B, 0xB5, 0xF4, 0x51, 0x3C, 0xFF, 0xF9, 0x60, 0x48, 0xFF, 0xFA, 0x6E, 0x56, 0xFF,
    0xF2, 0x73, 0x5E, 0xA4, 0xDA, 0x6D, 0x6D, 0x07, 0x7F, 0x7F, 0x00, 0x02, 0xFF, 0x00, 0x00, 0x01,
    0x00, 0x00, 0x00, 0x00, 0x00, 0x00, 0x00, 0x00, 0x00, 0x00, 0x00, 0x00, 0x00, 0x00, 0x00, 0x00,
    0x00, 0x00, 0x00, 0x00, 0x00, 0x00, 0x00, 0x00, 0x00, 0x00, 0x00, 0x00, 0xAA, 0x55, 0x55, 0x03,
    0x00, 0x00, 0x00, 0x00, 0xD7, 0x4E, 0x46, 0x89, 0xF8, 0x4B, 0x3F, 0xFF, 0xF5, 0x46, 0x3B, 0xFB,
    0xFE, 0x4B, 0x44, 0xFF, 0xFF, 0x4E, 0x4C, 0xFF, 0xFF, 0x4E, 0x50, 0xFF, 0xFF, 0x4B, 0x4F, 0xFD,
    0xFF, 0x49, 0x48, 0xFF, 0xFF, 0x4A, 0x4A, 0xDA, 0xFF, 0x6A, 0x7F, 0x0C, 0xFF, 0x00, 0x00, 0x02,
    0xFF, 0x7F, 0x7F, 0x02, 0xFF, 0x55, 0x55, 0x03, 0xD4, 0x7F, 0x7F, 0x06, 0xE0, 0x44, 0x37, 0xCE,
    0xF4, 0x40, 0x2F, 0xFF, 0xE7, 0x41, 0x34, 0xF9, 0xE8, 0x4A, 0x3D, 0xFB, 0xE9, 0x53, 0x46, 0xFA,
    0xFF, 0x68, 0x56, 0xFF, 0xE5, 0x69, 0x5A, 0x77, 0x00, 0x00, 0x00, 0x00, 0x01, 0x00, 0x00, 0x00,
    0x36, 0x41, 0xE3, 0x2F, 0x45, 0x51, 0xFC, 0xFF, 0x4D, 0x59, 0xFF, 0xFE, 0x4B, 0x5A, 0xFF, 0xFC,
    0x6F, 0x5F, 0xFD, 0xFC, 0x86, 0x5B, 0xFA, 0x35, 0x00, 0x00, 0x00, 0x00, 0xAA, 0x55, 0x7F, 0x06,
    0x00, 0x00, 0x00, 0x00, 0xDA, 0x4B, 0x46, 0x5B, 0xFA, 0x42, 0x3B, 0xFF, 0xFB, 0x42, 0x3B, 0xFB,
    0xFF, 0x4D, 0x49, 0xFF, 0xFF, 0x56, 0x53, 0xFF, 0xFF, 0x5D, 0x59, 0xFF, 0xFF, 0x5E, 0x57, 0xFE,
    0xFF, 0x5A, 0x4D, 0xFD, 0xFF, 0x57, 0x4A, 0xF3, 0xFF, 0x60, 0x60, 0x25, 0x00, 0x00, 0x00, 0x00,
    0xFF, 0x55, 0x55, 0x03, 0xBF, 0x3F, 0x3F, 0x04, 0x00, 0x00, 0x00, 0x00, 0xEB, 0x48, 0x3B, 0xA6,
    0xFF, 0x49, 0x38, 0xFF, 0xF7, 0x4F, 0x3C, 0xFB, 0xFA, 0x5F, 0x4B, 0xFC, 0xFC, 0x6E, 0x5A, 0xFB,
    0xFF, 0x85, 0x6D, 0xFF, 0xF4, 0x7B, 0x67, 0x7E, 0x00, 0x00, 0x00, 0x00, 0xFF, 0x7F, 0x3F, 0x04,
    0x00, 0x00, 0x00, 0x00, 0x00, 0x00, 0x00, 0x00, 0x00, 0x00, 0x00, 0x00, 0x00, 0x00, 0x00, 0x00,
    0x00, 0x00, 0x00, 0x00, 0x00, 0x00, 0x00, 0x00, 0xAA, 0x55, 0x55, 0x03, 0x00, 0x00, 0x00, 0x00,
    0xD3, 0x53, 0x4F, 0x3A, 0xE5, 0x4A, 0x40, 0xFF, 0xF1, 0x45, 0x3C, 0xFC, 0xFA, 0x49, 0x44, 0xFE,
    0xFF, 0x4C, 0x4B, 0xFF, 0xFF, 0x4E, 0x50, 0xFF, 0xFF, 0x4D, 0x51, 0xFE, 0xFF, 0x48, 0x49, 0xFC,
    0xFF, 0x49, 0x4A, 0xFD, 0xFF, 0x52, 0x5F, 0x3B, 0x00, 0x00, 0x00, 0x00, 0xFF, 0x55, 0x55, 0x03,
    0xBF, 0x3F, 0x3F, 0x04, 0x00, 0x00, 0x00, 0x00, 0xE1, 0x47, 0x3C, 0x8B, 0xFD, 0x40, 0x31, 0xFF,
    0xEE, 0x3F, 0x34, 0xFA, 0xF3, 0x46, 0x3E, 0xFF, 0xF6, 0x4C, 0x47, 0xFF, 0xF7, 0x57, 0x4E, 0xFC,
    0xFF, 0x64, 0x56, 0xFC, 0xEE, 0x64, 0x55, 0xC6, 0x00, 0x00, 0x01, 0x00, 0x00, 0x00, 0x00, 0x00,
    0x36, 0x3B, 0xE3, 0x2F, 0x46, 0x4C, 0xFA, 0xFF, 0x4A, 0x52, 0xFF, 0xFC, 0x65, 0x5D, 0xFF, 0xFF,
    0x7C, 0x5B, 0xFB, 0x94, 0x00, 0x00, 0x00, 0x00, 0x99, 0x33, 0xCC, 0x05, 0x01, 0x00, 0x00, 0x00,
    0xD7, 0x58, 0x58, 0x1A, 0xE5, 0x41, 0x3C, 0xEE, 0xF9, 0x3F, 0x3B, 0xFE, 0xFD, 0x49, 0x48, 0xFD,
    0xFF, 0x53, 0x52, 0xFF, 0xFF, 0x5A, 0x59, 0xFF, 0xFF, 0x5E, 0x5A, 0xFF, 0xFF, 0x5A, 0x52, 0xFB,
    0xFF, 0x59, 0x4D, 0xFF, 0xFF, 0x58, 0x53, 0x65, 0x00, 0x00, 0x00, 0x00, 0xFF, 0x55, 0x55, 0x03,
    0xFF, 0x55, 0x55, 0x03, 0x00, 0x00, 0x00, 0x00, 0xEE, 0x4C, 0x41, 0x5D, 0xFF, 0x46, 0x38, 0xFF,
    0xFC, 0x47, 0x3B, 0xFA, 0xFF, 0x54, 0x48, 0xFE, 0xFF, 0x61, 0x53, 0xFF, 0xFF, 0x6E, 0x5D, 0xFC,
    0xFF, 0x7C, 0x67, 0xFC, 0xFB, 0x78, 0x62, 0xD4, 0xFF, 0x7F, 0x7F, 0x02, 0xFF, 0x00, 0x00, 0x01,
    0xFF, 0x00, 0x00, 0x01, 0x00, 0x00, 0x00, 0x00, 0x00, 0x00, 0x00, 0x00, 0x00, 0x00, 0x00, 0x00,
    0x00, 0x00, 0x00, 0x00, 0x00, 0x00, 0x00, 0x00, 0xBF, 0x3F, 0x3F, 0x04, 0x00, 0x00, 0x00, 0x00,
    0xD8, 0x4A, 0x45, 0x9D, 0xF5, 0x47, 0x41, 0xFF, 0xF3, 0x46, 0x42, 0xFB, 0xFC, 0x4B, 0x4B, 0xFF,
    0xFF, 0x4E, 0x51, 0xFF, 0xFF, 0x4E, 0x54, 0xFF, 0xFF, 0x4A, 0x4F, 0xFB, 0xFF, 0x4A, 0x4D, 0xFF,
    0xFF, 0x4D, 0x55, 0x81, 0x00, 0x00, 0x00, 0x00, 0xFF, 0x3F, 0x3F, 0x04, 0xFF, 0x55, 0x55, 0x03,
    0x00, 0x00, 0x00, 0x00, 0xE0, 0x4F, 0x44, 0x43, 0xF4, 0x40, 0x33, 0xFF, 0xF6, 0x3D, 0x30, 0xFC,
    0xF7, 0x44, 0x3C, 0xFF, 0xFB, 0x48, 0x46, 0xFF, 0xFE, 0x4D, 0x4D, 0xFF, 0xFD, 0x53, 0x50, 0xFC,
    0xFF, 0x5D, 0x53, 0xFD, 0xF7, 0x5E, 0x52, 0xC3, 0x00, 0x00, 0x01, 0x00, 0x00, 0x00, 0x00, 0x00,
    0x36, 0x3B, 0xDE, 0x2F, 0x44, 0x47, 0xF6, 0xFE, 0x54, 0x52, 0xFF, 0xFD, 0x74, 0x5A, 0xFC, 0xE5,
    0x96, 0x69, 0xFF, 0x11, 0x7F, 0x7F, 0xFF, 0x02, 0xCC, 0x66, 0x66, 0x05, 0x00, 0x00, 0x00, 0x00,
    0xDD, 0x49, 0x46, 0x6C, 0xFD, 0x42, 0x40, 0xFF, 0xF8, 0x43, 0x44, 0xFB, 0xFF, 0x4F, 0x51, 0xFF,
    0xFF, 0x58, 0x59, 0xFF, 0xFF, 0x5C, 0x5C, 0xFF, 0xFF, 0x5B, 0x57, 0xFC, 0xFF, 0x58, 0x50, 0xFF,
    0xFF, 0x53, 0x4E, 0xAF, 0x00, 0x00, 0x00, 0x00, 0xFF, 0x3F, 0x3F, 0x04, 0xFF, 0x7F, 0x7F, 0x02,
    0xFF, 0x00, 0x00, 0x01, 0xE7, 0x55, 0x4D, 0x21, 0xF8, 0x44, 0x38, 0xF0, 0xFF, 0x44, 0x37, 0xFD,
    0xFF, 0x4F, 0x45, 0xFD, 0xFF, 0x58, 0x50, 0xFF, 0xFF, 0x60, 0x55, 0xFF, 0xFF, 0x66, 0x58, 0xFD,
    0xFF, 0x6F, 0x5B, 0xFE, 0xFC, 0x6C, 0x58, 0xD9, 0xAA, 0xAA, 0xAA, 0x03, 0x00, 0x00, 0x00, 0x00,
    0xFF, 0x00, 0x00, 0x01, 0x00, 0x00, 0x00, 0x00, 0x00, 0x00, 0x00, 0x00, 0x00, 0x00, 0x00, 0x00,
    0x00, 0x00, 0x00, 0x00, 0x00, 0x00, 0x00, 0x00, 0xFF, 0x55, 0x55, 0x03, 0x00, 0x00, 0x00, 0x00,
    0xDA, 0x45, 0x44, 0xB0, 0xF7, 0x44, 0x43, 0xFD, 0xF7, 0x43, 0x47, 0xFC, 0xFE, 0x4A, 0x50, 0xFF,
    0xFF, 0x4D, 0x55, 0xFF, 0xFF, 0x4B, 0x53, 0xFC, 0xFF, 0x49, 0x50, 0xFF, 0xFF, 0x49, 0x53, 0xC7,
    0xFF, 0xAA, 0xFF, 0x03, 0xFF, 0x55, 0x55, 0x03, 0xAA, 0x55, 0x55, 0x03, 0xFF, 0x00, 0x00, 0x02,
    0xEE, 0x66, 0x77, 0x0F, 0xEF, 0x40, 0x36, 0xE0, 0xFC, 0x3D, 0x30, 0xFE, 0xF9, 0x41, 0x39, 0xFD,
    0xFE, 0x46, 0x42, 0xFF, 0xFF, 0x4B, 0x4B, 0xFF, 0xFF, 0x50, 0x51, 0xFF, 0xFF, 0x51, 0x50, 0xFB,
    0xFF, 0x5A, 0x57, 0xFF, 0xFF, 0x5C, 0x5A, 0x6E, 0x00, 0x00, 0x00, 0x00, 0x02, 0x00, 0x00, 0x00,
    0x37, 0x3C, 0xDD, 0x2E, 0x42, 0x44, 0xEF, 0xF9, 0x6F, 0x5C, 0xFF, 0xFF, 0x82, 0x60, 0xF9, 0x5A,
    0x00, 0x00, 0x00, 0x00, 0xAA, 0x55, 0xFF, 0x03, 0xFF, 0x3F, 0x3F, 0x04, 0x00, 0x00, 0x00, 0x00,
    0xE5, 0x45, 0x47, 0x80, 0xFF, 0x41, 0x46, 0xFC, 0xFC, 0x42, 0x4B, 0xFB, 0xFF, 0x4E, 0x56, 0xFF,
    0xFF, 0x59, 0x5D, 0xFF, 0xFF, 0x5B, 0x5C, 0xFD, 0xFF, 0x56, 0x53, 0xFD, 0xFF, 0x52, 0x50, 0xE7,
    0xFF, 0x5C, 0x68, 0x16, 0xFF, 0x00, 0x00, 0x01, 0xAA, 0x55, 0x55, 0x03, 0xFF, 0x55, 0x55, 0x03,
    0x00, 0x01, 0x01, 0x00, 0xF6, 0x45, 0x3B, 0xBE, 0xFF, 0x44, 0x39, 0xFF, 0xFF, 0x4A, 0x41, 0xFC,
    0xFF, 0x55, 0x4C, 0xFF, 0xFF, 0x5D, 0x54, 0xFF, 0xFF, 0x61, 0x58, 0xFF, 0xFF, 0x60, 0x54, 0xFB,
    0xFF, 0x65, 0x55, 0xFF, 0xFD, 0x62, 0x55, 0x96, 0x00, 0x00, 0x00, 0x00, 0xFF, 0x55, 0x55, 0x03,
    0x00, 0x00, 0x00, 0x00, 0x00, 0x00, 0x00, 0x00, 0x00, 0x00, 0x00, 0x00, 0x00, 0x00, 0x00, 0x00,
    0x00, 0x00, 0x00, 0x00, 0x00, 0x00, 0x00, 0x00, 0xBF, 0x3F, 0x3F, 0x04, 0x00, 0x00, 0x00, 0x00,
    0xDD, 0x45, 0x49, 0x72, 0xFF, 0x44, 0x4C, 0xFF, 0xF9, 0x3E, 0x4B, 0xF8, 0xFD, 0x43, 0x52, 0xFC,
    0xFF, 0x47, 0x55, 0xFA, 0xFF, 0x47, 0x51, 0xFE, 0xFF, 0x48, 0x55, 0xF6, 0xFF, 0x55, 0x68, 0x27,
    0x00, 0x00, 0x00, 0x00, 0xFF, 0x55, 0x55, 0x03, 0xBF, 0x3F, 0x3F, 0x04, 0x00, 0x00, 0x00, 0x00,
    0xEC, 0x44, 0x3B, 0xA3, 0xFF, 0x3F, 0x33, 0xFF, 0xF8, 0x3E, 0x36, 0xFC, 0xFE, 0x44, 0x40, 0xFF,
    0xFF, 0x49, 0x49, 0xFF, 0xFF, 0x4E, 0x4F, 0xFF, 0xFF, 0x51, 0x50, 0xFC, 0xFF, 0x56, 0x54, 0xFF,
    0xFF, 0x56, 0x5A, 0xC6, 0xFF, 0x99, 0x99, 0x05, 0xAA, 0x55, 0xAA, 0x03, 0x00, 0x00, 0x00, 0x00,
    0x2C, 0x31, 0xD2, 0x2E, 0x62, 0x55, 0xFF, 0xFF, 0x7C, 0x5F, 0xF5, 0xBD, 0x00, 0x00, 0x00, 0x00,
    0x55, 0x55, 0xFF, 0x03, 0x00, 0x00, 0x00, 0x00, 0xFF, 0x55, 0x55, 0x03, 0x00, 0x00, 0x00, 0x00,
    0xE8, 0x48, 0x53, 0x43, 0xFF, 0x41, 0x51, 0xFF, 0xFF, 0x3F, 0x4F, 0xFA, 0xFF, 0x47, 0x57, 0xFB,
    0xFF, 0x50, 0x5B, 0xFB, 0xFF, 0x53, 0x56, 0xFB, 0xFF, 0x55, 0x56, 0xFF, 0xFF, 0x56, 0x5C, 0x4D,
    0x00, 0x00, 0x00, 0x00, 0xFF, 0x55, 0x55, 0x03, 0xFF, 0x55, 0x55, 0x03, 0x00, 0x00, 0x00, 0x00,
    0xF4, 0x49, 0x40, 0x76, 0xFF, 0x44, 0x3A, 0xFF, 0xFF, 0x46, 0x3E, 0xFB, 0xFF, 0x51, 0x4B, 0xFF,
    0xFF, 0x5A, 0x53, 0xFF, 0xFF, 0x5F, 0x57, 0xFF, 0xFF, 0x60, 0x55, 0xFD, 0xFF, 0x5F, 0x52, 0xFE,
    0xFF, 0x5D, 0x53, 0xE5, 0xFF, 0x63, 0x63, 0x17, 0xFF, 0x00, 0x00, 0x01, 0xFF, 0x7F, 0x7F, 0x02,
    0x00, 0x00, 0x00, 0x00, 0x00, 0x00, 0x00, 0x00, 0x00, 0x00, 0x00, 0x00, 0x00, 0x00, 0x00, 0x00,
    0x00, 0x00, 0x00, 0x00, 0x00, 0x00, 0x00, 0x00, 0xFF, 0x00, 0x00, 0x01, 0xFF, 0x00, 0x00, 0x01,
    0xE9, 0x55, 0x6A, 0x0C, 0xEF, 0x3E, 0x4F, 0xC4, 0xFF, 0x41, 0x57, 0xFF, 0xFF, 0x40, 0x59, 0xFF,
    0xFF, 0x44, 0x5D, 0xFF, 0xFF, 0x48, 0x5F, 0xFF, 0xFF, 0x4D, 0x63, 0x5F, 0x00, 0x00, 0x00, 0x00,
    0xFF, 0x55, 0x55, 0x03, 0xFF, 0x55, 0x55, 0x03, 0x00, 0x00, 0x00, 0x00, 0xE2, 0x4A, 0x44, 0x59,
    0xFE, 0x40, 0x36, 0xFF, 0xFB, 0x3C, 0x34, 0xFB, 0xFE, 0x43, 0x3F, 0xFF, 0xFF, 0x46, 0x48, 0xFF,
    0xFF, 0x4C, 0x4E, 0xFF, 0xFF, 0x50, 0x52, 0xFE, 0xFF, 0x52, 0x51, 0xFC, 0xFF, 0x56, 0x57, 0xF4,
    0xFF, 0x62, 0x68, 0x27, 0x00, 0x00, 0x00, 0x00, 0xAA, 0x55, 0xAA, 0x03, 0x00, 0x00, 0x00, 0x00,
    0x46, 0x2A, 0xC6, 0x12, 0x79, 0x56, 0xEA, 0x88, 0x8E, 0x69, 0xE8, 0x22, 0x00, 0x00, 0x00, 0x00,
    0x7F, 0x7F, 0xFF, 0x02, 0x00, 0x00, 0x00, 0x00, 0x00, 0x00, 0x00, 0x00, 0xFF, 0x00, 0x00, 0x02,
    0xFF, 0x00, 0xFF, 0x01, 0xF8, 0x3F, 0x59, 0x9C, 0xFF, 0x42, 0x5F, 0xFF, 0xFF, 0x42, 0x5D, 0xFF,
    0xFF, 0x47, 0x5E, 0xFF, 0xFF, 0x4F, 0x5F, 0xFF, 0xFF, 0x50, 0x5B, 0x88, 0x00, 0x00, 0x00, 0x00,
    0xFF, 0x55, 0x55, 0x03, 0xFF, 0x55, 0x55, 0x03, 0x00, 0x00, 0x00, 0x00, 0xEA, 0x51, 0x4C, 0x32,
    0xFB, 0x42, 0x3B, 0xF9, 0xFF, 0x42, 0x3C, 0xFC, 0xFF, 0x4D, 0x49, 0xFE, 0xFF, 0x56, 0x52, 0xFF,
    0xFF, 0x5E, 0x58, 0xFF, 0xFF, 0x60, 0x58, 0xFF, 0xFF, 0x5E, 0x52, 0xFB, 0xFF, 0x60, 0x54, 0xFF,
    0xFF, 0x5F, 0x5B, 0x4B, 0x00, 0x00, 0x00, 0x00, 0xFF, 0x55, 0x55, 0x03, 0x00, 0x00, 0x00, 0x00,
    0x00, 0x00, 0x00, 0x00, 0x00, 0x00, 0x00, 0x00, 0x00, 0x00, 0x00, 0x00, 0x00, 0x00, 0x00, 0x00,
    0x00, 0x00, 0x00, 0x00, 0x00, 0x00, 0x00, 0x00, 0x00, 0x00, 0x00, 0x00, 0xFF, 0x00, 0x00, 0x01,
    0x00, 0x00, 0x00, 0x00, 0xE5, 0x4C, 0x66, 0x0A, 0xF8, 0x40, 0x5D, 0x73, 0xFF, 0x40, 0x60, 0xAE,
    0xFD, 0x45, 0x66, 0x9D, 0xFF, 0x4C, 0x71, 0x3F, 0x00, 0x00, 0x00, 0x00, 0xFF, 0x55, 0x55, 0x03,
    0xFF, 0x00, 0x7F, 0x02, 0xFF, 0x00, 0x00, 0x01, 0xDB, 0x57, 0x4F, 0x1D, 0xEC, 0x40, 0x39, 0xEE,
    0xF9, 0x3C, 0x35, 0xFE, 0xFB, 0x41, 0x3F, 0xFD, 0xFF, 0x45, 0x46, 0xFF, 0xFF, 0x4A, 0x4D, 0xFF,
    0xFF, 0x4E, 0x53, 0xFF, 0xFF, 0x50, 0x52, 0xFB, 0xFF, 0x57, 0x5A, 0xFF, 0xFF, 0x59, 0x60, 0x67,
    0x00, 0x00, 0x00, 0x00, 0xFF, 0x55, 0x55, 0x03, 0x00, 0x00, 0x00, 0x00, 0x00, 0x00, 0x00, 0x00,
    0x00, 0x00, 0x00, 0x00, 0x00, 0x00, 0x00, 0x00, 0x00, 0x00, 0x00, 0x00, 0x00, 0x00, 0x00, 0x00,
    0x00, 0x00, 0x00, 0x00, 0x00, 0x00, 0x00, 0x00, 0x00, 0x00, 0x00, 0x00, 0xFF, 0x00, 0x00, 0x01,
    0xFF, 0x00, 0x00, 0x01, 0x00, 0x00, 0x01, 0x00, 0xFF, 0x42, 0x66, 0x5C, 0xFF, 0x41, 0x64, 0xA7,
    0xFF, 0x45, 0x65, 0xA4, 0xFF, 0x4D, 0x69, 0x52, 0x00, 0x00, 0x00, 0x00, 0xFF, 0x7F, 0x7F, 0x02,
    0xFF, 0x00, 0x00, 0x01, 0xFF, 0x00, 0x00, 0x01, 0xCC, 0x66, 0x66, 0x0A, 0xF2, 0x43, 0x3E, 0xD1,
    0xFF, 0x42, 0x3D, 0xFF, 0xFF, 0x49, 0x46, 0xFC, 0xFF, 0x53, 0x51, 0xFF, 0xFF, 0x5A, 0x57, 0xFF,
    0xFF, 0x5F, 0x5A, 0xFF, 0xFF, 0x5D, 0x55, 0xFC, 0xFF, 0x60, 0x56, 0xFF, 0xFF, 0x5B, 0x57, 0x94,
    0x00, 0x00, 0x00, 0x00, 0xFF, 0x3F, 0x3F, 0x04, 0x00, 0x00, 0x00, 0x00, 0x00, 0x00, 0x00, 0x00,
    0x00, 0x00, 0x00, 0x00, 0x00, 0x00, 0x00, 0x00, 0x00, 0x00, 0x00, 0x00, 0x00, 0x00, 0x00, 0x00,
    0x00, 0x00, 0x00, 0x00, 0x00, 0x00, 0x00, 0x00, 0x00, 0x00, 0x00, 0x00, 0x00, 0x00, 0x00, 0x00,
    0xFF, 0x00, 0x00, 0x01, 0x00, 0x00, 0x00, 0x00, 0x00, 0x00, 0x00, 0x00, 0x00, 0x00, 0x00, 0x00,
    0x00, 0x00, 0x00, 0x00, 0x00, 0x00, 0x00, 0x00, 0xFF, 0x00, 0x7F, 0x02, 0x00, 0x00, 0x00, 0x00,
    0xFF, 0x3F, 0x3F, 0x04, 0x00, 0x00, 0x00, 0x00, 0xE3, 0x47, 0x43, 0x80, 0xFF, 0x41, 0x3C, 0xFF,
    0xF5, 0x3E, 0x3D, 0xFB, 0xFD, 0x44, 0x47, 0xFF, 0xFF, 0x48, 0x4E, 0xFF, 0xFF, 0x4D, 0x53, 0xFF,
    0xFF, 0x4E, 0x52, 0xFC, 0xFF, 0x55, 0x58, 0xFF, 0xFF, 0x55, 0x5D, 0xB1, 0x00, 0x00, 0x00, 0x00,
    0xFF, 0x3F, 0x3F, 0x04, 0x00, 0x00, 0x00, 0x00, 0x00, 0x00, 0x00, 0x00, 0x00, 0x00, 0x00, 0x00,
    0x00, 0x00, 0x00, 0x01, 0x7F, 0x3F, 0xFF, 0x04, 0x7F, 0x7F, 0x7F, 0x02, 0x00, 0x00, 0x00, 0x00,
    0x00, 0x00, 0x00, 0x00, 0x00, 0x00, 0x00, 0x00, 0x00, 0x00, 0x00, 0x00, 0x00, 0x00, 0x00, 0x00,
    0x00, 0x00, 0x00, 0x00, 0x00, 0x00, 0x00, 0x00, 0x00, 0x00, 0x00, 0x00, 0x00, 0x00, 0x00, 0x00,
    0x00, 0x00, 0x00, 0x00, 0x00, 0x00, 0x00, 0x00, 0xFF, 0x00, 0x00, 0x01, 0x00, 0x00, 0x00, 0x00,
    0xFF, 0x55, 0x55, 0x03, 0x00, 0x00, 0x00, 0x00, 0xE9, 0x49, 0x49, 0x5E, 0xFF, 0x43, 0x41, 0xFF,
    0xFF, 0x44, 0x44, 0xFB, 0xFF, 0x50, 0x51, 0xFF, 0xFF, 0x58, 0x58, 0xFF, 0xFF, 0x5D, 0x5B, 0xFF,
    0xFF, 0x5D, 0x58, 0xFD, 0xFF, 0x5D, 0x55, 0xFF, 0xFF, 0x5A, 0x56, 0xD6, 0xFF, 0x66, 0x7F, 0x0A,
    0xFF, 0x55, 0x55, 0x03, 0xFF, 0x00, 0x00, 0x01, 0x00, 0x00, 0x00, 0x00, 0x00, 0x00, 0x00, 0x00,
    0x00, 0x00, 0x00, 0x00, 0x00, 0x00, 0x00, 0x00, 0x00, 0x00, 0x00, 0x00, 0x00, 0x00, 0x00, 0x00,
    0x00, 0x00, 0x00, 0x00, 0x00, 0x00, 0x00, 0x00, 0x00, 0x00, 0x00, 0x00, 0x00, 0x00, 0x00, 0x00,
    0x00, 0x00, 0x00, 0x00, 0xFF, 0x00, 0x00, 0x01, 0xFF, 0x3F, 0x3F, 0x04, 0xFF, 0x55, 0x55, 0x03,
    0xFF, 0x55, 0x55, 0x03, 0xFF, 0x55, 0x55, 0x03, 0x00, 0x00, 0x00, 0x00, 0x00, 0x00, 0x00, 0x00,
    0xFF, 0x55, 0x55, 0x03, 0x00, 0x00, 0x00, 0x00, 0xE4, 0x44, 0x44, 0xA3, 0xFF, 0x42, 0x43, 0xFC,
    0xFA, 0x41, 0x46, 0xFB, 0xFE, 0x46, 0x4E, 0xFF, 0xFF, 0x4C, 0x54, 0xFF, 0xFF, 0x4F, 0x57, 0xFD,
    0xFF, 0x51, 0x57, 0xFD, 0xFF, 0x54, 0x5C, 0xE8, 0xFF, 0x63, 0x79, 0x17, 0xFF, 0x00, 0x00, 0x01,
    0xFF, 0x7F, 0x7F, 0x02, 0x00, 0x00, 0x00, 0x00, 0x00, 0x00, 0x00, 0x00, 0x00, 0x00, 0x00, 0x00,
    0x00, 0x00, 0x00, 0x00, 0x00, 0x00, 0x00, 0x00, 0x00, 0x00, 0x00, 0x00, 0x00, 0x00, 0x00, 0x00,
    0x00, 0x00, 0x00, 0x00, 0x00, 0x00, 0x00, 0x00, 0x00, 0x00, 0x00, 0x00, 0x00, 0x00, 0x00, 0x00,
    0x00, 0x00, 0x00, 0x00, 0x00, 0x00, 0x00, 0x00, 0xFF, 0x55, 0x55, 0x03, 0xFF, 0x55, 0x55, 0x03,
    0xFF, 0x55, 0x55, 0x03, 0xFF, 0x55, 0x55, 0x03, 0x00, 0x00, 0x00, 0x00, 0x00, 0x00, 0x00, 0x00,
    0xFF, 0x3F, 0x3F, 0x04, 0x00, 0x00, 0x00, 0x00, 0xEC, 0x47, 0x4A, 0x8C, 0xFF, 0x43, 0x49, 0xFC,
    0xFF, 0x45, 0x4D, 0xFB, 0xFF, 0x51, 0x56, 0xFF, 0xFF, 0x5B, 0x5D, 0xFF, 0xFF, 0x5E, 0x5D, 0xFE,
    0xFF, 0x5B, 0x57, 0xFC, 0xFF, 0x5B, 0x57, 0xFB, 0xFF, 0x63, 0x63, 0x36, 0x00, 0x00, 0x00, 0x00,
    0xFF, 0x55, 0x55, 0x03, 0x00, 0x00, 0x00, 0x00, 0x00, 0x00, 0x00, 0x00, 0x00, 0x00, 0x00, 0x00,
    0x00, 0x00, 0x00, 0x00, 0x00, 0x00, 0x00, 0x00, 0x00, 0x00, 0x00, 0x00, 0x00, 0x00, 0x00, 0x00,
    0x00, 0x00, 0x00, 0x00, 0x00, 0x00, 0x00, 0x00, 0x00, 0x00, 0x00, 0x00, 0x00, 0x00, 0x00, 0x00,
    0x00, 0x00, 0x00, 0x00, 0x00, 0x00, 0x00, 0x00, 0x00, 0x00, 0x00, 0x00, 0x00, 0x00, 0x00, 0x00,
    0x00, 0x00, 0x00, 0x00, 0x00, 0x00, 0x00, 0x00, 0x00, 0x00, 0x00, 0x00, 0x00, 0x00, 0x00, 0x00,
    0xFF, 0x3F, 0x3F, 0x04, 0x00, 0x00, 0x00, 0x00, 0xE7, 0x45, 0x4C, 0x75, 0xFF, 0x44, 0x4D, 0xFF,
    0xFB, 0x3E, 0x4B, 0xF8, 0xFF, 0x43, 0x53, 0xFD, 0xFF, 0x4A, 0x58, 0xFC, 0xFF, 0x4F, 0x57, 0xFA,
    0xFF, 0x56, 0x60, 0xFF, 0xFF, 0x5A, 0x67, 0x4F, 0x00, 0x00, 0x00, 0x00, 0xFF, 0x55, 0x55, 0x03,
    0x00, 0x00, 0x00, 0x00, 0x00, 0x00, 0x00, 0x00, 0x00, 0x00, 0x00, 0x00, 0x00, 0x00, 0x00, 0x00,
    0x00, 0x00, 0x00, 0x00, 0x00, 0x00, 0x00, 0x00, 0x00, 0x00, 0x00, 0x00, 0x00, 0x00, 0x00, 0x00,
    0x00, 0x00, 0x00, 0x00, 0x00, 0x00, 0x00, 0x00, 0x00, 0x00, 0x00, 0x00, 0x00, 0x00, 0x00, 0x00,
    0x00, 0x00, 0x00, 0x00, 0x00, 0x00, 0x00, 0x00, 0x00, 0x00, 0x00, 0x00, 0x00, 0x00, 0x00, 0x00,
    0x00, 0x00, 0x00, 0x00, 0x00, 0x00, 0x00, 0x00, 0x00, 0x00, 0x00, 0x00, 0x00, 0x00, 0x00, 0x00,
    0xFF, 0x3F, 0x3F, 0x04, 0x00, 0x00, 0x00, 0x00, 0xF0, 0x47, 0x53, 0x68, 0xFF, 0x44, 0x53, 0xFF,
    0xFF, 0x42, 0x4F, 0xF9, 0xFF, 0x4B, 0x58, 0xFE, 0xFF, 0x55, 0x5B, 0xFE, 0xFF, 0x59, 0x59, 0xF9,
    0xFF, 0x5E, 0x5D, 0xFF, 0xFF, 0x5B, 0x5D, 0x7B, 0x00, 0x00, 0x00, 0x00, 0xFF, 0x3F, 0x3F, 0x04,
    0x00, 0x00, 0x00, 0x00, 0x00, 0x00, 0x00, 0x00, 0x00, 0x00, 0x00, 0x00, 0x00, 0x00, 0x00, 0x00,
    0x00, 0x00, 0x00, 0x00, 0x00, 0x00, 0x00, 0x00, 0x00, 0x00, 0x00, 0x00, 0x00, 0x00, 0x00, 0x00,
    0x00, 0x00, 0x00, 0x00, 0x00, 0x00, 0x00, 0x00, 0x00, 0x00, 0x00, 0x00, 0x00, 0x00, 0x00, 0x00,
    0x00, 0x00, 0x00, 0x00, 0x00, 0x00, 0x00, 0x00, 0x00, 0x00, 0x00, 0x00, 0x00, 0x00, 0x00, 0x00,
    0x00, 0x00, 0x00, 0x00, 0x00, 0x00, 0x00, 0x00, 0x00, 0x00, 0x00, 0x00, 0x00, 0x00, 0x00, 0x00,
    0xFF, 0x00, 0xFF, 0x01, 0xFF, 0x00, 0x00, 0x01, 0xF0, 0x46, 0x63, 0x12, 0xF6, 0x3F, 0x52, 0xD8,
    0xFF, 0x41, 0x59, 0xFF, 0xFF, 0x40, 0x58, 0xFF, 0xFF, 0x45, 0x5C, 0xFF, 0xFF, 0x52, 0x66, 0xFF,
    0xFF, 0x56, 0x66, 0x91, 0x00, 0x00, 0x00, 0x00, 0xFF, 0x3F, 0x3F, 0x04, 0x00, 0x00, 0x00, 0x00,
    0x00, 0x00, 0x00, 0x00, 0x00, 0x00, 0x00, 0x00, 0x00, 0x00, 0x00, 0x00, 0x00, 0x00, 0x00, 0x00,
    0x00, 0x00, 0x00, 0x00, 0x00, 0x00, 0x00, 0x00, 0x00, 0x00, 0x00, 0x00, 0x00, 0x00, 0x00, 0x00,
    0x00, 0x00, 0x00, 0x00, 0x00, 0x00, 0x00, 0x00, 0x00, 0x00, 0x00, 0x00, 0x00, 0x00, 0x00, 0x00,
    0x00, 0x00, 0x00, 0x00, 0x00, 0x00, 0x00, 0x00, 0x00, 0x00, 0x00, 0x00, 0x00, 0x00, 0x00, 0x00,
    0x00, 0x00, 0x00, 0x00, 0x00, 0x00, 0x00, 0x00, 0x00, 0x00, 0x00, 0x00, 0x00, 0x00, 0x00, 0x00,
    0xFF, 0x00, 0xFF, 0x01, 0xFF, 0x00, 0x00, 0x01, 0xF0, 0x4B, 0x69, 0x11, 0xFC, 0x40, 0x59, 0xDC,
    0xFF, 0x43, 0x5D, 0xFF, 0xFF, 0x42, 0x58, 0xFF, 0xFF, 0x48, 0x58, 0xFF, 0xFF, 0x56, 0x5F, 0xFF,
    0xFF, 0x57, 0x5D, 0xBD, 0xFF, 0x7F, 0xFF, 0x02, 0xFF, 0x55, 0x55, 0x03, 0xFF, 0x00, 0x00, 0x01,
    0x00, 0x00, 0x00, 0x00, 0x00, 0x00, 0x00, 0x00, 0x00, 0x00, 0x00, 0x00, 0x00, 0x00, 0x00, 0x00,
    0x00, 0x00, 0x00, 0x00, 0x00, 0x00, 0x00, 0x00, 0x00, 0x00, 0x00, 0x00, 0x00, 0x00, 0x00, 0x00,
    0x00, 0x00, 0x00, 0x00, 0x00, 0x00, 0x00, 0x00, 0x00, 0x00, 0x00, 0x00, 0x00, 0x00, 0x00, 0x00,
    0x00, 0x00, 0x00, 0x00, 0x00, 0x00, 0x00, 0x00, 0x00, 0x00, 0x00, 0x00, 0x00, 0x00, 0x00, 0x00,
    0x00, 0x00, 0x00, 0x00, 0x00, 0x00, 0x00, 0x00, 0x00, 0x00, 0x00, 0x00, 0x00, 0x00, 0x00, 0x00,
    0x00, 0x00, 0x00, 0x00, 0xFF, 0x00, 0xFF, 0x01, 0x00, 0x00, 0x00, 0x00, 0xF5, 0x42, 0x67, 0x1B,
    0xFD, 0x40, 0x60, 0x9A, 0xFF, 0x3F, 0x60, 0xD4, 0xFF, 0x45, 0x64, 0xCA, 0xFF, 0x4E, 0x6E, 0x71,
    0x00, 0x01, 0x02, 0x00, 0xFF, 0x7F, 0x7F, 0x02, 0xFF, 0x00, 0x00, 0x01, 0x00, 0x00, 0x00, 0x00,
    0x00, 0x00, 0x00, 0x00, 0x00, 0x00, 0x00, 0x00, 0x00, 0x00, 0x00, 0x00, 0x00, 0x00, 0x00, 0x00,
    0x00, 0x00, 0x00, 0x00, 0x00, 0x00, 0x00, 0x00, 0x00, 0x00, 0x00, 0x00, 0x00, 0x00, 0x00, 0x00,
    0x00, 0x00, 0x00, 0x00, 0x00, 0x00, 0x00, 0x00, 0x00, 0x00, 0x00, 0x00, 0x00, 0x00, 0x00, 0x00,
    0x00, 0x00, 0x00, 0x00, 0x00, 0x00, 0x00, 0x00, 0x00, 0x00, 0x00, 0x00, 0x00, 0x00, 0x00, 0x00,
    0x00, 0x00, 0x00, 0x00, 0x00, 0x00, 0x00, 0x00, 0x00, 0x00, 0x00, 0x00, 0x00, 0x00, 0x00, 0x00,
    0x00, 0x00, 0x00, 0x00, 0xFF, 0x7F, 0x7F, 0x02, 0x00, 0x00, 0x00, 0x00, 0xFF, 0x4B, 0x70, 0x22,
    0xFF, 0x41, 0x63, 0xAE, 0xFF, 0x40, 0x5F, 0xEB, 0xFF, 0x44, 0x60, 0xE6, 0xFF, 0x4F, 0x65, 0x9A,
    0xFF, 0x5F, 0x7F, 0x10, 0xFF, 0x00, 0x00, 0x01, 0xFF, 0x00, 0x00, 0x01, 0x00, 0x00, 0x00, 0x00,
    0x00, 0x00, 0x00, 0x00, 0x00, 0x00, 0x00, 0x00, 0x00, 0x00, 0x00, 0x00, 0x00, 0x00, 0x00, 0x00,
    0x00, 0x00, 0x00, 0x00, 0x00, 0x00, 0x00, 0x00, 0x00, 0x00, 0x00, 0x00, 0x00, 0x00, 0x00, 0x00,
    0x00, 0x00, 0x00, 0x00, 0x00, 0x00, 0x00, 0x00, 0x00, 0x00, 0x00, 0x00, 0x00, 0x00, 0x00, 0x00,
    0x00, 0x00, 0x00, 0x00, 0x00, 0x00, 0x00, 0x00, 0x00, 0x00, 0x00, 0x00, 0x00, 0x00, 0x00, 0x00,
    0x00, 0x00, 0x00, 0x00, 0x00, 0x00, 0x00, 0x00, 0x00, 0x00, 0x00, 0x00, 0x00, 0x00, 0x00, 0x00,
    0x00, 0x00, 0x00, 0x00, 0x00, 0x00, 0x00, 0x00, 0xFF, 0x00, 0x00, 0x01, 0x00, 0x00, 0x00, 0x00,
    0x00, 0x00, 0x00, 0x00, 0xFF, 0xFF, 0xFF, 0x02, 0x00, 0x00, 0x00, 0x00, 0x00, 0x00, 0x00, 0x00,
    0x00, 0x00, 0x00, 0x00, 0x00, 0x00, 0x00, 0x00, 0x00, 0x00, 0x00, 0x00, 0x00, 0x00, 0x00, 0x00,
    0x00, 0x00, 0x00, 0x00, 0x00, 0x00, 0x00, 0x00, 0x00, 0x00, 0x00, 0x00, 0x00, 0x00, 0x00, 0x00,
    0x00, 0x00, 0x00, 0x00, 0x00, 0x00, 0x00, 0x00, 0x00, 0x00, 0x00, 0x00, 0x00, 0x00, 0x00, 0x00,
    0x00, 0x00, 0x00, 0x00, 0x00, 0x00, 0x00, 0x00, 0x00, 0x00, 0x00, 0x00, 0x00, 0x00, 0x00, 0x00,
    0x00, 0x00, 0x00, 0x00, 0x00, 0x00, 0x00, 0x00, 0x00, 0x00, 0x00, 0x00, 0x00, 0x00, 0x00, 0x00,
    0x00, 0x00, 0x00, 0x00, 0x00, 0x00, 0x00, 0x00, 0x00, 0x00, 0x00, 0x00, 0x00, 0x00, 0x00, 0x00,
    0x00, 0x00, 0x00, 0x00, 0x00, 0x00, 0x00, 0x00, 0xFF, 0x00, 0x00, 0x01, 0x00, 0x00, 0x00, 0x00,
    0x00, 0x00, 0x00, 0x00, 0xFF, 0x4B, 0x78, 0x11, 0xFF, 0x62, 0x89, 0x0D, 0x00, 0x00, 0x00, 0x00,
    0x00, 0x00, 0x00, 0x00, 0xFF, 0x00, 0x00, 0x01, 0x00, 0x00, 0x00, 0x00, 0x00, 0x00, 0x00, 0x00,
    0x00, 0x00, 0x00, 0x00, 0x00, 0x00, 0x00, 0x00, 0x00, 0x00, 0x00, 0x00, 0x00, 0x00, 0x00, 0x00,
    0x00, 0x00, 0x00, 0x00, 0x00, 0x00, 0x00, 0x00, 0x00, 0x00, 0x00, 0x00, 0x00, 0x00, 0x00, 0x00,
    0x00, 0x00, 0x00, 0x00, 0x00, 0x00, 0x00, 0x00, 0x00, 0x00, 0x00, 0x00, 0x00, 0x00, 0x00, 0x00,
    0x00, 0x00, 0x00, 0x00, 0x00, 0x00, 0x00, 0x00, 0x00, 0x00, 0x00, 0x00, 0x00, 0x00, 0x00, 0x00,
    0x00, 0x00, 0x00, 0x00, 0x00, 0x00, 0x00, 0x00, 0x00, 0x00, 0x00, 0x00, 0x00, 0x00, 0x00, 0x00,
    0x00, 0x00, 0x00, 0x00, 0x00, 0x00, 0x00, 0x00, 0x00, 0x00, 0x00, 0x00, 0x7F, 0x00, 0x7F, 0x02,
    0xFF, 0x55, 0x55, 0x03, 0x00, 0x00, 0x00, 0x00, 0x00, 0x00, 0x00, 0x00, 0xFF, 0x55, 0x55, 0x03,
    0x00, 0x00, 0x00, 0x00, 0x00, 0x00, 0x00, 0x00, 0x00, 0x00, 0x00, 0x00, 0x00, 0x00, 0x00, 0x00,
    0x00, 0x00, 0x00, 0x00, 0x00, 0x00, 0x00, 0x00, 0x00, 0x00, 0x00, 0x00, 0x00, 0x00, 0x00, 0x00,
    0x00, 0x00, 0x00, 0x00, 0x00, 0x00, 0x00, 0x00, 0x00, 0x00, 0x00, 0x00, 0x00, 0x00, 0x00, 0x00,
    0x00, 0x00, 0x00, 0x00, 0x00, 0x00, 0x00, 0x00, 0x00, 0x00, 0x00, 0x00, 0x00, 0x00, 0x00, 0x00,
    0x00, 0x00, 0x00, 0x00, 0x00, 0x00, 0x00, 0x00, 0x00, 0x00, 0x00, 0x00, 0x00, 0x00, 0x00, 0x00,
    0x00, 0x00, 0x00, 0x00, 0x00, 0x00, 0x00, 0x00, 0x00, 0x00, 0x00, 0x00, 0x00, 0x00, 0x00, 0x00,
    0x00, 0x00, 0x00, 0x00, 0x00, 0x00, 0x00, 0x00, 0x00, 0x00, 0x00, 0x00, 0xFF, 0x00, 0x7F, 0x02,
    0xFF, 0x00, 0x7F, 0x02, 0x00, 0x00, 0x00, 0x00, 0x00, 0x00, 0x00, 0x00, 0xFF, 0x55, 0x55, 0x03,
    0xFF, 0x00, 0x00, 0x01, 0x00, 0x00, 0x00, 0x00, 0x00, 0x00, 0x00, 0x00, 0x00, 0x00, 0x00, 0x00,
    0x00, 0x00, 0x00, 0x00, 0x00, 0x00, 0x00, 0x00, 0x00, 0x00, 0x00, 0x00, 0x00, 0x00, 0x00, 0x00,
    0x00, 0x00, 0x00, 0x00, 0x00, 0x00, 0x00, 0x00, 0x00, 0x00, 0x00, 0x00, 0x00, 0x00, 0x00, 0x00,
    0x00, 0x00, 0x00, 0x00, 0x00, 0x00, 0x00, 0x00, 0x00, 0x00, 0x00, 0x00, 0x00, 0x00, 0x00, 0x00,
    0x00, 0x00, 0x00, 0x00, 0x00, 0x00, 0x00, 0x00, 0x00, 0x00, 0x00, 0x00, 0x00, 0x00, 0x00, 0x00,
    0x00, 0x00, 0x00, 0x00, 0x00, 0x00, 0x00, 0x00, 0x00, 0x00, 0x00, 0x00, 0x00, 0x00, 0x00, 0x00,
    0x00, 0x00, 0x00, 0x00, 0x00, 0x00, 0x00, 0x00, 0x00, 0x00, 0x00, 0x00, 0x00, 0x00, 0x00, 0x00,
    0x00, 0x00, 0x00, 0x00, 0xFF, 0x00, 0x00, 0x01, 0x00, 0x00, 0x00, 0x00, 0x00, 0x00, 0x00, 0x00,
    0x00, 0x00, 0x00, 0x00, 0x00, 0x00, 0x00, 0x00, 0x00, 0x00, 0x00, 0x00, 0x00, 0x00, 0x00, 0x00,
    0x00, 0x00, 0x00, 0x00, 0x00, 0x00, 0x00, 0x00, 0x00, 0x00, 0x00, 0x00, 0x00, 0x00, 0x00, 0x00,
    0x00, 0x00, 0x00, 0x00, 0x00, 0x00, 0x00, 0x00, 0x00, 0x00, 0x00, 0x00, 0x00, 0x00, 0x00, 0x00,
    0x00, 0x00, 0x00, 0x00, 0x00, 0x00, 0x00, 0x00, 0x00, 0x00, 0x00, 0x00, 0x00, 0x00, 0x00, 0x00,
    0x00, 0x00, 0x00, 0x00, 0x00, 0x00, 0x00, 0x00, 0x00, 0x00, 0x00, 0x00, 0x00, 0x00, 0x00, 0x00,
    0x00, 0x00, 0x00, 0x00, 0x00, 0x00, 0x00, 0x00, 0x00, 0x00, 0x00, 0x00, 0x00, 0x00, 0x00, 0x00,
    0x00, 0x00, 0x00, 0x00, 0x00, 0x00, 0x00, 0x00, 0x00, 0x00, 0x00, 0x00, 0x00, 0x00, 0x00, 0x00,
    0x00, 0x00, 0x00, 0x00, 0xFF, 0x00, 0x00, 0x01, 0xFF, 0x00, 0x00, 0x01, 0x00, 0x00, 0x00, 0x00,
    0x00, 0x00, 0x00, 0x00, 0x00, 0x00, 0x00, 0x00, 0x00, 0x00, 0x00, 0x00, 0x00, 0x00, 0x00, 0x00,
    0x00, 0x00, 0x00, 0x00, 0x00, 0x00, 0x00, 0x00, 0x00, 0x00, 0x00, 0x00, 0x00, 0x00, 0x00, 0x00,
    0x00, 0x00, 0x00, 0x00, 0x00, 0x00, 0x00, 0x00, 0x00, 0x00, 0x00, 0x00, 0x00, 0x00, 0x00, 0x00,
    0x00, 0x00, 0x00, 0x00, 0x00, 0x00, 0x00, 0x00, 0x00, 0x00, 0x00, 0x00, 0x00, 0x00, 0x00, 0x00,
    0x00, 0x00, 0x00, 0x00, 0x00, 0x00, 0x00, 0x00, 0x00, 0x00, 0x00, 0x00, 0x00, 0x00, 0x00, 0x00,
    0x00, 0x00, 0x00, 0x00, 0x00, 0x00, 0x00, 0x00, 0x00, 0x00, 0x00, 0x00, 0x00, 0x00, 0x00, 0x00,
    0x00, 0x00, 0x00, 0x00, 0x00, 0x00, 0x00, 0x00, 0x00, 0x00, 0x00, 0x00, 0x00, 0x00, 0x00, 0x00,
    0x00, 0x00, 0x00, 0x00, 0x00, 0x00, 0x00, 0x00, 0x00, 0x00, 0x00, 0x00, 0x00, 0x00, 0x00, 0x00,
    0x00, 0x00, 0x00, 0x00, 0x00, 0x00, 0x00, 0x00, 0x00, 0x00, 0x00, 0x00, 0x00, 0x00, 0x00, 0x00,
    0x00, 0x00, 0x00, 0x00, 0x00, 0x00, 0x00, 0x00, 0x00, 0x00, 0x00, 0x00, 0x00, 0x00, 0x00, 0x00,
    0x00, 0x00, 0x00, 0x00, 0x00, 0x00, 0x00, 0x00, 0x00, 0x00, 0x00, 0x00, 0x00, 0x00, 0x00, 0x00,
    0x00, 0x00, 0x00, 0x00, 0x00, 0x00, 0x00, 0x00, 0x00, 0x00, 0x00, 0x00, 0x00, 0x00, 0x00, 0x00,
    0x00, 0x00, 0x00, 0x00, 0x00, 0x00, 0x00, 0x00, 0x00, 0x00, 0x00, 0x00, 0x00, 0x00, 0x00, 0x00,
    0x00, 0x00, 0x00, 0x00, 0x00, 0x00, 0x00, 0x00, 0x00, 0x00, 0x00, 0x00, 0x00, 0x00, 0x00, 0x00,
    0x00, 0x00, 0x00, 0x00, 0x00, 0x00, 0x00, 0x00, 0x00, 0x00, 0x00, 0x00, 0x00, 0x00, 0x00, 0x00,
    0x00, 0x00, 0x00, 0x00, 0x00, 0x00, 0x00, 0x00, 0x00, 0x00, 0x00, 0x00, 0x00, 0x00, 0x00, 0x00,
    0x00, 0x00, 0x00, 0x00, 0x00, 0x00, 0x00, 0x00, 0x00, 0x00, 0x00, 0x00, 0x00, 0x00, 0x00, 0x00,
    0x00, 0x00, 0x00, 0x00, 0x00, 0x00, 0x00, 0x00, 0x00, 0x00, 0x00, 0x00, 0x00, 0x00, 0x00, 0x00,
    0x00, 0x00, 0x00, 0x00, 0x00, 0x00, 0x00, 0x00, 0x00, 0x00, 0x00, 0x00, 0x00, 0x00, 0x00, 0x00,
};

const lv_image_dsc_t UI_IMG_WMO_THUNDERSTORM_HAIL_HEAVY_PNG = {
    .header.w     = 64,
    .header.h     = 64,
    .data_size    = sizeof(UI_IMG_WMO_THUNDERSTORM_HAIL_HEAVY_PNG_DATA),
    .header.cf    = LV_COLOR_FORMAT_ARGB8888,
    .header.magic = LV_IMAGE_HEADER_MAGIC,
    .data         = UI_IMG_WMO_THUNDERSTORM_HAIL_HEAVY_PNG_DATA};
