// Auto-generated from wmo-mainly-clear.png — 64x64 ARGB8888
#include "../../ui.h"

#ifndef LV_ATTRIBUTE_MEM_ALIGN
#    define LV_ATTRIBUTE_MEM_ALIGN
#endif

const LV_ATTRIBUTE_MEM_ALIGN uint8_t UI_IMG_WMO_MAINLY_CLEAR_PNG_DATA[] = {
    0x00, 0x00, 0x00, 0x00, 0x00, 0x00, 0x00, 0x00, 0x00, 0x00, 0x00, 0x00, 0x00, 0x00, 0x00, 0x00,
    0x00, 0x00, 0x00, 0x00, 0x00, 0x00, 0x00, 0x00, 0x00, 0x00, 0x00, 0x00, 0x00, 0x00, 0x00, 0x00,
    0x00, 0x00, 0x00, 0x00, 0x00, 0x00, 0x00, 0x00, 0x00, 0x00, 0x00, 0x00, 0x00, 0x00, 0x00, 0x00,
    0x00, 0x00, 0x00, 0x00, 0x00, 0x00, 0x00, 0x00, 0x00, 0x00, 0x00, 0x00, 0x00, 0x00, 0x00, 0x00,
    0x00, 0x00, 0x00, 0x00, 0x00, 0x00, 0x00, 0x00, 0x00, 0x00, 0x00, 0x00, 0x00, 0x00, 0x00, 0x00,
    0x00, 0x00, 0x00, 0x00, 0x00, 0x00, 0x00, 0x00, 0x00, 0x00, 0x00, 0x00, 0x00, 0x00, 0x00, 0x00,
    0x00, 0x00, 0x00, 0x00, 0x00, 0x00, 0x00, 0x00, 0x00, 0x00, 0x00, 0x00, 0x00, 0x00, 0x00, 0x00,
    0x00, 0x00, 0x00, 0x00, 0x00, 0x00, 0x00, 0x00, 0x00, 0x00, 0x00, 0x00, 0x00, 0x00, 0x00, 0x00,
    0x00, 0x00, 0x00, 0x00, 0x00, 0x00, 0x00, 0x00, 0x00, 0x00, 0x00, 0x00, 0x00, 0x00, 0x00, 0x00,
    0x00, 0x00, 0x00, 0x00, 0x00, 0x00, 0x00, 0x00, 0x00, 0x00, 0x00, 0x00, 0x00, 0x00, 0x00, 0x00,
    0x00, 0x00, 0x00, 0x00, 0x00, 0x00, 0x00, 0x00, 0x00, 0x00, 0x00, 0x00, 0x00, 0x00, 0x00, 0x00,
    0x00, 0x00, 0x00, 0x00, 0x00, 0x00, 0x00, 0x00, 0x00, 0x00, 0x00, 0x00, 0x00, 0x00, 0x00, 0x00,
    0x00, 0x00, 0x00, 0x00, 0x00, 0x00, 0x00, 0x00, 0x00, 0x00, 0x00, 0x00, 0x00, 0x00, 0x00, 0x00,
    0x00, 0x00, 0x00, 0x00, 0x00, 0x00, 0x00, 0x00, 0x00, 0x00, 0x00, 0x00, 0x00, 0x00, 0x00, 0x00,
    0x00, 0x00, 0x00, 0x00, 0x00, 0x00, 0x00, 0x00, 0x00, 0x00, 0x00, 0x00, 0x00, 0x00, 0x00, 0x00,
    0x00, 0x00, 0x00, 0x00, 0x00, 0x00, 0x00, 0x00, 0x00, 0x00, 0x00, 0x00, 0x00, 0x00, 0x00, 0x00,
    0x00, 0x00, 0x00, 0x00, 0x00, 0x00, 0x00, 0x00, 0x00, 0x00, 0x00, 0x00, 0x00, 0x00, 0x00, 0x00,
    0x00, 0x00, 0x00, 0x00, 0x00, 0x00, 0x00, 0x00, 0x00, 0x00, 0x00, 0x00, 0x00, 0x00, 0x00, 0x00,
    0x00, 0x00, 0x00, 0x00, 0x00, 0x00, 0x00, 0x00, 0x00, 0x00, 0x00, 0x00, 0x00, 0x00, 0x00, 0x00,
    0x00, 0x00, 0x00, 0x00, 0x00, 0x00, 0x00, 0x00, 0x00, 0x00, 0x00, 0x00, 0x00, 0x00, 0x00, 0x00,
    0x00, 0x00, 0x00, 0x00, 0x00, 0x00, 0x00, 0x00, 0x00, 0x00, 0x00, 0x00, 0x00, 0x00, 0x00, 0x00,
    0x00, 0x00, 0x00, 0x00, 0x00, 0x00, 0x00, 0x00, 0x00, 0x00, 0x00, 0x00, 0x00, 0x00, 0x00, 0x00,
    0x00, 0x00, 0x00, 0x00, 0x00, 0x00, 0x00, 0x00, 0x00, 0x00, 0x00, 0x00, 0x00, 0x00, 0x00, 0x00,
    0x00, 0x00, 0x00, 0x00, 0x00, 0x00, 0x00, 0x00, 0x00, 0x00, 0x00, 0x00, 0x00, 0x00, 0x00, 0x00,
    0x00, 0x00, 0x00, 0x00, 0x00, 0x00, 0x00, 0x00, 0x00, 0x00, 0x00, 0x00, 0x00, 0x00, 0x00, 0x00,
    0x00, 0x00, 0x00, 0x00, 0x00, 0x00, 0x00, 0x00, 0x00, 0x00, 0x00, 0x00, 0x00, 0x00, 0x00, 0x00,
    0x00, 0x00, 0x00, 0x00, 0x00, 0x00, 0x00, 0x00, 0x00, 0x00, 0x00, 0x00, 0x00, 0x00, 0x00, 0x00,
    0x00, 0x00, 0x00, 0x00, 0x00, 0x00, 0x00, 0x00, 0x00, 0x00, 0x00, 0x00, 0x00, 0x00, 0x00, 0x00,
    0x00, 0x00, 0x00, 0x00, 0x00, 0x00, 0x00, 0x00, 0x00, 0x00, 0x00, 0x00, 0x00, 0x00, 0x00, 0x00,
    0x00, 0x00, 0x00, 0x00, 0x00, 0x00, 0x00, 0x00, 0x00, 0x00, 0x00, 0x00, 0x00, 0x00, 0x00, 0x00,
    0x00, 0x00, 0x00, 0x00, 0x00, 0x00, 0x00, 0x00, 0x00, 0x00, 0x00, 0x00, 0x00, 0x00, 0x00, 0x00,
    0x00, 0x00, 0x00, 0x00, 0x00, 0x00, 0x00, 0x00, 0x00, 0x00, 0x00, 0x00, 0x00, 0x00, 0x00, 0x00,
    0x00, 0x00, 0x00, 0x00, 0x00, 0x00, 0x00, 0x00, 0x00, 0x00, 0x00, 0x00, 0x00, 0x00, 0x00, 0x00,
    0x00, 0x00, 0x00, 0x00, 0x00, 0x00, 0x00, 0x00, 0x00, 0x00, 0x00, 0x00, 0x00, 0x00, 0x00, 0x00,
    0x00, 0x00, 0x00, 0x00, 0x00, 0x00, 0x00, 0x00, 0x00, 0x00, 0x00, 0x00, 0x00, 0x00, 0x00, 0x00,
    0x00, 0x00, 0x00, 0x00, 0x00, 0x00, 0x00, 0x00, 0x00, 0x00, 0x00, 0x00, 0x00, 0x00, 0x00, 0x00,
    0x00, 0x00, 0x00, 0x00, 0x00, 0x00, 0x00, 0x00, 0x00, 0x00, 0x00, 0x00, 0x00, 0x00, 0x00, 0x00,
    0x00, 0x00, 0x00, 0x00, 0x00, 0x00, 0x00, 0x00, 0x00, 0x00, 0x00, 0x00, 0x00, 0x00, 0x00, 0x00,
    0x00, 0x00, 0x00, 0x00, 0x00, 0x00, 0x00, 0x00, 0x00, 0x00, 0x00, 0x00, 0x00, 0x00, 0x00, 0x00,
    0x00, 0x00, 0x00, 0x00, 0x00, 0x00, 0x00, 0x00, 0x00, 0x00, 0x00, 0x00, 0x00, 0x00, 0x00, 0x00,
    0x00, 0x00, 0x00, 0x00, 0x00, 0x00, 0x00, 0x00, 0x00, 0x00, 0x00, 0x00, 0x00, 0x00, 0x00, 0x00,
    0x00, 0x00, 0x00, 0x00, 0x00, 0x00, 0x00, 0x00, 0x00, 0x00, 0x00, 0x00, 0x00, 0x00, 0x00, 0x00,
    0x00, 0x00, 0x00, 0x00, 0x00, 0x00, 0x00, 0x00, 0x00, 0x00, 0x00, 0x00, 0x00, 0x00, 0x00, 0x00,
    0x00, 0x00, 0x00, 0x00, 0x00, 0x00, 0x00, 0x00, 0x00, 0x00, 0x00, 0x00, 0x00, 0x00, 0x00, 0x00,
    0x00, 0x00, 0x00, 0x00, 0x00, 0x00, 0x00, 0x00, 0x00, 0x00, 0x00, 0x00, 0x00, 0x00, 0x00, 0x00,
    0x00, 0x00, 0x00, 0x00, 0x00, 0x00, 0x00, 0x00, 0x00, 0x00, 0x00, 0x00, 0x00, 0x00, 0x00, 0x00,
    0x00, 0x00, 0x00, 0x00, 0x00, 0x00, 0x00, 0x00, 0x00, 0x00, 0x00, 0x00, 0x00, 0x00, 0x00, 0x00,
    0x00, 0x00, 0x00, 0x00, 0x00, 0x00, 0x00, 0x00, 0x00, 0x00, 0x00, 0x00, 0x00, 0x00, 0x00, 0x00,
    0x00, 0x00, 0x00, 0x00, 0x00, 0x00, 0x00, 0x00, 0x00, 0x00, 0x00, 0x00, 0x00, 0x00, 0x00, 0x00,
    0x00, 0x00, 0x00, 0x00, 0x00, 0x00, 0x00, 0x00, 0x00, 0x00, 0x00, 0x00, 0x00, 0x00, 0x00, 0x00,
    0x00, 0x00, 0x00, 0x00, 0x00, 0x00, 0x00, 0x00, 0x00, 0x00, 0x00, 0x00, 0x00, 0x00, 0x00, 0x00,
    0x00, 0x00, 0x00, 0x00, 0x00, 0x00, 0x00, 0x00, 0x00, 0x00, 0x00, 0x00, 0x00, 0x00, 0x00, 0x00,
    0x00, 0x00, 0x00, 0x00, 0x00, 0x00, 0x00, 0x00, 0x00, 0x00, 0x00, 0x00, 0x00, 0x00, 0x00, 0x00,
    0x00, 0x00, 0x00, 0x00, 0x00, 0x00, 0x00, 0x00, 0x00, 0x00, 0x00, 0x00, 0x00, 0x00, 0x00, 0x00,
    0x00, 0x00, 0x00, 0x00, 0x00, 0x00, 0x00, 0x00, 0x00, 0x00, 0x00, 0x00, 0x00, 0x00, 0x00, 0x00,
    0x00, 0x00, 0x00, 0x00, 0x00, 0x00, 0x00, 0x00, 0x00, 0x00, 0x00, 0x00, 0x00, 0x00, 0x00, 0x00,
    0x00, 0x00, 0x00, 0x00, 0x00, 0x00, 0x00, 0x00, 0x00, 0x00, 0x00, 0x00, 0x00, 0x00, 0x00, 0x00,
    0x00, 0x00, 0x00, 0x00, 0x00, 0x00, 0x00, 0x00, 0x00, 0x00, 0x00, 0x00, 0x00, 0x00, 0x00, 0x00,
    0x00, 0x00, 0x00, 0x00, 0x00, 0x00, 0x00, 0x00, 0x00, 0x00, 0x00, 0x00, 0x00, 0x00, 0x00, 0x00,
    0x00, 0x00, 0x00, 0x00, 0x00, 0x00, 0x00, 0x00, 0x00, 0x00, 0x00, 0x00, 0x00, 0x00, 0x00, 0x00,
    0x00, 0x00, 0x00, 0x00, 0x00, 0x00, 0x00, 0x00, 0x00, 0x00, 0x00, 0x00, 0x00, 0x00, 0x00, 0x00,
    0x00, 0x00, 0x00, 0x00, 0x00, 0x00, 0x00, 0x00, 0x00, 0x00, 0x00, 0x00, 0x00, 0x00, 0x00, 0x00,
    0x00, 0x00, 0x00, 0x00, 0x00, 0x00, 0x00, 0x00, 0x00, 0x00, 0x00, 0x00, 0x00, 0x00, 0x00, 0x00,
    0x00, 0x00, 0x00, 0x00, 0x00, 0x00, 0x00, 0x00, 0x00, 0x00, 0x00, 0x00, 0x00, 0x00, 0x00, 0x00,
    0x00, 0x00, 0x00, 0x00, 0x00, 0x00, 0x00, 0x00, 0x00, 0x00, 0x00, 0x00, 0x00, 0x00, 0x00, 0x00,
    0x00, 0x00, 0x00, 0x00, 0x00, 0x00, 0x00, 0x00, 0x00, 0x00, 0x00, 0x00, 0x00, 0x00, 0x00, 0x00,
    0x00, 0x00, 0x00, 0x00, 0x00, 0x00, 0x00, 0x00, 0x00, 0x00, 0x00, 0x00, 0x00, 0x00, 0x00, 0x00,
    0x00, 0x00, 0x00, 0x00, 0x00, 0x00, 0x00, 0x00, 0x00, 0x00, 0x00, 0x00, 0x00, 0x00, 0x00, 0x00,
    0x00, 0x00, 0x00, 0x00, 0x00, 0x00, 0x00, 0x00, 0x00, 0x00, 0x00, 0x00, 0x00, 0x00, 0x00, 0x00,
    0x00, 0x00, 0x00, 0x00, 0x00, 0x00, 0x00, 0x00, 0x00, 0x00, 0x00, 0x00, 0x00, 0x00, 0x00, 0x00,
    0x00, 0x00, 0x00, 0x00, 0x00, 0x00, 0x00, 0x00, 0x00, 0x00, 0x00, 0x00, 0x00, 0x00, 0x00, 0x00,
    0x00, 0x00, 0x00, 0x00, 0x00, 0x00, 0x00, 0x00, 0x00, 0x00, 0x00, 0x00, 0x00, 0x00, 0x00, 0x00,
    0x00, 0x00, 0x00, 0x00, 0x00, 0x00, 0x00, 0x00, 0x00, 0x00, 0x00, 0x00, 0x00, 0x00, 0x00, 0x00,
    0x00, 0x00, 0x00, 0x00, 0x00, 0x00, 0x00, 0x00, 0x00, 0x00, 0x00, 0x00, 0x00, 0x00, 0x00, 0x00,
    0x00, 0x00, 0x00, 0x00, 0x00, 0x00, 0x00, 0x00, 0x00, 0x00, 0x00, 0x00, 0x00, 0x00, 0x00, 0x00,
    0x00, 0x00, 0x00, 0x00, 0x00, 0x00, 0x00, 0x00, 0x00, 0x00, 0x00, 0x00, 0x00, 0x00, 0x00, 0x00,
    0x00, 0x00, 0x00, 0x00, 0x00, 0x00, 0x00, 0x00, 0x00, 0x00, 0x00, 0x00, 0x00, 0x00, 0x00, 0x00,
    0x00, 0x00, 0x00, 0x00, 0x00, 0x00, 0x00, 0x00, 0x00, 0x00, 0x00, 0x00, 0x00, 0x00, 0x00, 0x00,
    0x00, 0x00, 0x00, 0x00, 0x00, 0x00, 0x00, 0x00, 0x00, 0x00, 0x00, 0x00, 0x00, 0x00, 0x00, 0x00,
    0x00, 0x00, 0x00, 0x00, 0x00, 0x00, 0x00, 0x00, 0x00, 0x00, 0x00, 0x00, 0x00, 0x00, 0x00, 0x00,
    0x00, 0x00, 0x00, 0x00, 0x00, 0x00, 0x00, 0x00, 0x00, 0x00, 0x00, 0x00, 0x00, 0x00, 0x00, 0x00,
    0x00, 0x00, 0x00, 0x00, 0x00, 0x00, 0x00, 0x00, 0x00, 0x00, 0x00, 0x00, 0x00, 0x00, 0x00, 0x00,
    0x00, 0x00, 0x00, 0x00, 0x00, 0x00, 0x00, 0x00, 0x00, 0x00, 0x00, 0x00, 0x00, 0x00, 0x00, 0x00,
    0x00, 0x00, 0x00, 0x00, 0x00, 0x00, 0x00, 0x00, 0x00, 0x00, 0x00, 0x00, 0x00, 0x00, 0x00, 0x00,
    0x00, 0x00, 0x00, 0x00, 0x00, 0x00, 0x00, 0x00, 0x00, 0x00, 0x00, 0x00, 0x00, 0x00, 0x00, 0x00,
    0x00, 0x00, 0x00, 0x00, 0x00, 0x00, 0x00, 0x00, 0x00, 0x00, 0x00, 0x00, 0x00, 0x00, 0x00, 0x00,
    0x00, 0x00, 0x00, 0x00, 0x00, 0x00, 0x00, 0x00, 0x00, 0x00, 0xFF, 0x01, 0x55, 0xAA, 0xAA, 0x03,
    0x55, 0xAA, 0xFF, 0x03, 0x55, 0xAA, 0xFF, 0x03, 0xFF, 0xFF, 0xFF, 0x01, 0x00, 0x00, 0x00, 0x00,
    0x00, 0x00, 0x00, 0x00, 0x00, 0x00, 0x00, 0x00, 0x00, 0x00, 0x00, 0x00, 0x00, 0x00, 0x00, 0x00,
    0x00, 0x00, 0x00, 0x00, 0x00, 0x00, 0x00, 0x00, 0x00, 0x00, 0x00, 0x00, 0x00, 0x00, 0x00, 0x00,
    0x00, 0x00, 0x00, 0x00, 0x00, 0x00, 0x00, 0x00, 0x00, 0x00, 0x00, 0x00, 0x00, 0x00, 0x00, 0x00,
    0x00, 0x00, 0x00, 0x00, 0x00, 0x00, 0x00, 0x00, 0x00, 0x00, 0x00, 0x00, 0x00, 0x00, 0x00, 0x00,
    0x00, 0x00, 0x00, 0x00, 0x00, 0x00, 0x00, 0x00, 0x00, 0x00, 0x00, 0x00, 0x00, 0x00, 0x00, 0x00,
    0x00, 0x00, 0x00, 0x00, 0x00, 0x00, 0x00, 0x00, 0x00, 0x00, 0x00, 0x00, 0x00, 0x00, 0x00, 0x00,
    0x00, 0x00, 0x00, 0x00, 0x00, 0x00, 0x00, 0x00, 0x00, 0x00, 0x00, 0x00, 0x00, 0x00, 0x00, 0x00,
    0x00, 0x00, 0x00, 0x00, 0x00, 0x00, 0x00, 0x00, 0x00, 0x00, 0x00, 0x00, 0x00, 0x00, 0x00, 0x00,
    0x00, 0x00, 0x00, 0x00, 0x00, 0x00, 0x00, 0x00, 0x00, 0x00, 0x00, 0x00, 0x00, 0x00, 0x00, 0x00,
    0x00, 0x00, 0x00, 0x00, 0x00, 0x00, 0x00, 0x00, 0x00, 0x00, 0x00, 0x00, 0x00, 0x00, 0x00, 0x00,
    0x00, 0x00, 0x00, 0x00, 0x00, 0x00, 0x00, 0x00, 0x00, 0x00, 0x00, 0x00, 0x00, 0x00, 0x00, 0x00,
    0x00, 0x00, 0x00, 0x00, 0x00, 0x00, 0x00, 0x00, 0x00, 0x00, 0x00, 0x00, 0x00, 0x00, 0x00, 0x00,
    0x00, 0x00, 0x00, 0x00, 0x00, 0x00, 0x00, 0x00, 0x00, 0x00, 0x00, 0x00, 0x00, 0x00, 0x00, 0x00,
    0x00, 0x00, 0x00, 0x00, 0x00, 0x00, 0x00, 0x00, 0x00, 0x00, 0x00, 0x00, 0x00, 0x00, 0x00, 0x00,
    0x00, 0x00, 0x00, 0x00, 0x55, 0xAA, 0xFF, 0x03, 0x00, 0x00, 0x00, 0x00, 0x00, 0x00, 0x00, 0x00,
    0x00, 0x00, 0x00, 0x00, 0x00, 0x00, 0x00, 0x00, 0x00, 0x00, 0x00, 0x00, 0x55, 0xAA, 0xFF, 0x03,
    0x00, 0xFF, 0xFF, 0x01, 0x00, 0x00, 0x00, 0x00, 0x00, 0x00, 0x00, 0x00, 0x00, 0x00, 0x00, 0x00,
    0x00, 0x00, 0x00, 0x00, 0x00, 0x00, 0x00, 0x00, 0x00, 0x00, 0x00, 0x00, 0x00, 0x00, 0x00, 0x00,
    0x00, 0x00, 0x00, 0x00, 0x00, 0x00, 0x00, 0x00, 0x00, 0x00, 0x00, 0x00, 0x00, 0x00, 0x00, 0x00,
    0x00, 0x00, 0x00, 0x00, 0x00, 0x00, 0x00, 0x00, 0x00, 0x00, 0x00, 0x00, 0x00, 0x00, 0x00, 0x00,
    0x00, 0x00, 0x00, 0x00, 0x00, 0x00, 0x00, 0x00, 0x00, 0x00, 0x00, 0x00, 0x00, 0x00, 0x00, 0x00,
    0x00, 0x00, 0x00, 0x00, 0x00, 0x00, 0x00, 0x00, 0x00, 0x00, 0x00, 0x00, 0x00, 0x00, 0x00, 0x00,
    0x00, 0x00, 0x00, 0x00, 0x00, 0x00, 0x00, 0x00, 0x00, 0x00, 0x00, 0x00, 0x00, 0x00, 0x00, 0x00,
    0x00, 0x00, 0x00, 0x00, 0x00, 0x00, 0x00, 0x00, 0x00, 0x00, 0x00, 0x00, 0x00, 0x00, 0x00, 0x00,
    0x00, 0x00, 0x00, 0x00, 0x00, 0x00, 0x00, 0x00, 0x00, 0x00, 0x00, 0x00, 0x00, 0x00, 0x00, 0x00,
    0x00, 0x00, 0x00, 0x00, 0x00, 0x00, 0x00, 0x00, 0x00, 0x00, 0x00, 0x00, 0x00, 0x00, 0x00, 0x00,
    0x00, 0x00, 0x00, 0x00, 0x00, 0x00, 0x00, 0x00, 0x00, 0x00, 0x00, 0x00, 0x00, 0x00, 0x00, 0x00,
    0x00, 0x00, 0x00, 0x00, 0x00, 0x00, 0x00, 0x00, 0x00, 0x00, 0x00, 0x00, 0x00, 0x00, 0x00, 0x00,
    0x00, 0x00, 0x00, 0x00, 0x00, 0x00, 0x00, 0x00, 0x00, 0x00, 0x00, 0x00, 0x00, 0x00, 0x00, 0x00,
    0x00, 0x00, 0x00, 0x00, 0x00, 0x00, 0x00, 0x00, 0x00, 0x00, 0x00, 0x00, 0x00, 0x00, 0x00, 0x00,
    0x00, 0x7F, 0xFF, 0x02, 0x00, 0x00, 0x00, 0x00, 0xD4, 0xAA, 0xD4, 0x06, 0x5C, 0xA2, 0xFA, 0x37,
    0x50, 0x9A, 0xFC, 0x56, 0x58, 0xA6, 0xFF, 0x45, 0x73, 0xAD, 0xFF, 0x16, 0x00, 0x00, 0x00, 0x00,
    0x00, 0x00, 0x00, 0x00, 0xFF, 0xFF, 0xFF, 0x01, 0x00, 0x00, 0x00, 0x00, 0x00, 0x00, 0x00, 0x00,
    0x00, 0x00, 0x00, 0x00, 0x00, 0x00, 0x00, 0x00, 0x00, 0x00, 0x00, 0x00, 0x00, 0x00, 0x00, 0x00,
    0x00, 0x00, 0x00, 0x00, 0x00, 0x00, 0x00, 0x00, 0x00, 0x00, 0x00, 0x00, 0x00, 0x00, 0x00, 0x00,
    0x00, 0x00, 0x00, 0x00, 0x00, 0x00, 0x00, 0x00, 0x00, 0x00, 0x00, 0x00, 0x00, 0x00, 0x00, 0x00,
    0x00, 0x00, 0x00, 0x00, 0x00, 0x00, 0x00, 0x00, 0x00, 0x00, 0x00, 0x00, 0x00, 0x00, 0x00, 0x00,
    0x00, 0x00, 0x00, 0x00, 0x00, 0x00, 0x00, 0x00, 0x00, 0x00, 0x00, 0x00, 0x00, 0x00, 0x00, 0x00,
    0x00, 0x00, 0x00, 0x00, 0x00, 0x00, 0x00, 0x00, 0x00, 0x00, 0x00, 0x00, 0x00, 0x00, 0x00, 0x00,
    0x00, 0x00, 0x00, 0x00, 0x00, 0x00, 0x00, 0x00, 0x00, 0x00, 0x00, 0x00, 0x00, 0x00, 0x00, 0x00,
    0x00, 0x00, 0x00, 0x00, 0x00, 0x00, 0x00, 0x00, 0x00, 0x00, 0x00, 0x00, 0x00, 0x00, 0x00, 0x00,
    0x00, 0x00, 0x00, 0x00, 0x00, 0x00, 0x00, 0x00, 0x00, 0x00, 0x00, 0x00, 0x00, 0x00, 0x00, 0x00,
    0x00, 0x00, 0x00, 0x00, 0x00, 0x00, 0x00, 0x00, 0x00, 0x00, 0x00, 0x00, 0x00, 0x00, 0x00, 0x00,
    0x00, 0x00, 0x00, 0x00, 0x00, 0x00, 0x00, 0x00, 0x00, 0x00, 0x00, 0x00, 0x00, 0x00, 0x00, 0x00,
    0x00, 0x00, 0x00, 0x00, 0x00, 0x00, 0x00, 0x00, 0x00, 0x00, 0x00, 0x00, 0x00, 0x00, 0x00, 0x00,
    0x00, 0x00, 0x00, 0x00, 0x00, 0x00, 0x00, 0x00, 0x00, 0x00, 0x00, 0x00, 0x00, 0x7F, 0xFF, 0x02,
    0x00, 0x00, 0x00, 0x00, 0x4E, 0x8E, 0xE2, 0x5B, 0x3C, 0x90, 0xF0, 0xD6, 0x35, 0x94, 0xFB, 0xFF,
    0x38, 0x9D, 0xFF, 0xFF, 0x3C, 0xA0, 0xFF, 0xFF, 0x45, 0xA4, 0xFF, 0xEC, 0x55, 0xAA, 0xFF, 0x8A,
    0xBF, 0xBF, 0xFF, 0x08, 0x00, 0x00, 0x00, 0x00, 0x00, 0xFF, 0xFF, 0x01, 0x00, 0x00, 0x00, 0x00,
    0x00, 0x00, 0x00, 0x00, 0x00, 0x00, 0x00, 0x00, 0x00, 0x00, 0x00, 0x00, 0x00, 0x00, 0x00, 0x00,
    0x00, 0x00, 0x00, 0x00, 0x00, 0x00, 0x00, 0x00, 0x00, 0x00, 0x00, 0x00, 0x00, 0x00, 0x00, 0x00,
    0x00, 0x00, 0x00, 0x00, 0x00, 0x00, 0x00, 0x00, 0x00, 0x00, 0x00, 0x00, 0x00, 0x00, 0x00, 0x00,
    0x00, 0x00, 0x00, 0x00, 0x00, 0x00, 0x00, 0x00, 0x00, 0x00, 0x00, 0x00, 0x00, 0x00, 0x00, 0x00,
    0x00, 0x00, 0x00, 0x00, 0x00, 0x00, 0x00, 0x00, 0x00, 0x00, 0x00, 0x00, 0x00, 0x00, 0x00, 0x00,
    0x00, 0x00, 0x00, 0x00, 0x00, 0x00, 0x00, 0x00, 0x00, 0x00, 0x00, 0x00, 0x00, 0x00, 0x00, 0x00,
    0x00, 0x00, 0x00, 0x00, 0x00, 0x00, 0x00, 0x00, 0x00, 0x00, 0x00, 0x00, 0x00, 0x00, 0x00, 0x00,
    0x00, 0x00, 0x00, 0x00, 0x00, 0x00, 0x00, 0x00, 0x00, 0x00, 0x00, 0x00, 0x00, 0x00, 0x00, 0x00,
    0x00, 0x00, 0x00, 0x00, 0x00, 0x00, 0x00, 0x00, 0x00, 0x00, 0x00, 0x00, 0x00, 0x00, 0x00, 0x00,
    0x00, 0x00, 0x00, 0x00, 0x00, 0x00, 0x00, 0x00, 0x00, 0x00, 0x00, 0x00, 0x00, 0x00, 0x00, 0x00,
    0x00, 0x00, 0x00, 0x00, 0x00, 0x00, 0x00, 0x00, 0x00, 0xFF, 0xFF, 0x01, 0x3F, 0x7F, 0xBF, 0x04,
    0x00, 0x55, 0xFF, 0x03, 0x00, 0x7F, 0xFF, 0x02, 0x55, 0xAA, 0xFF, 0x03, 0x55, 0xAA, 0xFF, 0x03,
    0x00, 0x00, 0x00, 0x00, 0x00, 0x00, 0x00, 0x00, 0x55, 0xAA, 0xFF, 0x03, 0x00, 0x00, 0x00, 0x00,
    0x46, 0x88, 0xDE, 0x7F, 0x34, 0x8F, 0xF3, 0xFF, 0x2A, 0x8E, 0xF7, 0xFF, 0x2C, 0x90, 0xF9, 0xFE,
    0x31, 0x97, 0xFF, 0xFC, 0x38, 0x9C, 0xFF, 0xFD, 0x3F, 0xA3, 0xFF, 0xFF, 0x4A, 0xB2, 0xFF, 0xFF,
    0x52, 0xAC, 0xFF, 0xC2, 0x7F, 0xB6, 0xFF, 0x0E, 0x00, 0x7F, 0xFF, 0x02, 0x00, 0xFF, 0xFF, 0x01,
    0x00, 0x00, 0x00, 0x00, 0x00, 0x00, 0x00, 0x00, 0x00, 0x00, 0x00, 0x00, 0xFF, 0xFF, 0xFF, 0x01,
    0x7F, 0x7F, 0xFF, 0x02, 0x7F, 0x7F, 0xFF, 0x02, 0x00, 0x00, 0xFF, 0x01, 0x00, 0x00, 0x00, 0x00,
    0x00, 0x00, 0x00, 0x00, 0x00, 0x00, 0x00, 0x00, 0x00, 0x00, 0x00, 0x00, 0x00, 0x00, 0x00, 0x00,
    0x00, 0x00, 0x00, 0x00, 0x00, 0x00, 0x00, 0x00, 0x00, 0x00, 0x00, 0x00, 0x00, 0x00, 0x00, 0x00,
    0x00, 0x00, 0x00, 0x00, 0x00, 0x00, 0x00, 0x00, 0x00, 0x00, 0x00, 0x00, 0x00, 0x00, 0x00, 0x00,
    0x00, 0x00, 0x00, 0x00, 0x00, 0x00, 0x00, 0x00, 0x00, 0x00, 0x00, 0x00, 0x00, 0x00, 0x00, 0x00,
    0x00, 0x00, 0x00, 0x00, 0x00, 0x00, 0x00, 0x00, 0x00, 0x00, 0x00, 0x00, 0x00, 0x00, 0x00, 0x00,
    0x00, 0x00, 0x00, 0x00, 0x00, 0x00, 0x00, 0x00, 0x00, 0x00, 0x00, 0x00, 0x00, 0x00, 0x00, 0x00,
    0x00, 0x00, 0x00, 0x00, 0x00, 0x00, 0x00, 0x00, 0x00, 0x00, 0x00, 0x00, 0x00, 0x00, 0x00, 0x00,
    0x00, 0x00, 0x00, 0x00, 0x00, 0x00, 0x00, 0x00, 0x00, 0x00, 0x00, 0x00, 0x00, 0x00, 0x00, 0x00,
    0x00, 0x00, 0x00, 0x00, 0x55, 0x55, 0xAA, 0x03, 0x00, 0x00, 0x00, 0x00, 0x00, 0x00, 0x00, 0x00,
    0x00, 0x00, 0x00, 0x00, 0x00, 0x00, 0x00, 0x00, 0x00, 0x00, 0x00, 0x00, 0x00, 0x00, 0x00, 0x00,
    0x00, 0x00, 0x00, 0x00, 0x48, 0x91, 0xDA, 0x07, 0x00, 0x00, 0x00, 0x00, 0x50, 0x8B, 0xDF, 0x52,
    0x33, 0x8B, 0xEF, 0xFF, 0x26, 0x86, 0xEA, 0xFB, 0x29, 0x8B, 0xF1, 0xFD, 0x2F, 0x91, 0xFC, 0xFF,
    0x35, 0x97, 0xFF, 0xFF, 0x3B, 0x9D, 0xFF, 0xFF, 0x40, 0xA1, 0xFF, 0xFE, 0x43, 0xA5, 0xFF, 0xF9,
    0x4D, 0xB5, 0xFF, 0xFF, 0x56, 0xAB, 0xFF, 0xAB, 0x00, 0x00, 0x00, 0x00, 0x33, 0x99, 0xFF, 0x05,
    0x55, 0xAA, 0xFF, 0x03, 0x55, 0xAA, 0xFF, 0x03, 0x00, 0x00, 0xFF, 0x01, 0x00, 0x00, 0x00, 0x00,
    0x00, 0x00, 0x00, 0x00, 0x00, 0x00, 0x00, 0x00, 0x00, 0x00, 0x00, 0x00, 0x55, 0xAA, 0xFF, 0x03,
    0x00, 0x00, 0x00, 0x00, 0x00, 0x00, 0x00, 0x00, 0x00, 0x00, 0x00, 0x00, 0x00, 0x00, 0x00, 0x00,
    0x00, 0x00, 0x00, 0x00, 0x00, 0x00, 0x00, 0x00, 0x00, 0x00, 0x00, 0x00, 0x00, 0x00, 0x00, 0x00,
    0x00, 0x00, 0x00, 0x00, 0x00, 0x00, 0x00, 0x00, 0x00, 0x00, 0x00, 0x00, 0x00, 0x00, 0x00, 0x00,
    0x00, 0x00, 0x00, 0x00, 0x00, 0x00, 0x00, 0x00, 0x00, 0x00, 0x00, 0x00, 0x00, 0x00, 0x00, 0x00,
    0x00, 0x00, 0x00, 0x00, 0x00, 0x00, 0x00, 0x00, 0x00, 0x00, 0x00, 0x00, 0x00, 0x00, 0x00, 0x00,
    0x00, 0x00, 0x00, 0x00, 0x00, 0x00, 0x00, 0x00, 0x00, 0x00, 0x00, 0x00, 0x00, 0x00, 0x00, 0x00,
    0x00, 0x00, 0x00, 0x00, 0x00, 0x00, 0x00, 0x00, 0x00, 0x00, 0x00, 0x00, 0x00, 0x00, 0x00, 0x00,
    0x00, 0x00, 0x00, 0x00, 0x00, 0x00, 0x00, 0x00, 0x00, 0x00, 0x00, 0x00, 0x00, 0x00, 0x00, 0x00,
    0x00, 0x7F, 0xFF, 0x02, 0x00, 0x00, 0x00, 0x00, 0x72, 0x99, 0xD8, 0x14, 0x4A, 0x95, 0xF2, 0x6A,
    0x42, 0x98, 0xFA, 0xA6, 0x44, 0x9C, 0xFF, 0xB3, 0x4B, 0xA0, 0xFF, 0x92, 0x5D, 0xA5, 0xFF, 0x3F,
    0x02, 0x00, 0x00, 0x00, 0x00, 0x00, 0x00, 0x00, 0xA3, 0xA3, 0xDA, 0x0E, 0x35, 0x84, 0xE3, 0xDF,
    0x26, 0x84, 0xEB, 0xFD, 0x26, 0x85, 0xEA, 0xFD, 0x2A, 0x8B, 0xF5, 0xFF, 0x30, 0x91, 0xFD, 0xFF,
    0x36, 0x97, 0xFF, 0xFF, 0x3B, 0x9D, 0xFF, 0xFF, 0x40, 0xA1, 0xFF, 0xFF, 0x43, 0xA5, 0xFF, 0xFF,
    0x46, 0xA7, 0xFF, 0xFB, 0x4F, 0xB3, 0xFF, 0xFF, 0x5E, 0xAD, 0xFF, 0x67, 0x00, 0x00, 0x00, 0x00,
    0x00, 0x00, 0x00, 0x00, 0x00, 0x00, 0x00, 0x00, 0x02, 0x00, 0x00, 0x00, 0x6B, 0x9C, 0xF5, 0x1A,
    0x58, 0xA1, 0xF9, 0x31, 0x67, 0xAC, 0xFF, 0x25, 0xFF, 0xFF, 0xFF, 0x02, 0x00, 0x00, 0x00, 0x00,
    0x00, 0x00, 0x00, 0x00, 0x00, 0x00, 0xFF, 0x01, 0x00, 0x00, 0x00, 0x00, 0x00, 0x00, 0x00, 0x00,
    0x00, 0x00, 0x00, 0x00, 0x00, 0x00, 0x00, 0x00, 0x00, 0x00, 0x00, 0x00, 0x00, 0x00, 0x00, 0x00,
    0x00, 0x00, 0x00, 0x00, 0x00, 0x00, 0x00, 0x00, 0x00, 0x00, 0x00, 0x00, 0x00, 0x00, 0x00, 0x00,
    0x00, 0x00, 0x00, 0x00, 0x00, 0x00, 0x00, 0x00, 0x00, 0x00, 0x00, 0x00, 0x00, 0x00, 0x00, 0x00,
    0x00, 0x00, 0x00, 0x00, 0x00, 0x00, 0x00, 0x00, 0x00, 0x00, 0x00, 0x00, 0x00, 0x00, 0x00, 0x00,
    0x00, 0x00, 0x00, 0x00, 0x00, 0x00, 0x00, 0x00, 0x00, 0x00, 0x00, 0x00, 0x00, 0x00, 0x00, 0x00,
    0x00, 0x00, 0x00, 0x00, 0x00, 0x00, 0x00, 0x00, 0x00, 0x00, 0x00, 0x00, 0x00, 0x00, 0x00, 0x00,
    0x00, 0x00, 0x00, 0x00, 0x00, 0x00, 0x00, 0x00, 0x00, 0x00, 0x00, 0x00, 0x7F, 0x7F, 0xFF, 0x02,
    0x00, 0x00, 0x00, 0x00, 0x4D, 0x8C, 0xDF, 0x59, 0x37, 0x8D, 0xEE, 0xE6, 0x32, 0x96, 0xFF, 0xFF,
    0x32, 0x9C, 0xFF, 0xFF, 0x37, 0xA0, 0xFF, 0xFF, 0x3E, 0xA6, 0xFF, 0xFF, 0x41, 0xA1, 0xFF, 0xFF,
    0x44, 0x9B, 0xFF, 0xC2, 0x43, 0x93, 0xF9, 0x80, 0x35, 0x87, 0xE7, 0xCA, 0x26, 0x85, 0xEE, 0xFF,
    0x23, 0x80, 0xE6, 0xFE, 0x24, 0x85, 0xED, 0xFF, 0x28, 0x89, 0xF4, 0xFF, 0x2E, 0x8F, 0xFD, 0xFF,
    0x34, 0x96, 0xFF, 0xFF, 0x39, 0x9A, 0xFF, 0xFF, 0x3E, 0xA0, 0xFF, 0xFF, 0x41, 0xA4, 0xFF, 0xFF,
    0x43, 0xA6, 0xFF, 0xFE, 0x46, 0xAA, 0xFF, 0xFD, 0x4C, 0xAB, 0xFF, 0xFB, 0x52, 0xA8, 0xFF, 0x79,
    0x58, 0x9D, 0xFA, 0x37, 0x4A, 0x94, 0xF2, 0x67, 0x3E, 0x91, 0xF4, 0xBC, 0x37, 0x92, 0xF8, 0xF2,
    0x37, 0x97, 0xFF, 0xFF, 0x3C, 0x9D, 0xFF, 0xF9, 0x47, 0xA5, 0xFF, 0xD1, 0x56, 0xAA, 0xFF, 0x67,
    0x01, 0x00, 0x00, 0x00, 0x00, 0x00, 0xFF, 0x01, 0x00, 0x00, 0xFF, 0x01, 0x00, 0x00, 0x00, 0x00,
    0x00, 0x00, 0x00, 0x00, 0x00, 0x00, 0x00, 0x00, 0x00, 0x00, 0x00, 0x00, 0x00, 0x00, 0x00, 0x00,
    0x00, 0x00, 0x00, 0x00, 0x00, 0x00, 0x00, 0x00, 0x00, 0x00, 0x00, 0x00, 0x00, 0x00, 0x00, 0x00,
    0x00, 0x00, 0x00, 0x00, 0x00, 0x00, 0x00, 0x00, 0x00, 0x00, 0x00, 0x00, 0x00, 0x00, 0x00, 0x00,
    0x00, 0x00, 0x00, 0x00, 0x00, 0x00, 0x00, 0x00, 0x00, 0x00, 0x00, 0x00, 0x00, 0x00, 0x00, 0x00,
    0x00, 0x00, 0x00, 0x00, 0x00, 0x00, 0x00, 0x00, 0x00, 0x00, 0x00, 0x00, 0x00, 0x00, 0x00, 0x00,
    0x00, 0x00, 0x00, 0x00, 0x00, 0x00, 0x00, 0x00, 0x00, 0x00, 0x00, 0x00, 0x00, 0x00, 0x00, 0x00,
    0x00, 0x00, 0x00, 0x00, 0x00, 0x00, 0x00, 0x00, 0x55, 0x55, 0xAA, 0x03, 0x00, 0x00, 0x00, 0x00,
    0x4E, 0x8D, 0xDF, 0x51, 0x33, 0x8B, 0xEC, 0xFF, 0x28, 0x8B, 0xF2, 0xFF, 0x2A, 0x8E, 0xF6, 0xFB,
    0x30, 0x93, 0xFD, 0xFC, 0x37, 0x99, 0xFF, 0xFC, 0x3A, 0x9D, 0xFF, 0xFB, 0x3A, 0x9D, 0xFF, 0xFE,
    0x3A, 0xA1, 0xFF, 0xFF, 0x37, 0x9E, 0xFF, 0xFF, 0x2B, 0x8E, 0xFD, 0xFF, 0x1F, 0x7E, 0xEB, 0xFE,
    0x1D, 0x7C, 0xEC, 0xFF, 0x1F, 0x7F, 0xEE, 0xFF, 0x22, 0x85, 0xF5, 0xFF, 0x28, 0x8D, 0xFC, 0xFF,
    0x2F, 0x95, 0xFF, 0xFF, 0x34, 0x9A, 0xFF, 0xFF, 0x38, 0x9E, 0xFF, 0xFF, 0x3C, 0xA0, 0xFF, 0xFF,
    0x3E, 0xA0, 0xFF, 0xFF, 0x3F, 0xA0, 0xFF, 0xFF, 0x43, 0xA4, 0xFF, 0xFF, 0x41, 0xA8, 0xFF, 0xFF,
    0x33, 0x95, 0xFF, 0xFF, 0x2F, 0x92, 0xFF, 0xFF, 0x2B, 0x92, 0xFF, 0xFF, 0x2C, 0x92, 0xFF, 0xFF,
    0x32, 0x97, 0xFF, 0xFF, 0x39, 0x9D, 0xFF, 0xFF, 0x40, 0xA6, 0xFF, 0xFF, 0x4B, 0xB2, 0xFF, 0xFF,
    0x55, 0xAB, 0xFF, 0xA5, 0xBF, 0xBF, 0xFF, 0x04, 0x7F, 0x7F, 0xFF, 0x02, 0x00, 0x00, 0xFF, 0x01,
    0x00, 0x00, 0x00, 0x00, 0x00, 0x00, 0x00, 0x00, 0x00, 0x00, 0x00, 0x00, 0x00, 0x00, 0x00, 0x00,
    0x00, 0x00, 0x00, 0x00, 0x00, 0x00, 0x00, 0x00, 0x00, 0x00, 0x00, 0x00, 0x00, 0x00, 0x00, 0x00,
    0x00, 0x00, 0x00, 0x00, 0x00, 0x00, 0x00, 0x00, 0x00, 0x00, 0x00, 0x00, 0x00, 0x00, 0x00, 0x00,
    0x00, 0x00, 0x00, 0x00, 0x00, 0x00, 0x00, 0x00, 0x00, 0x00, 0x00, 0x00, 0x00, 0x00, 0x00, 0x00,
    0x00, 0x00, 0x00, 0x00, 0x00, 0x00, 0x00, 0x00, 0x00, 0x00, 0x00, 0x00, 0x00, 0x00, 0x00, 0x00,
    0x00, 0x00, 0x00, 0x00, 0x00, 0x00, 0x00, 0x00, 0x00, 0x00, 0x00, 0x00, 0x00, 0x00, 0x00, 0x00,
    0x00, 0x00, 0x00, 0x00, 0x00, 0xFF, 0xFF, 0x01, 0x00, 0x00, 0xFF, 0x01, 0x7F, 0x9F, 0xDF, 0x10,
    0x35, 0x83, 0xDD, 0xE6, 0x27, 0x86, 0xEB, 0xFF, 0x28, 0x88, 0xED, 0xFC, 0x2E, 0x8F, 0xF9, 0xFF,
    0x34, 0x95, 0xFF, 0xFF, 0x38, 0x99, 0xFF, 0xFF, 0x3B, 0x9D, 0xFF, 0xFF, 0x3B, 0x9E, 0xFE, 0xFF,
    0x38, 0x9B, 0xFF, 0xFC, 0x34, 0x96, 0xFF, 0xFB, 0x2F, 0x8F, 0xFD, 0xFD, 0x27, 0x8E, 0xF3, 0xFF,
    0x29, 0x99, 0xEF, 0xFF, 0x2E, 0xA7, 0xF2, 0xFF, 0x31, 0xB2, 0xF7, 0xFF, 0x33, 0xB9, 0xFB, 0xFF,
    0x34, 0xBD, 0xFD, 0xFF, 0x36, 0xBF, 0xFF, 0xFF, 0x37, 0xC0, 0xFF, 0xFF, 0x39, 0xBE, 0xFF, 0xFF,
    0x3B, 0xB9, 0xFF, 0xFF, 0x3C, 0xB1, 0xFF, 0xFF, 0x3E, 0xA7, 0xFF, 0xFE, 0x32, 0x95, 0xFF, 0xFC,
    0x21, 0x86, 0xFC, 0xFE, 0x22, 0x87, 0xF9, 0xFC, 0x29, 0x8D, 0xFC, 0xFC, 0x2F, 0x93, 0xFF, 0xFE,
    0x36, 0x99, 0xFE, 0xFF, 0x3B, 0x9D, 0xFF, 0xFE, 0x40, 0xA1, 0xFF, 0xFD, 0x43, 0xA5, 0xFF, 0xFA,
    0x50, 0xB7, 0xFF, 0xFF, 0x5A, 0xAB, 0xFF, 0x84, 0x00, 0x00, 0x00, 0x00, 0x55, 0xAA, 0xFF, 0x03,
    0x00, 0x00, 0x00, 0x00, 0x00, 0x00, 0x00, 0x00, 0x00, 0x00, 0x00, 0x00, 0x00, 0x00, 0x00, 0x00,
    0x00, 0x00, 0x00, 0x00, 0x00, 0x00, 0x00, 0x00, 0x00, 0x00, 0x00, 0x00, 0x00, 0x00, 0x00, 0x00,
    0x00, 0x00, 0x00, 0x00, 0x00, 0x00, 0x00, 0x00, 0x00, 0x00, 0x00, 0x00, 0x00, 0x00, 0x00, 0x00,
    0x00, 0x00, 0x00, 0x00, 0x00, 0x00, 0x00, 0x00, 0x00, 0x00, 0x00, 0x00, 0x00, 0x00, 0x00, 0x00,
    0x00, 0x00, 0x00, 0x00, 0x00, 0x00, 0x00, 0x00, 0x00, 0x00, 0x00, 0x00, 0x00, 0x00, 0x00, 0x00,
    0x00, 0x00, 0x00, 0x00, 0x00, 0x00, 0x00, 0x00, 0x00, 0x00, 0x00, 0x00, 0x00, 0x00, 0x00, 0x00,
    0x00, 0x00, 0x00, 0x00, 0x3F, 0x7F, 0xBF, 0x04, 0x00, 0x00, 0x00, 0x00, 0x4C, 0x89, 0xDB, 0x57,
    0x2E, 0x87, 0xE9, 0xFF, 0x26, 0x83, 0xE5, 0xFC, 0x2B, 0x88, 0xF0, 0xFF, 0x2F, 0x8D, 0xF9, 0xFF,
    0x34, 0x93, 0xFF, 0xFF, 0x38, 0x99, 0xFF, 0xFF, 0x3A, 0x9B, 0xFF, 0xFF, 0x38, 0x9A, 0xFF, 0xFF,
    0x36, 0x9C, 0xFD, 0xFF, 0x36, 0xA4, 0xF4, 0xFF, 0x36, 0xB0, 0xEF, 0xFF, 0x36, 0xB9, 0xF0, 0xFF,
    0x36, 0xBF, 0xF4, 0xFF, 0x34, 0xC2, 0xF8, 0xFF, 0x33, 0xC3, 0xFB, 0xFF, 0x33, 0xC4, 0xFE, 0xFF,
    0x33, 0xC6, 0xFF, 0xFF, 0x35, 0xC7, 0xFF, 0xFF, 0x36, 0xC9, 0xFF, 0xFF, 0x38, 0xCB, 0xFF, 0xFF,
    0x39, 0xCE, 0xFF, 0xFF, 0x3C, 0xCF, 0xFF, 0xFF, 0x3E, 0xCD, 0xFF, 0xFF, 0x3D, 0xC2, 0xFF, 0xFF,
    0x2F, 0xA6, 0xFE, 0xFF, 0x23, 0x8D, 0xFD, 0xFF, 0x26, 0x89, 0xFF, 0xFF, 0x2F, 0x93, 0xFF, 0xFF,
    0x36, 0x99, 0xFF, 0xFF, 0x3C, 0x9D, 0xFF, 0xFF, 0x40, 0xA0, 0xFF, 0xFF, 0x43, 0xA3, 0xFF, 0xFE,
    0x46, 0xAA, 0xFF, 0xFD, 0x4F, 0xA9, 0xFF, 0xF5, 0x75, 0xB0, 0xFF, 0x1A, 0x00, 0x00, 0x00, 0x00,
    0xFF, 0xFF, 0xFF, 0x01, 0x00, 0x00, 0x00, 0x00, 0x00, 0x00, 0x00, 0x00, 0x00, 0x00, 0x00, 0x00,
    0x00, 0x00, 0x00, 0x00, 0x00, 0x00, 0x00, 0x00, 0x00, 0x00, 0x00, 0x00, 0x00, 0x00, 0x00, 0x00,
    0x00, 0x00, 0x00, 0x00, 0x00, 0x00, 0x00, 0x00, 0x00, 0x00, 0x00, 0x00, 0x00, 0x00, 0x00, 0x00,
    0x00, 0x00, 0x00, 0x00, 0x00, 0x00, 0x00, 0x00, 0x00, 0x00, 0x00, 0x00, 0x00, 0x00, 0x00, 0x00,
    0x00, 0x00, 0x00, 0x00, 0x00, 0x00, 0x00, 0x00, 0x00, 0x00, 0x00, 0x00, 0x00, 0x00, 0x00, 0x00,
    0x00, 0x00, 0x00, 0x00, 0x00, 0x00, 0x00, 0x00, 0x00, 0x00, 0x00, 0x00, 0x00, 0x00, 0x00, 0x00,
    0x00, 0x00, 0x00, 0x00, 0x3F, 0x7F, 0xBF, 0x04, 0x00, 0x00, 0x00, 0x00, 0x40, 0x86, 0xDB, 0x83,
    0x2C, 0x88, 0xEC, 0xFE, 0x28, 0x83, 0xE6, 0xFB, 0x2C, 0x87, 0xEF, 0xFF, 0x2F, 0x8C, 0xF7, 0xFF,
    0x31, 0x90, 0xFE, 0xFF, 0x32, 0x91, 0xFF, 0xFF, 0x32, 0x95, 0xFE, 0xFF, 0x33, 0xA2, 0xF2, 0xFF,
    0x33, 0xB1, 0xE9, 0xFF, 0x32, 0xB7, 0xEA, 0xFF, 0x30, 0xBA, 0xF0, 0xFF, 0x2E, 0xBB, 0xF4, 0xFF,
    0x2E, 0xBD, 0xF8, 0xFF, 0x2F, 0xBF, 0xFB, 0xFF, 0x2F, 0xC1, 0xFE, 0xFF, 0x31, 0xC3, 0xFF, 0xFF,
    0x32, 0xC5, 0xFF, 0xFF, 0x34, 0xC7, 0xFF, 0xFF, 0x35, 0xC9, 0xFF, 0xFF, 0x37, 0xCB, 0xFF, 0xFF,
    0x39, 0xCC, 0xFF, 0xFF, 0x3A, 0xCE, 0xFF, 0xFF, 0x3C, 0xD0, 0xFF, 0xFF, 0x3F, 0xD3, 0xFF, 0xFF,
    0x42, 0xD6, 0xFF, 0xFF, 0x3F, 0xCC, 0xFF, 0xFF, 0x32, 0xAD, 0xFF, 0xFF, 0x2C, 0x92, 0xFF, 0xFF,
    0x33, 0x95, 0xFF, 0xFF, 0x3A, 0x9D, 0xFF, 0xFF, 0x3F, 0x9F, 0xFF, 0xFF, 0x41, 0xA2, 0xFF, 0xFF,
    0x43, 0xA4, 0xFF, 0xFD, 0x4C, 0xB0, 0xFF, 0xFF, 0x5F, 0xAD, 0xFF, 0x58, 0x00, 0x00, 0x00, 0x00,
    0x3F, 0x7F, 0xFF, 0x04, 0x00, 0x00, 0x00, 0x00, 0x00, 0x00, 0x00, 0x00, 0x00, 0x00, 0x00, 0x00,
    0x00, 0x00, 0x00, 0x00, 0x00, 0x00, 0x00, 0x00, 0x00, 0x00, 0x00, 0x00, 0x00, 0x00, 0x00, 0x00,
    0x00, 0x00, 0x00, 0x00, 0x00, 0x00, 0x00, 0x00, 0x00, 0x00, 0x00, 0x00, 0x00, 0x00, 0x00, 0x00,
    0x00, 0x00, 0x00, 0x00, 0x00, 0x00, 0x00, 0x00, 0x00, 0x00, 0x00, 0x00, 0x00, 0x00, 0x00, 0x00,
    0x00, 0x00, 0x00, 0x00, 0x00, 0x00, 0x00, 0x00, 0x00, 0x00, 0x00, 0x00, 0x00, 0x00, 0x00, 0x00,
    0x00, 0x00, 0x00, 0x00, 0x00, 0x00, 0x00, 0x00, 0x00, 0x00, 0x00, 0x00, 0x00, 0x00, 0x00, 0x00,
    0x00, 0x00, 0x00, 0x00, 0x3F, 0x7F, 0xBF, 0x04, 0x00, 0x00, 0x00, 0x00, 0x3F, 0x86, 0xDC, 0x85,
    0x2C, 0x87, 0xED, 0xFF, 0x28, 0x82, 0xE5, 0xFB, 0x2A, 0x85, 0xEE, 0xFF, 0x2B, 0x89, 0xF4, 0xFF,
    0x2A, 0x88, 0xFA, 0xFF, 0x2B, 0x92, 0xF5, 0xFF, 0x2F, 0xA9, 0xE7, 0xFF, 0x30, 0xB4, 0xE5, 0xFF,
    0x2F, 0xB5, 0xEB, 0xFF, 0x2D, 0xB7, 0xF0, 0xFF, 0x2C, 0xBA, 0xF4, 0xFF, 0x2C, 0xBC, 0xF7, 0xFF,
    0x2D, 0xBF, 0xFA, 0xFF, 0x2E, 0xC0, 0xFD, 0xFF, 0x2F, 0xC3, 0xFF, 0xFF, 0x31, 0xC4, 0xFF, 0xFF,
    0x32, 0xC7, 0xFF, 0xFF, 0x34, 0xC8, 0xFF, 0xFF, 0x36, 0xCA, 0xFF, 0xFF, 0x38, 0xCB, 0xFF, 0xFF,
    0x39, 0xCE, 0xFF, 0xFF, 0x3B, 0xCF, 0xFF, 0xFF, 0x3D, 0xD0, 0xFF, 0xFF, 0x3E, 0xD2, 0xFF, 0xFF,
    0x3F, 0xD2, 0xFF, 0xFF, 0x42, 0xD5, 0xFF, 0xFF, 0x45, 0xD9, 0xFF, 0xFF, 0x3E, 0xC8, 0xFF, 0xFF,
    0x33, 0xA2, 0xFF, 0xFF, 0x34, 0x96, 0xFF, 0xFF, 0x3C, 0x9E, 0xFF, 0xFF, 0x3F, 0xA1, 0xFF, 0xFF,
    0x41, 0xA2, 0xFF, 0xFB, 0x48, 0xAE, 0xFF, 0xFE, 0x52, 0xA8, 0xFF, 0x73, 0x00, 0x00, 0x00, 0x00,
    0x3F, 0x7F, 0xFF, 0x04, 0x00, 0x00, 0x00, 0x00, 0x00, 0x00, 0x00, 0x00, 0x00, 0x00, 0x00, 0x00,
    0x00, 0x00, 0x00, 0x00, 0x00, 0x00, 0x00, 0x00, 0x00, 0x00, 0x00, 0x00, 0x00, 0x00, 0x00, 0x00,
    0x00, 0x00, 0x00, 0x00, 0x00, 0x00, 0x00, 0x00, 0x00, 0x00, 0x00, 0x00, 0x00, 0x00, 0x00, 0x00,
    0x00, 0x00, 0x00, 0x00, 0x00, 0x00, 0x00, 0x00, 0x00, 0x00, 0x00, 0x00, 0x00, 0x00, 0x00, 0x00,
    0x00, 0x00, 0x00, 0x00, 0x00, 0x00, 0x00, 0x00, 0x00, 0x00, 0x00, 0x00, 0x00, 0x00, 0x00, 0x00,
    0x00, 0x00, 0x00, 0x00, 0x00, 0x00, 0x00, 0x00, 0x00, 0x00, 0x00, 0x00, 0x00, 0x00, 0x00, 0x00,
    0x00, 0x00, 0x00, 0x00, 0x3F, 0x7F, 0xBF, 0x04, 0x00, 0x00, 0x00, 0x00, 0x44, 0x86, 0xDD, 0x6C,
    0x2D, 0x86, 0xEC, 0xFF, 0x27, 0x7F, 0xE4, 0xFC, 0x27, 0x82, 0xEB, 0xFF, 0x24, 0x81, 0xEF, 0xFF,
    0x28, 0x95, 0xE9, 0xFF, 0x2F, 0xAE, 0xE1, 0xFF, 0x2E, 0xB2, 0xE5, 0xFF, 0x2C, 0xB3, 0xEB, 0xFF,
    0x2B, 0xB6, 0xEF, 0xFF, 0x2A, 0xB9, 0xF2, 0xFF, 0x2B, 0xBB, 0xF6, 0xFF, 0x2C, 0xBD, 0xF9, 0xFF,
    0x2D, 0xBF, 0xFB, 0xFF, 0x2E, 0xC1, 0xFE, 0xFF, 0x30, 0xC3, 0xFF, 0xFF, 0x31, 0xC5, 0xFF, 0xFF,
    0x33, 0xC7, 0xFF, 0xFF, 0x35, 0xC8, 0xFF, 0xFF, 0x36, 0xCA, 0xFF, 0xFF, 0x38, 0xCC, 0xFF, 0xFF,
    0x3A, 0xCE, 0xFF, 0xFF, 0x3B, 0xCF, 0xFF, 0xFF, 0x3D, 0xD1, 0xFF, 0xFF, 0x3F, 0xD3, 0xFF, 0xFF,
    0x40, 0xD4, 0xFF, 0xFF, 0x41, 0xD4, 0xFF, 0xFF, 0x43, 0xD5, 0xFF, 0xFF, 0x45, 0xD9, 0xFF, 0xFF,
    0x44, 0xD6, 0xFF, 0xFF, 0x38, 0xAF, 0xFF, 0xFF, 0x34, 0x97, 0xFF, 0xFF, 0x3B, 0x9E, 0xFF, 0xFF,
    0x3B, 0x9E, 0xFF, 0xFC, 0x41, 0xA9, 0xFF, 0xFF, 0x51, 0xA5, 0xFF, 0x6A, 0x00, 0x00, 0xFF, 0x01,
    0x3F, 0x7F, 0xFF, 0x04, 0x00, 0x00, 0x00, 0x00, 0x00, 0x00, 0x00, 0x00, 0x00, 0x00, 0x00, 0x00,
    0x00, 0x00, 0x00, 0x00, 0x00, 0x00, 0x00, 0x00, 0x00, 0x00, 0x00, 0x00, 0x00, 0x00, 0x00, 0x00,
    0x00, 0x00, 0x00, 0x00, 0x00, 0x00, 0x00, 0x00, 0x00, 0x00, 0x00, 0x00, 0x00, 0x00, 0x00, 0x00,
    0x00, 0x00, 0x00, 0x00, 0x00, 0x00, 0x00, 0x00, 0x00, 0x00, 0x00, 0x00, 0x00, 0x00, 0x00, 0x00,
    0x00, 0x00, 0x00, 0x00, 0x00, 0x00, 0x00, 0x00, 0x00, 0x00, 0x00, 0x00, 0x00, 0x00, 0x00, 0x00,
    0x00, 0x00, 0x00, 0x00, 0x00, 0x00, 0x00, 0x00, 0x00, 0x00, 0x00, 0x00, 0x00, 0x00, 0x00, 0x00,
    0x00, 0x00, 0xFF, 0x01, 0x48, 0x91, 0xDA, 0x07, 0x00, 0xFF, 0xFF, 0x01, 0x47, 0x86, 0xDC, 0x59,
    0x2C, 0x85, 0xED, 0xFF, 0x24, 0x7E, 0xE5, 0xFC, 0x21, 0x7C, 0xE8, 0xFF, 0x29, 0x96, 0xE3, 0xFF,
    0x30, 0xAF, 0xDF, 0xFF, 0x2D, 0xB0, 0xE5, 0xFF, 0x2A, 0xB2, 0xE9, 0xFF, 0x2A, 0xB5, 0xED, 0xFF,
    0x29, 0xB7, 0xF1, 0xFF, 0x2A, 0xB9, 0xF4, 0xFF, 0x2B, 0xBC, 0xF7, 0xFF, 0x2C, 0xBE, 0xFA, 0xFF,
    0x2E, 0xBF, 0xFD, 0xFF, 0x30, 0xC1, 0xFF, 0xFF, 0x31, 0xC3, 0xFF, 0xFF, 0x32, 0xC5, 0xFF, 0xFF,
    0x34, 0xC7, 0xFF, 0xFF, 0x36, 0xC9, 0xFF, 0xFF, 0x38, 0xCA, 0xFF, 0xFF, 0x39, 0xCC, 0xFF, 0xFF,
    0x3A, 0xCE, 0xFF, 0xFF, 0x3C, 0xCF, 0xFF, 0xFF, 0x3D, 0xD1, 0xFF, 0xFF, 0x3F, 0xD3, 0xFF, 0xFF,
    0x40, 0xD4, 0xFF, 0xFF, 0x41, 0xD5, 0xFF, 0xFF, 0x43, 0xD6, 0xFF, 0xFF, 0x44, 0xD6, 0xFF, 0xFF,
    0x46, 0xD8, 0xFF, 0xFF, 0x48, 0xDB, 0xFF, 0xFF, 0x3B, 0xB5, 0xFF, 0xFF, 0x31, 0x95, 0xFF, 0xFF,
    0x33, 0x9A, 0xFF, 0xFC, 0x3F, 0xA9, 0xFF, 0xFF, 0x55, 0xA9, 0xFF, 0x5F, 0x00, 0x00, 0x00, 0x00,
    0x3F, 0x7F, 0xFF, 0x08, 0x7F, 0x7F, 0xFF, 0x02, 0x00, 0x00, 0x00, 0x00, 0x00, 0x00, 0x00, 0x00,
    0x00, 0x00, 0x00, 0x00, 0x00, 0x00, 0x00, 0x00, 0x00, 0x00, 0x00, 0x00, 0x00, 0x00, 0x00, 0x00,
    0x00, 0x00, 0x00, 0x00, 0x00, 0x00, 0x00, 0x00, 0x00, 0x00, 0x00, 0x00, 0x00, 0x00, 0x00, 0x00,
    0x00, 0x00, 0x00, 0x00, 0x00, 0x00, 0x00, 0x00, 0x00, 0x00, 0x00, 0x00, 0x00, 0x00, 0x00, 0x00,
    0x00, 0x00, 0x00, 0x00, 0x00, 0x00, 0x00, 0x00, 0x00, 0x00, 0x00, 0x00, 0x00, 0x00, 0x00, 0x00,
    0x00, 0x00, 0x00, 0x00, 0x00, 0x00, 0x00, 0x00, 0x00, 0x00, 0xFF, 0x01, 0x55, 0xAA, 0xFF, 0x03,
    0x00, 0x00, 0x00, 0x00, 0x00, 0x00, 0x00, 0x00, 0x01, 0x00, 0x00, 0x00, 0x3A, 0x86, 0xE0, 0xA5,
    0x28, 0x86, 0xEE, 0xFF, 0x20, 0x7A, 0xE6, 0xFC, 0x2A, 0x93, 0xE1, 0xFF, 0x31, 0xAE, 0xDE, 0xFF,
    0x2C, 0xAD, 0xE3, 0xFF, 0x29, 0xB0, 0xE7, 0xFF, 0x28, 0xB3, 0xEB, 0xFF, 0x28, 0xB5, 0xEF, 0xFF,
    0x29, 0xB8, 0xF2, 0xFF, 0x2A, 0xBA, 0xF5, 0xFF, 0x2C, 0xBC, 0xF8, 0xFF, 0x2D, 0xBE, 0xFB, 0xFF,
    0x2F, 0xC0, 0xFE, 0xFF, 0x31, 0xC2, 0xFF, 0xFF, 0x32, 0xC4, 0xFF, 0xFF, 0x34, 0xC5, 0xFF, 0xFF,
    0x36, 0xC7, 0xFF, 0xFF, 0x37, 0xC9, 0xFF, 0xFF, 0x38, 0xCA, 0xFF, 0xFF, 0x3A, 0xCC, 0xFF, 0xFF,
    0x3B, 0xCE, 0xFF, 0xFF, 0x3D, 0xCF, 0xFF, 0xFF, 0x3E, 0xD1, 0xFF, 0xFF, 0x3F, 0xD2, 0xFF, 0xFF,
    0x40, 0xD4, 0xFF, 0xFF, 0x42, 0xD5, 0xFF, 0xFF, 0x43, 0xD6, 0xFF, 0xFF, 0x44, 0xD7, 0xFF, 0xFF,
    0x46, 0xD8, 0xFF, 0xFF, 0x47, 0xD9, 0xFF, 0xFF, 0x4B, 0xDD, 0xFF, 0xFF, 0x3A, 0xB2, 0xFF, 0xFF,
    0x30, 0x96, 0xFF, 0xFC, 0x45, 0xAD, 0xFF, 0xFF, 0x54, 0xAC, 0xFF, 0xAD, 0x03, 0x00, 0x00, 0x00,
    0x00, 0x00, 0x00, 0x00, 0x00, 0x00, 0x00, 0x00, 0x00, 0x7F, 0xFF, 0x02, 0x00, 0xFF, 0xFF, 0x01,
    0x00, 0x00, 0x00, 0x00, 0x00, 0x00, 0x00, 0x00, 0x00, 0x00, 0x00, 0x00, 0x00, 0x00, 0x00, 0x00,
    0x00, 0x00, 0x00, 0x00, 0x00, 0x00, 0x00, 0x00, 0x00, 0x00, 0x00, 0x00, 0x00, 0x00, 0x00, 0x00,
    0x00, 0x00, 0x00, 0x00, 0x00, 0x00, 0x00, 0x00, 0x00, 0x00, 0x00, 0x00, 0x00, 0x00, 0x00, 0x00,
    0x00, 0x00, 0x00, 0x00, 0x00, 0x00, 0x00, 0x00, 0x00, 0x00, 0x00, 0x00, 0x00, 0x00, 0x00, 0x00,
    0x00, 0x00, 0x00, 0x00, 0x00, 0xFF, 0xFF, 0x01, 0x00, 0x00, 0x00, 0x00, 0x00, 0x00, 0x00, 0x00,
    0xBF, 0xBF, 0xDF, 0x08, 0x5A, 0x95, 0xEF, 0x41, 0x3D, 0x8A, 0xE8, 0xAD, 0x2B, 0x88, 0xEE, 0xFF,
    0x25, 0x7E, 0xE8, 0xFE, 0x2B, 0x8D, 0xE3, 0xFF, 0x33, 0xAD, 0xDC, 0xFF, 0x2B, 0xAB, 0xE1, 0xFF,
    0x29, 0xAF, 0xE6, 0xFF, 0x28, 0xB2, 0xE9, 0xFF, 0x28, 0xB4, 0xED, 0xFF, 0x28, 0xB7, 0xF0, 0xFF,
    0x2A, 0xB8, 0xF3, 0xFF, 0x2B, 0xBA, 0xF6, 0xFF, 0x2D, 0xBD, 0xF9, 0xFF, 0x2F, 0xBE, 0xFC, 0xFF,
    0x30, 0xC0, 0xFE, 0xFF, 0x31, 0xC2, 0xFF, 0xFF, 0x33, 0xC4, 0xFF, 0xFF, 0x35, 0xC5, 0xFF, 0xFF,
    0x37, 0xC7, 0xFF, 0xFF, 0x38, 0xC9, 0xFF, 0xFF, 0x39, 0xCA, 0xFF, 0xFF, 0x3A, 0xCC, 0xFF, 0xFF,
    0x3C, 0xCD, 0xFF, 0xFF, 0x3D, 0xCF, 0xFF, 0xFF, 0x3E, 0xD1, 0xFF, 0xFF, 0x3F, 0xD2, 0xFF, 0xFF,
    0x41, 0xD4, 0xFF, 0xFF, 0x42, 0xD5, 0xFF, 0xFF, 0x43, 0xD6, 0xFF, 0xFF, 0x44, 0xD8, 0xFF, 0xFF,
    0x46, 0xD9, 0xFF, 0xFF, 0x47, 0xD9, 0xFF, 0xFF, 0x49, 0xDA, 0xFF, 0xFF, 0x4C, 0xDB, 0xFF, 0xFF,
    0x3F, 0xAE, 0xFF, 0xFF, 0x40, 0x9F, 0xFF, 0xFE, 0x46, 0xAB, 0xFF, 0xFF, 0x48, 0xA4, 0xFF, 0xBF,
    0x53, 0xA6, 0xFF, 0x5F, 0x67, 0xA7, 0xFF, 0x20, 0x00, 0x00, 0x00, 0x00, 0x00, 0x00, 0x00, 0x00,
    0x7F, 0x7F, 0xFF, 0x02, 0x00, 0x00, 0x00, 0x00, 0x00, 0x00, 0x00, 0x00, 0x00, 0x00, 0x00, 0x00,
    0x00, 0x00, 0x00, 0x00, 0x00, 0x00, 0x00, 0x00, 0x00, 0x00, 0x00, 0x00, 0x00, 0x00, 0x00, 0x00,
    0x00, 0x00, 0x00, 0x00, 0x00, 0x00, 0x00, 0x00, 0x00, 0x00, 0x00, 0x00, 0x00, 0x00, 0x00, 0x00,
    0x00, 0x00, 0x00, 0x00, 0x00, 0x00, 0x00, 0x00, 0x00, 0x00, 0x00, 0x00, 0x00, 0x00, 0x00, 0x00,
    0xFF, 0xFF, 0xFF, 0x01, 0x00, 0x00, 0x00, 0x00, 0xD4, 0xAA, 0xD4, 0x06, 0x4A, 0x90, 0xEA, 0x71,
    0x3B, 0x8D, 0xED, 0xDA, 0x34, 0x8E, 0xF5, 0xFF, 0x2E, 0x8F, 0xFC, 0xFF, 0x26, 0x82, 0xEE, 0xFE,
    0x28, 0x85, 0xE8, 0xFF, 0x34, 0xA8, 0xDC, 0xFF, 0x2C, 0xAB, 0xDF, 0xFF, 0x29, 0xAD, 0xE3, 0xFF,
    0x28, 0xB0, 0xE7, 0xFF, 0x28, 0xB2, 0xEB, 0xFF, 0x28, 0xB4, 0xEE, 0xFF, 0x29, 0xB7, 0xF1, 0xFF,
    0x2A, 0xB8, 0xF5, 0xFF, 0x2D, 0xBB, 0xF7, 0xFF, 0x2E, 0xBC, 0xF9, 0xFF, 0x2F, 0xBE, 0xFC, 0xFF,
    0x31, 0xC0, 0xFE, 0xFF, 0x33, 0xC2, 0xFF, 0xFF, 0x35, 0xC3, 0xFF, 0xFF, 0x36, 0xC5, 0xFF, 0xFF,
    0x37, 0xC7, 0xFF, 0xFF, 0x38, 0xC8, 0xFF, 0xFF, 0x3A, 0xCA, 0xFF, 0xFF, 0x3B, 0xCC, 0xFF, 0xFF,
    0x3C, 0xCD, 0xFF, 0xFF, 0x3D, 0xCF, 0xFF, 0xFF, 0x3F, 0xD0, 0xFF, 0xFF, 0x40, 0xD2, 0xFF, 0xFF,
    0x41, 0xD3, 0xFF, 0xFF, 0x42, 0xD5, 0xFF, 0xFF, 0x43, 0xD6, 0xFF, 0xFF, 0x44, 0xD7, 0xFF, 0xFF,
    0x45, 0xD9, 0xFF, 0xFF, 0x46, 0xD9, 0xFF, 0xFF, 0x48, 0xD9, 0xFF, 0xFF, 0x4A, 0xDC, 0xFF, 0xFF,
    0x4B, 0xD4, 0xFF, 0xFF, 0x37, 0x9F, 0xFF, 0xFF, 0x32, 0x98, 0xFF, 0xFE, 0x37, 0xA2, 0xFF, 0xFF,
    0x3D, 0xA6, 0xFF, 0xFF, 0x42, 0xA4, 0xFF, 0xF4, 0x51, 0xA8, 0xFF, 0xA0, 0x6E, 0xB1, 0xFF, 0x17,
    0x00, 0x00, 0x00, 0x00, 0x00, 0x7F, 0xFF, 0x02, 0x00, 0x00, 0x00, 0x00, 0x00, 0x00, 0x00, 0x00,
    0x00, 0x00, 0x00, 0x00, 0x00, 0x00, 0x00, 0x00, 0x00, 0x00, 0x00, 0x00, 0x00, 0x00, 0x00, 0x00,
    0x00, 0x00, 0x00, 0x00, 0x00, 0x00, 0x00, 0x00, 0x00, 0x00, 0x00, 0x00, 0x00, 0x00, 0x00, 0x00,
    0x00, 0x00, 0x00, 0x00, 0x00, 0x00, 0x00, 0x00, 0x00, 0x00, 0x00, 0x00, 0x00, 0xFF, 0xFF, 0x01,
    0x00, 0x00, 0x00, 0x00, 0x70, 0x99, 0xE0, 0x19, 0x3D, 0x8B, 0xE5, 0xC6, 0x31, 0x91, 0xF9, 0xFF,
    0x2B, 0x8D, 0xF6, 0xFF, 0x2B, 0x89, 0xF1, 0xFE, 0x2A, 0x87, 0xEF, 0xFC, 0x22, 0x7F, 0xEB, 0xFF,
    0x2F, 0x9C, 0xDE, 0xFF, 0x2F, 0xAB, 0xDC, 0xFF, 0x29, 0xAA, 0xE1, 0xFF, 0x28, 0xAE, 0xE5, 0xFF,
    0x28, 0xB0, 0xE8, 0xFF, 0x28, 0xB3, 0xEC, 0xFF, 0x28, 0xB5, 0xF0, 0xFF, 0x2A, 0xB7, 0xF3, 0xFF,
    0x2C, 0xB9, 0xF5, 0xFF, 0x2E, 0xBB, 0xF8, 0xFF, 0x2F, 0xBD, 0xFA, 0xFF, 0x31, 0xBE, 0xFC, 0xFF,
    0x32, 0xC0, 0xFF, 0xFF, 0x34, 0xC2, 0xFF, 0xFF, 0x35, 0xC3, 0xFF, 0xFF, 0x37, 0xC5, 0xFF, 0xFF,
    0x38, 0xC7, 0xFF, 0xFF, 0x39, 0xC8, 0xFF, 0xFF, 0x3A, 0xCA, 0xFF, 0xFF, 0x3C, 0xCB, 0xFF, 0xFF,
    0x3D, 0xCD, 0xFF, 0xFF, 0x3E, 0xCE, 0xFF, 0xFF, 0x3F, 0xD0, 0xFF, 0xFF, 0x40, 0xD1, 0xFF, 0xFF,
    0x41, 0xD3, 0xFF, 0xFF, 0x42, 0xD4, 0xFF, 0xFF, 0x43, 0xD6, 0xFF, 0xFF, 0x44, 0xD7, 0xFF, 0xFF,
    0x45, 0xD8, 0xFF, 0xFF, 0x46, 0xD9, 0xFF, 0xFF, 0x48, 0xDA, 0xFF, 0xFF, 0x48, 0xDA, 0xFF, 0xFF,
    0x4D, 0xDF, 0xFF, 0xFF, 0x3F, 0xBF, 0xFF, 0xFF, 0x28, 0x90, 0xFF, 0xFF, 0x32, 0x9A, 0xFF, 0xFC,
    0x38, 0x9D, 0xFF, 0xFC, 0x3E, 0xA2, 0xFF, 0xFF, 0x46, 0xB0, 0xFF, 0xFF, 0x4F, 0xAB, 0xFF, 0xD9,
    0x76, 0xB6, 0xFF, 0x1C, 0x00, 0x00, 0x00, 0x00, 0x7F, 0x7F, 0xFF, 0x02, 0x00, 0x00, 0x00, 0x00,
    0x00, 0x00, 0x00, 0x00, 0x00, 0x00, 0x00, 0x00, 0x00, 0x00, 0x00, 0x00, 0x00, 0x00, 0x00, 0x00,
    0x00, 0x00, 0x00, 0x00, 0x00, 0x00, 0x00, 0x00, 0x00, 0x00, 0x00, 0x00, 0x00, 0x00, 0x00, 0x00,
    0x00, 0x00, 0x00, 0x00, 0x00, 0x00, 0x00, 0x00, 0x00, 0x00, 0x00, 0x01, 0x00, 0xFF, 0xFF, 0x01,
    0xB6, 0xB6, 0xDA, 0x07, 0x3A, 0x86, 0xDD, 0xC7, 0x2B, 0x8D, 0xF5, 0xFF, 0x26, 0x86, 0xEB, 0xFA,
    0x2B, 0x89, 0xEF, 0xFD, 0x2D, 0x88, 0xEF, 0xFF, 0x26, 0x81, 0xEB, 0xFF, 0x27, 0x8A, 0xE3, 0xFF,
    0x31, 0xA9, 0xDA, 0xFF, 0x2B, 0xA9, 0xDF, 0xFF, 0x28, 0xAC, 0xE2, 0xFF, 0x27, 0xAE, 0xE6, 0xFF,
    0x27, 0xB1, 0xE9, 0xFF, 0x28, 0xB3, 0xED, 0xFF, 0x2A, 0xB5, 0xF0, 0xFF, 0x2B, 0xB7, 0xF3, 0xFF,
    0x2D, 0xB9, 0xF5, 0xFF, 0x2E, 0xBB, 0xF8, 0xFF, 0x30, 0xBD, 0xFA, 0xFF, 0x32, 0xBE, 0xFD, 0xFF,
    0x33, 0xC0, 0xFF, 0xFF, 0x35, 0xC2, 0xFF, 0xFF, 0x36, 0xC3, 0xFF, 0xFF, 0x37, 0xC5, 0xFF, 0xFF,
    0x39, 0xC6, 0xFF, 0xFF, 0x3A, 0xC8, 0xFF, 0xFF, 0x3B, 0xC9, 0xFF, 0xFF, 0x3C, 0xCB, 0xFF, 0xFF,
    0x3D, 0xCC, 0xFF, 0xFF, 0x3E, 0xCE, 0xFF, 0xFF, 0x3F, 0xCF, 0xFF, 0xFF, 0x40, 0xD1, 0xFF, 0xFF,
    0x41, 0xD3, 0xFF, 0xFF, 0x42, 0xD4, 0xFF, 0xFF, 0x43, 0xD5, 0xFF, 0xFF, 0x43, 0xD7, 0xFF, 0xFF,
    0x44, 0xD8, 0xFF, 0xFF, 0x46, 0xD9, 0xFF, 0xFF, 0x46, 0xDA, 0xFF, 0xFF, 0x48, 0xDB, 0xFF, 0xFF,
    0x4A, 0xDB, 0xFF, 0xFF, 0x4C, 0xDB, 0xFF, 0xFF, 0x31, 0xA3, 0xFF, 0xFF, 0x31, 0x96, 0xFF, 0xFF,
    0x3A, 0x9F, 0xFF, 0xFF, 0x3F, 0xA2, 0xFF, 0xFE, 0x42, 0xA3, 0xFF, 0xF9, 0x4B, 0xB2, 0xFF, 0xFF,
    0x53, 0xAB, 0xFF, 0xC1, 0xBF, 0xBF, 0xFF, 0x04, 0x00, 0xFF, 0xFF, 0x01, 0x00, 0x00, 0x00, 0x00,
    0x00, 0x00, 0x00, 0x00, 0x00, 0x00, 0x00, 0x00, 0x00, 0x00, 0x00, 0x00, 0x00, 0x00, 0x00, 0x00,
    0x00, 0x00, 0x00, 0x00, 0x00, 0x00, 0x00, 0x00, 0x00, 0x00, 0x00, 0x00, 0x00, 0x00, 0x00, 0x00,
    0x00, 0x00, 0x00, 0x00, 0x00, 0x00, 0x00, 0x00, 0x3F, 0x7F, 0xBF, 0x04, 0x00, 0x00, 0x00, 0x00,
    0x4B, 0x8A, 0xDB, 0x65, 0x2F, 0x8A, 0xEE, 0xFF, 0x26, 0x83, 0xE6, 0xFA, 0x2A, 0x86, 0xEB, 0xFF,
    0x2D, 0x87, 0xEE, 0xFF, 0x2C, 0x85, 0xEB, 0xFF, 0x24, 0x7E, 0xE7, 0xFF, 0x2D, 0x9C, 0xDC, 0xFF,
    0x2E, 0xAA, 0xDB, 0xFF, 0x29, 0xAA, 0xE0, 0xFF, 0x28, 0xAC, 0xE3, 0xFF, 0x27, 0xAE, 0xE7, 0xFF,
    0x28, 0xB1, 0xEA, 0xFF, 0x29, 0xB3, 0xED, 0xFF, 0x2A, 0xB5, 0xF1, 0xFF, 0x2C, 0xB7, 0xF3, 0xFF,
    0x2E, 0xB9, 0xF6, 0xFF, 0x30, 0xBB, 0xF8, 0xFF, 0x31, 0xBD, 0xFA, 0xFF, 0x33, 0xBE, 0xFD, 0xFF,
    0x34, 0xC0, 0xFF, 0xFF, 0x36, 0xC1, 0xFF, 0xFF, 0x37, 0xC3, 0xFF, 0xFF, 0x38, 0xC4, 0xFF, 0xFF,
    0x39, 0xC6, 0xFF, 0xFF, 0x3A, 0xC8, 0xFF, 0xFF, 0x3C, 0xC9, 0xFF, 0xFF, 0x3D, 0xCB, 0xFF, 0xFF,
    0x3D, 0xCC, 0xFF, 0xFF, 0x3F, 0xCD, 0xFF, 0xFF, 0x3F, 0xCF, 0xFF, 0xFF, 0x40, 0xD1, 0xFF, 0xFF,
    0x41, 0xD2, 0xFF, 0xFF, 0x41, 0xD4, 0xFF, 0xFF, 0x43, 0xD5, 0xFF, 0xFF, 0x43, 0xD6, 0xFF, 0xFF,
    0x44, 0xD8, 0xFF, 0xFF, 0x45, 0xD9, 0xFF, 0xFF, 0x46, 0xDA, 0xFF, 0xFF, 0x48, 0xDB, 0xFF, 0xFF,
    0x49, 0xDA, 0xFF, 0xFF, 0x4C, 0xDE, 0xFF, 0xFF, 0x41, 0xC3, 0xFF, 0xFF, 0x31, 0x95, 0xFF, 0xFF,
    0x3B, 0x9F, 0xFF, 0xFF, 0x40, 0xA2, 0xFF, 0xFF, 0x43, 0xA5, 0xFF, 0xFF, 0x45, 0xA6, 0xFF, 0xFB,
    0x50, 0xB3, 0xFF, 0xFF, 0x60, 0xAE, 0xFF, 0x52, 0x00, 0x00, 0x00, 0x00, 0x55, 0xAA, 0xFF, 0x03,
    0x00, 0x00, 0x00, 0x00, 0x00, 0x00, 0x00, 0x00, 0x00, 0x00, 0x00, 0x00, 0x00, 0x00, 0x00, 0x00,
    0x00, 0x00, 0x00, 0x00, 0x00, 0x00, 0x00, 0x00, 0x00, 0x00, 0x00, 0x00, 0x00, 0x00, 0x00, 0x00,
    0x00, 0x00, 0x00, 0x00, 0x00, 0x00, 0x00, 0x00, 0x00, 0x7F, 0xFF, 0x02, 0x00, 0x00, 0x00, 0x00,
    0x39, 0x84, 0xDA, 0xB5, 0x2A, 0x86, 0xEB, 0xFE, 0x28, 0x82, 0xE5, 0xFC, 0x2C, 0x85, 0xEA, 0xFF,
    0x2E, 0x85, 0xEB, 0xFF, 0x2A, 0x7F, 0xE8, 0xFF, 0x26, 0x86, 0xE3, 0xFF, 0x2F, 0xA7, 0xDA, 0xFF,
    0x2A, 0xA8, 0xDD, 0xFF, 0x28, 0xAA, 0xE1, 0xFF, 0x27, 0xAC, 0xE4, 0xFF, 0x28, 0xAF, 0xE8, 0xFF,
    0x28, 0xB1, 0xEB, 0xFF, 0x2A, 0xB3, 0xEE, 0xFF, 0x2B, 0xB5, 0xF1, 0xFF, 0x2D, 0xB7, 0xF3, 0xFF,
    0x2F, 0xB9, 0xF6, 0xFF, 0x30, 0xBB, 0xF9, 0xFF, 0x32, 0xBC, 0xFA, 0xFF, 0x33, 0xBE, 0xFD, 0xFF,
    0x35, 0xBF, 0xFF, 0xFF, 0x37, 0xC1, 0xFF, 0xFF, 0x38, 0xC2, 0xFF, 0xFF, 0x39, 0xC4, 0xFF, 0xFF,
    0x3A, 0xC6, 0xFF, 0xFF, 0x3B, 0xC8, 0xFF, 0xFF, 0x3C, 0xC9, 0xFF, 0xFF, 0x3D, 0xCA, 0xFF, 0xFF,
    0x3E, 0xCC, 0xFF, 0xFF, 0x3F, 0xCD, 0xFF, 0xFF, 0x3F, 0xCE, 0xFF, 0xFF, 0x40, 0xD0, 0xFF, 0xFF,
    0x41, 0xD2, 0xFF, 0xFF, 0x41, 0xD3, 0xFF, 0xFF, 0x42, 0xD4, 0xFF, 0xFF, 0x43, 0xD6, 0xFF, 0xFF,
    0x44, 0xD7, 0xFF, 0xFF, 0x45, 0xD8, 0xFF, 0xFF, 0x46, 0xDA, 0xFF, 0xFF, 0x47, 0xDA, 0xFF, 0xFF,
    0x48, 0xDB, 0xFF, 0xFF, 0x4A, 0xDB, 0xFF, 0xFF, 0x49, 0xD8, 0xFF, 0xFF, 0x35, 0xA1, 0xFF, 0xFF,
    0x38, 0x9A, 0xFF, 0xFF, 0x3F, 0xA1, 0xFF, 0xFF, 0x42, 0xA3, 0xFF, 0xFF, 0x45, 0xA5, 0xFF, 0xFB,
    0x4B, 0xB1, 0xFF, 0xFE, 0x53, 0xA9, 0xFF, 0xA4, 0x00, 0x00, 0x00, 0x00, 0x55, 0xAA, 0xFF, 0x03,
    0x00, 0x00, 0x00, 0x00, 0x00, 0x00, 0x00, 0x00, 0x00, 0x00, 0x00, 0x00, 0x00, 0x00, 0x00, 0x00,
    0x00, 0x00, 0x00, 0x00, 0x00, 0x00, 0x00, 0x00, 0x00, 0x00, 0x00, 0x00, 0x00, 0x00, 0x00, 0x00,
    0x00, 0x00, 0x00, 0x00, 0x00, 0x00, 0x00, 0x00, 0x00, 0x7F, 0x7F, 0x02, 0x01, 0x00, 0x00, 0x00,
    0x3A, 0x82, 0xDA, 0xB6, 0x2B, 0x86, 0xEA, 0xFE, 0x2B, 0x81, 0xE5, 0xFC, 0x2F, 0x82, 0xE9, 0xFF,
    0x30, 0x82, 0xE8, 0xFF, 0x2A, 0x7C, 0xE6, 0xFF, 0x2A, 0x93, 0xDF, 0xFF, 0x2E, 0xA9, 0xDA, 0xFF,
    0x29, 0xA8, 0xDE, 0xFF, 0x28, 0xAA, 0xE1, 0xFF, 0x28, 0xAC, 0xE5, 0xFF, 0x28, 0xAF, 0xE8, 0xFF,
    0x29, 0xB1, 0xEB, 0xFF, 0x2B, 0xB3, 0xEE, 0xFF, 0x2C, 0xB5, 0xF1, 0xFF, 0x2E, 0xB7, 0xF4, 0xFF,
    0x30, 0xB8, 0xF6, 0xFF, 0x32, 0xBA, 0xF8, 0xFF, 0x33, 0xBC, 0xFA, 0xFF, 0x35, 0xBE, 0xFD, 0xFF,
    0x36, 0xBF, 0xFF, 0xFF, 0x37, 0xC1, 0xFF, 0xFF, 0x38, 0xC2, 0xFF, 0xFF, 0x39, 0xC3, 0xFF, 0xFF,
    0x39, 0xC4, 0xFF, 0xFF, 0x3A, 0xC6, 0xFF, 0xFF, 0x3B, 0xC7, 0xFF, 0xFF, 0x3C, 0xC9, 0xFF, 0xFF,
    0x3E, 0xCB, 0xFF, 0xFF, 0x3F, 0xCD, 0xFF, 0xFF, 0x3F, 0xCE, 0xFF, 0xFF, 0x40, 0xD0, 0xFF, 0xFF,
    0x41, 0xD1, 0xFF, 0xFF, 0x41, 0xD3, 0xFF, 0xFF, 0x42, 0xD4, 0xFF, 0xFF, 0x43, 0xD5, 0xFF, 0xFF,
    0x43, 0xD6, 0xFF, 0xFF, 0x44, 0xD8, 0xFF, 0xFF, 0x45, 0xD9, 0xFF, 0xFF, 0x46, 0xDA, 0xFF, 0xFF,
    0x47, 0xDB, 0xFF, 0xFF, 0x49, 0xDA, 0xFF, 0xFF, 0x4B, 0xDE, 0xFF, 0xFF, 0x3B, 0xB4, 0xFF, 0xFF,
    0x35, 0x96, 0xFF, 0xFF, 0x3E, 0x9F, 0xFF, 0xFF, 0x41, 0xA1, 0xFF, 0xFF, 0x42, 0xA2, 0xFF, 0xFC,
    0x46, 0xAB, 0xFF, 0xFF, 0x4C, 0xA5, 0xFF, 0xC1, 0x00, 0x00, 0x00, 0x00, 0x00, 0xFF, 0xFF, 0x01,
    0x00, 0x00, 0x00, 0x00, 0x00, 0x00, 0x00, 0x00, 0x00, 0x00, 0x00, 0x00, 0x00, 0x00, 0x00, 0x00,
    0x00, 0x00, 0x00, 0x00, 0x00, 0x00, 0x00, 0x00, 0x00, 0x00, 0x00, 0x00, 0x00, 0x00, 0x00, 0x00,
    0x00, 0x00, 0x00, 0x00, 0x00, 0x00, 0x00, 0x00, 0x3F, 0x7F, 0xBF, 0x04, 0x00, 0x00, 0x00, 0x00,
    0x43, 0x85, 0xD8, 0x84, 0x30, 0x86, 0xEB, 0xFF, 0x2D, 0x7E, 0xE3, 0xFB, 0x31, 0x81, 0xE6, 0xFF,
    0x31, 0x7F, 0xE5, 0xFF, 0x2B, 0x7C, 0xE4, 0xFF, 0x2D, 0x9E, 0xDB, 0xFF, 0x2C, 0xA8, 0xDA, 0xFF,
    0x29, 0xA8, 0xDF, 0xFF, 0x28, 0xAA, 0xE2, 0xFF, 0x28, 0xAC, 0xE5, 0xFF, 0x28, 0xAF, 0xE9, 0xFF,
    0x2A, 0xB1, 0xEC, 0xFF, 0x2C, 0xB3, 0xEF, 0xFF, 0x2E, 0xB5, 0xF1, 0xFF, 0x2F, 0xB6, 0xF4, 0xFF,
    0x30, 0xB8, 0xF6, 0xFF, 0x32, 0xBA, 0xF8, 0xFF, 0x34, 0xBC, 0xFA, 0xFF, 0x35, 0xBD, 0xFD, 0xFF,
    0x37, 0xBF, 0xFE, 0xFF, 0x38, 0xC0, 0xFF, 0xFF, 0x39, 0xC2, 0xFF, 0xFF, 0x39, 0xC3, 0xFF, 0xFF,
    0x39, 0xC3, 0xFF, 0xFF, 0x3A, 0xC4, 0xFF, 0xFF, 0x3B, 0xC5, 0xFF, 0xFF, 0x3C, 0xC7, 0xFF, 0xFF,
    0x3D, 0xC9, 0xFF, 0xFF, 0x3E, 0xCC, 0xFF, 0xFF, 0x3F, 0xCD, 0xFF, 0xFF, 0x40, 0xCF, 0xFF, 0xFF,
    0x40, 0xD0, 0xFF, 0xFF, 0x41, 0xD2, 0xFF, 0xFF, 0x42, 0xD3, 0xFF, 0xFF, 0x42, 0xD5, 0xFF, 0xFF,
    0x43, 0xD6, 0xFF, 0xFF, 0x44, 0xD7, 0xFF, 0xFF, 0x44, 0xD8, 0xFF, 0xFF, 0x46, 0xD9, 0xFF, 0xFF,
    0x46, 0xDA, 0xFF, 0xFF, 0x47, 0xDA, 0xFF, 0xFF, 0x4A, 0xDD, 0xFF, 0xFF, 0x41, 0xC6, 0xFF, 0xFF,
    0x34, 0x95, 0xFF, 0xFF, 0x3B, 0x9B, 0xFF, 0xFF, 0x3E, 0x9D, 0xFF, 0xFF, 0x40, 0x9F, 0xFF, 0xFB,
    0x42, 0xA9, 0xFF, 0xFE, 0x4B, 0xA1, 0xFF, 0xA6, 0x00, 0x00, 0x00, 0x00, 0x00, 0xAA, 0xFF, 0x03,
    0x00, 0x00, 0x00, 0x00, 0x00, 0x00, 0x00, 0x00, 0x00, 0x00, 0x00, 0x00, 0x00, 0x00, 0x00, 0x00,
    0x00, 0x00, 0x00, 0x00, 0x00, 0x00, 0x00, 0x00, 0x00, 0x00, 0x00, 0x00, 0x00, 0x00, 0x00, 0x00,
    0x00, 0x00, 0x00, 0x00, 0x00, 0x00, 0x00, 0x00, 0x7F, 0x7F, 0xFF, 0x02, 0x00, 0x00, 0x00, 0x00,
    0x5D, 0x8F, 0xD9, 0x29, 0x37, 0x7E, 0xDC, 0xFB, 0x30, 0x7D, 0xE2, 0xFD, 0x33, 0x7E, 0xE3, 0xFE,
    0x31, 0x7B, 0xE4, 0xFF, 0x2C, 0x80, 0xE3, 0xFF, 0x2E, 0xA4, 0xD9, 0xFF, 0x2B, 0xA7, 0xDC, 0xFF,
    0x28, 0xA8, 0xDF, 0xFF, 0x28, 0xAA, 0xE2, 0xFF, 0x28, 0xAC, 0xE6, 0xFF, 0x29, 0xAE, 0xE9, 0xFF,
    0x2B, 0xB1, 0xEB, 0xFF, 0x2D, 0xB3, 0xEF, 0xFF, 0x2E, 0xB4, 0xF1, 0xFF, 0x30, 0xB6, 0xF4, 0xFF,
    0x31, 0xB8, 0xF6, 0xFF, 0x33, 0xBA, 0xF8, 0xFF, 0x35, 0xBB, 0xFA, 0xFF, 0x36, 0xBD, 0xFD, 0xFF,
    0x37, 0xBF, 0xFE, 0xFF, 0x38, 0xC0, 0xFF, 0xFF, 0x39, 0xC1, 0xFF, 0xFF, 0x39, 0xC2, 0xFF, 0xFF,
    0x38, 0xC2, 0xFF, 0xFF, 0x39, 0xC3, 0xFF, 0xFF, 0x3A, 0xC4, 0xFF, 0xFF, 0x3B, 0xC6, 0xFF, 0xFF,
    0x3D, 0xC8, 0xFF, 0xFF, 0x3D, 0xCA, 0xFF, 0xFF, 0x3F, 0xCC, 0xFF, 0xFF, 0x40, 0xCE, 0xFF, 0xFF,
    0x40, 0xD0, 0xFF, 0xFF, 0x40, 0xD1, 0xFF, 0xFF, 0x41, 0xD3, 0xFF, 0xFF, 0x42, 0xD4, 0xFF, 0xFF,
    0x42, 0xD5, 0xFF, 0xFF, 0x43, 0xD7, 0xFF, 0xFF, 0x44, 0xD8, 0xFF, 0xFF, 0x44, 0xD9, 0xFF, 0xFF,
    0x46, 0xDA, 0xFF, 0xFF, 0x46, 0xDA, 0xFF, 0xFF, 0x48, 0xDB, 0xFF, 0xFF, 0x45, 0xD2, 0xFF, 0xFF,
    0x33, 0x96, 0xFF, 0xFF, 0x37, 0x95, 0xFF, 0xFF, 0x3B, 0x99, 0xFF, 0xFF, 0x3A, 0x99, 0xFF, 0xFB,
    0x40, 0xA3, 0xFF, 0xFF, 0x55, 0xA0, 0xFF, 0x54, 0x00, 0x00, 0x00, 0x00, 0x55, 0xAA, 0xFF, 0x03,
    0x00, 0x00, 0x00, 0x00, 0x00, 0x00, 0x00, 0x00, 0x00, 0x00, 0x00, 0x00, 0x00, 0x00, 0x00, 0x00,
    0x00, 0x00, 0x00, 0x00, 0x00, 0x00, 0x00, 0x00, 0x00, 0x00, 0x00, 0x00, 0x00, 0x00, 0x00, 0x00,
    0x00, 0x00, 0x00, 0x00, 0x00, 0x00, 0x00, 0x00, 0x00, 0x00, 0x00, 0x00, 0x55, 0x55, 0xAA, 0x03,
    0x00, 0x00, 0x00, 0x00, 0x4A, 0x82, 0xDA, 0x85, 0x3B, 0x84, 0xED, 0xFF, 0x33, 0x7B, 0xE1, 0xFB,
    0x32, 0x79, 0xE4, 0xFF, 0x2D, 0x86, 0xE2, 0xFF, 0x2F, 0xA7, 0xD9, 0xFF, 0x2B, 0xA6, 0xDC, 0xFF,
    0x29, 0xA8, 0xDF, 0xFF, 0x28, 0xAA, 0xE2, 0xFF, 0x29, 0xAC, 0xE6, 0xFF, 0x2A, 0xAE, 0xE9, 0xFF,
    0x2C, 0xB0, 0xEB, 0xFF, 0x2D, 0xB3, 0xEE, 0xFF, 0x2F, 0xB4, 0xF1, 0xFF, 0x31, 0xB6, 0xF3, 0xFF,
    0x32, 0xB8, 0xF6, 0xFF, 0x34, 0xB9, 0xF8, 0xFF, 0x35, 0xBB, 0xFA, 0xFF, 0x36, 0xBD, 0xFC, 0xFF,
    0x37, 0xBE, 0xFE, 0xFF, 0x38, 0xC0, 0xFF, 0xFF, 0x39, 0xC1, 0xFF, 0xFF, 0x39, 0xC1, 0xFF, 0xFF,
    0x38, 0xC0, 0xFF, 0xFF, 0x39, 0xC2, 0xFF, 0xFF, 0x3A, 0xC3, 0xFF, 0xFF, 0x3B, 0xC5, 0xFF, 0xFF,
    0x3C, 0xC7, 0xFF, 0xFF, 0x3D, 0xC9, 0xFF, 0xFF, 0x3E, 0xCB, 0xFF, 0xFF, 0x3F, 0xCD, 0xFF, 0xFF,
    0x40, 0xCF, 0xFF, 0xFF, 0x40, 0xD1, 0xFF, 0xFF, 0x41, 0xD3, 0xFF, 0xFF, 0x41, 0xD3, 0xFF, 0xFF,
    0x42, 0xD5, 0xFF, 0xFF, 0x42, 0xD6, 0xFF, 0xFF, 0x43, 0xD7, 0xFF, 0xFF, 0x44, 0xD8, 0xFF, 0xFF,
    0x45, 0xD9, 0xFF, 0xFF, 0x46, 0xD9, 0xFF, 0xFF, 0x47, 0xD9, 0xFF, 0xFF, 0x47, 0xD8, 0xFF, 0xFF,
    0x33, 0x9B, 0xFF, 0xFF, 0x33, 0x8E, 0xFF, 0xFF, 0x37, 0x92, 0xFF, 0xFC, 0x3B, 0x9B, 0xFF, 0xFF,
    0x47, 0x96, 0xFD, 0xC4, 0xBF, 0xBF, 0xFF, 0x04, 0x00, 0xFF, 0xFF, 0x01, 0x00, 0x00, 0x00, 0x00,
    0x00, 0x00, 0x00, 0x00, 0x00, 0x00, 0x00, 0x00, 0x00, 0x00, 0x00, 0x00, 0x00, 0x00, 0x00, 0x00,
    0x00, 0x00, 0x00, 0x00, 0x00, 0x00, 0x00, 0x00, 0x00, 0x00, 0x00, 0x00, 0x00, 0x00, 0x00, 0x00,
    0x00, 0x00, 0x00, 0x00, 0x00, 0x00, 0x00, 0x00, 0x00, 0x00, 0x00, 0x00, 0x00, 0x00, 0xFF, 0x01,
    0x00, 0x55, 0xAA, 0x03, 0xFF, 0xFF, 0xFF, 0x03, 0x46, 0x80, 0xDC, 0xB9, 0x36, 0x81, 0xEA, 0xFF,
    0x2E, 0x76, 0xE3, 0xFD, 0x2F, 0x8B, 0xE1, 0xFF, 0x30, 0xA8, 0xD8, 0xFF, 0x2A, 0xA6, 0xDC, 0xFF,
    0x29, 0xA8, 0xE0, 0xFF, 0x29, 0xAA, 0xE3, 0xFF, 0x2A, 0xAC, 0xE6, 0xFF, 0x2B, 0xAE, 0xE9, 0xFF,
    0x2D, 0xB0, 0xEC, 0xFF, 0x2F, 0xB2, 0xEE, 0xFF, 0x30, 0xB4, 0xF1, 0xFF, 0x31, 0xB5, 0xF3, 0xFF,
    0x33, 0xB7, 0xF5, 0xFF, 0x34, 0xB9, 0xF7, 0xFF, 0x35, 0xBB, 0xFA, 0xFF, 0x36, 0xBC, 0xFC, 0xFF,
    0x37, 0xBE, 0xFE, 0xFF, 0x38, 0xBF, 0xFF, 0xFF, 0x39, 0xC0, 0xFF, 0xFF, 0x39, 0xC0, 0xFF, 0xFF,
    0x38, 0xBF, 0xFF, 0xFF, 0x38, 0xC1, 0xFF, 0xFF, 0x39, 0xC3, 0xFF, 0xFF, 0x3A, 0xC4, 0xFF, 0xFF,
    0x3B, 0xC5, 0xFF, 0xFF, 0x3C, 0xC8, 0xFF, 0xFF, 0x3D, 0xCA, 0xFF, 0xFF, 0x3E, 0xCC, 0xFF, 0xFF,
    0x3F, 0xCF, 0xFF, 0xFF, 0x3F, 0xD0, 0xFF, 0xFF, 0x40, 0xD1, 0xFF, 0xFF, 0x40, 0xD3, 0xFF, 0xFF,
    0x40, 0xD4, 0xFF, 0xFF, 0x42, 0xD5, 0xFF, 0xFF, 0x44, 0xD6, 0xFF, 0xFF, 0x45, 0xD8, 0xFE, 0xFF,
    0x45, 0xD8, 0xFF, 0xFF, 0x45, 0xD9, 0xFF, 0xFF, 0x45, 0xD8, 0xFF, 0xFF, 0x47, 0xDA, 0xFF, 0xFF,
    0x36, 0xA2, 0xFF, 0xFF, 0x30, 0x8A, 0xFF, 0xFD, 0x37, 0x94, 0xFF, 0xFF, 0x44, 0x95, 0xFD, 0xE7,
    0x6F, 0x9F, 0xF7, 0x20, 0x00, 0x00, 0x00, 0x00, 0x7F, 0x7F, 0xFF, 0x02, 0x00, 0x00, 0x00, 0x00,
    0x00, 0x00, 0x00, 0x00, 0x00, 0x00, 0x00, 0x00, 0x00, 0x00, 0x00, 0x00, 0x00, 0x00, 0x00, 0x00,
    0x00, 0x00, 0x00, 0x00, 0x00, 0x00, 0x00, 0x00, 0x00, 0x00, 0x00, 0x00, 0x00, 0x00, 0x00, 0x00,
    0x00, 0x00, 0x00, 0x00, 0x00, 0x00, 0x00, 0x00, 0x00, 0x00, 0x00, 0x00, 0x00, 0x00, 0x00, 0x00,
    0x7F, 0x7F, 0xFF, 0x02, 0x00, 0x00, 0x00, 0x00, 0x71, 0x97, 0xE2, 0x1B, 0x37, 0x7F, 0xDF, 0xEC,
    0x2B, 0x79, 0xE6, 0xFE, 0x30, 0x8E, 0xDF, 0xFE, 0x30, 0xA8, 0xD8, 0xFF, 0x2A, 0xA5, 0xDD, 0xFF,
    0x29, 0xA8, 0xE0, 0xFF, 0x2A, 0xAA, 0xE2, 0xFF, 0x2B, 0xAB, 0xE5, 0xFF, 0x2C, 0xAE, 0xE8, 0xFF,
    0x2E, 0xB0, 0xEB, 0xFF, 0x2F, 0xB2, 0xEE, 0xFF, 0x30, 0xB3, 0xF1, 0xFF, 0x32, 0xB5, 0xF3, 0xFF,
    0x33, 0xB7, 0xF5, 0xFF, 0x34, 0xB9, 0xF7, 0xFF, 0x36, 0xBA, 0xF9, 0xFF, 0x37, 0xBC, 0xFB, 0xFF,
    0x38, 0xBD, 0xFD, 0xFF, 0x38, 0xBF, 0xFF, 0xFF, 0x39, 0xC0, 0xFF, 0xFF, 0x39, 0xC0, 0xFF, 0xFF,
    0x38, 0xBF, 0xFF, 0xFF, 0x38, 0xC0, 0xFF, 0xFF, 0x39, 0xC2, 0xFF, 0xFF, 0x39, 0xC3, 0xFF, 0xFF,
    0x3A, 0xC5, 0xFF, 0xFF, 0x3B, 0xC7, 0xFF, 0xFF, 0x3C, 0xC9, 0xFF, 0xFF, 0x3D, 0xCB, 0xFF, 0xFF,
    0x3E, 0xCE, 0xFF, 0xFF, 0x3E, 0xCF, 0xFF, 0xFF, 0x3E, 0xD1, 0xFF, 0xFF, 0x3F, 0xD2, 0xFF, 0xFF,
    0x42, 0xD3, 0xFE, 0xFF, 0x40, 0xD5, 0xFF, 0xFF, 0x3A, 0xD6, 0xFF, 0xFF, 0x38, 0xD7, 0xFF, 0xFF,
    0x3C, 0xD7, 0xFF, 0xFF, 0x43, 0xD8, 0xFF, 0xFF, 0x44, 0xD7, 0xFF, 0xFF, 0x46, 0xD9, 0xFF, 0xFF,
    0x30, 0xA8, 0xFF, 0xFF, 0x24, 0x8B, 0xFF, 0xFD, 0x32, 0x97, 0xFF, 0xFB, 0x56, 0x99, 0xFF, 0x44,
    0x01, 0x00, 0x00, 0x00, 0x7F, 0xBF, 0xFF, 0x04, 0x00, 0x00, 0x00, 0x00, 0x00, 0x00, 0x00, 0x00,
    0x00, 0x00, 0x00, 0x00, 0x00, 0x00, 0x00, 0x00, 0x00, 0x00, 0x00, 0x00, 0x00, 0x00, 0x00, 0x00,
    0x00, 0x00, 0x00, 0x00, 0x00, 0x00, 0x00, 0x00, 0x00, 0x00, 0x00, 0x00, 0x00, 0x00, 0x00, 0x00,
    0x00, 0x00, 0x00, 0x00, 0x00, 0x00, 0x00, 0x00, 0x00, 0x00, 0x00, 0x00, 0x00, 0x00, 0x00, 0x00,
    0x00, 0x00, 0x00, 0x00, 0x55, 0x55, 0xAA, 0x03, 0x00, 0x00, 0x00, 0x00, 0x35, 0x80, 0xD9, 0xC0,
    0x29, 0x7F, 0xED, 0xFF, 0x30, 0x90, 0xDF, 0xFC, 0x31, 0xA8, 0xD8, 0xFF, 0x2A, 0xA5, 0xDD, 0xFF,
    0x2A, 0xA7, 0xDF, 0xFF, 0x2A, 0xA9, 0xE2, 0xFF, 0x2C, 0xAB, 0xE5, 0xFF, 0x2D, 0xAD, 0xE8, 0xFF,
    0x2F, 0xAF, 0xEB, 0xFF, 0x30, 0xB1, 0xED, 0xFF, 0x32, 0xB3, 0xF0, 0xFF, 0x33, 0xB4, 0xF2, 0xFF,
    0x34, 0xB6, 0xF5, 0xFF, 0x35, 0xB8, 0xF7, 0xFF, 0x36, 0xBA, 0xF9, 0xFF, 0x36, 0xBC, 0xFB, 0xFF,
    0x37, 0xBD, 0xFD, 0xFF, 0x38, 0xBE, 0xFF, 0xFF, 0x38, 0xC0, 0xFF, 0xFF, 0x38, 0xC0, 0xFF, 0xFF,
    0x37, 0xBF, 0xFF, 0xFF, 0x38, 0xC0, 0xFF, 0xFF, 0x38, 0xC1, 0xFF, 0xFF, 0x39, 0xC3, 0xFF, 0xFF,
    0x39, 0xC4, 0xFF, 0xFF, 0x3B, 0xC6, 0xFF, 0xFF, 0x3B, 0xC8, 0xFF, 0xFF, 0x3C, 0xCB, 0xFF, 0xFF,
    0x3D, 0xCD, 0xFF, 0xFF, 0x3D, 0xCF, 0xFF, 0xFF, 0x3F, 0xD0, 0xFF, 0xFF, 0x3E, 0xD2, 0xFF, 0xFF,
    0x36, 0xD3, 0xFF, 0xFF, 0x3F, 0xD4, 0xFF, 0xFF, 0x61, 0xD4, 0xF6, 0xFF, 0x8A, 0xD5, 0xEC, 0xFF,
    0xA9, 0xD6, 0xE6, 0xFF, 0xBE, 0xD8, 0xE3, 0xFF, 0xC5, 0xDB, 0xE3, 0xFF, 0xC5, 0xDD, 0xE6, 0xFF,
    0xB2, 0xD1, 0xE9, 0xFE, 0x96, 0xC5, 0xF4, 0xFF, 0x77, 0xB7, 0xF8, 0xE9, 0xC8, 0xDA, 0xEC, 0x0E,
    0x00, 0x00, 0x00, 0x00, 0x00, 0x00, 0x00, 0x00, 0xAA, 0xAA, 0xAA, 0x03, 0x00, 0x00, 0x00, 0x00,
    0x00, 0x00, 0x00, 0x00, 0x00, 0x00, 0x00, 0x00, 0x00, 0x00, 0x00, 0x00, 0x00, 0x00, 0x00, 0x00,
    0x00, 0x00, 0x00, 0x00, 0x00, 0x00, 0x00, 0x00, 0x00, 0x00, 0x00, 0x00, 0x00, 0x00, 0x00, 0x00,
    0x00, 0x00, 0x00, 0x00, 0x00, 0x00, 0x00, 0x00, 0x00, 0x00, 0x00, 0x00, 0x00, 0x00, 0x00, 0x00,
    0x7F, 0x7F, 0xFF, 0x02, 0x00, 0x00, 0x00, 0x00, 0x5E, 0x90, 0xD8, 0x2E, 0x2F, 0x82, 0xE2, 0xF3,
    0x1E, 0x7A, 0xE5, 0xFE, 0x2A, 0x8F, 0xDF, 0xFE, 0x32, 0xA8, 0xD8, 0xFF, 0x2B, 0xA5, 0xDC, 0xFF,
    0x2B, 0xA7, 0xDF, 0xFF, 0x2C, 0xA9, 0xE2, 0xFF, 0x2D, 0xAB, 0xE5, 0xFF, 0x2E, 0xAD, 0xE8, 0xFF,
    0x30, 0xAE, 0xEB, 0xFF, 0x31, 0xB1, 0xED, 0xFF, 0x32, 0xB2, 0xF0, 0xFF, 0x33, 0xB4, 0xF2, 0xFF,
    0x34, 0xB5, 0xF3, 0xFF, 0x35, 0xB8, 0xF5, 0xFF, 0x35, 0xB9, 0xF8, 0xFF, 0x36, 0xBB, 0xFA, 0xFF,
    0x37, 0xBC, 0xFC, 0xFF, 0x37, 0xBE, 0xFE, 0xFF, 0x38, 0xBF, 0xFF, 0xFF, 0x38, 0xBF, 0xFF, 0xFF,
    0x37, 0xBF, 0xFF, 0xFF, 0x37, 0xC0, 0xFF, 0xFF, 0x37, 0xC1, 0xFF, 0xFF, 0x38, 0xC2, 0xFF, 0xFF,
    0x39, 0xC4, 0xFF, 0xFF, 0x39, 0xC6, 0xFF, 0xFF, 0x3A, 0xC8, 0xFF, 0xFF, 0x3B, 0xCB, 0xFF, 0xFF,
    0x3B, 0xCC, 0xFF, 0xFF, 0x3E, 0xCD, 0xFE, 0xFF, 0x36, 0xCE, 0xFF, 0xFF, 0x39, 0xCF, 0xFF, 0xFF,
    0x72, 0xCF, 0xEE, 0xFF, 0xB5, 0xCF, 0xDB, 0xFF, 0xD6, 0xD2, 0xD5, 0xFF, 0xE1, 0xD6, 0xD5, 0xFF,
    0xE4, 0xD9, 0xD9, 0xFF, 0xE5, 0xDC, 0xDC, 0xFF, 0xE7, 0xDF, 0xDE, 0xFF, 0xE9, 0xE1, 0xE1, 0xFF,
    0xEF, 0xE6, 0xE3, 0xFF, 0xF2, 0xE9, 0xE3, 0xFE, 0xEF, 0xEA, 0xE7, 0xFE, 0xEA, 0xEA, 0xEB, 0xDE,
    0xED, 0xED, 0xED, 0x75, 0xD4, 0xD4, 0xD4, 0x0C, 0x00, 0x00, 0x00, 0x00, 0xFF, 0xFF, 0xFF, 0x03,
    0x00, 0x00, 0x00, 0x00, 0x00, 0x00, 0x00, 0x00, 0x00, 0x00, 0x00, 0x00, 0x00, 0x00, 0x00, 0x00,
    0x00, 0x00, 0x00, 0x00, 0x00, 0x00, 0x00, 0x00, 0x00, 0x00, 0x00, 0x00, 0x00, 0x00, 0x00, 0x00,
    0x00, 0x00, 0x00, 0x00, 0x00, 0x00, 0x00, 0x00, 0x00, 0x00, 0x00, 0x00, 0x7F, 0x7F, 0x7F, 0x02,
    0x00, 0x00, 0x00, 0x00, 0x79, 0x9B, 0xDD, 0x17, 0x38, 0x84, 0xE1, 0xD8, 0x26, 0x82, 0xE7, 0xFF,
    0x1D, 0x78, 0xE3, 0xFD, 0x26, 0x8C, 0xE1, 0xFF, 0x32, 0xA6, 0xD8, 0xFF, 0x2C, 0xA5, 0xDC, 0xFF,
    0x2C, 0xA7, 0xDF, 0xFF, 0x2D, 0xA8, 0xE1, 0xFF, 0x2D, 0xAA, 0xE5, 0xFF, 0x2F, 0xAC, 0xE7, 0xFF,
    0x30, 0xAE, 0xEA, 0xFF, 0x32, 0xB0, 0xEC, 0xFF, 0x33, 0xB2, 0xEF, 0xFF, 0x33, 0xB3, 0xF1, 0xFF,
    0x34, 0xB5, 0xF3, 0xFF, 0x35, 0xB7, 0xF5, 0xFF, 0x35, 0xB9, 0xF7, 0xFF, 0x36, 0xBA, 0xF9, 0xFF,
    0x36, 0xBC, 0xFB, 0xFF, 0x36, 0xBE, 0xFD, 0xFF, 0x37, 0xBF, 0xFF, 0xFF, 0x37, 0xBF, 0xFF, 0xFF,
    0x36, 0xBF, 0xFF, 0xFF, 0x36, 0xC0, 0xFF, 0xFF, 0x37, 0xC1, 0xFF, 0xFF, 0x38, 0xC2, 0xFF, 0xFF,
    0x38, 0xC4, 0xFF, 0xFF, 0x38, 0xC5, 0xFF, 0xFF, 0x39, 0xC6, 0xFF, 0xFF, 0x38, 0xC8, 0xFF, 0xFF,
    0x3B, 0xC9, 0xFE, 0xFF, 0x2E, 0xC8, 0xFF, 0xFF, 0x4C, 0xC8, 0xF7, 0xFF, 0xAA, 0xCA, 0xDA, 0xFF,
    0xD7, 0xCD, 0xCF, 0xFF, 0xD9, 0xD1, 0xD3, 0xFF, 0xD9, 0xD5, 0xD7, 0xFF, 0xDB, 0xD8, 0xDB, 0xFF,
    0xDF, 0xDB, 0xDD, 0xFF, 0xE2, 0xDE, 0xE0, 0xFF, 0xE4, 0xE0, 0xE2, 0xFF, 0xE7, 0xE2, 0xE5, 0xFF,
    0xE8, 0xE4, 0xE7, 0xFF, 0xE9, 0xE6, 0xE9, 0xFF, 0xEB, 0xE8, 0xEA, 0xFF, 0xF4, 0xF1, 0xF2, 0xFF,
    0xFD, 0xFA, 0xFB, 0xFF, 0xF3, 0xF1, 0xF3, 0xD7, 0xEC, 0xEC, 0xEC, 0x44, 0x00, 0x00, 0x00, 0x00,
    0xFF, 0xFF, 0xFF, 0x03, 0x00, 0x00, 0x00, 0x00, 0x00, 0x00, 0x00, 0x00, 0x00, 0x00, 0x00, 0x00,
    0x00, 0x00, 0x00, 0x00, 0x00, 0x00, 0x00, 0x00, 0x00, 0x00, 0x00, 0x00, 0x00, 0x00, 0x00, 0x00,
    0x00, 0x00, 0x00, 0x00, 0x00, 0x00, 0x00, 0x00, 0x00, 0x00, 0x00, 0x00, 0x00, 0x7F, 0x7F, 0x02,
    0xFF, 0xAA, 0xAA, 0x03, 0x3C, 0x84, 0xDC, 0xBE, 0x2A, 0x86, 0xED, 0xFF, 0x25, 0x7D, 0xDE, 0xFC,
    0x22, 0x7B, 0xE3, 0xFF, 0x24, 0x87, 0xE2, 0xFF, 0x32, 0xA5, 0xD8, 0xFF, 0x2D, 0xA4, 0xDB, 0xFF,
    0x2D, 0xA6, 0xDE, 0xFF, 0x2D, 0xA8, 0xE1, 0xFF, 0x2F, 0xAA, 0xE4, 0xFF, 0x30, 0xAB, 0xE7, 0xFF,
    0x31, 0xAD, 0xE9, 0xFF, 0x32, 0xAF, 0xEC, 0xFF, 0x33, 0xB1, 0xEE, 0xFF, 0x34, 0xB3, 0xF0, 0xFF,
    0x34, 0xB4, 0xF2, 0xFF, 0x34, 0xB6, 0xF4, 0xFF, 0x35, 0xB8, 0xF6, 0xFF, 0x35, 0xBA, 0xF8, 0xFF,
    0x35, 0xBC, 0xFA, 0xFF, 0x35, 0xBD, 0xFD, 0xFF, 0x35, 0xBF, 0xFE, 0xFF, 0x36, 0xBF, 0xFF, 0xFF,
    0x36, 0xC0, 0xFF, 0xFF, 0x36, 0xC1, 0xFF, 0xFF, 0x37, 0xC2, 0xFF, 0xFF, 0x39, 0xC3, 0xFF, 0xFF,
    0x3A, 0xC4, 0xFE, 0xFF, 0x39, 0xC4, 0xFF, 0xFF, 0x38, 0xC4, 0xFF, 0xFF, 0x3A, 0xC3, 0xFE, 0xFF,
    0x29, 0xC1, 0xFF, 0xFF, 0x5A, 0xC2, 0xF0, 0xFF, 0xC5, 0xC8, 0xCF, 0xFF, 0xD6, 0xCC, 0xCD, 0xFF,
    0xD3, 0xD1, 0xD4, 0xFF, 0xD9, 0xD4, 0xD7, 0xFF, 0xDE, 0xD6, 0xD9, 0xFF, 0xE1, 0xD9, 0xDC, 0xFF,
    0xE5, 0xDC, 0xDF, 0xFF, 0xE7, 0xDF, 0xE1, 0xFF, 0xE9, 0xE1, 0xE3, 0xFF, 0xEB, 0xE3, 0xE6, 0xFF,
    0xED, 0xE6, 0xE8, 0xFF, 0xEF, 0xE8, 0xEA, 0xFF, 0xF1, 0xEA, 0xEC, 0xFF, 0xF1, 0xEB, 0xED, 0xFD,
    0xF2, 0xED, 0xEF, 0xFB, 0xFB, 0xF7, 0xF8, 0xFF, 0xF6, 0xF5, 0xF5, 0xFE, 0xEE, 0xEE, 0xEE, 0x6D,
    0x00, 0x00, 0x00, 0x00, 0xFF, 0xFF, 0xFF, 0x03, 0x00, 0x00, 0x00, 0x00, 0x00, 0x00, 0x00, 0x00,
    0x00, 0x00, 0x00, 0x00, 0x00, 0x00, 0x00, 0x00, 0x00, 0x00, 0x00, 0x00, 0x00, 0x00, 0x00, 0x00,
    0x00, 0x00, 0x00, 0x00, 0x00, 0x00, 0x00, 0x00, 0x55, 0xAA, 0xFF, 0x03, 0x00, 0x00, 0x00, 0x00,
    0x4E, 0x8B, 0xD9, 0x4B, 0x2F, 0x87, 0xE8, 0xFF, 0x25, 0x7E, 0xE0, 0xFB, 0x28, 0x7F, 0xE1, 0xFF,
    0x26, 0x7D, 0xE3, 0xFF, 0x23, 0x81, 0xE5, 0xFF, 0x31, 0xA3, 0xD9, 0xFF, 0x30, 0xA5, 0xDA, 0xFF,
    0x2E, 0xA6, 0xDE, 0xFF, 0x2E, 0xA7, 0xE1, 0xFF, 0x30, 0xA9, 0xE3, 0xFF, 0x31, 0xAB, 0xE6, 0xFF,
    0x32, 0xAC, 0xE9, 0xFF, 0x33, 0xAE, 0xEA, 0xFF, 0x34, 0xB0, 0xED, 0xFF, 0x34, 0xB2, 0xEF, 0xFF,
    0x34, 0xB4, 0xF1, 0xFF, 0x34, 0xB6, 0xF3, 0xFF, 0x33, 0xB8, 0xF6, 0xFF, 0x33, 0xB9, 0xF7, 0xFF,
    0x33, 0xBB, 0xF9, 0xFF, 0x33, 0xBD, 0xFB, 0xFF, 0x33, 0xBE, 0xFE, 0xFF, 0x34, 0xC0, 0xFF, 0xFF,
    0x34, 0xC1, 0xFF, 0xFF, 0x35, 0xC2, 0xFF, 0xFF, 0x37, 0xC3, 0xFF, 0xFF, 0x2F, 0xC2, 0xFF, 0xFF,
    0x29, 0xC1, 0xFF, 0xFF, 0x2A, 0xC0, 0xFF, 0xFF, 0x2A, 0xBF, 0xFF, 0xFF, 0x1E, 0xBA, 0xFE, 0xFF,
    0x56, 0xBD, 0xEB, 0xFF, 0xCA, 0xC7, 0xCC, 0xFF, 0xD2, 0xCA, 0xCD, 0xFF, 0xD3, 0xCE, 0xD3, 0xFF,
    0xDB, 0xD2, 0xD5, 0xFF, 0xDF, 0xD5, 0xD8, 0xFF, 0xE2, 0xD8, 0xDB, 0xFF, 0xE5, 0xDA, 0xDE, 0xFF,
    0xE8, 0xDD, 0xE0, 0xFF, 0xEA, 0xDF, 0xE2, 0xFF, 0xEC, 0xE1, 0xE5, 0xFF, 0xEF, 0xE4, 0xE7, 0xFF,
    0xF1, 0xE6, 0xE9, 0xFF, 0xF2, 0xE9, 0xEB, 0xFF, 0xF4, 0xEB, 0xEE, 0xFF, 0xF5, 0xED, 0xEF, 0xFF,
    0xF6, 0xEF, 0xF1, 0xFF, 0xF5, 0xF0, 0xF2, 0xFC, 0xF7, 0xF3, 0xF4, 0xFD, 0xFF, 0xFF, 0xFF, 0xFF,
    0xF0, 0xEE, 0xEE, 0x6C, 0x00, 0x00, 0x00, 0x00, 0xFF, 0xFF, 0xFF, 0x03, 0x00, 0x00, 0x00, 0x00,
    0x00, 0x00, 0x00, 0x00, 0x00, 0x00, 0x00, 0x00, 0x00, 0x00, 0x00, 0x00, 0x00, 0x00, 0x00, 0x00,
    0x00, 0x00, 0x00, 0x00, 0x00, 0x00, 0x00, 0x00, 0x00, 0x7F, 0xBF, 0x04, 0x00, 0x00, 0x00, 0x00,
    0x3F, 0x85, 0xDA, 0x99, 0x2B, 0x87, 0xEB, 0xFE, 0x28, 0x80, 0xE1, 0xFB, 0x2B, 0x7F, 0xE2, 0xFF,
    0x2B, 0x7E, 0xE3, 0xFF, 0x27, 0x7C, 0xE7, 0xFF, 0x2F, 0x9C, 0xDB, 0xFF, 0x32, 0xA5, 0xD9, 0xFF,
    0x2F, 0xA4, 0xDD, 0xFF, 0x30, 0xA7, 0xE0, 0xFF, 0x31, 0xA8, 0xE2, 0xFF, 0x32, 0xAA, 0xE5, 0xFF,
    0x33, 0xAB, 0xE7, 0xFF, 0x34, 0xAD, 0xEA, 0xFF, 0x34, 0xB0, 0xEC, 0xFF, 0x34, 0xB1, 0xEE, 0xFF,
    0x34, 0xB3, 0xF0, 0xFF, 0x33, 0xB5, 0xF2, 0xFF, 0x33, 0xB7, 0xF4, 0xFF, 0x31, 0xB9, 0xF6, 0xFF,
    0x31, 0xBB, 0xF8, 0xFF, 0x32, 0xBC, 0xFA, 0xFF, 0x33, 0xBE, 0xFC, 0xFF, 0x34, 0xBF, 0xFD, 0xFF,
    0x36, 0xC1, 0xFE, 0xFF, 0x31, 0xC1, 0xFF, 0xFF, 0x2A, 0xC0, 0xFF, 0xFF, 0x50, 0xC4, 0xF8, 0xFF,
    0x85, 0xCB, 0xEE, 0xFF, 0x9F, 0xD0, 0xEA, 0xFF, 0x9C, 0xCE, 0xE8, 0xFF, 0x7B, 0xC3, 0xE5, 0xFF,
    0xBC, 0xC4, 0xCE, 0xFF, 0xD3, 0xC9, 0xCC, 0xFF, 0xD4, 0xCC, 0xD1, 0xFF, 0xDB, 0xD0, 0xD3, 0xFF,
    0xDF, 0xD3, 0xD6, 0xFF, 0xE2, 0xD6, 0xDA, 0xFF, 0xE5, 0xD8, 0xDC, 0xFF, 0xE8, 0xDA, 0xDF, 0xFF,
    0xEB, 0xDD, 0xE1, 0xFF, 0xED, 0xDF, 0xE3, 0xFF, 0xEF, 0xE2, 0xE6, 0xFF, 0xF2, 0xE4, 0xE8, 0xFF,
    0xF4, 0xE6, 0xEA, 0xFF, 0xF5, 0xE9, 0xEC, 0xFF, 0xF6, 0xEB, 0xEE, 0xFF, 0xF7, 0xED, 0xF0, 0xFF,
    0xF9, 0xF0, 0xF2, 0xFF, 0xF9, 0xF2, 0xF4, 0xFF, 0xF7, 0xF1, 0xF3, 0xFE, 0xFA, 0xF6, 0xF7, 0xFC,
    0xF9, 0xF8, 0xF8, 0xFE, 0xF3, 0xF3, 0xEF, 0x42, 0x00, 0x00, 0x00, 0x00, 0xFF, 0xFF, 0xFF, 0x02,
    0x00, 0x00, 0x00, 0x00, 0x00, 0x00, 0x00, 0x00, 0x00, 0x00, 0x00, 0x00, 0x00, 0x00, 0x00, 0x00,
    0x00, 0x00, 0x00, 0x00, 0x00, 0x00, 0x00, 0x00, 0x00, 0x7F, 0x7F, 0x02, 0x01, 0x00, 0x00, 0x00,
    0x3D, 0x85, 0xDA, 0xB7, 0x2B, 0x85, 0xEA, 0xFF, 0x2B, 0x7F, 0xE1, 0xFC, 0x2E, 0x7F, 0xE3, 0xFF,
    0x30, 0x7E, 0xE4, 0xFF, 0x2D, 0x7A, 0xE8, 0xFF, 0x2E, 0x91, 0xE0, 0xFF, 0x34, 0xA6, 0xD8, 0xFF,
    0x31, 0xA4, 0xDC, 0xFF, 0x31, 0xA5, 0xDF, 0xFF, 0x32, 0xA7, 0xE1, 0xFF, 0x33, 0xA9, 0xE4, 0xFF,
    0x34, 0xAB, 0xE6, 0xFF, 0x34, 0xAC, 0xE9, 0xFF, 0x34, 0xAE, 0xEA, 0xFF, 0x34, 0xB0, 0xEC, 0xFF,
    0x34, 0xB2, 0xEF, 0xFF, 0x32, 0xB4, 0xF0, 0xFF, 0x32, 0xB6, 0xF2, 0xFF, 0x33, 0xB8, 0xF4, 0xFF,
    0x2F, 0xB9, 0xF6, 0xFF, 0x27, 0xBA, 0xFA, 0xFF, 0x23, 0xBB, 0xFC, 0xFF, 0x22, 0xBC, 0xFD, 0xFF,
    0x21, 0xBC, 0xFE, 0xFF, 0x30, 0xBE, 0xFB, 0xFF, 0x90, 0xC8, 0xE4, 0xFF, 0xD6, 0xD3, 0xD8, 0xFF,
    0xE2, 0xD8, 0xD9, 0xFF, 0xE1, 0xD7, 0xD9, 0xFF, 0xDA, 0xD2, 0xD3, 0xFF, 0xD1, 0xC9, 0xCC, 0xFF,
    0xCE, 0xC8, 0xCC, 0xFF, 0xD4, 0xCA, 0xCF, 0xFF, 0xDB, 0xCE, 0xD2, 0xFF, 0xDF, 0xD1, 0xD5, 0xFF,
    0xE2, 0xD4, 0xD8, 0xFF, 0xE5, 0xD6, 0xDB, 0xFF, 0xE9, 0xD9, 0xDD, 0xFF, 0xEB, 0xDB, 0xE0, 0xFF,
    0xED, 0xDD, 0xE2, 0xFF, 0xF0, 0xE0, 0xE4, 0xFF, 0xF2, 0xE2, 0xE6, 0xFF, 0xF4, 0xE4, 0xE9, 0xFF,
    0xF5, 0xE7, 0xEB, 0xFF, 0xF7, 0xE9, 0xED, 0xFF, 0xF8, 0xEB, 0xEF, 0xFF, 0xFA, 0xED, 0xF1, 0xFF,
    0xFA, 0xEF, 0xF3, 0xFF, 0xFC, 0xF2, 0xF4, 0xFF, 0xFC, 0xF3, 0xF6, 0xFF, 0xF9, 0xF2, 0xF4, 0xFD,
    0xFF, 0xFC, 0xFD, 0xFF, 0xF5, 0xF3, 0xF3, 0xDE, 0xFF, 0xFF, 0xFF, 0x0C, 0xFF, 0xFF, 0xFF, 0x01,
    0xFF, 0xFF, 0xFF, 0x01, 0x00, 0x00, 0x00, 0x00, 0x00, 0x00, 0x00, 0x00, 0x00, 0x00, 0x00, 0x00,
    0x00, 0x00, 0x00, 0x00, 0x00, 0x00, 0x00, 0x00, 0x00, 0x55, 0xAA, 0x03, 0x00, 0x00, 0x00, 0x00,
    0x3E, 0x83, 0xDA, 0xA7, 0x2F, 0x85, 0xEA, 0xFE, 0x2E, 0x80, 0xE2, 0xFB, 0x32, 0x7F, 0xE4, 0xFF,
    0x34, 0x7E, 0xE4, 0xFF, 0x33, 0x7B, 0xE7, 0xFF, 0x30, 0x83, 0xE6, 0xFF, 0x35, 0xA3, 0xD9, 0xFF,
    0x34, 0xA3, 0xDB, 0xFF, 0x33, 0xA5, 0xDE, 0xFF, 0x34, 0xA6, 0xE0, 0xFF, 0x34, 0xA8, 0xE2, 0xFF,
    0x35, 0xAA, 0xE5, 0xFF, 0x36, 0xAC, 0xE7, 0xFF, 0x36, 0xAD, 0xE9, 0xFF, 0x35, 0xB0, 0xEB, 0xFF,
    0x33, 0xB1, 0xED, 0xFF, 0x33, 0xB3, 0xEE, 0xFF, 0x2F, 0xB5, 0xF1, 0xFF, 0x23, 0xB5, 0xF5, 0xFF,
    0x2B, 0xB9, 0xF5, 0xFF, 0x4A, 0xBF, 0xF1, 0xFF, 0x6B, 0xC5, 0xEE, 0xFF, 0x79, 0xCA, 0xEE, 0xFF,
    0x70, 0xCA, 0xF1, 0xFF, 0xA7, 0xCC, 0xE1, 0xFF, 0xDB, 0xD1, 0xD2, 0xFF, 0xD3, 0xD3, 0xD7, 0xFF,
    0xD5, 0xD4, 0xD8, 0xFF, 0xD1, 0xCF, 0xD3, 0xFF, 0xC5, 0xC7, 0xCD, 0xFF, 0xC7, 0xC6, 0xCC, 0xFF,
    0xD3, 0xC9, 0xCD, 0xFF, 0xDA, 0xCC, 0xD0, 0xFF, 0xDF, 0xCF, 0xD3, 0xFF, 0xE2, 0xD2, 0xD6, 0xFF,
    0xE6, 0xD4, 0xD9, 0xFF, 0xE9, 0xD7, 0xDC, 0xFF, 0xEB, 0xD9, 0xDE, 0xFF, 0xED, 0xDB, 0xE0, 0xFF,
    0xF0, 0xDE, 0xE3, 0xFF, 0xF2, 0xE0, 0xE5, 0xFF, 0xF4, 0xE2, 0xE7, 0xFF, 0xF6, 0xE4, 0xE9, 0xFF,
    0xF8, 0xE6, 0xEB, 0xFF, 0xF9, 0xE9, 0xED, 0xFF, 0xFB, 0xEB, 0xEF, 0xFF, 0xFB, 0xED, 0xF1, 0xFF,
    0xFD, 0xEF, 0xF3, 0xFF, 0xFD, 0xF1, 0xF5, 0xFF, 0xFE, 0xF3, 0xF6, 0xFF, 0xFE, 0xF5, 0xF7, 0xFF,
    0xFC, 0xF5, 0xF6, 0xFB, 0xFF, 0xFF, 0xFF, 0xFF, 0xF6, 0xF4, 0xF4, 0x77, 0x00, 0x00, 0x00, 0x00,
    0xFF, 0xFF, 0xFF, 0x03, 0x00, 0x00, 0x00, 0x00, 0x00, 0x00, 0x00, 0x00, 0x00, 0x00, 0x00, 0x00,
    0x00, 0x00, 0x00, 0x00, 0x00, 0x00, 0x00, 0x00, 0x3F, 0x7F, 0xBF, 0x04, 0x00, 0x00, 0x00, 0x00,
    0x4A, 0x86, 0xD6, 0x6A, 0x36, 0x85, 0xE9, 0xFF, 0x30, 0x7D, 0xE0, 0xFB, 0x36, 0x7F, 0xE4, 0xFF,
    0x38, 0x7E, 0xE4, 0xFF, 0x39, 0x7D, 0xE5, 0xFF, 0x35, 0x7A, 0xE9, 0xFF, 0x37, 0x99, 0xDD, 0xFF,
    0x37, 0xA5, 0xD9, 0xFF, 0x35, 0xA3, 0xDD, 0xFF, 0x35, 0xA6, 0xDF, 0xFF, 0x35, 0xA7, 0xE1, 0xFF,
    0x36, 0xA9, 0xE4, 0xFF, 0x37, 0xAB, 0xE6, 0xFF, 0x36, 0xAC, 0xE8, 0xFF, 0x35, 0xAE, 0xE9, 0xFF,
    0x35, 0xB0, 0xEA, 0xFF, 0x2B, 0xB1, 0xED, 0xFF, 0x2E, 0xB3, 0xED, 0xFF, 0x72, 0xBF, 0xE2, 0xFF,
    0xB7, 0xCD, 0xDA, 0xFF, 0xD7, 0xD6, 0xD9, 0xFF, 0xE4, 0xDC, 0xDC, 0xFF, 0xE9, 0xDF, 0xDF, 0xFF,
    0xEC, 0xE2, 0xE2, 0xFF, 0xE7, 0xE3, 0xE5, 0xFF, 0xDD, 0xE1, 0xE6, 0xFF, 0xDA, 0xDB, 0xE0, 0xFF,
    0xD5, 0xD5, 0xD9, 0xFF, 0xCC, 0xCD, 0xD2, 0xFF, 0xCB, 0xC9, 0xCE, 0xFF, 0xD2, 0xCA, 0xCD, 0xFF,
    0xD9, 0xCA, 0xCF, 0xFF, 0xDE, 0xCC, 0xD1, 0xFF, 0xE2, 0xD0, 0xD4, 0xFF, 0xE5, 0xD2, 0xD7, 0xFF,
    0xE9, 0xD4, 0xDA, 0xFF, 0xEB, 0xD7, 0xDD, 0xFF, 0xEE, 0xD9, 0xDF, 0xFF, 0xF0, 0xDB, 0xE0, 0xFF,
    0xF3, 0xDE, 0xE3, 0xFF, 0xF5, 0xE0, 0xE5, 0xFF, 0xF6, 0xE2, 0xE7, 0xFF, 0xF8, 0xE4, 0xE9, 0xFF,
    0xF9, 0xE6, 0xEB, 0xFF, 0xFB, 0xE8, 0xED, 0xFF, 0xFC, 0xEA, 0xEF, 0xFF, 0xFD, 0xEC, 0xF1, 0xFF,
    0xFE, 0xEF, 0xF3, 0xFF, 0xFF, 0xF1, 0xF5, 0xFF, 0xFF, 0xF3, 0xF6, 0xFF, 0xFF, 0xF4, 0xF7, 0xFF,
    0xFF, 0xF5, 0xF7, 0xFD, 0xFF, 0xFB, 0xFC, 0xFE, 0xF7, 0xF2, 0xF3, 0xE2, 0xFF, 0xFF, 0xFF, 0x0A,
    0x00, 0x00, 0x00, 0x00, 0xFF, 0xFF, 0xFF, 0x01, 0x00, 0x00, 0x00, 0x00, 0x00, 0x00, 0x00, 0x00,
    0x00, 0x00, 0x00, 0x00, 0x00, 0x00, 0x00, 0x00, 0xFF, 0xFF, 0xFF, 0x01, 0x00, 0x00, 0xFF, 0x01,
    0x7F, 0x9B, 0xE2, 0x12, 0x40, 0x7F, 0xD9, 0xE8, 0x37, 0x7F, 0xE4, 0xFF, 0x39, 0x7D, 0xE1, 0xFB,
    0x3C, 0x7D, 0xE4, 0xFF, 0x3D, 0x7C, 0xE5, 0xFF, 0x3A, 0x79, 0xE8, 0xFF, 0x38, 0x86, 0xE5, 0xFF,
    0x3C, 0xA4, 0xD8, 0xFF, 0x37, 0xA3, 0xDB, 0xFF, 0x37, 0xA5, 0xDE, 0xFF, 0x37, 0xA6, 0xE0, 0xFF,
    0x38, 0xA7, 0xE2, 0xFF, 0x38, 0xA9, 0xE4, 0xFF, 0x37, 0xAB, 0xE6, 0xFF, 0x38, 0xAD, 0xE6, 0xFF,
    0x2D, 0xAC, 0xE8, 0xFF, 0x46, 0xB2, 0xE3, 0xFF, 0xAF, 0xC5, 0xD2, 0xFF, 0xDC, 0xD0, 0xCF, 0xFF,
    0xDD, 0xD5, 0xD6, 0xFF, 0xDD, 0xD9, 0xDC, 0xFF, 0xDF, 0xDD, 0xE0, 0xFF, 0xE3, 0xE0, 0xE3, 0xFF,
    0xE6, 0xE4, 0xE7, 0xFF, 0xE9, 0xE6, 0xE9, 0xFF, 0xEB, 0xE7, 0xEA, 0xFF, 0xE7, 0xE6, 0xE8, 0xFF,
    0xE1, 0xE0, 0xE3, 0xFF, 0xDA, 0xD7, 0xDB, 0xFF, 0xD7, 0xD0, 0xD3, 0xFF, 0xD9, 0xCC, 0xD0, 0xFF,
    0xDD, 0xCC, 0xD1, 0xFF, 0xE1, 0xCE, 0xD3, 0xFF, 0xE5, 0xD0, 0xD5, 0xFF, 0xE8, 0xD2, 0xD8, 0xFF,
    0xEB, 0xD5, 0xDA, 0xFF, 0xEE, 0xD7, 0xDD, 0xFF, 0xF1, 0xD9, 0xDF, 0xFF, 0xF3, 0xDC, 0xE1, 0xFF,
    0xF5, 0xDD, 0xE3, 0xFF, 0xF7, 0xDF, 0xE5, 0xFF, 0xF8, 0xE2, 0xE7, 0xFF, 0xFA, 0xE4, 0xE9, 0xFF,
    0xFC, 0xE6, 0xEC, 0xFF, 0xFD, 0xE8, 0xED, 0xFF, 0xFE, 0xEA, 0xEF, 0xFF, 0xFF, 0xEC, 0xF1, 0xFF,
    0xFF, 0xEE, 0xF3, 0xFF, 0xFF, 0xF0, 0xF4, 0xFF, 0xFF, 0xF2, 0xF6, 0xFF, 0xFF, 0xF4, 0xF7, 0xFF,
    0xFF, 0xF5, 0xF8, 0xFF, 0xFF, 0xF5, 0xF7, 0xFD, 0xFF, 0xFD, 0xFE, 0xFF, 0xF4, 0xF1, 0xF1, 0x4B,
    0x00, 0x00, 0x00, 0x00, 0xFF, 0xFF, 0xFF, 0x03, 0x00, 0x00, 0x00, 0x00, 0x00, 0x00, 0x00, 0x00,
    0x00, 0x00, 0x00, 0x00, 0x00, 0x00, 0x00, 0x00, 0x00, 0x00, 0x00, 0x00, 0x7F, 0x7F, 0xFF, 0x02,
    0x00, 0x00, 0x00, 0x00, 0x5C, 0x87, 0xDA, 0x4D, 0x46, 0x80, 0xE1, 0xFE, 0x40, 0x7F, 0xE5, 0xFF,
    0x3F, 0x7B, 0xDF, 0xFC, 0x40, 0x7B, 0xE3, 0xFC, 0x3E, 0x7B, 0xE5, 0xFE, 0x37, 0x78, 0xEA, 0xFF,
    0x3D, 0x96, 0xDE, 0xFF, 0x3D, 0xA5, 0xD9, 0xFF, 0x39, 0xA3, 0xDD, 0xFF, 0x39, 0xA5, 0xDF, 0xFF,
    0x39, 0xA6, 0xE0, 0xFF, 0x39, 0xA7, 0xE2, 0xFF, 0x3B, 0xA9, 0xE2, 0xFF, 0x31, 0xA8, 0xE4, 0xFF,
    0x50, 0xAF, 0xDE, 0xFF, 0xC4, 0xC6, 0xCB, 0xFF, 0xD8, 0xCD, 0xCD, 0xFF, 0xD4, 0xD1, 0xD5, 0xFF,
    0xDC, 0xD6, 0xDA, 0xFF, 0xE2, 0xDB, 0xDE, 0xFF, 0xE6, 0xDF, 0xE1, 0xFF, 0xEB, 0xE2, 0xE5, 0xFF,
    0xEE, 0xE6, 0xE9, 0xFF, 0xF0, 0xE8, 0xEB, 0xFF, 0xF1, 0xEA, 0xEC, 0xFF, 0xF0, 0xEA, 0xEC, 0xFF,
    0xED, 0xE6, 0xE9, 0xFF, 0xE8, 0xE0, 0xE3, 0xFF, 0xE2, 0xD6, 0xDA, 0xFF, 0xDF, 0xCF, 0xD4, 0xFF,
    0xE1, 0xCD, 0xD2, 0xFF, 0xE5, 0xCE, 0xD4, 0xFF, 0xE8, 0xD0, 0xD6, 0xFF, 0xEB, 0xD3, 0xD9, 0xFF,
    0xEE, 0xD5, 0xDB, 0xFF, 0xF1, 0xD7, 0xDD, 0xFF, 0xF4, 0xD9, 0xDF, 0xFF, 0xF5, 0xDB, 0xE1, 0xFF,
    0xF7, 0xDD, 0xE4, 0xFF, 0xF9, 0xDF, 0xE6, 0xFF, 0xFB, 0xE1, 0xE7, 0xFF, 0xFC, 0xE3, 0xE9, 0xFF,
    0xFD, 0xE5, 0xEB, 0xFF, 0xFE, 0xE8, 0xEE, 0xFF, 0xFF, 0xE9, 0xEF, 0xFF, 0xFF, 0xEC, 0xF1, 0xFF,
    0xFF, 0xED, 0xF3, 0xFF, 0xFF, 0xF0, 0xF4, 0xFF, 0xFF, 0xF1, 0xF6, 0xFF, 0xFF, 0xF3, 0xF7, 0xFF,
    0xFF, 0xF5, 0xF8, 0xFF, 0xFF, 0xF5, 0xF8, 0xFB, 0xFF, 0xFF, 0xFF, 0xFE, 0xF7, 0xF2, 0xF2, 0x8E,
    0x00, 0x00, 0x00, 0x00, 0xFF, 0xFF, 0xFF, 0x04, 0x00, 0x00, 0x00, 0x00, 0x00, 0x00, 0x00, 0x00,
    0x00, 0x00, 0x00, 0x00, 0x00, 0x00, 0x00, 0x00, 0x00, 0x00, 0x00, 0x00, 0x00, 0x00, 0x00, 0x00,
    0x7F, 0x7F, 0xFF, 0x02, 0x00, 0x00, 0x00, 0x00, 0x62, 0x88, 0xD6, 0x4B, 0x53, 0x81, 0xE0, 0xDC,
    0x4F, 0x82, 0xEA, 0xFF, 0x49, 0x80, 0xEC, 0xFF, 0x40, 0x7A, 0xE4, 0xFF, 0x3A, 0x78, 0xE7, 0xFF,
    0x38, 0x80, 0xE8, 0xFF, 0x43, 0xA1, 0xD9, 0xFF, 0x3D, 0xA3, 0xDA, 0xFF, 0x3B, 0xA3, 0xDD, 0xFF,
    0x3B, 0xA4, 0xDE, 0xFF, 0x3C, 0xA6, 0xDF, 0xFF, 0x38, 0xA5, 0xE0, 0xFF, 0x40, 0xA8, 0xDF, 0xFF,
    0xBA, 0xC3, 0xCB, 0xFF, 0xD5, 0xCA, 0xCB, 0xFF, 0xD4, 0xCE, 0xD1, 0xFF, 0xDD, 0xD3, 0xD6, 0xFF,
    0xE2, 0xD8, 0xDB, 0xFF, 0xE7, 0xDC, 0xDF, 0xFF, 0xEB, 0xE0, 0xE3, 0xFF, 0xEF, 0xE4, 0xE7, 0xFF,
    0xF3, 0xE7, 0xEB, 0xFF, 0xF5, 0xEA, 0xEE, 0xFF, 0xF7, 0xEC, 0xEF, 0xFF, 0xF7, 0xED, 0xF0, 0xFF,
    0xF5, 0xEB, 0xEE, 0xFF, 0xF1, 0xE6, 0xEA, 0xFF, 0xEB, 0xDD, 0xE1, 0xFF, 0xE6, 0xD2, 0xD8, 0xFF,
    0xE6, 0xCF, 0xD4, 0xFF, 0xE8, 0xCF, 0xD5, 0xFF, 0xEB, 0xD1, 0xD7, 0xFF, 0xEE, 0xD3, 0xD9, 0xFF,
    0xF1, 0xD4, 0xDB, 0xFF, 0xF4, 0xD7, 0xDE, 0xFF, 0xF5, 0xD8, 0xDF, 0xFF, 0xF7, 0xDB, 0xE1, 0xFF,
    0xFA, 0xDD, 0xE4, 0xFF, 0xFB, 0xDF, 0xE6, 0xFF, 0xFC, 0xE1, 0xE8, 0xFF, 0xFE, 0xE3, 0xE9, 0xFF,
    0xFF, 0xE4, 0xEA, 0xFF, 0xFF, 0xE7, 0xED, 0xFF, 0xFF, 0xE9, 0xEF, 0xFF, 0xFF, 0xEA, 0xF1, 0xFF,
    0xFF, 0xED, 0xF2, 0xFF, 0xFF, 0xEE, 0xF4, 0xFF, 0xFF, 0xF1, 0xF5, 0xFF, 0xFF, 0xF2, 0xF6, 0xFF,
    0xFF, 0xF4, 0xF8, 0xFF, 0xFF, 0xF4, 0xF7, 0xFC, 0xFF, 0xFF, 0xFF, 0xFF, 0xF8, 0xF1, 0xF1, 0xBD,
    0x00, 0x00, 0x00, 0x00, 0xFF, 0xFF, 0xFF, 0x01, 0x00, 0x00, 0x00, 0x00, 0x00, 0x00, 0x00, 0x00,
    0x00, 0x00, 0x00, 0x00, 0x00, 0x00, 0x00, 0x00, 0x00, 0x00, 0x00, 0x00, 0x00, 0x00, 0x00, 0x00,
    0x00, 0x00, 0x00, 0x00, 0x7F, 0x7F, 0xFF, 0x02, 0x00, 0x00, 0x00, 0x00, 0x9C, 0x9C, 0xD7, 0x0D,
    0x6A, 0x89, 0xE0, 0x5D, 0x5C, 0x80, 0xDF, 0xB0, 0x4A, 0x7B, 0xE0, 0xFB, 0x3E, 0x7D, 0xE6, 0xFF,
    0x33, 0x79, 0xE5, 0xFE, 0x33, 0x89, 0xE2, 0xFF, 0x45, 0xA4, 0xD8, 0xFF, 0x3F, 0xA2, 0xDB, 0xFF,
    0x3E, 0xA3, 0xDD, 0xFF, 0x40, 0xA4, 0xDD, 0xFF, 0x35, 0xA3, 0xE0, 0xFF, 0x92, 0xB8, 0xD0, 0xFF,
    0xD8, 0xC9, 0xC7, 0xFF, 0xD2, 0xCA, 0xCE, 0xFF, 0xDC, 0xD0, 0xD3, 0xFF, 0xE1, 0xD4, 0xD8, 0xFF,
    0xE6, 0xD8, 0xDC, 0xFF, 0xEB, 0xDC, 0xE0, 0xFF, 0xF0, 0xE0, 0xE4, 0xFF, 0xF4, 0xE4, 0xE9, 0xFF,
    0xF7, 0xE8, 0xEC, 0xFF, 0xF9, 0xEB, 0xEF, 0xFF, 0xFB, 0xED, 0xF1, 0xFF, 0xFC, 0xEE, 0xF2, 0xFF,
    0xFB, 0xEE, 0xF1, 0xFF, 0xF9, 0xEA, 0xEE, 0xFF, 0xF4, 0xE2, 0xE7, 0xFF, 0xED, 0xD6, 0xDC, 0xFF,
    0xEA, 0xD0, 0xD7, 0xFF, 0xEB, 0xCF, 0xD6, 0xFF, 0xEE, 0xD0, 0xD7, 0xFF, 0xF1, 0xD2, 0xDA, 0xFF,
    0xF3, 0xD4, 0xDC, 0xFF, 0xF5, 0xD7, 0xDE, 0xFF, 0xF7, 0xD8, 0xDF, 0xFF, 0xFA, 0xDB, 0xE2, 0xFF,
    0xFC, 0xDD, 0xE4, 0xFF, 0xFC, 0xDE, 0xE5, 0xFF, 0xFE, 0xE1, 0xE8, 0xFF, 0xFF, 0xE3, 0xEA, 0xFF,
    0xFF, 0xE4, 0xEB, 0xFF, 0xFF, 0xE5, 0xEC, 0xFF, 0xFF, 0xE8, 0xEE, 0xFF, 0xFF, 0xEA, 0xF0, 0xFF,
    0xFF, 0xEC, 0xF2, 0xFF, 0xFF, 0xED, 0xF3, 0xFF, 0xFF, 0xF0, 0xF5, 0xFF, 0xFF, 0xF2, 0xF6, 0xFF,
    0xFF, 0xF3, 0xF7, 0xFF, 0xFF, 0xF3, 0xF6, 0xFD, 0xFF, 0xFC, 0xFF, 0xFF, 0xF9, 0xF0, 0xF1, 0xD5,
    0xFF, 0xFF, 0xFF, 0x02, 0x00, 0x00, 0x00, 0x00, 0xFF, 0xFF, 0xFF, 0x01, 0x00, 0x00, 0x00, 0x00,
    0x00, 0x00, 0x00, 0x00, 0x00, 0x00, 0x00, 0x00, 0x00, 0x00, 0x00, 0x00, 0x00, 0x00, 0x00, 0x00,
    0x00, 0x00, 0x00, 0x00, 0x00, 0x00, 0x00, 0x00, 0x55, 0x55, 0xAA, 0x03, 0x00, 0x00, 0x00, 0x00,
    0x00, 0x00, 0x00, 0x00, 0x00, 0x00, 0x00, 0x00, 0x68, 0x8B, 0xDC, 0x42, 0x3B, 0x7F, 0xE1, 0xF4,
    0x2A, 0x7D, 0xE2, 0xFE, 0x20, 0x79, 0xE5, 0xFE, 0x33, 0x8E, 0xDF, 0xFF, 0x47, 0xA5, 0xD8, 0xFF,
    0x42, 0xA2, 0xDB, 0xFF, 0x3C, 0xA2, 0xDD, 0xFF, 0x51, 0xA8, 0xDA, 0xFF, 0xCB, 0xC4, 0xC8, 0xFF,
    0xD4, 0xC8, 0xCA, 0xFF, 0xDA, 0xCB, 0xCF, 0xFF, 0xE0, 0xD0, 0xD4, 0xFF, 0xE5, 0xD5, 0xD9, 0xFF,
    0xEA, 0xD8, 0xDD, 0xFF, 0xEF, 0xDC, 0xE1, 0xFF, 0xF4, 0xE0, 0xE5, 0xFF, 0xF8, 0xE4, 0xE9, 0xFF,
    0xFB, 0xE8, 0xED, 0xFF, 0xFD, 0xEB, 0xF0, 0xFF, 0xFE, 0xED, 0xF2, 0xFF, 0xFF, 0xEF, 0xF3, 0xFF,
    0xFF, 0xEF, 0xF3, 0xFF, 0xFE, 0xEC, 0xF1, 0xFF, 0xFB, 0xE6, 0xEB, 0xFF, 0xF4, 0xDA, 0xE0, 0xFF,
    0xEF, 0xD1, 0xD8, 0xFF, 0xEF, 0xCF, 0xD7, 0xFF, 0xF1, 0xD0, 0xD7, 0xFF, 0xF4, 0xD2, 0xDA, 0xFF,
    0xF6, 0xD4, 0xDC, 0xFF, 0xF8, 0xD6, 0xDE, 0xFF, 0xFA, 0xD8, 0xE0, 0xFF, 0xFC, 0xDB, 0xE2, 0xFF,
    0xFE, 0xDC, 0xE3, 0xFF, 0xFE, 0xDD, 0xE5, 0xFF, 0xFF, 0xE0, 0xE7, 0xFF, 0xFF, 0xE2, 0xEA, 0xFF,
    0xFF, 0xE3, 0xEB, 0xFF, 0xFF, 0xE5, 0xEC, 0xFF, 0xFF, 0xE7, 0xEE, 0xFF, 0xFF, 0xE9, 0xF0, 0xFF,
    0xFF, 0xEB, 0xF1, 0xFF, 0xFF, 0xED, 0xF3, 0xFF, 0xFF, 0xEF, 0xF4, 0xFF, 0xFF, 0xF0, 0xF5, 0xFF,
    0xFF, 0xF1, 0xF6, 0xFF, 0xFF, 0xF2, 0xF5, 0xFD, 0xFF, 0xFA, 0xFD, 0xFF, 0xFA, 0xEF, 0xF0, 0xDA,
    0xCC, 0xCC, 0xCC, 0x05, 0x00, 0x00, 0x00, 0x00, 0xFF, 0xFF, 0xFF, 0x01, 0x00, 0x00, 0x00, 0x00,
    0x00, 0x00, 0x00, 0x00, 0x00, 0x00, 0x00, 0x00, 0x00, 0x00, 0x00, 0x00, 0x00, 0x00, 0x00, 0x00,
    0x00, 0x00, 0x00, 0x00, 0x00, 0x00, 0x00, 0x00, 0x00, 0x00, 0x00, 0x00, 0x00, 0xFF, 0xFF, 0x01,
    0x55, 0xAA, 0xFF, 0x03, 0x00, 0x55, 0xAA, 0x03, 0x00, 0x00, 0x00, 0x00, 0x38, 0x80, 0xDB, 0xC3,
    0x28, 0x82, 0xEA, 0xFF, 0x24, 0x7C, 0xE1, 0xFC, 0x22, 0x7A, 0xE5, 0xFF, 0x36, 0x8F, 0xE0, 0xFF,
    0x4A, 0xA4, 0xD8, 0xFF, 0x3B, 0xA0, 0xDC, 0xFF, 0x80, 0xB1, 0xD3, 0xFF, 0xDA, 0xC8, 0xC6, 0xFF,
    0xD6, 0xC8, 0xCC, 0xFF, 0xDF, 0xCC, 0xD1, 0xFF, 0xE3, 0xD0, 0xD5, 0xFF, 0xE9, 0xD4, 0xDA, 0xFF,
    0xEE, 0xD8, 0xDE, 0xFF, 0xF3, 0xDC, 0xE1, 0xFF, 0xF7, 0xE0, 0xE6, 0xFF, 0xFB, 0xE4, 0xE9, 0xFF,
    0xFE, 0xE7, 0xED, 0xFF, 0xFF, 0xEA, 0xF0, 0xFF, 0xFF, 0xED, 0xF3, 0xFF, 0xFF, 0xEF, 0xF4, 0xFF,
    0xFF, 0xEF, 0xF4, 0xFF, 0xFF, 0xED, 0xF2, 0xFF, 0xFF, 0xE8, 0xEE, 0xFF, 0xFB, 0xDD, 0xE4, 0xFF,
    0xF4, 0xD3, 0xDA, 0xFF, 0xF3, 0xD0, 0xD8, 0xFF, 0xF3, 0xD0, 0xD8, 0xFF, 0xF6, 0xD2, 0xDA, 0xFF,
    0xF8, 0xD4, 0xDC, 0xFF, 0xFB, 0xD6, 0xDE, 0xFF, 0xFC, 0xD7, 0xDF, 0xFF, 0xFE, 0xDA, 0xE2, 0xFF,
    0xFF, 0xDB, 0xE4, 0xFF, 0xFF, 0xDD, 0xE5, 0xFF, 0xFF, 0xDE, 0xE7, 0xFF, 0xFF, 0xE1, 0xE9, 0xFF,
    0xFF, 0xE2, 0xEA, 0xFF, 0xFF, 0xE4, 0xEC, 0xFF, 0xFF, 0xE7, 0xED, 0xFF, 0xFF, 0xE8, 0xEF, 0xFF,
    0xFF, 0xEA, 0xF1, 0xFF, 0xFF, 0xEC, 0xF2, 0xFF, 0xFF, 0xEE, 0xF3, 0xFF, 0xFF, 0xEF, 0xF4, 0xFF,
    0xFF, 0xF0, 0xF5, 0xFF, 0xFF, 0xF0, 0xF4, 0xFD, 0xFF, 0xF9, 0xFC, 0xFF, 0xFA, 0xEE, 0xEF, 0xD4,
    0xFF, 0xFF, 0xFF, 0x01, 0x00, 0x00, 0x00, 0x00, 0xFF, 0x00, 0xFF, 0x01, 0x00, 0x00, 0x00, 0x00,
    0x00, 0x00, 0x00, 0x00, 0x00, 0x00, 0x00, 0x00, 0x00, 0x00, 0x00, 0x00, 0x00, 0x00, 0x00, 0x00,
    0x00, 0x00, 0x00, 0x00, 0x00, 0x00, 0x00, 0x00, 0x00, 0x00, 0x00, 0x00, 0x00, 0x00, 0x00, 0x00,
    0x00, 0x00, 0x00, 0x00, 0x00, 0xFF, 0xFF, 0x01, 0xFF, 0x7F, 0xFF, 0x02, 0x39, 0x81, 0xDC, 0xBF,
    0x2B, 0x82, 0xE9, 0xFF, 0x29, 0x7D, 0xE0, 0xFC, 0x2A, 0x7D, 0xE3, 0xFF, 0x28, 0x7A, 0xE7, 0xFF,
    0x38, 0x8D, 0xE2, 0xFF, 0x42, 0xA0, 0xDA, 0xFF, 0xA4, 0xB9, 0xCD, 0xFF, 0xDE, 0xC8, 0xC7, 0xFF,
    0xDB, 0xC8, 0xCD, 0xFF, 0xE2, 0xCC, 0xD1, 0xFF, 0xE8, 0xD0, 0xD6, 0xFF, 0xED, 0xD3, 0xDA, 0xFF,
    0xF2, 0xD8, 0xDE, 0xFF, 0xF6, 0xDC, 0xE1, 0xFF, 0xFA, 0xDF, 0xE5, 0xFF, 0xFE, 0xE2, 0xE9, 0xFF,
    0xFF, 0xE7, 0xED, 0xFF, 0xFF, 0xEA, 0xF0, 0xFF, 0xFF, 0xEC, 0xF2, 0xFF, 0xFF, 0xEE, 0xF4, 0xFF,
    0xFF, 0xEF, 0xF4, 0xFF, 0xFF, 0xED, 0xF3, 0xFF, 0xFF, 0xE9, 0xF0, 0xFF, 0xFF, 0xDF, 0xE7, 0xFF,
    0xF9, 0xD4, 0xDC, 0xFF, 0xF6, 0xD0, 0xD8, 0xFF, 0xF6, 0xD0, 0xD8, 0xFF, 0xF9, 0xD1, 0xDA, 0xFF,
    0xFB, 0xD3, 0xDC, 0xFF, 0xFC, 0xD5, 0xDD, 0xFF, 0xFE, 0xD7, 0xDF, 0xFF, 0xFF, 0xD9, 0xE2, 0xFF,
    0xFF, 0xDC, 0xE4, 0xFF, 0xFF, 0xDD, 0xE5, 0xFF, 0xFF, 0xDE, 0xE6, 0xFF, 0xFF, 0xE0, 0xE8, 0xFF,
    0xFF, 0xE1, 0xEA, 0xFF, 0xFF, 0xE4, 0xEB, 0xFF, 0xFF, 0xE5, 0xED, 0xFF, 0xFF, 0xE7, 0xEF, 0xFF,
    0xFF, 0xE9, 0xF0, 0xFF, 0xFF, 0xEA, 0xF1, 0xFF, 0xFF, 0xEC, 0xF3, 0xFF, 0xFF, 0xEE, 0xF4, 0xFF,
    0xFF, 0xEF, 0xF4, 0xFF, 0xFF, 0xEF, 0xF3, 0xFC, 0xFF, 0xFA, 0xFE, 0xFF, 0xFA, 0xEB, 0xED, 0xBB,
    0x00, 0x00, 0x00, 0x00, 0xFF, 0xFF, 0xFF, 0x01, 0x00, 0x00, 0x00, 0x00, 0x00, 0x00, 0x00, 0x00,
    0x00, 0x00, 0x00, 0x00, 0x00, 0x00, 0x00, 0x00, 0x00, 0x00, 0x00, 0x00, 0x00, 0x00, 0x00, 0x00,
    0x00, 0x00, 0x00, 0x00, 0x00, 0x00, 0x00, 0x00, 0x00, 0x00, 0x00, 0x00, 0x00, 0x00, 0x00, 0x00,
    0x00, 0x00, 0x00, 0x00, 0x00, 0x00, 0x00, 0x01, 0x02, 0x00, 0x00, 0x00, 0x3D, 0x82, 0xDB, 0xC7,
    0x2E, 0x82, 0xE7, 0xFF, 0x2D, 0x7D, 0xE0, 0xFC, 0x30, 0x7D, 0xE2, 0xFF, 0x32, 0x7D, 0xE4, 0xFF,
    0x30, 0x7A, 0xE9, 0xFF, 0x34, 0x85, 0xE7, 0xFF, 0xB6, 0xBB, 0xCD, 0xFF, 0xE0, 0xC8, 0xC8, 0xFF,
    0xDF, 0xC8, 0xCE, 0xFF, 0xE6, 0xCB, 0xD2, 0xFF, 0xEB, 0xCF, 0xD6, 0xFF, 0xF1, 0xD3, 0xDA, 0xFF,
    0xF6, 0xD7, 0xDE, 0xFF, 0xF9, 0xDA, 0xE1, 0xFF, 0xFE, 0xDF, 0xE5, 0xFF, 0xFF, 0xE2, 0xE9, 0xFF,
    0xFF, 0xE4, 0xEC, 0xFF, 0xFF, 0xE8, 0xEF, 0xFF, 0xFF, 0xEB, 0xF1, 0xFF, 0xFF, 0xED, 0xF3, 0xFF,
    0xFF, 0xEE, 0xF4, 0xFF, 0xFF, 0xED, 0xF3, 0xFF, 0xFF, 0xE9, 0xF0, 0xFF, 0xFF, 0xE0, 0xE8, 0xFF,
    0xFD, 0xD5, 0xDE, 0xFF, 0xFA, 0xD0, 0xD9, 0xFF, 0xF9, 0xCF, 0xD8, 0xFF, 0xFB, 0xD0, 0xDA, 0xFF,
    0xFD, 0xD2, 0xDB, 0xFF, 0xFF, 0xD4, 0xDD, 0xFF, 0xFF, 0xD6, 0xDF, 0xFF, 0xFF, 0xD7, 0xE0, 0xFF,
    0xFF, 0xDA, 0xE3, 0xFF, 0xFF, 0xDC, 0xE5, 0xFF, 0xFF, 0xDE, 0xE6, 0xFF, 0xFF, 0xDF, 0xE8, 0xFF,
    0xFF, 0xE1, 0xE9, 0xFF, 0xFF, 0xE2, 0xEB, 0xFF, 0xFF, 0xE4, 0xEC, 0xFF, 0xFF, 0xE6, 0xEE, 0xFF,
    0xFF, 0xE8, 0xEF, 0xFF, 0xFF, 0xE9, 0xF0, 0xFF, 0xFF, 0xEB, 0xF1, 0xFF, 0xFF, 0xEC, 0xF2, 0xFF,
    0xFF, 0xED, 0xF2, 0xFF, 0xFF, 0xED, 0xF2, 0xFB, 0xFF, 0xFB, 0xFF, 0xFE, 0xF9, 0xEA, 0xEC, 0x8B,
    0x00, 0x00, 0x00, 0x00, 0xFF, 0xBF, 0xBF, 0x04, 0x00, 0x00, 0x00, 0x00, 0x00, 0x00, 0x00, 0x00,
    0x00, 0x00, 0x00, 0x00, 0x00, 0x00, 0x00, 0x00, 0x00, 0x00, 0x00, 0x00, 0x00, 0x00, 0x00, 0x00,
    0x00, 0x00, 0x00, 0x00, 0x00, 0x00, 0x00, 0x00, 0x00, 0x00, 0x00, 0x00, 0x00, 0x00, 0x00, 0x00,
    0x00, 0x00, 0x00, 0x00, 0x00, 0x55, 0xAA, 0x03, 0x00, 0x00, 0x00, 0x00, 0x41, 0x83, 0xDB, 0xAB,
    0x33, 0x84, 0xE8, 0xFE, 0x31, 0x7D, 0xDF, 0xFB, 0x35, 0x7D, 0xE2, 0xFF, 0x38, 0x7D, 0xE3, 0xFF,
    0x39, 0x7E, 0xE5, 0xFF, 0x34, 0x7A, 0xEA, 0xFF, 0xB8, 0xB5, 0xCF, 0xFF, 0xE4, 0xC9, 0xC8, 0xFF,
    0xE2, 0xC7, 0xCE, 0xFF, 0xEA, 0xCB, 0xD2, 0xFF, 0xF0, 0xCE, 0xD6, 0xFF, 0xF4, 0xD2, 0xDA, 0xFF,
    0xF9, 0xD6, 0xDE, 0xFF, 0xFD, 0xD9, 0xE1, 0xFF, 0xFF, 0xDD, 0xE5, 0xFF, 0xFF, 0xE0, 0xE9, 0xFF,
    0xFF, 0xE3, 0xEB, 0xFF, 0xFF, 0xE7, 0xEE, 0xFF, 0xFF, 0xE9, 0xF1, 0xFF, 0xFF, 0xEB, 0xF2, 0xFF,
    0xFF, 0xEC, 0xF3, 0xFF, 0xFF, 0xEB, 0xF2, 0xFF, 0xFF, 0xE8, 0xEF, 0xFF, 0xFF, 0xE0, 0xE8, 0xFF,
    0xFF, 0xD5, 0xDF, 0xFF, 0xFD, 0xCF, 0xD9, 0xFF, 0xFB, 0xCE, 0xD8, 0xFF, 0xFD, 0xD0, 0xD9, 0xFF,
    0xFF, 0xD1, 0xDB, 0xFF, 0xFF, 0xD3, 0xDD, 0xFF, 0xFF, 0xD5, 0xDF, 0xFF, 0xFF, 0xD7, 0xE0, 0xFF,
    0xFF, 0xD9, 0xE2, 0xFF, 0xFF, 0xDA, 0xE4, 0xFF, 0xFF, 0xDC, 0xE5, 0xFF, 0xFF, 0xDE, 0xE7, 0xFF,
    0xFF, 0xDF, 0xE9, 0xFF, 0xFF, 0xE1, 0xEA, 0xFF, 0xFF, 0xE3, 0xEB, 0xFF, 0xFF, 0xE4, 0xED, 0xFF,
    0xFF, 0xE6, 0xEE, 0xFF, 0xFF, 0xE8, 0xEF, 0xFF, 0xFF, 0xE9, 0xF0, 0xFF, 0xFF, 0xEA, 0xF1, 0xFF,
    0xFF, 0xEB, 0xF0, 0xFF, 0xFF, 0xEA, 0xEF, 0xFD, 0xFF, 0xF1, 0xF5, 0xFF, 0xFB, 0xE9, 0xE9, 0x46,
    0x00, 0x00, 0x00, 0x00, 0xFF, 0xFF, 0xFF, 0x03, 0x00, 0x00, 0x00, 0x00, 0x00, 0x00, 0x00, 0x00,
    0x00, 0x00, 0x00, 0x00, 0x00, 0x00, 0x00, 0x00, 0x00, 0x00, 0x00, 0x00, 0x00, 0x00, 0x00, 0x00,
    0x00, 0x00, 0x00, 0x00, 0x00, 0x00, 0x00, 0x00, 0x00, 0x00, 0x00, 0x00, 0x00, 0x00, 0x00, 0x00,
    0x00, 0x00, 0x00, 0x00, 0x3F, 0x7F, 0xBF, 0x04, 0x00, 0x00, 0x00, 0x00, 0x4E, 0x86, 0xDA, 0x68,
    0x3B, 0x85, 0xEA, 0xFF, 0x34, 0x7B, 0xDD, 0xFB, 0x39, 0x7D, 0xE1, 0xFF, 0x3C, 0x7D, 0xE3, 0xFF,
    0x40, 0x7E, 0xE4, 0xFF, 0x35, 0x7B, 0xE8, 0xFF, 0xA9, 0xAF, 0xD2, 0xFF, 0xEB, 0xC9, 0xC8, 0xFF,
    0xE6, 0xC7, 0xCE, 0xFF, 0xED, 0xCA, 0xD1, 0xFF, 0xF3, 0xCD, 0xD5, 0xFF, 0xF8, 0xD1, 0xD9, 0xFF,
    0xFD, 0xD5, 0xDD, 0xFF, 0xFF, 0xD8, 0xE0, 0xFF, 0xFF, 0xDB, 0xE3, 0xFF, 0xFF, 0xDE, 0xE7, 0xFF,
    0xFF, 0xE1, 0xEA, 0xFF, 0xFF, 0xE4, 0xED, 0xFF, 0xFF, 0xE7, 0xEF, 0xFF, 0xFF, 0xE9, 0xF1, 0xFF,
    0xFF, 0xE9, 0xF1, 0xFF, 0xFF, 0xE9, 0xF0, 0xFF, 0xFF, 0xE6, 0xEE, 0xFF, 0xFF, 0xDF, 0xE7, 0xFF,
    0xFF, 0xD4, 0xDE, 0xFF, 0xFE, 0xCE, 0xD8, 0xFF, 0xFE, 0xCE, 0xD7, 0xFF, 0xFF, 0xCE, 0xD8, 0xFF,
    0xFF, 0xD0, 0xDA, 0xFF, 0xFF, 0xD2, 0xDC, 0xFF, 0xFF, 0xD4, 0xDE, 0xFF, 0xFF, 0xD6, 0xDF, 0xFF,
    0xFF, 0xD7, 0xE1, 0xFF, 0xFF, 0xDA, 0xE3, 0xFF, 0xFF, 0xDB, 0xE5, 0xFF, 0xFF, 0xDD, 0xE6, 0xFF,
    0xFF, 0xDE, 0xE7, 0xFF, 0xFF, 0xE0, 0xE9, 0xFF, 0xFF, 0xE1, 0xEA, 0xFF, 0xFF, 0xE3, 0xEB, 0xFF,
    0xFF, 0xE4, 0xEC, 0xFF, 0xFF, 0xE6, 0xED, 0xFF, 0xFF, 0xE7, 0xEE, 0xFF, 0xFF, 0xE8, 0xEF, 0xFF,
    0xFF, 0xE8, 0xED, 0xFD, 0xFF, 0xEF, 0xF3, 0xFE, 0xFC, 0xE5, 0xE9, 0xDE, 0xFF, 0xDF, 0xDF, 0x08,
    0x00, 0x00, 0x00, 0x00, 0xFF, 0xFF, 0xFF, 0x01, 0x00, 0x00, 0x00, 0x00, 0x00, 0x00, 0x00, 0x00,
    0x00, 0x00, 0x00, 0x00, 0x00, 0x00, 0x00, 0x00, 0x00, 0x00, 0x00, 0x00, 0x00, 0x00, 0x00, 0x00,
    0x00, 0x00, 0x00, 0x00, 0x00, 0x00, 0x00, 0x00, 0x00, 0x00, 0x00, 0x00, 0x00, 0x00, 0x00, 0x00,
    0x00, 0x00, 0x00, 0x00, 0x00, 0xFF, 0xFF, 0x01, 0x00, 0x00, 0xFF, 0x01, 0x77, 0x99, 0xDD, 0x0F,
    0x45, 0x7F, 0xDA, 0xE0, 0x3C, 0x80, 0xE7, 0xFF, 0x3B, 0x7B, 0xDE, 0xFB, 0x3F, 0x7D, 0xE1, 0xFF,
    0x44, 0x7E, 0xE3, 0xFF, 0x37, 0x78, 0xE7, 0xFF, 0x8E, 0xA0, 0xD7, 0xFF, 0xEF, 0xC9, 0xC6, 0xFE,
    0xE9, 0xC5, 0xCD, 0xFF, 0xF1, 0xC9, 0xD1, 0xFF, 0xF6, 0xCC, 0xD5, 0xFF, 0xFB, 0xCF, 0xD8, 0xFF,
    0xFF, 0xD2, 0xDC, 0xFF, 0xFF, 0xD6, 0xDF, 0xFF, 0xFF, 0xD9, 0xE2, 0xFF, 0xFF, 0xDC, 0xE5, 0xFF,
    0xFF, 0xDF, 0xE8, 0xFF, 0xFF, 0xE2, 0xEB, 0xFF, 0xFF, 0xE5, 0xED, 0xFF, 0xFF, 0xE6, 0xEF, 0xFF,
    0xFF, 0xE7, 0xEF, 0xFF, 0xFF, 0xE6, 0xEE, 0xFF, 0xFF, 0xE3, 0xEB, 0xFF, 0xFF, 0xDC, 0xE6, 0xFF,
    0xFF, 0xD3, 0xDD, 0xFF, 0xFF, 0xCD, 0xD8, 0xFF, 0xFF, 0xCC, 0xD6, 0xFF, 0xFF, 0xCE, 0xD8, 0xFF,
    0xFF, 0xCF, 0xD9, 0xFF, 0xFF, 0xD1, 0xDB, 0xFF, 0xFF, 0xD3, 0xDD, 0xFF, 0xFF, 0xD4, 0xDF, 0xFF,
    0xFF, 0xD6, 0xE0, 0xFF, 0xFF, 0xD8, 0xE2, 0xFF, 0xFF, 0xD9, 0xE4, 0xFF, 0xFF, 0xDB, 0xE5, 0xFF,
    0xFF, 0xDD, 0xE7, 0xFF, 0xFF, 0xDF, 0xE8, 0xFF, 0xFF, 0xE0, 0xE9, 0xFF, 0xFF, 0xE2, 0xEA, 0xFF,
    0xFF, 0xE3, 0xEB, 0xFF, 0xFF, 0xE4, 0xEC, 0xFF, 0xFF, 0xE5, 0xEC, 0xFF, 0xFF, 0xE6, 0xEC, 0xFF,
    0xFF, 0xE5, 0xEA, 0xFB, 0xFF, 0xF4, 0xF8, 0xFF, 0xFC, 0xE5, 0xE8, 0x70, 0x00, 0x00, 0x00, 0x00,
    0xFF, 0xFF, 0xFF, 0x03, 0x00, 0x00, 0x00, 0x00, 0x00, 0x00, 0x00, 0x00, 0x00, 0x00, 0x00, 0x00,
    0x00, 0x00, 0x00, 0x00, 0x00, 0x00, 0x00, 0x00, 0x00, 0x00, 0x00, 0x00, 0x00, 0x00, 0x00, 0x00,
    0x00, 0x00, 0x00, 0x00, 0x00, 0x00, 0x00, 0x00, 0x00, 0x00, 0x00, 0x00, 0x00, 0x00, 0x00, 0x00,
    0x00, 0x00, 0x00, 0x00, 0x00, 0x00, 0x00, 0x00, 0x7F, 0x7F, 0xFF, 0x02, 0x00, 0x00, 0x00, 0x00,
    0x68, 0x8D, 0xDA, 0x38, 0x4B, 0x82, 0xE1, 0xF1, 0x44, 0x81, 0xE9, 0xFF, 0x41, 0x7A, 0xDF, 0xFD,
    0x45, 0x7C, 0xE1, 0xFB, 0x40, 0x79, 0xE4, 0xFB, 0x63, 0x8A, 0xDE, 0xFF, 0xEA, 0xC6, 0xCB, 0xFF,
    0xED, 0xC5, 0xCB, 0xFE, 0xF4, 0xC8, 0xD0, 0xFF, 0xF9, 0xCA, 0xD3, 0xFF, 0xFE, 0xCD, 0xD7, 0xFF,
    0xFF, 0xD1, 0xDB, 0xFF, 0xFF, 0xD4, 0xDE, 0xFF, 0xFF, 0xD7, 0xE1, 0xFF, 0xFF, 0xDA, 0xE4, 0xFF,
    0xFF, 0xDD, 0xE6, 0xFF, 0xFF, 0xDF, 0xE9, 0xFF, 0xFF, 0xE1, 0xEB, 0xFF, 0xFF, 0xE3, 0xEC, 0xFF,
    0xFF, 0xE4, 0xEC, 0xFF, 0xFF, 0xE3, 0xEB, 0xFF, 0xFF, 0xE0, 0xE8, 0xFF, 0xFF, 0xDA, 0xE3, 0xFF,
    0xFF, 0xD1, 0xDC, 0xFF, 0xFF, 0xCC, 0xD7, 0xFF, 0xFF, 0xCB, 0xD5, 0xFF, 0xFF, 0xCC, 0xD6, 0xFF,
    0xFF, 0xCD, 0xD8, 0xFF, 0xFF, 0xCF, 0xDA, 0xFF, 0xFF, 0xD1, 0xDC, 0xFF, 0xFF, 0xD3, 0xDE, 0xFF,
    0xFF, 0xD5, 0xDF, 0xFF, 0xFF, 0xD6, 0xE1, 0xFF, 0xFF, 0xD8, 0xE2, 0xFF, 0xFF, 0xDA, 0xE4, 0xFF,
    0xFF, 0xDB, 0xE5, 0xFF, 0xFF, 0xDD, 0xE6, 0xFF, 0xFF, 0xDE, 0xE7, 0xFF, 0xFF, 0xDF, 0xE8, 0xFF,
    0xFF, 0xE1, 0xE9, 0xFF, 0xFF, 0xE1, 0xEA, 0xFF, 0xFF, 0xE3, 0xEA, 0xFF, 0xFF, 0xE2, 0xE8, 0xFC,
    0xFF, 0xEB, 0xF0, 0xFF, 0xFD, 0xE1, 0xE4, 0xD7, 0xFF, 0xE2, 0xE2, 0x09, 0xFF, 0xFF, 0xFF, 0x01,
    0xFF, 0xFF, 0xFF, 0x01, 0x00, 0x00, 0x00, 0x00, 0x00, 0x00, 0x00, 0x00, 0x00, 0x00, 0x00, 0x00,
    0x00, 0x00, 0x00, 0x00, 0x00, 0x00, 0x00, 0x00, 0x00, 0x00, 0x00, 0x00, 0x00, 0x00, 0x00, 0x00,
    0x00, 0x00, 0x00, 0x00, 0x00, 0x00, 0x00, 0x00, 0x00, 0x00, 0x00, 0x00, 0x00, 0x00, 0x00, 0x00,
    0x00, 0x00, 0x00, 0x00, 0x00, 0x00, 0x00, 0x00, 0x00, 0x00, 0x00, 0x00, 0x7F, 0x7F, 0xFF, 0x02,
    0x00, 0x00, 0x00, 0x00, 0x6D, 0x8C, 0xD5, 0x31, 0x55, 0x82, 0xE0, 0xC7, 0x50, 0x80, 0xE5, 0xFF,
    0x52, 0x83, 0xEC, 0xFF, 0x58, 0x85, 0xEE, 0xFF, 0x51, 0x7C, 0xE2, 0xFF, 0xC7, 0xB2, 0xCE, 0xF3,
    0xFB, 0xCA, 0xCD, 0xFF, 0xF4, 0xC4, 0xCD, 0xFE, 0xFC, 0xC9, 0xD2, 0xFF, 0xFF, 0xCC, 0xD5, 0xFF,
    0xFF, 0xCE, 0xD8, 0xFF, 0xFF, 0xD1, 0xDC, 0xFF, 0xFF, 0xD4, 0xDF, 0xFF, 0xFF, 0xD7, 0xE1, 0xFF,
    0xFF, 0xDA, 0xE4, 0xFF, 0xFF, 0xDC, 0xE6, 0xFF, 0xFF, 0xDE, 0xE8, 0xFF, 0xFF, 0xE0, 0xE9, 0xFF,
    0xFF, 0xE1, 0xE9, 0xFF, 0xFF, 0xE0, 0xE9, 0xFF, 0xFF, 0xDF, 0xE7, 0xFF, 0xFF, 0xDB, 0xE4, 0xFF,
    0xFF, 0xD2, 0xDE, 0xFF, 0xFF, 0xCD, 0xD8, 0xFF, 0xFF, 0xCB, 0xD5, 0xFF, 0xFF, 0xCB, 0xD6, 0xFF,
    0xFF, 0xCC, 0xD7, 0xFF, 0xFF, 0xCD, 0xD8, 0xFF, 0xFF, 0xCF, 0xDA, 0xFF, 0xFF, 0xD1, 0xDC, 0xFF,
    0xFF, 0xD3, 0xDE, 0xFF, 0xFF, 0xD5, 0xDF, 0xFF, 0xFF, 0xD6, 0xE0, 0xFF, 0xFF, 0xD8, 0xE2, 0xFF,
    0xFF, 0xD9, 0xE3, 0xFF, 0xFF, 0xDB, 0xE4, 0xFF, 0xFF, 0xDC, 0xE5, 0xFF, 0xFF, 0xDD, 0xE6, 0xFF,
    0xFF, 0xDE, 0xE7, 0xFF, 0xFF, 0xDF, 0xE7, 0xFF, 0xFF, 0xDF, 0xE6, 0xFD, 0xFF, 0xE2, 0xE8, 0xFD,
    0xFF, 0xE4, 0xE8, 0xFB, 0xFF, 0xE0, 0xE0, 0x3A, 0x00, 0x00, 0x00, 0x00, 0xFF, 0xAA, 0xAA, 0x03,
    0x00, 0x00, 0x00, 0x00, 0x00, 0x00, 0x00, 0x00, 0x00, 0x00, 0x00, 0x00, 0x00, 0x00, 0x00, 0x00,
    0x00, 0x00, 0x00, 0x00, 0x00, 0x00, 0x00, 0x00, 0x00, 0x00, 0x00, 0x00, 0x00, 0x00, 0x00, 0x00,
    0x00, 0x00, 0x00, 0x00, 0x00, 0x00, 0x00, 0x00, 0x00, 0x00, 0x00, 0x00, 0x00, 0x00, 0x00, 0x00,
    0x00, 0x00, 0x00, 0x00, 0x00, 0x00, 0x00, 0x00, 0x00, 0x00, 0x00, 0x00, 0x00, 0x00, 0x00, 0x00,
    0x7F, 0x7F, 0xFF, 0x02, 0x00, 0x00, 0x00, 0x00, 0x03, 0x01, 0x00, 0x00, 0x70, 0x8B, 0xE3, 0x42,
    0x67, 0x83, 0xDE, 0x7E, 0x6D, 0x86, 0xDF, 0x7B, 0x6D, 0x83, 0xE4, 0x3A, 0xDD, 0xC0, 0xD1, 0x2D,
    0xF6, 0xC7, 0xCD, 0xF3, 0xFC, 0xC9, 0xD1, 0xFF, 0xFD, 0xC6, 0xCF, 0xFC, 0xFF, 0xCA, 0xD4, 0xFF,
    0xFF, 0xCC, 0xD6, 0xFF, 0xFF, 0xCE, 0xD9, 0xFF, 0xFF, 0xD2, 0xDC, 0xFF, 0xFF, 0xD4, 0xDF, 0xFF,
    0xFF, 0xD7, 0xE1, 0xFF, 0xFF, 0xD8, 0xE3, 0xFF, 0xFF, 0xDB, 0xE5, 0xFF, 0xFF, 0xDD, 0xE6, 0xFF,
    0xFF, 0xDD, 0xE6, 0xFF, 0xFF, 0xDE, 0xE7, 0xFF, 0xFF, 0xDF, 0xE8, 0xFF, 0xFF, 0xDD, 0xE7, 0xFF,
    0xFF, 0xD7, 0xE2, 0xFF, 0xFF, 0xD0, 0xDB, 0xFF, 0xFF, 0xCD, 0xD7, 0xFF, 0xFF, 0xCB, 0xD6, 0xFF,
    0xFF, 0xCB, 0xD6, 0xFF, 0xFF, 0xCC, 0xD7, 0xFF, 0xFF, 0xCD, 0xD8, 0xFF, 0xFF, 0xCF, 0xDA, 0xFF,
    0xFF, 0xD1, 0xDC, 0xFF, 0xFF, 0xD2, 0xDD, 0xFF, 0xFF, 0xD4, 0xDF, 0xFF, 0xFF, 0xD5, 0xE0, 0xFF,
    0xFF, 0xD7, 0xE1, 0xFF, 0xFF, 0xD8, 0xE2, 0xFF, 0xFF, 0xD9, 0xE3, 0xFF, 0xFF, 0xDA, 0xE3, 0xFF,
    0xFF, 0xDC, 0xE4, 0xFF, 0xFF, 0xDB, 0xE3, 0xFC, 0xFF, 0xDD, 0xE4, 0xFF, 0xFF, 0xE5, 0xEA, 0xFF,
    0xFF, 0xD9, 0xDF, 0x60, 0x00, 0x00, 0x00, 0x00, 0xFF, 0xAA, 0xAA, 0x03, 0x00, 0x00, 0x00, 0x00,
    0x00, 0x00, 0x00, 0x00, 0x00, 0x00, 0x00, 0x00, 0x00, 0x00, 0x00, 0x00, 0x00, 0x00, 0x00, 0x00,
    0x00, 0x00, 0x00, 0x00, 0x00, 0x00, 0x00, 0x00, 0x00, 0x00, 0x00, 0x00, 0x00, 0x00, 0x00, 0x00,
    0x00, 0x00, 0x00, 0x00, 0x00, 0x00, 0x00, 0x00, 0x00, 0x00, 0x00, 0x00, 0x00, 0x00, 0x00, 0x00,
    0x00, 0x00, 0x00, 0x00, 0x00, 0x00, 0x00, 0x00, 0x00, 0x00, 0x00, 0x00, 0x00, 0x00, 0x00, 0x00,
    0x00, 0x00, 0x00, 0x00, 0x7F, 0x7F, 0xFF, 0x02, 0x00, 0x00, 0x00, 0x00, 0x00, 0x00, 0x00, 0x00,
    0x00, 0x00, 0x00, 0x00, 0x00, 0x00, 0x00, 0x00, 0x00, 0x00, 0x00, 0x00, 0x00, 0x00, 0x00, 0x00,
    0xF5, 0xC6, 0xCC, 0x51, 0xFD, 0xCB, 0xD1, 0xFD, 0xFF, 0xCA, 0xD2, 0xFF, 0xFF, 0xC6, 0xD0, 0xFB,
    0xFF, 0xC8, 0xD3, 0xFE, 0xFF, 0xCB, 0xD6, 0xFF, 0xFF, 0xCE, 0xD9, 0xFF, 0xFF, 0xD0, 0xDC, 0xFF,
    0xFF, 0xD3, 0xDE, 0xFF, 0xFF, 0xD5, 0xDF, 0xFF, 0xFF, 0xD7, 0xE0, 0xFF, 0xFF, 0xD8, 0xE2, 0xFF,
    0xFF, 0xDB, 0xE3, 0xFF, 0xFF, 0xDE, 0xE6, 0xFF, 0xFF, 0xE0, 0xE9, 0xFF, 0xFF, 0xE1, 0xEA, 0xFF,
    0xFF, 0xDC, 0xE6, 0xFF, 0xFF, 0xD6, 0xE0, 0xFF, 0xFF, 0xD1, 0xDB, 0xFF, 0xFF, 0xCD, 0xD8, 0xFF,
    0xFF, 0xCB, 0xD6, 0xFF, 0xFF, 0xCB, 0xD6, 0xFF, 0xFF, 0xCB, 0xD6, 0xFF, 0xFF, 0xCC, 0xD8, 0xFF,
    0xFF, 0xCE, 0xD9, 0xFF, 0xFF, 0xD0, 0xDB, 0xFF, 0xFF, 0xD1, 0xDC, 0xFF, 0xFF, 0xD3, 0xDE, 0xFF,
    0xFF, 0xD4, 0xDE, 0xFF, 0xFF, 0xD5, 0xDF, 0xFF, 0xFF, 0xD6, 0xDF, 0xFF, 0xFF, 0xD6, 0xDF, 0xFD,
    0xFF, 0xD7, 0xDF, 0xFB, 0xFF, 0xE0, 0xE7, 0xFF, 0xFF, 0xDC, 0xE2, 0xFA, 0xFF, 0xD7, 0xD9, 0x60,
    0x00, 0x00, 0x00, 0x00, 0xFF, 0xFF, 0xFF, 0x03, 0x00, 0x00, 0x00, 0x00, 0x00, 0x00, 0x00, 0x00,
    0x00, 0x00, 0x00, 0x00, 0x00, 0x00, 0x00, 0x00, 0x00, 0x00, 0x00, 0x00, 0x00, 0x00, 0x00, 0x00,
    0x00, 0x00, 0x00, 0x00, 0x00, 0x00, 0x00, 0x00, 0x00, 0x00, 0x00, 0x00, 0x00, 0x00, 0x00, 0x00,
    0x00, 0x00, 0x00, 0x00, 0x00, 0x00, 0x00, 0x00, 0x00, 0x00, 0x00, 0x00, 0x00, 0x00, 0x00, 0x00,
    0x00, 0x00, 0x00, 0x00, 0x00, 0x00, 0x00, 0x00, 0x00, 0x00, 0x00, 0x00, 0x00, 0x00, 0x00, 0x00,
    0x00, 0x00, 0x00, 0x00, 0x00, 0x00, 0x00, 0x00, 0x00, 0x00, 0x00, 0x01, 0x55, 0x55, 0xAA, 0x03,
    0x3F, 0x7F, 0xBF, 0x04, 0x3F, 0x7F, 0xBF, 0x04, 0x55, 0x55, 0xAA, 0x03, 0xBF, 0xBF, 0xBF, 0x04,
    0x00, 0x00, 0x00, 0x00, 0xFB, 0xC6, 0xCA, 0x4D, 0xFF, 0xCA, 0xD2, 0xE9, 0xFF, 0xD2, 0xDB, 0xFF,
    0xFF, 0xC8, 0xD2, 0xFF, 0xFF, 0xC8, 0xD2, 0xFC, 0xFF, 0xCA, 0xD5, 0xFB, 0xFF, 0xCC, 0xD7, 0xFC,
    0xFF, 0xCD, 0xD9, 0xFD, 0xFF, 0xD0, 0xDA, 0xFD, 0xFF, 0xD2, 0xDC, 0xFD, 0xFF, 0xD4, 0xDE, 0xFD,
    0xFF, 0xD7, 0xE0, 0xFD, 0xFF, 0xDA, 0xE3, 0xFD, 0xFF, 0xDC, 0xE6, 0xFD, 0xFF, 0xDD, 0xE6, 0xFD,
    0xFF, 0xDB, 0xE4, 0xFD, 0xFF, 0xD8, 0xE1, 0xFD, 0xFF, 0xD3, 0xDE, 0xFD, 0xFF, 0xCF, 0xDA, 0xFD,
    0xFF, 0xCC, 0xD7, 0xFD, 0xFF, 0xCA, 0xD5, 0xFD, 0xFF, 0xC9, 0xD4, 0xFD, 0xFF, 0xCA, 0xD5, 0xFD,
    0xFF, 0xCB, 0xD6, 0xFD, 0xFF, 0xCC, 0xD7, 0xFD, 0xFF, 0xCD, 0xD8, 0xFD, 0xFF, 0xCE, 0xD9, 0xFD,
    0xFF, 0xD0, 0xDA, 0xFC, 0xFF, 0xD1, 0xDB, 0xFB, 0xFF, 0xD1, 0xDA, 0xFE, 0xFF, 0xD9, 0xE2, 0xFF,
    0xFF, 0xDF, 0xE7, 0xFF, 0xFF, 0xD7, 0xDD, 0xCE, 0xFF, 0xD2, 0xD6, 0x39, 0x00, 0x00, 0x00, 0x00,
    0xFF, 0xFF, 0xFF, 0x03, 0x00, 0x00, 0x00, 0x00, 0x00, 0x00, 0x00, 0x00, 0x00, 0x00, 0x00, 0x00,
    0x00, 0x00, 0x00, 0x00, 0x00, 0x00, 0x00, 0x00, 0x00, 0x00, 0x00, 0x00, 0x00, 0x00, 0x00, 0x00,
    0x00, 0x00, 0x00, 0x00, 0x00, 0x00, 0x00, 0x00, 0x00, 0x00, 0x00, 0x00, 0x00, 0x00, 0x00, 0x00,
    0x00, 0x00, 0x00, 0x00, 0x00, 0x00, 0x00, 0x00, 0x00, 0x00, 0x00, 0x00, 0x00, 0x00, 0x00, 0x00,
    0x00, 0x00, 0x00, 0x00, 0x00, 0x00, 0x00, 0x00, 0x00, 0x00, 0x00, 0x00, 0x00, 0x00, 0x00, 0x00,
    0x00, 0x00, 0x00, 0x00, 0x00, 0x00, 0x00, 0x00, 0x00, 0x00, 0x00, 0x00, 0x00, 0x00, 0x00, 0x00,
    0x00, 0x00, 0x00, 0x00, 0x00, 0x00, 0x00, 0x00, 0x00, 0x00, 0x00, 0x00, 0x00, 0x00, 0x00, 0x00,
    0xFF, 0xAA, 0xAA, 0x03, 0x00, 0x00, 0x00, 0x00, 0xFF, 0xCA, 0xD3, 0x1D, 0xFF, 0xCB, 0xD2, 0x9A,
    0xFF, 0xC9, 0xD2, 0xEF, 0xFF, 0xD0, 0xDA, 0xFF, 0xFF, 0xD3, 0xDE, 0xFF, 0xFF, 0xD2, 0xDD, 0xFF,
    0xFF, 0xD1, 0xDC, 0xFF, 0xFF, 0xD3, 0xDE, 0xFF, 0xFF, 0xD5, 0xDF, 0xFF, 0xFF, 0xD7, 0xE1, 0xFF,
    0xFF, 0xD9, 0xE4, 0xFF, 0xFF, 0xDA, 0xE6, 0xFF, 0xFF, 0xDB, 0xE7, 0xFF, 0xFF, 0xDC, 0xE7, 0xFF,
    0xFF, 0xDC, 0xE7, 0xFF, 0xFF, 0xDA, 0xE6, 0xFF, 0xFF, 0xD8, 0xE4, 0xFF, 0xFF, 0xD6, 0xE2, 0xFF,
    0xFF, 0xD4, 0xE0, 0xFF, 0xFF, 0xD2, 0xDE, 0xFF, 0xFF, 0xD1, 0xDC, 0xFF, 0xFF, 0xD0, 0xDB, 0xFF,
    0xFF, 0xCF, 0xDA, 0xFF, 0xFF, 0xD0, 0xDA, 0xFF, 0xFF, 0xD0, 0xDB, 0xFF, 0xFF, 0xD3, 0xDE, 0xFF,
    0xFF, 0xD7, 0xE1, 0xFF, 0xFF, 0xD8, 0xE2, 0xFF, 0xFF, 0xD0, 0xD9, 0xFF, 0xFF, 0xD1, 0xD9, 0xD1,
    0xFF, 0xD3, 0xD8, 0x69, 0xFF, 0xD4, 0xD4, 0x06, 0x00, 0x00, 0x00, 0x00, 0xFF, 0xAA, 0xAA, 0x03,
    0x00, 0x00, 0x00, 0x00, 0x00, 0x00, 0x00, 0x00, 0x00, 0x00, 0x00, 0x00, 0x00, 0x00, 0x00, 0x00,
    0x00, 0x00, 0x00, 0x00, 0x00, 0x00, 0x00, 0x00, 0x00, 0x00, 0x00, 0x00, 0x00, 0x00, 0x00, 0x00,
    0x00, 0x00, 0x00, 0x00, 0x00, 0x00, 0x00, 0x00, 0x00, 0x00, 0x00, 0x00, 0x00, 0x00, 0x00, 0x00,
    0x00, 0x00, 0x00, 0x00, 0x00, 0x00, 0x00, 0x00, 0x00, 0x00, 0x00, 0x00, 0x00, 0x00, 0x00, 0x00,
    0x00, 0x00, 0x00, 0x00, 0x00, 0x00, 0x00, 0x00, 0x00, 0x00, 0x00, 0x00, 0x00, 0x00, 0x00, 0x00,
    0x00, 0x00, 0x00, 0x00, 0x00, 0x00, 0x00, 0x00, 0x00, 0x00, 0x00, 0x00, 0x00, 0x00, 0x00, 0x00,
    0x00, 0x00, 0x00, 0x00, 0x00, 0x00, 0x00, 0x00, 0x00, 0x00, 0x00, 0x00, 0x00, 0x00, 0x00, 0x00,
    0x00, 0x00, 0x00, 0x00, 0xFF, 0xAA, 0xAA, 0x03, 0x00, 0x00, 0x00, 0x00, 0x00, 0x00, 0x00, 0x00,
    0xFF, 0xCD, 0xD7, 0x1A, 0xFF, 0xCD, 0xD2, 0x5C, 0xFF, 0xC7, 0xD0, 0x94, 0xFF, 0xC7, 0xCF, 0xBB,
    0xFF, 0xC7, 0xCF, 0xCE, 0xFF, 0xC8, 0xD2, 0xD2, 0xFF, 0xC9, 0xD1, 0xD1, 0xFF, 0xC8, 0xD2, 0xCE,
    0xFF, 0xC9, 0xD3, 0xCC, 0xFF, 0xC8, 0xD3, 0xCB, 0xFF, 0xC8, 0xD3, 0xCB, 0xFF, 0xC8, 0xD3, 0xCB,
    0xFF, 0xC8, 0xD3, 0xCB, 0xFF, 0xC8, 0xD3, 0xCB, 0xFF, 0xC8, 0xD1, 0xCB, 0xFF, 0xC8, 0xD1, 0xCB,
    0xFF, 0xC8, 0xD0, 0xCC, 0xFF, 0xC8, 0xD0, 0xCD, 0xFF, 0xC8, 0xD1, 0xCF, 0xFF, 0xC8, 0xD1, 0xD3,
    0xFF, 0xC9, 0xD1, 0xD5, 0xFF, 0xC7, 0xD0, 0xD7, 0xFF, 0xC9, 0xD1, 0xD5, 0xFF, 0xC8, 0xD0, 0xCB,
    0xFF, 0xC9, 0xD2, 0xAC, 0xFF, 0xCB, 0xD3, 0x7C, 0xFF, 0xD3, 0xD7, 0x3A, 0xFF, 0xFF, 0xAA, 0x03,
    0x00, 0x00, 0x00, 0x00, 0x00, 0x00, 0x00, 0x00, 0xFF, 0xFF, 0xFF, 0x02, 0x00, 0x00, 0x00, 0x00,
    0x00, 0x00, 0x00, 0x00, 0x00, 0x00, 0x00, 0x00, 0x00, 0x00, 0x00, 0x00, 0x00, 0x00, 0x00, 0x00,
    0x00, 0x00, 0x00, 0x00, 0x00, 0x00, 0x00, 0x00, 0x00, 0x00, 0x00, 0x00, 0x00, 0x00, 0x00, 0x00,
    0x00, 0x00, 0x00, 0x00, 0x00, 0x00, 0x00, 0x00, 0x00, 0x00, 0x00, 0x00, 0x00, 0x00, 0x00, 0x00,
    0x00, 0x00, 0x00, 0x00, 0x00, 0x00, 0x00, 0x00, 0x00, 0x00, 0x00, 0x00, 0x00, 0x00, 0x00, 0x00,
    0x00, 0x00, 0x00, 0x00, 0x00, 0x00, 0x00, 0x00, 0x00, 0x00, 0x00, 0x00, 0x00, 0x00, 0x00, 0x00,
    0x00, 0x00, 0x00, 0x00, 0x00, 0x00, 0x00, 0x00, 0x00, 0x00, 0x00, 0x00, 0x00, 0x00, 0x00, 0x00,
    0x00, 0x00, 0x00, 0x00, 0x00, 0x00, 0x00, 0x00, 0x00, 0x00, 0x00, 0x00, 0x00, 0x00, 0x00, 0x00,
    0x00, 0x00, 0x00, 0x00, 0x00, 0x00, 0x00, 0x00, 0xFF, 0x7F, 0x7F, 0x02, 0xFF, 0xFF, 0xFF, 0x02,
    0x00, 0x00, 0x00, 0x00, 0x00, 0x00, 0x00, 0x00, 0x00, 0x00, 0x00, 0x00, 0x00, 0x00, 0x00, 0x00,
    0x00, 0x00, 0x00, 0x00, 0x00, 0x01, 0x01, 0x00, 0x00, 0x00, 0x00, 0x00, 0x00, 0x00, 0x00, 0x00,
    0x00, 0x00, 0x00, 0x00, 0x00, 0x00, 0x00, 0x00, 0x00, 0x00, 0x00, 0x00, 0x00, 0x00, 0x00, 0x00,
    0x00, 0x00, 0x00, 0x00, 0x00, 0x00, 0x00, 0x00, 0x00, 0x00, 0x00, 0x00, 0x00, 0x00, 0x00, 0x00,
    0x00, 0x00, 0x00, 0x00, 0x00, 0x00, 0x00, 0x00, 0x00, 0x00, 0x00, 0x00, 0xFF, 0xFF, 0xFF, 0x01,
    0xFF, 0xFF, 0xFF, 0x02, 0xFF, 0xFF, 0xFF, 0x03, 0xFF, 0xFF, 0xFF, 0x02, 0x00, 0x00, 0x00, 0x00,
    0x00, 0x00, 0x00, 0x00, 0x00, 0x00, 0x00, 0x00, 0x00, 0x00, 0x00, 0x00, 0x00, 0x00, 0x00, 0x00,
    0xFF, 0xFF, 0xFF, 0x03, 0xFF, 0xFF, 0xFF, 0x01, 0x00, 0x00, 0x00, 0x00, 0x00, 0x00, 0x00, 0x00,
    0x00, 0x00, 0x00, 0x00, 0x00, 0x00, 0x00, 0x00, 0x00, 0x00, 0x00, 0x00, 0x00, 0x00, 0x00, 0x00,
    0x00, 0x00, 0x00, 0x00, 0x00, 0x00, 0x00, 0x00, 0x00, 0x00, 0x00, 0x00, 0x00, 0x00, 0x00, 0x00,
    0x00, 0x00, 0x00, 0x00, 0x00, 0x00, 0x00, 0x00, 0x00, 0x00, 0x00, 0x00, 0x00, 0x00, 0x00, 0x00,
    0x00, 0x00, 0x00, 0x00, 0x00, 0x00, 0x00, 0x00, 0x00, 0x00, 0x00, 0x00, 0x00, 0x00, 0x00, 0x00,
    0x00, 0x00, 0x00, 0x00, 0x00, 0x00, 0x00, 0x00, 0x00, 0x00, 0x00, 0x00, 0x00, 0x00, 0x00, 0x00,
    0x00, 0x00, 0x00, 0x00, 0x00, 0x00, 0x00, 0x00, 0x00, 0x00, 0x00, 0x00, 0x00, 0x00, 0x00, 0x00,
    0x00, 0x00, 0x00, 0x00, 0x00, 0x00, 0x00, 0x00, 0x00, 0x00, 0x00, 0x00, 0x00, 0x00, 0x00, 0x00,
    0x00, 0x00, 0x00, 0x00, 0x00, 0x00, 0x00, 0x00, 0x00, 0x00, 0x00, 0x00, 0x00, 0x00, 0x00, 0x00,
    0xFF, 0x7F, 0x7F, 0x02, 0xFF, 0xBF, 0xBF, 0x04, 0xFF, 0xFF, 0xFF, 0x03, 0xFF, 0x7F, 0x7F, 0x02,
    0x00, 0x00, 0x00, 0x00, 0x00, 0x00, 0x00, 0x00, 0x00, 0x00, 0x00, 0x00, 0x00, 0x00, 0x00, 0x00,
    0x00, 0x00, 0x00, 0x00, 0x00, 0x00, 0x00, 0x00, 0x00, 0x00, 0x00, 0x00, 0x00, 0x00, 0x00, 0x00,
    0x00, 0x00, 0x00, 0x00, 0x00, 0x00, 0x00, 0x00, 0x00, 0x00, 0x00, 0x00, 0x00, 0x00, 0x00, 0x00,
    0x00, 0x00, 0x00, 0x00, 0x00, 0x00, 0x00, 0x00, 0x00, 0x00, 0x00, 0x00, 0x00, 0x00, 0x00, 0x00,
    0x00, 0x00, 0x00, 0x00, 0x00, 0x00, 0x00, 0x00, 0x00, 0x00, 0x00, 0x00, 0x00, 0x00, 0x00, 0x00,
    0xFF, 0xFF, 0xFF, 0x02, 0xFF, 0xBF, 0xBF, 0x04, 0xFF, 0xAA, 0xAA, 0x03, 0xFF, 0xFF, 0xFF, 0x01,
    0x00, 0x00, 0x00, 0x00, 0x00, 0x00, 0x00, 0x00, 0x00, 0x00, 0x00, 0x00, 0x00, 0x00, 0x00, 0x00,
    0x00, 0x00, 0x00, 0x00, 0x00, 0x00, 0x00, 0x00, 0x00, 0x00, 0x00, 0x00, 0x00, 0x00, 0x00, 0x00,
    0x00, 0x00, 0x00, 0x00, 0x00, 0x00, 0x00, 0x00, 0x00, 0x00, 0x00, 0x00, 0x00, 0x00, 0x00, 0x00,
    0x00, 0x00, 0x00, 0x00, 0x00, 0x00, 0x00, 0x00, 0x00, 0x00, 0x00, 0x00, 0x00, 0x00, 0x00, 0x00,
    0x00, 0x00, 0x00, 0x00, 0x00, 0x00, 0x00, 0x00, 0x00, 0x00, 0x00, 0x00, 0x00, 0x00, 0x00, 0x00,
    0x00, 0x00, 0x00, 0x00, 0x00, 0x00, 0x00, 0x00, 0x00, 0x00, 0x00, 0x00, 0x00, 0x00, 0x00, 0x00,
    0x00, 0x00, 0x00, 0x00, 0x00, 0x00, 0x00, 0x00, 0x00, 0x00, 0x00, 0x00, 0x00, 0x00, 0x00, 0x00,
    0x00, 0x00, 0x00, 0x00, 0x00, 0x00, 0x00, 0x00, 0x00, 0x00, 0x00, 0x00, 0x00, 0x00, 0x00, 0x00,
    0x00, 0x00, 0x00, 0x00, 0x00, 0x00, 0x00, 0x00, 0x00, 0x00, 0x00, 0x00, 0x00, 0x00, 0x00, 0x00,
    0x00, 0x00, 0x00, 0x00, 0x00, 0x00, 0x00, 0x00, 0x00, 0x00, 0x00, 0x00, 0x00, 0x00, 0x00, 0x00,
    0x00, 0x00, 0x00, 0x00, 0xFF, 0x00, 0x00, 0x01, 0xFF, 0x00, 0x00, 0x01, 0x00, 0x00, 0x00, 0x00,
    0x00, 0x00, 0x00, 0x00, 0x00, 0x00, 0x00, 0x00, 0x00, 0x00, 0x00, 0x00, 0x00, 0x00, 0x00, 0x00,
    0x00, 0x00, 0x00, 0x00, 0x00, 0x00, 0x00, 0x00, 0x00, 0x00, 0x00, 0x00, 0x00, 0x00, 0x00, 0x00,
    0x00, 0x00, 0x00, 0x00, 0x00, 0x00, 0x00, 0x00, 0x00, 0x00, 0x00, 0x00, 0xFF, 0x00, 0x00, 0x01,
    0xFF, 0x00, 0xFF, 0x01, 0xFF, 0xFF, 0xFF, 0x01, 0xFF, 0x00, 0xFF, 0x01, 0x00, 0x00, 0x00, 0x00,
    0x00, 0x00, 0x00, 0x00, 0x00, 0x00, 0x00, 0x00, 0x00, 0x00, 0x00, 0x00, 0x00, 0x00, 0x00, 0x00,
    0x00, 0x00, 0x00, 0x00, 0x00, 0x00, 0x00, 0x00, 0x00, 0x00, 0x00, 0x00, 0x00, 0x00, 0x00, 0x00,
    0x00, 0x00, 0x00, 0x00, 0x00, 0x00, 0x00, 0x00, 0x00, 0x00, 0x00, 0x00, 0x00, 0x00, 0x00, 0x00,
    0x00, 0x00, 0x00, 0x00, 0x00, 0x00, 0x00, 0x00, 0x00, 0x00, 0x00, 0x00, 0x00, 0x00, 0x00, 0x00,
    0x00, 0x00, 0x00, 0x00, 0x00, 0x00, 0x00, 0x00, 0x00, 0x00, 0x00, 0x00, 0x00, 0x00, 0x00, 0x00,
    0x00, 0x00, 0x00, 0x00, 0x00, 0x00, 0x00, 0x00, 0x00, 0x00, 0x00, 0x00, 0x00, 0x00, 0x00, 0x00,
    0x00, 0x00, 0x00, 0x00, 0x00, 0x00, 0x00, 0x00, 0x00, 0x00, 0x00, 0x00, 0x00, 0x00, 0x00, 0x00,
    0x00, 0x00, 0x00, 0x00, 0x00, 0x00, 0x00, 0x00, 0x00, 0x00, 0x00, 0x00, 0x00, 0x00, 0x00, 0x00,
    0x00, 0x00, 0x00, 0x00, 0x00, 0x00, 0x00, 0x00, 0x00, 0x00, 0x00, 0x00, 0x00, 0x00, 0x00, 0x00,
    0x00, 0x00, 0x00, 0x00, 0x00, 0x00, 0x00, 0x00, 0x00, 0x00, 0x00, 0x00, 0x00, 0x00, 0x00, 0x00,
    0x00, 0x00, 0x00, 0x00, 0x00, 0x00, 0x00, 0x00, 0x00, 0x00, 0x00, 0x00, 0x00, 0x00, 0x00, 0x00,
    0x00, 0x00, 0x00, 0x00, 0x00, 0x00, 0x00, 0x00, 0x00, 0x00, 0x00, 0x00, 0x00, 0x00, 0x00, 0x00,
    0x00, 0x00, 0x00, 0x00, 0x00, 0x00, 0x00, 0x00, 0x00, 0x00, 0x00, 0x00, 0x00, 0x00, 0x00, 0x00,
    0x00, 0x00, 0x00, 0x00, 0x00, 0x00, 0x00, 0x00, 0x00, 0x00, 0x00, 0x00, 0x00, 0x00, 0x00, 0x00,
    0x00, 0x00, 0x00, 0x00, 0x00, 0x00, 0x00, 0x00, 0x00, 0x00, 0x00, 0x00, 0x00, 0x00, 0x00, 0x00,
    0x00, 0x00, 0x00, 0x00, 0x00, 0x00, 0x00, 0x00, 0x00, 0x00, 0x00, 0x00, 0x00, 0x00, 0x00, 0x00,
    0x00, 0x00, 0x00, 0x00, 0x00, 0x00, 0x00, 0x00, 0x00, 0x00, 0x00, 0x00, 0x00, 0x00, 0x00, 0x00,
    0x00, 0x00, 0x00, 0x00, 0x00, 0x00, 0x00, 0x00, 0x00, 0x00, 0x00, 0x00, 0x00, 0x00, 0x00, 0x00,
    0x00, 0x00, 0x00, 0x00, 0x00, 0x00, 0x00, 0x00, 0x00, 0x00, 0x00, 0x00, 0x00, 0x00, 0x00, 0x00,
    0x00, 0x00, 0x00, 0x00, 0x00, 0x00, 0x00, 0x00, 0x00, 0x00, 0x00, 0x00, 0x00, 0x00, 0x00, 0x00,
};

const lv_image_dsc_t UI_IMG_WMO_MAINLY_CLEAR_PNG = {
    .header.w     = 64,
    .header.h     = 64,
    .data_size    = sizeof(UI_IMG_WMO_MAINLY_CLEAR_PNG_DATA),
    .header.cf    = LV_COLOR_FORMAT_ARGB8888,
    .header.magic = LV_IMAGE_HEADER_MAGIC,
    .data         = UI_IMG_WMO_MAINLY_CLEAR_PNG_DATA};
