// Auto-generated from wmo-thunderstorm.png — 64x64 ARGB8888
#include "../../ui.h"

#ifndef LV_ATTRIBUTE_MEM_ALIGN
#    define LV_ATTRIBUTE_MEM_ALIGN
#endif

const LV_ATTRIBUTE_MEM_ALIGN uint8_t UI_IMG_WMO_THUNDERSTORM_PNG_DATA[] = {
    0x00, 0x00, 0x00, 0x00, 0x00, 0x00, 0x00, 0x00, 0x00, 0x00, 0x00, 0x00, 0x00, 0x00, 0x00, 0x00,
    0x00, 0x00, 0x00, 0x00, 0x00, 0x00, 0x00, 0x00, 0x00, 0x00, 0x00, 0x00, 0x00, 0x00, 0x00, 0x00,
    0x00, 0x00, 0x00, 0x00, 0x00, 0x00, 0x00, 0x00, 0x00, 0x00, 0x00, 0x00, 0x00, 0x00, 0x00, 0x00,
    0x00, 0x00, 0x00, 0x00, 0x00, 0x00, 0x00, 0x00, 0x00, 0x00, 0x00, 0x00, 0x00, 0x00, 0x00, 0x00,
    0x00, 0x00, 0x00, 0x00, 0x00, 0x00, 0x00, 0x00, 0x00, 0x00, 0x00, 0x00, 0x00, 0x00, 0x00, 0x00,
    0x00, 0x00, 0x00, 0x00, 0x00, 0x00, 0x00, 0x00, 0x00, 0x00, 0x00, 0x00, 0x00, 0x00, 0x00, 0x00,
    0x00, 0x00, 0x00, 0x00, 0x00, 0x00, 0x00, 0x00, 0x00, 0x00, 0x00, 0x00, 0x00, 0x00, 0x00, 0x00,
    0x00, 0x00, 0x00, 0x00, 0x00, 0x00, 0x00, 0x00, 0x00, 0x00, 0x00, 0x00, 0x00, 0x00, 0x00, 0x00,
    0x00, 0x00, 0x00, 0x00, 0x00, 0x00, 0x00, 0x00, 0x00, 0x00, 0x00, 0x00, 0x00, 0x00, 0x00, 0x00,
    0x00, 0x00, 0x00, 0x00, 0x00, 0x00, 0x00, 0x00, 0x00, 0x00, 0x00, 0x00, 0x00, 0x00, 0x00, 0x00,
    0x00, 0x00, 0x00, 0x00, 0x00, 0x00, 0x00, 0x00, 0x00, 0x00, 0x00, 0x00, 0x00, 0x00, 0x00, 0x00,
    0x00, 0x00, 0x00, 0x00, 0x00, 0x00, 0x00, 0x00, 0x00, 0x00, 0x00, 0x00, 0x00, 0x00, 0x00, 0x00,
    0x00, 0x00, 0x00, 0x00, 0x00, 0x00, 0x00, 0x00, 0x00, 0x00, 0x00, 0x00, 0x00, 0x00, 0x00, 0x00,
    0x00, 0x00, 0x00, 0x00, 0x00, 0x00, 0x00, 0x00, 0x00, 0x00, 0x00, 0x00, 0x00, 0x00, 0x00, 0x00,
    0x00, 0x00, 0x00, 0x00, 0x00, 0x00, 0x00, 0x00, 0x00, 0x00, 0x00, 0x00, 0x00, 0x00, 0x00, 0x00,
    0x00, 0x00, 0x00, 0x00, 0x00, 0x00, 0x00, 0x00, 0x00, 0x00, 0x00, 0x00, 0x00, 0x00, 0x00, 0x00,
    0x00, 0x00, 0x00, 0x00, 0x00, 0x00, 0x00, 0x00, 0x00, 0x00, 0x00, 0x00, 0x00, 0x00, 0x00, 0x00,
    0x00, 0x00, 0x00, 0x00, 0x00, 0x00, 0x00, 0x00, 0x00, 0x00, 0x00, 0x00, 0x00, 0x00, 0x00, 0x00,
    0x00, 0x00, 0x00, 0x00, 0x00, 0x00, 0x00, 0x00, 0x00, 0x00, 0x00, 0x00, 0x00, 0x00, 0x00, 0x00,
    0x00, 0x00, 0x00, 0x00, 0x00, 0x00, 0x00, 0x00, 0x00, 0x00, 0x00, 0x00, 0x00, 0x00, 0x00, 0x00,
    0x00, 0x00, 0x00, 0x00, 0x00, 0x00, 0x00, 0x00, 0x00, 0x00, 0x00, 0x00, 0x00, 0x00, 0x00, 0x00,
    0x00, 0x00, 0x00, 0x00, 0x00, 0x00, 0x00, 0x00, 0x00, 0x00, 0x00, 0x00, 0x00, 0x00, 0x00, 0x00,
    0x00, 0x00, 0x00, 0x00, 0x00, 0x00, 0x00, 0x00, 0x00, 0x00, 0x00, 0x00, 0x00, 0x00, 0x00, 0x00,
    0x00, 0x00, 0x00, 0x00, 0x00, 0x00, 0x00, 0x00, 0x00, 0x00, 0x00, 0x00, 0x00, 0x00, 0x00, 0x00,
    0x00, 0x00, 0x00, 0x00, 0x00, 0x00, 0x00, 0x00, 0x00, 0x00, 0x00, 0x00, 0x00, 0x00, 0x00, 0x00,
    0x00, 0x00, 0x00, 0x00, 0x00, 0x00, 0x00, 0x00, 0x00, 0x00, 0x00, 0x00, 0x00, 0x00, 0x00, 0x00,
    0x00, 0x00, 0x00, 0x01, 0xFF, 0x00, 0x00, 0x01, 0xFF, 0x00, 0x00, 0x01, 0x00, 0x00, 0x00, 0x00,
    0x00, 0x00, 0x00, 0x00, 0x00, 0x00, 0x00, 0x00, 0x00, 0x00, 0x00, 0x00, 0x00, 0x00, 0x00, 0x00,
    0x00, 0x00, 0x00, 0x00, 0x00, 0x00, 0x00, 0x00, 0x00, 0x00, 0x00, 0x00, 0x00, 0x00, 0x00, 0x00,
    0x00, 0x00, 0x00, 0x00, 0x00, 0x00, 0x00, 0x00, 0x00, 0x00, 0x00, 0x00, 0x00, 0x00, 0x00, 0x00,
    0x00, 0x00, 0x00, 0x00, 0x00, 0x00, 0x00, 0x00, 0x00, 0x00, 0x00, 0x00, 0x00, 0x00, 0x00, 0x00,
    0x00, 0x00, 0x00, 0x00, 0x00, 0x00, 0x00, 0x00, 0x00, 0x00, 0x00, 0x00, 0x00, 0x00, 0x00, 0x00,
    0x00, 0x00, 0x00, 0x00, 0x00, 0x00, 0x00, 0x00, 0x00, 0x00, 0x00, 0x00, 0x00, 0x00, 0x00, 0x00,
    0x00, 0x00, 0x00, 0x00, 0x00, 0x00, 0x00, 0x00, 0x00, 0x00, 0x00, 0x00, 0x00, 0x00, 0x00, 0x00,
    0x00, 0x00, 0x00, 0x00, 0x00, 0x00, 0x00, 0x00, 0x00, 0x00, 0x00, 0x00, 0x00, 0x00, 0x00, 0x00,
    0x00, 0x00, 0x00, 0x00, 0x00, 0x00, 0x00, 0x00, 0x00, 0x00, 0x00, 0x00, 0x00, 0x00, 0x00, 0x00,
    0x00, 0x00, 0x00, 0x00, 0x00, 0x00, 0x00, 0x00, 0x00, 0x00, 0x00, 0x00, 0x00, 0x00, 0x00, 0x00,
    0x00, 0x00, 0x00, 0x00, 0x00, 0x00, 0x00, 0x00, 0x00, 0x00, 0x00, 0x00, 0x00, 0x00, 0x00, 0x00,
    0x00, 0x00, 0x00, 0x00, 0x00, 0x00, 0x00, 0x00, 0x00, 0x00, 0x00, 0x00, 0x00, 0x00, 0x00, 0x00,
    0x00, 0x00, 0x00, 0x00, 0x00, 0x00, 0x00, 0x00, 0x00, 0x00, 0x00, 0x00, 0x00, 0x00, 0x00, 0x00,
    0x00, 0x00, 0x00, 0x00, 0x00, 0x00, 0x00, 0x00, 0x00, 0x00, 0x00, 0x00, 0x00, 0x00, 0x00, 0x00,
    0x7F, 0x7F, 0x7F, 0x02, 0xBF, 0x3F, 0x3F, 0x04, 0xBF, 0x3F, 0x3F, 0x04, 0xFF, 0x00, 0x00, 0x02,
    0x00, 0x00, 0x00, 0x00, 0x00, 0x00, 0x00, 0x00, 0x00, 0x00, 0x00, 0x00, 0x00, 0x00, 0x00, 0x00,
    0xFF, 0x55, 0x55, 0x03, 0xFF, 0x3F, 0x3F, 0x04, 0xFF, 0x55, 0x55, 0x03, 0xFF, 0x00, 0x00, 0x01,
    0x00, 0x00, 0x00, 0x00, 0x00, 0x00, 0x00, 0x00, 0x00, 0x00, 0x00, 0x00, 0x00, 0x00, 0x00, 0x00,
    0x00, 0x00, 0x00, 0x00, 0x00, 0x00, 0x00, 0x00, 0x00, 0x00, 0x00, 0x00, 0x00, 0x00, 0x00, 0x00,
    0x00, 0x00, 0x00, 0x00, 0x00, 0x00, 0x00, 0x00, 0x00, 0x00, 0x00, 0x00, 0x00, 0x00, 0x00, 0x00,
    0x00, 0x00, 0x00, 0x00, 0x00, 0x00, 0x00, 0x00, 0x00, 0x00, 0x00, 0x00, 0x00, 0x00, 0x00, 0x00,
    0x00, 0x00, 0x00, 0x00, 0x00, 0x00, 0x00, 0x00, 0x00, 0x00, 0x00, 0x00, 0x00, 0x00, 0x00, 0x00,
    0x00, 0x00, 0x00, 0x00, 0x00, 0x00, 0x00, 0x00, 0x00, 0x00, 0x00, 0x00, 0x00, 0x00, 0x00, 0x00,
    0x00, 0x00, 0x00, 0x00, 0x00, 0x00, 0x00, 0x00, 0x00, 0x00, 0x00, 0x00, 0x00, 0x00, 0x00, 0x00,
    0x00, 0x00, 0x00, 0x00, 0x00, 0x00, 0x00, 0x00, 0x00, 0x00, 0x00, 0x00, 0x00, 0x00, 0x00, 0x00,
    0x00, 0x00, 0x00, 0x00, 0x00, 0x00, 0x00, 0x00, 0x00, 0x00, 0x00, 0x00, 0x00, 0x00, 0x00, 0x00,
    0x00, 0x00, 0x00, 0x00, 0x00, 0x00, 0x00, 0x00, 0x00, 0x00, 0x00, 0x00, 0x00, 0x00, 0x00, 0x00,
    0x00, 0x00, 0x00, 0x00, 0x00, 0x00, 0x00, 0x00, 0x00, 0x00, 0x00, 0x00, 0x00, 0x00, 0x00, 0x00,
    0x00, 0x00, 0x00, 0x00, 0x00, 0x00, 0x00, 0x00, 0x00, 0x00, 0x00, 0x00, 0x00, 0x00, 0x00, 0x00,
    0x00, 0x00, 0x00, 0x00, 0x00, 0x00, 0x00, 0x01, 0xAA, 0x55, 0x55, 0x03, 0xFF, 0x00, 0x00, 0x01,
    0x00, 0x00, 0x00, 0x00, 0x00, 0x00, 0x00, 0x00, 0x00, 0x00, 0x00, 0x00, 0x00, 0x00, 0x00, 0x00,
    0x00, 0xFF, 0xFF, 0x01, 0xBF, 0x7F, 0x7F, 0x08, 0xB6, 0x91, 0x6D, 0x07, 0x00, 0x01, 0x00, 0x00,
    0x00, 0x00, 0x00, 0x00, 0x00, 0x00, 0x00, 0x00, 0x00, 0x00, 0x00, 0x00, 0x00, 0x00, 0x00, 0x00,
    0xFF, 0x55, 0x55, 0x03, 0xFF, 0x7F, 0x7F, 0x02, 0x00, 0x00, 0x00, 0x00, 0x00, 0x00, 0x00, 0x00,
    0x00, 0x00, 0x00, 0x00, 0x00, 0x00, 0x00, 0x00, 0x00, 0x00, 0x00, 0x00, 0x00, 0x00, 0x00, 0x00,
    0x00, 0x00, 0x00, 0x00, 0x00, 0x00, 0x00, 0x00, 0x00, 0x00, 0x00, 0x00, 0x00, 0x00, 0x00, 0x00,
    0x00, 0x00, 0x00, 0x00, 0x00, 0x00, 0x00, 0x00, 0x00, 0x00, 0x00, 0x00, 0x00, 0x00, 0x00, 0x00,
    0x00, 0x00, 0x00, 0x00, 0x00, 0x00, 0x00, 0x00, 0x00, 0x00, 0x00, 0x00, 0x00, 0x00, 0x00, 0x00,
    0x00, 0x00, 0x00, 0x00, 0x00, 0x00, 0x00, 0x00, 0x00, 0x00, 0x00, 0x00, 0x00, 0x00, 0x00, 0x00,
    0x00, 0x00, 0x00, 0x00, 0x00, 0x00, 0x00, 0x00, 0x00, 0x00, 0x00, 0x00, 0x00, 0x00, 0x00, 0x00,
    0x00, 0x00, 0x00, 0x00, 0x00, 0x00, 0x00, 0x00, 0x00, 0x00, 0x00, 0x00, 0x00, 0x00, 0x00, 0x00,
    0x00, 0x00, 0x00, 0x00, 0x00, 0x00, 0x00, 0x00, 0x00, 0x00, 0x00, 0x00, 0x00, 0x00, 0x00, 0x00,
    0x00, 0x00, 0x00, 0x00, 0x00, 0x00, 0x00, 0x00, 0x00, 0x00, 0x00, 0x00, 0x00, 0x00, 0x00, 0x00,
    0x00, 0x00, 0x00, 0x00, 0x00, 0x00, 0x00, 0x00, 0x00, 0x00, 0x00, 0x00, 0x00, 0x00, 0x00, 0x00,
    0x00, 0x00, 0x00, 0x00, 0x00, 0x00, 0x00, 0x00, 0x00, 0x00, 0x00, 0x00, 0x00, 0x00, 0x00, 0x00,
    0xAA, 0x55, 0x55, 0x03, 0x00, 0x00, 0x00, 0x00, 0x00, 0x00, 0x00, 0x00, 0x00, 0x00, 0x00, 0x00,
    0xBA, 0x59, 0x60, 0x25, 0xC7, 0x51, 0x59, 0x61, 0xCD, 0x4E, 0x56, 0x96, 0xD0, 0x49, 0x54, 0xBE,
    0xD6, 0x49, 0x54, 0xD4, 0xD9, 0x48, 0x54, 0xE0, 0xDC, 0x49, 0x55, 0xDD, 0xDF, 0x4D, 0x58, 0xCD,
    0xE0, 0x4E, 0x5A, 0xB2, 0xE2, 0x51, 0x5D, 0x86, 0xE6, 0x59, 0x63, 0x4A, 0xD2, 0x69, 0x78, 0x11,
    0x00, 0x00, 0x00, 0x00, 0x00, 0x00, 0x00, 0x00, 0xFF, 0x7F, 0x7F, 0x02, 0x7F, 0x7F, 0x7F, 0x02,
    0x00, 0x00, 0x00, 0x00, 0x00, 0x00, 0x00, 0x00, 0x00, 0x00, 0x00, 0x00, 0x00, 0x00, 0x00, 0x00,
    0x00, 0x00, 0x00, 0x00, 0x00, 0x00, 0x00, 0x00, 0x00, 0x00, 0x00, 0x00, 0x00, 0x00, 0x00, 0x00,
    0x00, 0x00, 0x00, 0x00, 0x00, 0x00, 0x00, 0x00, 0x00, 0x00, 0x00, 0x00, 0x00, 0x00, 0x00, 0x00,
    0x00, 0x00, 0x00, 0x00, 0x00, 0x00, 0x00, 0x00, 0x00, 0x00, 0x00, 0x00, 0x00, 0x00, 0x00, 0x00,
    0x00, 0x00, 0x00, 0x00, 0x00, 0x00, 0x00, 0x00, 0x00, 0x00, 0x00, 0x00, 0x00, 0x00, 0x00, 0x00,
    0x00, 0x00, 0x00, 0x00, 0x00, 0x00, 0x00, 0x00, 0x00, 0x00, 0x00, 0x00, 0x00, 0x00, 0x00, 0x00,
    0x00, 0x00, 0x00, 0x00, 0x00, 0x00, 0x00, 0x00, 0x00, 0x00, 0x00, 0x00, 0x00, 0x00, 0x00, 0x00,
    0x00, 0x00, 0x00, 0x00, 0x00, 0x00, 0x00, 0x00, 0x00, 0x00, 0x00, 0x00, 0x00, 0x00, 0x00, 0x00,
    0x00, 0x00, 0x00, 0x00, 0x00, 0x00, 0x00, 0x00, 0x00, 0x00, 0x00, 0x00, 0x00, 0x00, 0x00, 0x00,
    0x00, 0x00, 0x00, 0x00, 0x00, 0x00, 0x00, 0x00, 0x00, 0x00, 0x00, 0x00, 0x00, 0x00, 0x00, 0x00,
    0x00, 0x00, 0x00, 0x00, 0x00, 0x00, 0x00, 0x00, 0xFF, 0x00, 0x00, 0x01, 0xAA, 0x55, 0x55, 0x03,
    0x00, 0x00, 0x00, 0x00, 0x55, 0xAA, 0xAA, 0x03, 0xBD, 0x50, 0x55, 0x56, 0xC4, 0x48, 0x50, 0xBA,
    0xC9, 0x42, 0x4D, 0xF8, 0xDC, 0x43, 0x4F, 0xFF, 0xE4, 0x41, 0x4F, 0xFF, 0xE7, 0x3E, 0x4D, 0xFF,
    0xE9, 0x3D, 0x4D, 0xFF, 0xEC, 0x3C, 0x4D, 0xFF, 0xEF, 0x3E, 0x4F, 0xFF, 0xF5, 0x42, 0x52, 0xFF,
    0xFB, 0x45, 0x55, 0xFF, 0xFF, 0x49, 0x59, 0xFF, 0xF9, 0x4C, 0x5B, 0xFF, 0xF1, 0x4E, 0x5D, 0xE6,
    0xF0, 0x56, 0x62, 0x99, 0xE6, 0x5D, 0x66, 0x34, 0x00, 0x00, 0x00, 0x00, 0x00, 0x00, 0x00, 0x00,
    0xFF, 0x55, 0x55, 0x03, 0x00, 0x00, 0x00, 0x00, 0x00, 0x00, 0x00, 0x00, 0x00, 0x00, 0x00, 0x00,
    0x00, 0x00, 0x00, 0x00, 0x00, 0x00, 0x00, 0x00, 0x00, 0x00, 0x00, 0x00, 0x00, 0x00, 0x00, 0x00,
    0x00, 0x00, 0x00, 0x00, 0x00, 0x00, 0x00, 0x00, 0x00, 0x00, 0x00, 0x00, 0x00, 0x00, 0x00, 0x00,
    0x00, 0x00, 0x00, 0x00, 0x00, 0x00, 0x00, 0x00, 0x00, 0x00, 0x00, 0x00, 0x00, 0x00, 0x00, 0x00,
    0x00, 0x00, 0x00, 0x00, 0x00, 0x00, 0x00, 0x00, 0x00, 0x00, 0x00, 0x00, 0x00, 0x00, 0x00, 0x00,
    0x00, 0x00, 0x00, 0x00, 0x00, 0x00, 0x00, 0x00, 0x00, 0x00, 0x00, 0x00, 0x00, 0x00, 0x00, 0x00,
    0x00, 0x00, 0x00, 0x00, 0x00, 0x00, 0x00, 0x00, 0x00, 0x00, 0x00, 0x00, 0x00, 0x00, 0x00, 0x00,
    0x00, 0x00, 0x00, 0x00, 0x00, 0x00, 0x00, 0x00, 0x00, 0x00, 0x00, 0x00, 0x00, 0x00, 0x00, 0x00,
    0x00, 0x00, 0x00, 0x00, 0xFF, 0x7F, 0x7F, 0x02, 0xBF, 0x3F, 0x3F, 0x04, 0xAA, 0x55, 0x55, 0x03,
    0xFF, 0x7F, 0x7F, 0x02, 0xAA, 0x55, 0x55, 0x03, 0xBF, 0x3F, 0x3F, 0x04, 0xAA, 0x55, 0x55, 0x03,
    0x00, 0x00, 0x00, 0x00, 0x7F, 0x7F, 0x7F, 0x02, 0x00, 0x00, 0x00, 0x00, 0x00, 0x00, 0x00, 0x00,
    0xB4, 0x51, 0x55, 0x4B, 0xBF, 0x46, 0x4D, 0xCC, 0xCE, 0x40, 0x4B, 0xFF, 0xD6, 0x3A, 0x47, 0xFF,
    0xD5, 0x34, 0x43, 0xFF, 0xDA, 0x33, 0x42, 0xFC, 0xE0, 0x33, 0x44, 0xFB, 0xE4, 0x33, 0x44, 0xFC,
    0xE8, 0x35, 0x46, 0xFD, 0xED, 0x36, 0x48, 0xFD, 0xF0, 0x38, 0x4A, 0xFD, 0xF3, 0x3A, 0x4C, 0xFD,
    0xF6, 0x3C, 0x4D, 0xFC, 0xF7, 0x3E, 0x50, 0xFB, 0xF9, 0x41, 0x52, 0xFD, 0xFF, 0x46, 0x57, 0xFF,
    0xFF, 0x4E, 0x5E, 0xFF, 0xF8, 0x51, 0x5F, 0xFD, 0xF5, 0x59, 0x65, 0xA3, 0xE8, 0x61, 0x69, 0x22,
    0x00, 0x00, 0x00, 0x00, 0xFF, 0x55, 0x55, 0x03, 0x00, 0x00, 0x00, 0x00, 0x00, 0x00, 0x00, 0x00,
    0x00, 0x00, 0x00, 0x00, 0x00, 0x00, 0x00, 0x00, 0x00, 0x00, 0x00, 0x00, 0x00, 0x00, 0x00, 0x00,
    0x00, 0x00, 0x00, 0x00, 0x00, 0x00, 0x00, 0x00, 0x00, 0x00, 0x00, 0x00, 0x00, 0x00, 0x00, 0x00,
    0x00, 0x00, 0x00, 0x00, 0x00, 0x00, 0x00, 0x00, 0x00, 0x00, 0x00, 0x00, 0x00, 0x00, 0x00, 0x00,
    0x00, 0x00, 0x00, 0x00, 0x00, 0x00, 0x00, 0x00, 0x00, 0x00, 0x00, 0x00, 0x00, 0x00, 0x00, 0x00,
    0x00, 0x00, 0x00, 0x00, 0x00, 0x00, 0x00, 0x00, 0x00, 0x00, 0x00, 0x00, 0x00, 0x00, 0x00, 0x00,
    0x00, 0x00, 0x00, 0x00, 0x00, 0x00, 0x00, 0x00, 0x00, 0x00, 0x00, 0x00, 0x00, 0x00, 0x00, 0x00,
    0x00, 0x00, 0x00, 0x00, 0x00, 0x00, 0x00, 0x00, 0x00, 0x00, 0x00, 0x00, 0x7F, 0x7F, 0x7F, 0x02,
    0x7F, 0x00, 0x00, 0x02, 0x00, 0x00, 0x00, 0x00, 0x00, 0x00, 0x00, 0x00, 0x00, 0x00, 0x00, 0x00,
    0x00, 0x00, 0x00, 0x00, 0x00, 0x00, 0x00, 0x00, 0x00, 0x00, 0x00, 0x00, 0x00, 0x00, 0x00, 0x00,
    0xFF, 0x00, 0x00, 0x01, 0x00, 0x00, 0x00, 0x00, 0x8D, 0x71, 0x71, 0x09, 0xB6, 0x48, 0x4F, 0x9A,
    0xC4, 0x40, 0x49, 0xFF, 0xCD, 0x37, 0x43, 0xFF, 0xCE, 0x30, 0x3E, 0xFC, 0xD6, 0x30, 0x3F, 0xFC,
    0xDC, 0x2F, 0x40, 0xFE, 0xE2, 0x30, 0x41, 0xFF, 0xE7, 0x30, 0x42, 0xFF, 0xEB, 0x32, 0x44, 0xFF,
    0xF0, 0x33, 0x46, 0xFF, 0xF3, 0x35, 0x48, 0xFF, 0xF7, 0x38, 0x4A, 0xFF, 0xFA, 0x3A, 0x4C, 0xFF,
    0xFC, 0x3C, 0x4F, 0xFF, 0xFD, 0x40, 0x51, 0xFF, 0xFE, 0x42, 0x54, 0xFF, 0xFD, 0x45, 0x56, 0xFE,
    0xFF, 0x47, 0x58, 0xFB, 0xFF, 0x49, 0x5A, 0xFE, 0xFF, 0x53, 0x64, 0xFF, 0xFA, 0x57, 0x65, 0xED,
    0xF1, 0x5E, 0x67, 0x5E, 0x00, 0x00, 0x00, 0x00, 0xFF, 0x7F, 0x7F, 0x02, 0xFF, 0x00, 0x00, 0x01,
    0x00, 0x00, 0x00, 0x00, 0x00, 0x00, 0x00, 0x00, 0x00, 0x00, 0x00, 0x00, 0x00, 0x00, 0x00, 0x00,
    0x00, 0x00, 0x00, 0x00, 0x00, 0x00, 0x00, 0x00, 0x00, 0x00, 0x00, 0x00, 0x00, 0x00, 0x00, 0x00,
    0x00, 0x00, 0x00, 0x00, 0x00, 0x00, 0x00, 0x00, 0x00, 0x00, 0x00, 0x00, 0x00, 0x00, 0x00, 0x00,
    0x00, 0x00, 0x00, 0x00, 0x00, 0x00, 0x00, 0x00, 0x00, 0x00, 0x00, 0x00, 0x00, 0x00, 0x00, 0x00,
    0x00, 0x00, 0x00, 0x00, 0x00, 0x00, 0x00, 0x00, 0x00, 0x00, 0x00, 0x00, 0x00, 0x00, 0x00, 0x00,
    0x00, 0x00, 0x00, 0x00, 0x00, 0x00, 0x00, 0x00, 0x00, 0x00, 0x00, 0x00, 0x00, 0x00, 0x00, 0x00,
    0x00, 0x00, 0x00, 0x00, 0x00, 0x00, 0x00, 0x00, 0xAA, 0x55, 0x55, 0x03, 0x00, 0x00, 0x00, 0x00,
    0x00, 0x00, 0x00, 0x00, 0xB8, 0x56, 0x5C, 0x2F, 0xC3, 0x51, 0x57, 0x77, 0xC6, 0x4D, 0x57, 0xA7,
    0xCA, 0x4E, 0x57, 0xBA, 0xD0, 0x50, 0x5A, 0xAF, 0xD5, 0x55, 0x5F, 0x86, 0xD8, 0x5C, 0x68, 0x42,
    0x00, 0x01, 0x00, 0x00, 0xAD, 0x5B, 0x5B, 0x19, 0xB8, 0x45, 0x4C, 0xC7, 0xCA, 0x3C, 0x46, 0xFF,
    0xC7, 0x2F, 0x3C, 0xFC, 0xCE, 0x2E, 0x3C, 0xFD, 0xD6, 0x2D, 0x3D, 0xFF, 0xDD, 0x2D, 0x3E, 0xFF,
    0xE2, 0x2D, 0x3F, 0xFF, 0xE7, 0x2E, 0x40, 0xFF, 0xEC, 0x2F, 0x41, 0xFF, 0xF1, 0x31, 0x44, 0xFF,
    0xF5, 0x33, 0x46, 0xFF, 0xF8, 0x35, 0x48, 0xFF, 0xFC, 0x38, 0x4B, 0xFF, 0xFE, 0x3B, 0x4D, 0xFF,
    0xFF, 0x3E, 0x50, 0xFF, 0xFF, 0x41, 0x52, 0xFF, 0xFF, 0x44, 0x55, 0xFF, 0xFF, 0x46, 0x58, 0xFF,
    0xFF, 0x49, 0x5A, 0xFF, 0xFF, 0x4C, 0x5C, 0xFF, 0xFF, 0x4D, 0x5D, 0xFB, 0xFF, 0x51, 0x61, 0xFF,
    0xFF, 0x5B, 0x69, 0xFF, 0xF7, 0x5E, 0x6A, 0x89, 0x00, 0x00, 0x00, 0x00, 0xFF, 0x7F, 0x7F, 0x02,
    0xFF, 0x00, 0x00, 0x01, 0x00, 0x00, 0x00, 0x00, 0x00, 0x00, 0x00, 0x00, 0x00, 0x00, 0x00, 0x00,
    0x00, 0x00, 0x00, 0x00, 0x00, 0x00, 0x00, 0x00, 0x00, 0x00, 0x00, 0x00, 0x00, 0x00, 0x00, 0x00,
    0x00, 0x00, 0x00, 0x00, 0x00, 0x00, 0x00, 0x00, 0x00, 0x00, 0x00, 0x00, 0x00, 0x00, 0x00, 0x00,
    0x00, 0x00, 0x00, 0x00, 0x00, 0x00, 0x00, 0x00, 0x00, 0x00, 0x00, 0x00, 0x00, 0x00, 0x00, 0x00,
    0x00, 0x00, 0x00, 0x00, 0x00, 0x00, 0x00, 0x00, 0x00, 0x00, 0x00, 0x00, 0x00, 0x00, 0x00, 0x00,
    0x00, 0x00, 0x00, 0x00, 0x00, 0x00, 0x00, 0x00, 0x00, 0x00, 0x00, 0x00, 0x00, 0x00, 0x00, 0x00,
    0x00, 0x00, 0x00, 0x00, 0xAA, 0x55, 0x55, 0x03, 0x00, 0x00, 0x00, 0x00, 0xA7, 0x57, 0x57, 0x26,
    0xBA, 0x49, 0x50, 0xAE, 0xC1, 0x43, 0x4C, 0xFD, 0xD3, 0x42, 0x4F, 0xFF, 0xD8, 0x40, 0x4E, 0xFF,
    0xDB, 0x41, 0x50, 0xFF, 0xE0, 0x44, 0x53, 0xFF, 0xE3, 0x4A, 0x58, 0xFF, 0xE0, 0x51, 0x5C, 0xFF,
    0xCF, 0x55, 0x5C, 0xC3, 0xB1, 0x42, 0x48, 0xD7, 0xC9, 0x38, 0x42, 0xFF, 0xC6, 0x2D, 0x3A, 0xFA,
    0xCF, 0x2D, 0x3B, 0xFF, 0xD7, 0x2B, 0x3B, 0xFF, 0xDD, 0x2B, 0x3C, 0xFF, 0xE2, 0x2B, 0x3D, 0xFF,
    0xE7, 0x2C, 0x3F, 0xFF, 0xED, 0x2E, 0x40, 0xFF, 0xF2, 0x2F, 0x42, 0xFF, 0xF5, 0x32, 0x45, 0xFF,
    0xF9, 0x35, 0x47, 0xFF, 0xFC, 0x37, 0x4A, 0xFF, 0xFE, 0x3A, 0x4D, 0xFF, 0xFF, 0x3D, 0x4F, 0xFF,
    0xFF, 0x40, 0x51, 0xFF, 0xFF, 0x43, 0x54, 0xFF, 0xFF, 0x45, 0x57, 0xFF, 0xFF, 0x48, 0x59, 0xFF,
    0xFF, 0x4B, 0x5C, 0xFF, 0xFF, 0x4D, 0x5E, 0xFF, 0xFF, 0x50, 0x60, 0xFF, 0xFF, 0x51, 0x60, 0xFE,
    0xFF, 0x52, 0x62, 0xFB, 0xFF, 0x5E, 0x6E, 0xFF, 0xF9, 0x60, 0x6C, 0x97, 0x00, 0x00, 0x00, 0x00,
    0xFF, 0x3F, 0x7F, 0x04, 0xFF, 0x00, 0x00, 0x01, 0x00, 0x00, 0x00, 0x00, 0x00, 0x00, 0x00, 0x00,
    0x00, 0x00, 0x00, 0x00, 0x00, 0x00, 0x00, 0x00, 0x00, 0x00, 0x00, 0x00, 0x00, 0x00, 0x00, 0x00,
    0x00, 0x00, 0x00, 0x00, 0x00, 0x00, 0x00, 0x00, 0x00, 0x00, 0x00, 0x00, 0x00, 0x00, 0x00, 0x00,
    0x00, 0x00, 0x00, 0x00, 0x00, 0x00, 0x00, 0x00, 0x00, 0x00, 0x00, 0x00, 0x00, 0x00, 0x00, 0x00,
    0x00, 0x00, 0x00, 0x00, 0x00, 0x00, 0x00, 0x00, 0x00, 0x00, 0x00, 0x00, 0x00, 0x00, 0x00, 0x00,
    0x00, 0x00, 0x00, 0x00, 0x00, 0x00, 0x00, 0x00, 0x00, 0x00, 0x00, 0x00, 0x00, 0x00, 0x00, 0x00,
    0x55, 0x55, 0x55, 0x03, 0x00, 0x00, 0x00, 0x00, 0xA3, 0x4C, 0x50, 0x46, 0xB5, 0x43, 0x4B, 0xED,
    0xC7, 0x3B, 0x45, 0xFF, 0xC3, 0x32, 0x3F, 0xFE, 0xCA, 0x31, 0x40, 0xFB, 0xCE, 0x32, 0x41, 0xFC,
    0xD1, 0x35, 0x44, 0xFC, 0xD1, 0x39, 0x47, 0xFC, 0xD1, 0x3D, 0x4B, 0xFB, 0xCC, 0x43, 0x4D, 0xFE,
    0xC2, 0x46, 0x4C, 0xFF, 0xC0, 0x35, 0x3E, 0xFF, 0xC4, 0x2D, 0x38, 0xFD, 0xCD, 0x2B, 0x39, 0xFF,
    0xD5, 0x2A, 0x39, 0xFF, 0xDB, 0x29, 0x3A, 0xFF, 0xE0, 0x2A, 0x3B, 0xFF, 0xE6, 0x2B, 0x3D, 0xFF,
    0xEB, 0x2C, 0x3F, 0xFF, 0xF1, 0x2F, 0x41, 0xFF, 0xF4, 0x31, 0x43, 0xFF, 0xF8, 0x33, 0x46, 0xFF,
    0xFB, 0x36, 0x48, 0xFF, 0xFE, 0x39, 0x4B, 0xFF, 0xFF, 0x3C, 0x4D, 0xFF, 0xFF, 0x3F, 0x50, 0xFF,
    0xFF, 0x42, 0x52, 0xFF, 0xFF, 0x45, 0x55, 0xFF, 0xFF, 0x47, 0x58, 0xFF, 0xFF, 0x4A, 0x5A, 0xFF,
    0xFF, 0x4D, 0x5C, 0xFF, 0xFF, 0x4F, 0x5F, 0xFF, 0xFF, 0x51, 0x61, 0xFF, 0xFF, 0x53, 0x62, 0xFF,
    0xFF, 0x55, 0x64, 0xFF, 0xFF, 0x55, 0x64, 0xFA, 0xFF, 0x62, 0x70, 0xFF, 0xFB, 0x62, 0x6C, 0x81,
    0x00, 0x00, 0x00, 0x00, 0xFF, 0x55, 0x55, 0x03, 0x00, 0x00, 0x00, 0x00, 0x00, 0x00, 0x00, 0x00,
    0x00, 0x00, 0x00, 0x00, 0x00, 0x00, 0x00, 0x00, 0x00, 0x00, 0x00, 0x00, 0x00, 0x00, 0x00, 0x00,
    0x00, 0x00, 0x00, 0x00, 0x00, 0x00, 0x00, 0x00, 0x00, 0x00, 0x00, 0x00, 0x00, 0x00, 0x00, 0x00,
    0x00, 0x00, 0x00, 0x00, 0x00, 0x00, 0x00, 0x00, 0x00, 0x00, 0x00, 0x00, 0x00, 0x00, 0x00, 0x00,
    0x00, 0x00, 0x00, 0x00, 0x00, 0x00, 0x00, 0x00, 0x00, 0x00, 0x00, 0x00, 0x00, 0x00, 0x00, 0x00,
    0x00, 0x00, 0x00, 0x00, 0x00, 0x00, 0x00, 0x00, 0x00, 0x00, 0x00, 0x00, 0xFF, 0x7F, 0x7F, 0x02,
    0x00, 0x00, 0x00, 0x00, 0xA3, 0x51, 0x56, 0x32, 0xAF, 0x42, 0x48, 0xF5, 0xBA, 0x33, 0x3D, 0xFF,
    0xBC, 0x2D, 0x39, 0xFB, 0xC5, 0x2D, 0x3B, 0xFF, 0xC9, 0x2D, 0x3D, 0xFF, 0xCC, 0x30, 0x3F, 0xFF,
    0xCC, 0x34, 0x42, 0xFF, 0xC9, 0x38, 0x44, 0xFF, 0xC6, 0x38, 0x42, 0xFF, 0xB7, 0x3B, 0x42, 0xFF,
    0xB6, 0x34, 0x3B, 0xFC, 0xC0, 0x2D, 0x38, 0xFD, 0xC9, 0x2B, 0x38, 0xFF, 0xD1, 0x29, 0x38, 0xFF,
    0xD7, 0x29, 0x39, 0xFF, 0xDD, 0x29, 0x3A, 0xFF, 0xE2, 0x2A, 0x3B, 0xFF, 0xE7, 0x2B, 0x3D, 0xFF,
    0xEC, 0x2D, 0x3F, 0xFF, 0xF0, 0x30, 0x41, 0xFF, 0xF4, 0x32, 0x44, 0xFF, 0xF8, 0x35, 0x46, 0xFF,
    0xFC, 0x37, 0x49, 0xFF, 0xFD, 0x3A, 0x4C, 0xFF, 0xFE, 0x3E, 0x4F, 0xFF, 0xFF, 0x41, 0x51, 0xFF,
    0xFF, 0x43, 0x53, 0xFF, 0xFF, 0x46, 0x56, 0xFF, 0xFF, 0x49, 0x58, 0xFF, 0xFF, 0x4B, 0x5B, 0xFF,
    0xFF, 0x4E, 0x5D, 0xFF, 0xFF, 0x50, 0x60, 0xFF, 0xFF, 0x52, 0x61, 0xFF, 0xFF, 0x54, 0x63, 0xFF,
    0xFF, 0x56, 0x65, 0xFF, 0xFF, 0x58, 0x66, 0xFE, 0xFF, 0x59, 0x67, 0xFB, 0xFF, 0x62, 0x6F, 0xFF,
    0xF4, 0x68, 0x6E, 0x4C, 0x00, 0x00, 0x00, 0x00, 0xFF, 0x55, 0x55, 0x03, 0x00, 0x00, 0x00, 0x00,
    0x00, 0x00, 0x00, 0x00, 0x00, 0x00, 0x00, 0x00, 0x00, 0x00, 0x00, 0x00, 0x00, 0x00, 0x00, 0x00,
    0x00, 0x00, 0x00, 0x00, 0x00, 0x00, 0x00, 0x00, 0x00, 0x00, 0x00, 0x00, 0x00, 0x00, 0x00, 0x00,
    0x00, 0x00, 0x00, 0x00, 0x00, 0x00, 0x00, 0x00, 0x00, 0x00, 0x00, 0x00, 0x00, 0x00, 0x00, 0x00,
    0x00, 0x00, 0x00, 0x00, 0x00, 0x00, 0x00, 0x00, 0x00, 0x00, 0x00, 0x00, 0x00, 0x00, 0x00, 0x00,
    0x00, 0x00, 0x00, 0x00, 0x00, 0x00, 0x00, 0x00, 0xFF, 0x7F, 0x7F, 0x02, 0xBF, 0x3F, 0x3F, 0x04,
    0x9F, 0x5F, 0x5F, 0x08, 0xA3, 0x45, 0x4A, 0xD2, 0xB5, 0x36, 0x3E, 0xFF, 0xB6, 0x2B, 0x36, 0xFB,
    0xBE, 0x2B, 0x38, 0xFF, 0xC3, 0x2A, 0x39, 0xFF, 0xC7, 0x2C, 0x3B, 0xFF, 0xC6, 0x30, 0x3F, 0xFF,
    0xC5, 0x34, 0x41, 0xFF, 0xBF, 0x31, 0x3C, 0xFF, 0xB4, 0x30, 0x38, 0xFF, 0xB1, 0x35, 0x3C, 0xFF,
    0xBC, 0x2F, 0x38, 0xFF, 0xC4, 0x2B, 0x37, 0xFF, 0xCB, 0x29, 0x37, 0xFF, 0xD1, 0x29, 0x38, 0xFF,
    0xD7, 0x29, 0x39, 0xFF, 0xDD, 0x29, 0x3A, 0xFF, 0xE1, 0x2B, 0x3C, 0xFF, 0xE6, 0x2C, 0x3E, 0xFF,
    0xEB, 0x2F, 0x40, 0xFF, 0xEF, 0x31, 0x42, 0xFF, 0xF3, 0x34, 0x45, 0xFF, 0xF7, 0x36, 0x47, 0xFF,
    0xF9, 0x39, 0x4A, 0xFF, 0xFC, 0x3C, 0x4D, 0xFF, 0xFE, 0x3F, 0x4F, 0xFF, 0xFF, 0x42, 0x52, 0xFF,
    0xFF, 0x44, 0x54, 0xFF, 0xFF, 0x47, 0x57, 0xFF, 0xFF, 0x4A, 0x59, 0xFF, 0xFF, 0x4D, 0x5C, 0xFF,
    0xFF, 0x4F, 0x5E, 0xFF, 0xFF, 0x51, 0x60, 0xFF, 0xFF, 0x54, 0x62, 0xFF, 0xFF, 0x56, 0x64, 0xFF,
    0xFF, 0x58, 0x66, 0xFF, 0xFF, 0x5A, 0x67, 0xFF, 0xFF, 0x5A, 0x67, 0xFD, 0xFF, 0x5E, 0x6C, 0xFE,
    0xFA, 0x61, 0x6D, 0xE5, 0xE2, 0x71, 0x71, 0x12, 0xFF, 0x7F, 0x7F, 0x02, 0xFF, 0xFF, 0xFF, 0x01,
    0x00, 0x00, 0x00, 0x00, 0x00, 0x00, 0x00, 0x00, 0x00, 0x00, 0x00, 0x00, 0x00, 0x00, 0x00, 0x00,
    0x00, 0x00, 0x00, 0x00, 0x00, 0x00, 0x00, 0x00, 0x00, 0x00, 0x00, 0x00, 0x00, 0x00, 0x00, 0x00,
    0x00, 0x00, 0x00, 0x00, 0x00, 0x00, 0x00, 0x00, 0x00, 0x00, 0x00, 0x00, 0x00, 0x00, 0x00, 0x00,
    0x00, 0x00, 0x00, 0x00, 0x00, 0x00, 0x00, 0x00, 0x00, 0x00, 0x00, 0x00, 0x7F, 0x7F, 0x7F, 0x02,
    0xBF, 0x3F, 0x3F, 0x04, 0x00, 0x00, 0x00, 0x00, 0x00, 0x00, 0x00, 0x00, 0x00, 0x00, 0x00, 0x00,
    0x99, 0x4C, 0x4F, 0x5A, 0xAE, 0x3D, 0x43, 0xFF, 0xAE, 0x2A, 0x33, 0xFB, 0xB8, 0x29, 0x34, 0xFF,
    0xBE, 0x28, 0x35, 0xFF, 0xC3, 0x29, 0x37, 0xFF, 0xC4, 0x2C, 0x3A, 0xFF, 0xC3, 0x30, 0x3E, 0xFF,
    0xBF, 0x31, 0x3D, 0xFF, 0xB4, 0x2A, 0x33, 0xFF, 0xAF, 0x30, 0x37, 0xFF, 0xB8, 0x31, 0x39, 0xFF,
    0xC0, 0x2B, 0x36, 0xFF, 0xC7, 0x29, 0x36, 0xFF, 0xCE, 0x28, 0x36, 0xFF, 0xD3, 0x28, 0x37, 0xFF,
    0xD9, 0x28, 0x38, 0xFF, 0xDE, 0x29, 0x3A, 0xFF, 0xE2, 0x2B, 0x3C, 0xFF, 0xE7, 0x2D, 0x3E, 0xFF,
    0xEB, 0x2F, 0x40, 0xFF, 0xEF, 0x31, 0x42, 0xFF, 0xF4, 0x34, 0x45, 0xFF, 0xF6, 0x37, 0x48, 0xFF,
    0xF9, 0x39, 0x4A, 0xFF, 0xFC, 0x3C, 0x4D, 0xFF, 0xFE, 0x3F, 0x4F, 0xFF, 0xFE, 0x42, 0x52, 0xFF,
    0xFF, 0x45, 0x54, 0xFF, 0xFF, 0x47, 0x57, 0xFF, 0xFF, 0x4A, 0x59, 0xFF, 0xFF, 0x4D, 0x5B, 0xFF,
    0xFF, 0x4F, 0x5E, 0xFF, 0xFF, 0x52, 0x60, 0xFF, 0xFF, 0x54, 0x62, 0xFF, 0xFF, 0x56, 0x64, 0xFF,
    0xFF, 0x58, 0x66, 0xFF, 0xFF, 0x5A, 0x67, 0xFF, 0xFF, 0x5B, 0x68, 0xFF, 0xFF, 0x5B, 0x68, 0xFB,
    0xFF, 0x64, 0x72, 0xFF, 0xF3, 0x64, 0x6E, 0x8B, 0x00, 0x00, 0x00, 0x00, 0xFF, 0x55, 0x55, 0x03,
    0x00, 0x00, 0x00, 0x00, 0x00, 0x00, 0x00, 0x00, 0x00, 0x00, 0x00, 0x00, 0x00, 0x00, 0x00, 0x00,
    0x00, 0x00, 0x00, 0x00, 0x00, 0x00, 0x00, 0x00, 0x00, 0x00, 0x00, 0x00, 0x00, 0x00, 0x00, 0x00,
    0x00, 0x00, 0x00, 0x00, 0x00, 0x00, 0x00, 0x00, 0x00, 0x00, 0x00, 0x00, 0x00, 0x00, 0x00, 0x00,
    0x00, 0x00, 0x00, 0x00, 0xFF, 0x00, 0x00, 0x01, 0xAA, 0x55, 0x55, 0x03, 0x00, 0x00, 0x00, 0x00,
    0x00, 0x00, 0x00, 0x00, 0x00, 0x00, 0x00, 0x00, 0xB3, 0x5E, 0x67, 0x1B, 0xB9, 0x58, 0x5C, 0x37,
    0xA9, 0x4B, 0x50, 0xC7, 0xB2, 0x3E, 0x44, 0xFE, 0xB1, 0x30, 0x39, 0xFC, 0xB7, 0x29, 0x33, 0xFF,
    0xBC, 0x24, 0x30, 0xFF, 0xC0, 0x25, 0x32, 0xFF, 0xC0, 0x2A, 0x37, 0xFF, 0xBD, 0x2E, 0x3A, 0xFF,
    0xB4, 0x29, 0x33, 0xFF, 0xAC, 0x2B, 0x32, 0xFF, 0xB4, 0x30, 0x38, 0xFF, 0xBD, 0x2C, 0x35, 0xFF,
    0xC3, 0x29, 0x34, 0xFF, 0xC9, 0x28, 0x35, 0xFF, 0xCF, 0x27, 0x36, 0xFF, 0xD5, 0x28, 0x36, 0xFF,
    0xD9, 0x28, 0x38, 0xFF, 0xDE, 0x29, 0x3A, 0xFF, 0xE3, 0x2B, 0x3B, 0xFF, 0xE7, 0x2D, 0x3E, 0xFF,
    0xEB, 0x30, 0x40, 0xFF, 0xEF, 0x32, 0x43, 0xFF, 0xF2, 0x34, 0x45, 0xFF, 0xF6, 0x37, 0x48, 0xFF,
    0xF8, 0x3A, 0x4A, 0xFF, 0xFB, 0x3D, 0x4D, 0xFF, 0xFD, 0x40, 0x4F, 0xFF, 0xFE, 0x42, 0x51, 0xFF,
    0xFF, 0x45, 0x54, 0xFF, 0xFF, 0x48, 0x57, 0xFF, 0xFF, 0x4A, 0x58, 0xFF, 0xFF, 0x4D, 0x5B, 0xFF,
    0xFF, 0x4F, 0x5D, 0xFF, 0xFF, 0x51, 0x5F, 0xFF, 0xFF, 0x54, 0x61, 0xFF, 0xFF, 0x56, 0x63, 0xFF,
    0xFF, 0x58, 0x65, 0xFF, 0xFF, 0x59, 0x66, 0xFF, 0xFF, 0x5B, 0x68, 0xFF, 0xFF, 0x5C, 0x68, 0xFE,
    0xFF, 0x5D, 0x69, 0xFD, 0xF8, 0x61, 0x6C, 0xF2, 0xE1, 0x6B, 0x75, 0x1A, 0x00, 0x00, 0x00, 0x00,
    0xFF, 0x00, 0x00, 0x02, 0x00, 0x00, 0x00, 0x00, 0x00, 0x00, 0x00, 0x00, 0x00, 0x00, 0x00, 0x00,
    0x00, 0x00, 0x00, 0x00, 0x00, 0x00, 0x00, 0x00, 0x00, 0x00, 0x00, 0x00, 0x00, 0x00, 0x00, 0x00,
    0x00, 0x00, 0x00, 0x00, 0x00, 0x00, 0x00, 0x00, 0x00, 0x00, 0x00, 0x00, 0x00, 0x00, 0x00, 0x00,
    0x7F, 0x7F, 0x7F, 0x02, 0x00, 0x00, 0x00, 0x00, 0x00, 0x00, 0x00, 0x00, 0xA5, 0x5A, 0x5A, 0x22,
    0xB3, 0x4F, 0x55, 0x7D, 0xB7, 0x49, 0x51, 0xC9, 0xBB, 0x46, 0x4F, 0xF2, 0xC6, 0x47, 0x50, 0xFF,
    0xCA, 0x47, 0x51, 0xFF, 0xCA, 0x46, 0x51, 0xFF, 0xCA, 0x46, 0x51, 0xFF, 0xC8, 0x43, 0x4D, 0xFF,
    0xC2, 0x3A, 0x46, 0xFF, 0xBB, 0x32, 0x3D, 0xFF, 0xB7, 0x2E, 0x3A, 0xFF, 0xB0, 0x2C, 0x36, 0xFF,
    0xAB, 0x2C, 0x34, 0xFF, 0xB2, 0x30, 0x37, 0xFF, 0xBA, 0x2C, 0x34, 0xFF, 0xC0, 0x28, 0x33, 0xFF,
    0xC5, 0x27, 0x32, 0xFF, 0xCB, 0x27, 0x33, 0xFF, 0xD0, 0x27, 0x35, 0xFF, 0xD5, 0x27, 0x36, 0xFF,
    0xDA, 0x28, 0x38, 0xFF, 0xDE, 0x29, 0x3A, 0xFF, 0xE2, 0x2B, 0x3B, 0xFF, 0xE7, 0x2E, 0x3E, 0xFF,
    0xEA, 0x2F, 0x40, 0xFF, 0xEE, 0x32, 0x42, 0xFF, 0xF2, 0x35, 0x45, 0xFF, 0xF5, 0x38, 0x47, 0xFF,
    0xF7, 0x3A, 0x4A, 0xFF, 0xFA, 0x3D, 0x4C, 0xFF, 0xFD, 0x3F, 0x4F, 0xFF, 0xFE, 0x42, 0x51, 0xFF,
    0xFF, 0x44, 0x53, 0xFF, 0xFF, 0x47, 0x55, 0xFF, 0xFF, 0x4A, 0x58, 0xFF, 0xFF, 0x4C, 0x5A, 0xFF,
    0xFF, 0x4F, 0x5D, 0xFF, 0xFF, 0x51, 0x5F, 0xFF, 0xFF, 0x53, 0x61, 0xFF, 0xFF, 0x55, 0x63, 0xFF,
    0xFF, 0x57, 0x64, 0xFF, 0xFF, 0x59, 0x65, 0xFF, 0xFF, 0x5A, 0x66, 0xFF, 0xFF, 0x5C, 0x68, 0xFF,
    0xFF, 0x5B, 0x67, 0xFB, 0xFF, 0x64, 0x70, 0xFF, 0xEE, 0x63, 0x6E, 0x78, 0x00, 0x00, 0x00, 0x00,
    0xFF, 0x7F, 0x7F, 0x04, 0x00, 0x00, 0x00, 0x00, 0x00, 0x00, 0x00, 0x00, 0x00, 0x00, 0x00, 0x00,
    0x00, 0x00, 0x00, 0x00, 0x00, 0x00, 0x00, 0x00, 0x00, 0x00, 0x00, 0x00, 0x00, 0x00, 0x00, 0x00,
    0x00, 0x00, 0x00, 0x00, 0x00, 0x00, 0x00, 0x00, 0x00, 0x00, 0x00, 0x00, 0xAA, 0x55, 0x55, 0x03,
    0x00, 0x00, 0x00, 0x00, 0x91, 0x5B, 0x5B, 0x0E, 0xA5, 0x4C, 0x51, 0x8C, 0xAF, 0x44, 0x4A, 0xF3,
    0xC0, 0x41, 0x4A, 0xFF, 0xC5, 0x3C, 0x46, 0xFF, 0xC6, 0x39, 0x44, 0xFF, 0xC8, 0x37, 0x44, 0xFE,
    0xCD, 0x38, 0x45, 0xFE, 0xD2, 0x3B, 0x48, 0xFF, 0xD4, 0x3E, 0x4B, 0xFF, 0xD4, 0x41, 0x4E, 0xFF,
    0xD3, 0x43, 0x4F, 0xFF, 0xCC, 0x41, 0x4C, 0xFF, 0xC3, 0x3E, 0x48, 0xFF, 0xBA, 0x3B, 0x43, 0xFF,
    0xB7, 0x33, 0x3D, 0xFF, 0xBA, 0x2C, 0x36, 0xFF, 0xBE, 0x28, 0x32, 0xFF, 0xC2, 0x26, 0x31, 0xFF,
    0xC7, 0x25, 0x31, 0xFF, 0xCB, 0x26, 0x32, 0xFF, 0xD0, 0x26, 0x34, 0xFF, 0xD5, 0x27, 0x36, 0xFF,
    0xD9, 0x28, 0x37, 0xFF, 0xDE, 0x29, 0x39, 0xFF, 0xE1, 0x2B, 0x3B, 0xFF, 0xE5, 0x2D, 0x3E, 0xFF,
    0xE9, 0x2F, 0x40, 0xFF, 0xED, 0x32, 0x42, 0xFF, 0xF1, 0x35, 0x44, 0xFF, 0xF3, 0x37, 0x46, 0xFF,
    0xF6, 0x3A, 0x49, 0xFF, 0xF9, 0x3D, 0x4C, 0xFF, 0xFB, 0x3F, 0x4E, 0xFF, 0xFC, 0x42, 0x50, 0xFF,
    0xFE, 0x45, 0x53, 0xFF, 0xFF, 0x46, 0x55, 0xFF, 0xFF, 0x49, 0x57, 0xFF, 0xFF, 0x4C, 0x59, 0xFF,
    0xFF, 0x4E, 0x5B, 0xFF, 0xFF, 0x50, 0x5E, 0xFF, 0xFF, 0x52, 0x60, 0xFF, 0xFF, 0x55, 0x61, 0xFF,
    0xFF, 0x57, 0x63, 0xFF, 0xFF, 0x58, 0x64, 0xFF, 0xFF, 0x59, 0x65, 0xFF, 0xFF, 0x5A, 0x66, 0xFF,
    0xFF, 0x5B, 0x66, 0xFC, 0xFF, 0x5E, 0x6A, 0xFE, 0xED, 0x60, 0x69, 0xCE, 0xFF, 0xFF, 0xFF, 0x01,
    0xFF, 0x00, 0x00, 0x01, 0x00, 0x00, 0x00, 0x00, 0x00, 0x00, 0x00, 0x00, 0x00, 0x00, 0x00, 0x00,
    0x00, 0x00, 0x00, 0x00, 0x00, 0x00, 0x00, 0x00, 0x00, 0x00, 0x00, 0x00, 0x00, 0x00, 0x00, 0x00,
    0x00, 0x00, 0x00, 0x00, 0x00, 0x00, 0x00, 0x00, 0xAA, 0x55, 0x55, 0x03, 0x00, 0x00, 0x00, 0x00,
    0x91, 0x53, 0x53, 0x31, 0xA3, 0x46, 0x4B, 0xD6, 0xB4, 0x3E, 0x46, 0xFF, 0xB2, 0x34, 0x3D, 0xFF,
    0xB9, 0x31, 0x3C, 0xFB, 0xC0, 0x31, 0x3D, 0xFD, 0xC7, 0x32, 0x3F, 0xFE, 0xCD, 0x33, 0x41, 0xFF,
    0xD2, 0x35, 0x43, 0xFF, 0xD5, 0x38, 0x46, 0xFF, 0xD8, 0x3B, 0x49, 0xFF, 0xD9, 0x3E, 0x4B, 0xFF,
    0xD9, 0x3E, 0x4B, 0xFF, 0xD6, 0x3D, 0x4A, 0xFF, 0xD1, 0x3B, 0x47, 0xFF, 0xC9, 0x38, 0x44, 0xFF,
    0xC2, 0x30, 0x3C, 0xFF, 0xC0, 0x28, 0x34, 0xFF, 0xC3, 0x25, 0x31, 0xFF, 0xC6, 0x24, 0x2F, 0xFF,
    0xC8, 0x24, 0x30, 0xFF, 0xCC, 0x25, 0x32, 0xFF, 0xD0, 0x25, 0x33, 0xFF, 0xD4, 0x26, 0x35, 0xFF,
    0xD8, 0x28, 0x37, 0xFF, 0xDD, 0x29, 0x39, 0xFF, 0xE0, 0x2B, 0x3B, 0xFF, 0xE4, 0x2D, 0x3D, 0xFF,
    0xE8, 0x30, 0x40, 0xFF, 0xEB, 0x32, 0x41, 0xFF, 0xEE, 0x34, 0x43, 0xFF, 0xF2, 0x37, 0x46, 0xFF,
    0xF5, 0x39, 0x49, 0xFF, 0xF7, 0x3C, 0x4B, 0xFF, 0xFA, 0x3E, 0x4D, 0xFF, 0xFC, 0x40, 0x4F, 0xFF,
    0xFC, 0x43, 0x51, 0xFF, 0xFE, 0x47, 0x54, 0xFF, 0xFF, 0x49, 0x56, 0xFF, 0xFF, 0x4B, 0x58, 0xFF,
    0xFF, 0x4E, 0x5B, 0xFF, 0xFF, 0x4F, 0x5C, 0xFF, 0xFF, 0x51, 0x5E, 0xFF, 0xFF, 0x53, 0x60, 0xFF,
    0xFF, 0x55, 0x62, 0xFF, 0xFF, 0x57, 0x63, 0xFF, 0xFF, 0x58, 0x64, 0xFF, 0xFF, 0x59, 0x65, 0xFF,
    0xFD, 0x59, 0x65, 0xFE, 0xFC, 0x59, 0x64, 0xFF, 0xF0, 0x5C, 0x66, 0xFB, 0xE4, 0x6B, 0x72, 0x26,
    0x00, 0x00, 0x00, 0x00, 0xFF, 0x7F, 0x7F, 0x02, 0x00, 0x00, 0x00, 0x00, 0x00, 0x00, 0x00, 0x00,
    0x00, 0x00, 0x00, 0x00, 0x00, 0x00, 0x00, 0x00, 0x00, 0x00, 0x00, 0x00, 0x00, 0x00, 0x00, 0x00,
    0x00, 0x00, 0x00, 0x00, 0x7F, 0x7F, 0x7F, 0x02, 0x00, 0x00, 0x00, 0x00, 0x8F, 0x50, 0x55, 0x39,
    0x9E, 0x43, 0x48, 0xEF, 0xA9, 0x37, 0x3E, 0xFF, 0xAD, 0x2E, 0x38, 0xFA, 0xB5, 0x2E, 0x39, 0xFE,
    0xBE, 0x2E, 0x3A, 0xFF, 0xC3, 0x2E, 0x3B, 0xFF, 0xCA, 0x2F, 0x3D, 0xFF, 0xCF, 0x31, 0x40, 0xFF,
    0xD4, 0x35, 0x43, 0xFF, 0xD8, 0x38, 0x46, 0xFF, 0xDB, 0x3C, 0x49, 0xFF, 0xDD, 0x3F, 0x4C, 0xFF,
    0xDD, 0x40, 0x4D, 0xFF, 0xDB, 0x3F, 0x4B, 0xFF, 0xD8, 0x3C, 0x49, 0xFF, 0xD2, 0x38, 0x45, 0xFF,
    0xCB, 0x32, 0x3E, 0xFF, 0xC5, 0x29, 0x36, 0xFF, 0xC5, 0x24, 0x31, 0xFF, 0xC6, 0x22, 0x2F, 0xFF,
    0xC8, 0x22, 0x2F, 0xFF, 0xCB, 0x23, 0x31, 0xFF, 0xCF, 0x25, 0x32, 0xFF, 0xD3, 0x26, 0x34, 0xFF,
    0xD6, 0x27, 0x37, 0xFF, 0xDB, 0x29, 0x38, 0xFF, 0xDF, 0x2A, 0x3A, 0xFF, 0xE3, 0x2D, 0x3D, 0xFF,
    0xE6, 0x2F, 0x3F, 0xFF, 0xE9, 0x31, 0x41, 0xFF, 0xED, 0x34, 0x44, 0xFF, 0xF0, 0x37, 0x46, 0xFF,
    0xF3, 0x39, 0x48, 0xFF, 0xF5, 0x3B, 0x4A, 0xFF, 0xF7, 0x3E, 0x4C, 0xFF, 0xFA, 0x40, 0x4E, 0xFF,
    0xFC, 0x41, 0x50, 0xFF, 0xFC, 0x44, 0x52, 0xFF, 0xFE, 0x49, 0x55, 0xFF, 0xFE, 0x4A, 0x56, 0xFF,
    0xFE, 0x4C, 0x59, 0xFF, 0xFF, 0x4E, 0x5B, 0xFF, 0xFF, 0x50, 0x5C, 0xFF, 0xFF, 0x52, 0x5E, 0xFF,
    0xFF, 0x54, 0x60, 0xFF, 0xFF, 0x55, 0x60, 0xFF, 0xFF, 0x56, 0x62, 0xFF, 0xFE, 0x57, 0x62, 0xFF,
    0xFC, 0x57, 0x63, 0xFF, 0xF8, 0x57, 0x62, 0xFC, 0xFC, 0x5E, 0x69, 0xFF, 0xE2, 0x61, 0x6A, 0x59,
    0x00, 0x00, 0x00, 0x00, 0xBF, 0x3F, 0x3F, 0x04, 0x00, 0x00, 0x00, 0x00, 0x00, 0x00, 0x00, 0x00,
    0x00, 0x00, 0x00, 0x00, 0x00, 0x00, 0x00, 0x00, 0x00, 0x00, 0x00, 0x00, 0x00, 0x00, 0x00, 0x00,
    0x7F, 0x7F, 0x7F, 0x02, 0x00, 0x00, 0x00, 0x01, 0x8F, 0x57, 0x5F, 0x20, 0x97, 0x43, 0x47, 0xEA,
    0xA3, 0x34, 0x3C, 0xFF, 0xA6, 0x2D, 0x36, 0xFB, 0xB1, 0x2C, 0x37, 0xFF, 0xB8, 0x2B, 0x36, 0xFF,
    0xBF, 0x2B, 0x37, 0xFF, 0xC6, 0x2C, 0x39, 0xFF, 0xCC, 0x2F, 0x3C, 0xFF, 0xD1, 0x32, 0x40, 0xFF,
    0xD6, 0x36, 0x43, 0xFF, 0xDA, 0x3A, 0x47, 0xFF, 0xDD, 0x3E, 0x4B, 0xFF, 0xDF, 0x41, 0x4E, 0xFF,
    0xE0, 0x42, 0x4F, 0xFF, 0xDF, 0x42, 0x4E, 0xFF, 0xDC, 0x3F, 0x4C, 0xFF, 0xD8, 0x3D, 0x48, 0xFF,
    0xD2, 0x38, 0x44, 0xFF, 0xCB, 0x2F, 0x3B, 0xFF, 0xC8, 0x25, 0x32, 0xFF, 0xC8, 0x21, 0x2E, 0xFF,
    0xC9, 0x21, 0x2E, 0xFF, 0xC9, 0x22, 0x2F, 0xFF, 0xCD, 0x24, 0x32, 0xFF, 0xD1, 0x25, 0x33, 0xFF,
    0xD4, 0x27, 0x36, 0xFF, 0xD8, 0x28, 0x38, 0xFF, 0xDC, 0x2A, 0x3A, 0xFF, 0xE0, 0x2D, 0x3D, 0xFF,
    0xE3, 0x2E, 0x3E, 0xFF, 0xE7, 0x31, 0x41, 0xFF, 0xEA, 0x34, 0x43, 0xFF, 0xED, 0x36, 0x45, 0xFF,
    0xF0, 0x38, 0x47, 0xFF, 0xF2, 0x3B, 0x4A, 0xFF, 0xF5, 0x3E, 0x4C, 0xFF, 0xF7, 0x40, 0x4E, 0xFF,
    0xF9, 0x41, 0x4F, 0xFF, 0xFB, 0x42, 0x50, 0xFF, 0xFC, 0x46, 0x53, 0xFF, 0xFD, 0x49, 0x56, 0xFF,
    0xFE, 0x4A, 0x56, 0xFF, 0xFD, 0x4D, 0x59, 0xFF, 0xFE, 0x4F, 0x5B, 0xFF, 0xFE, 0x50, 0x5C, 0xFF,
    0xFE, 0x52, 0x5D, 0xFF, 0xFE, 0x53, 0x5F, 0xFF, 0xFD, 0x54, 0x60, 0xFF, 0xFD, 0x55, 0x60, 0xFF,
    0xFB, 0x55, 0x60, 0xFF, 0xF6, 0x54, 0x60, 0xFB, 0xFE, 0x5B, 0x67, 0xFF, 0xE2, 0x5C, 0x66, 0x84,
    0x00, 0x00, 0x00, 0x00, 0xFF, 0x3F, 0x7F, 0x04, 0x00, 0x00, 0x00, 0x00, 0x00, 0x00, 0x00, 0x00,
    0x00, 0x00, 0x00, 0x00, 0x00, 0x00, 0x00, 0x00, 0x00, 0x00, 0x00, 0x00, 0x00, 0x00, 0x00, 0x00,
    0x7F, 0x7F, 0x7F, 0x02, 0xFF, 0xFF, 0xFF, 0x01, 0x8F, 0x46, 0x4A, 0xBD, 0xA0, 0x39, 0x3F, 0xFF,
    0xA1, 0x2C, 0x34, 0xFB, 0xAB, 0x2B, 0x34, 0xFF, 0xB2, 0x29, 0x34, 0xFF, 0xBA, 0x29, 0x35, 0xFF,
    0xC1, 0x2A, 0x37, 0xFF, 0xC7, 0x2C, 0x39, 0xFF, 0xCD, 0x2F, 0x3D, 0xFF, 0xD3, 0x33, 0x40, 0xFF,
    0xD7, 0x38, 0x45, 0xFF, 0xDB, 0x3D, 0x49, 0xFF, 0xDE, 0x41, 0x4D, 0xFF, 0xE0, 0x44, 0x50, 0xFF,
    0xE1, 0x45, 0x51, 0xFF, 0xE1, 0x45, 0x51, 0xFF, 0xDF, 0x44, 0x4F, 0xFF, 0xDC, 0x41, 0x4D, 0xFF,
    0xD6, 0x3F, 0x4A, 0xFF, 0xCF, 0x36, 0x43, 0xFF, 0xC9, 0x28, 0x36, 0xFF, 0xC7, 0x21, 0x2F, 0xFF,
    0xC7, 0x20, 0x2E, 0xFF, 0xC7, 0x21, 0x2F, 0xFF, 0xCA, 0x23, 0x31, 0xFF, 0xCD, 0x25, 0x33, 0xFF,
    0xD1, 0x26, 0x35, 0xFF, 0xD5, 0x28, 0x37, 0xFF, 0xD9, 0x2A, 0x3A, 0xFF, 0xDD, 0x2C, 0x3B, 0xFF,
    0xE0, 0x2E, 0x3E, 0xFF, 0xE4, 0x31, 0x40, 0xFF, 0xE7, 0x32, 0x42, 0xFF, 0xEA, 0x34, 0x43, 0xFF,
    0xEC, 0x37, 0x45, 0xFF, 0xF0, 0x39, 0x48, 0xFF, 0xF2, 0x3D, 0x4B, 0xFF, 0xF5, 0x40, 0x4E, 0xFF,
    0xF6, 0x41, 0x4F, 0xFF, 0xF8, 0x41, 0x4F, 0xFF, 0xFA, 0x44, 0x51, 0xFF, 0xFB, 0x47, 0x54, 0xFF,
    0xFB, 0x49, 0x55, 0xFF, 0xFC, 0x4B, 0x57, 0xFF, 0xFC, 0x4D, 0x59, 0xFF, 0xFC, 0x4F, 0x5A, 0xFF,
    0xFC, 0x50, 0x5C, 0xFF, 0xFC, 0x52, 0x5D, 0xFF, 0xFB, 0x52, 0x5E, 0xFF, 0xFA, 0x52, 0x5E, 0xFF,
    0xF8, 0x53, 0x5E, 0xFF, 0xF3, 0x52, 0x5D, 0xFB, 0xF9, 0x57, 0x62, 0xFF, 0xDF, 0x59, 0x61, 0xA2,
    0x00, 0x00, 0x00, 0x00, 0xFF, 0x55, 0x55, 0x03, 0x00, 0x00, 0x00, 0x00, 0x00, 0x00, 0x00, 0x00,
    0x00, 0x00, 0x00, 0x00, 0x00, 0x00, 0x00, 0x00, 0x00, 0x00, 0x00, 0x00, 0xAA, 0x55, 0x55, 0x03,
    0x00, 0x00, 0x00, 0x00, 0x8C, 0x4F, 0x52, 0x57, 0x9A, 0x40, 0x44, 0xFF, 0x99, 0x2D, 0x33, 0xFB,
    0xA3, 0x2B, 0x33, 0xFF, 0xAB, 0x28, 0x32, 0xFF, 0xB4, 0x28, 0x32, 0xFF, 0xBB, 0x28, 0x34, 0xFF,
    0xC2, 0x2A, 0x36, 0xFF, 0xC8, 0x2D, 0x39, 0xFF, 0xCD, 0x30, 0x3D, 0xFF, 0xD3, 0x35, 0x42, 0xFF,
    0xD8, 0x3A, 0x46, 0xFF, 0xDB, 0x3F, 0x4B, 0xFF, 0xDF, 0x43, 0x4E, 0xFF, 0xE1, 0x46, 0x51, 0xFF,
    0xE2, 0x48, 0x53, 0xFF, 0xE1, 0x49, 0x53, 0xFF, 0xE0, 0x47, 0x52, 0xFF, 0xDD, 0x45, 0x50, 0xFF,
    0xD9, 0x43, 0x4E, 0xFF, 0xD2, 0x3D, 0x49, 0xFF, 0xCA, 0x2E, 0x3B, 0xFF, 0xC6, 0x23, 0x30, 0xFF,
    0xC5, 0x20, 0x2D, 0xFF, 0xC4, 0x21, 0x2F, 0xFF, 0xC6, 0x22, 0x30, 0xFF, 0xC9, 0x24, 0x32, 0xFF,
    0xCD, 0x26, 0x34, 0xFF, 0xD1, 0x27, 0x37, 0xFF, 0xD6, 0x29, 0x39, 0xFF, 0xD9, 0x2B, 0x3A, 0xFF,
    0xDE, 0x2E, 0x3D, 0xFF, 0xE1, 0x30, 0x40, 0xFF, 0xE4, 0x31, 0x41, 0xFF, 0xE7, 0x33, 0x42, 0xFF,
    0xE9, 0x35, 0x44, 0xFF, 0xED, 0x38, 0x47, 0xFF, 0xEF, 0x3B, 0x4A, 0xFF, 0xF2, 0x3E, 0x4C, 0xFF,
    0xF4, 0x40, 0x4E, 0xFF, 0xF5, 0x41, 0x4F, 0xFF, 0xF6, 0x42, 0x50, 0xFF, 0xF8, 0x45, 0x52, 0xFF,
    0xF9, 0x47, 0x53, 0xFF, 0xF9, 0x49, 0x55, 0xFF, 0xF9, 0x4B, 0x57, 0xFF, 0xFA, 0x4C, 0x58, 0xFF,
    0xFA, 0x4E, 0x5A, 0xFF, 0xF9, 0x4F, 0x5A, 0xFF, 0xF8, 0x50, 0x5B, 0xFF, 0xF7, 0x50, 0x5B, 0xFF,
    0xF4, 0x50, 0x5B, 0xFF, 0xEE, 0x4E, 0x59, 0xFC, 0xF4, 0x54, 0x5F, 0xFF, 0xDA, 0x56, 0x5F, 0xAE,
    0x00, 0x00, 0x00, 0x00, 0xFF, 0x55, 0x55, 0x03, 0x00, 0x00, 0x00, 0x00, 0x00, 0x00, 0x00, 0x00,
    0x00, 0x00, 0x00, 0x00, 0x00, 0x00, 0x00, 0x00, 0x00, 0x00, 0x00, 0x00, 0xFF, 0x00, 0x00, 0x01,
    0x7F, 0xFF, 0xFF, 0x02, 0x8B, 0x44, 0x46, 0xCD, 0x99, 0x35, 0x3B, 0xFE, 0x9C, 0x2B, 0x31, 0xFC,
    0xA5, 0x29, 0x31, 0xFF, 0xAD, 0x27, 0x31, 0xFF, 0xB5, 0x27, 0x32, 0xFF, 0xBC, 0x28, 0x34, 0xFF,
    0xC2, 0x2A, 0x36, 0xFF, 0xC8, 0x2D, 0x3A, 0xFF, 0xCE, 0x32, 0x3E, 0xFF, 0xD3, 0x36, 0x42, 0xFF,
    0xD8, 0x3B, 0x46, 0xFF, 0xDB, 0x40, 0x4C, 0xFF, 0xDE, 0x44, 0x4F, 0xFF, 0xE1, 0x47, 0x52, 0xFF,
    0xE2, 0x4A, 0x54, 0xFF, 0xE1, 0x4B, 0x55, 0xFF, 0xE0, 0x4A, 0x54, 0xFF, 0xDD, 0x47, 0x51, 0xFF,
    0xD9, 0x46, 0x50, 0xFF, 0xD3, 0x42, 0x4C, 0xFF, 0xCA, 0x35, 0x40, 0xFF, 0xC5, 0x25, 0x32, 0xFF,
    0xC3, 0x1F, 0x2D, 0xFF, 0xC1, 0x20, 0x2D, 0xFF, 0xC2, 0x21, 0x2F, 0xFF, 0xC5, 0x23, 0x31, 0xFF,
    0xC8, 0x25, 0x33, 0xFF, 0xCC, 0x26, 0x36, 0xFF, 0xD1, 0x29, 0x38, 0xFF, 0xD5, 0x2A, 0x3A, 0xFF,
    0xD9, 0x2C, 0x3D, 0xFF, 0xDD, 0x2F, 0x3F, 0xFF, 0xE0, 0x30, 0x40, 0xFF, 0xE4, 0x31, 0x41, 0xFF,
    0xE6, 0x34, 0x43, 0xFF, 0xEA, 0x37, 0x46, 0xFF, 0xEC, 0x39, 0x48, 0xFF, 0xEE, 0x3C, 0x4A, 0xFF,
    0xF1, 0x3F, 0x4C, 0xFF, 0xF2, 0x3F, 0x4D, 0xFF, 0xF3, 0x41, 0x4E, 0xFF, 0xF5, 0x43, 0x50, 0xFF,
    0xF6, 0x45, 0x51, 0xFF, 0xF6, 0x47, 0x53, 0xFF, 0xF6, 0x49, 0x54, 0xFF, 0xF7, 0x4A, 0x55, 0xFF,
    0xF6, 0x4B, 0x57, 0xFF, 0xF6, 0x4C, 0x57, 0xFF, 0xF5, 0x4D, 0x57, 0xFF, 0xF2, 0x4D, 0x58, 0xFF,
    0xEF, 0x4D, 0x57, 0xFF, 0xE9, 0x4B, 0x56, 0xFC, 0xEF, 0x51, 0x5B, 0xFF, 0xD5, 0x53, 0x5C, 0xAE,
    0x00, 0x00, 0x00, 0x00, 0xFF, 0x55, 0x55, 0x03, 0x00, 0x00, 0x00, 0x00, 0x00, 0x00, 0x00, 0x00,
    0x00, 0x00, 0x00, 0x00, 0x00, 0x00, 0x00, 0x00, 0xAA, 0x55, 0x55, 0x03, 0x00, 0x00, 0x00, 0x00,
    0x89, 0x53, 0x58, 0x34, 0x8E, 0x3F, 0x43, 0xFF, 0x93, 0x2E, 0x33, 0xFE, 0x9D, 0x2A, 0x31, 0xFF,
    0xA6, 0x28, 0x30, 0xFF, 0xAE, 0x26, 0x30, 0xFF, 0xB6, 0x27, 0x31, 0xFF, 0xBC, 0x28, 0x33, 0xFF,
    0xC2, 0x2A, 0x36, 0xFF, 0xC8, 0x2D, 0x39, 0xFF, 0xCE, 0x32, 0x3E, 0xFF, 0xD3, 0x37, 0x42, 0xFF,
    0xD6, 0x3C, 0x47, 0xFF, 0xDA, 0x40, 0x4C, 0xFF, 0xDD, 0x44, 0x4F, 0xFF, 0xDF, 0x48, 0x52, 0xFF,
    0xE0, 0x4A, 0x54, 0xFF, 0xE0, 0x4C, 0x55, 0xFF, 0xDE, 0x4B, 0x55, 0xFF, 0xDC, 0x49, 0x52, 0xFF,
    0xD7, 0x46, 0x50, 0xFF, 0xD2, 0x45, 0x4F, 0xFF, 0xCA, 0x3A, 0x45, 0xFF, 0xC2, 0x27, 0x35, 0xFF,
    0xBE, 0x1F, 0x2E, 0xFF, 0xBC, 0x1F, 0x2D, 0xFF, 0xBC, 0x20, 0x2E, 0xFF, 0xBE, 0x22, 0x30, 0xFF,
    0xC1, 0x24, 0x32, 0xFF, 0xC6, 0x25, 0x35, 0xFF, 0xCB, 0x27, 0x37, 0xFF, 0xD0, 0x29, 0x3A, 0xFF,
    0xD4, 0x2B, 0x3B, 0xFF, 0xD8, 0x2E, 0x3F, 0xFF, 0xDC, 0x30, 0x40, 0xFF, 0xE0, 0x30, 0x40, 0xFF,
    0xE3, 0x31, 0x42, 0xFF, 0xE6, 0x34, 0x44, 0xFF, 0xE9, 0x37, 0x46, 0xFF, 0xEB, 0x3A, 0x48, 0xFF,
    0xED, 0x3C, 0x4A, 0xFF, 0xEE, 0x3D, 0x4B, 0xFF, 0xF0, 0x3F, 0x4C, 0xFF, 0xF1, 0x41, 0x4E, 0xFF,
    0xF1, 0x43, 0x50, 0xFF, 0xF2, 0x45, 0x51, 0xFF, 0xF2, 0x46, 0x52, 0xFF, 0xF2, 0x48, 0x53, 0xFF,
    0xF2, 0x49, 0x54, 0xFF, 0xF1, 0x4A, 0x55, 0xFF, 0xF0, 0x4A, 0x54, 0xFF, 0xED, 0x4A, 0x54, 0xFF,
    0xEA, 0x49, 0x53, 0xFF, 0xE6, 0x49, 0x52, 0xFB, 0xEB, 0x4D, 0x57, 0xFF, 0xD1, 0x50, 0x58, 0xA1,
    0x00, 0x00, 0x00, 0x00, 0xFF, 0x55, 0x55, 0x03, 0x00, 0x00, 0x00, 0x00, 0x00, 0x00, 0x00, 0x00,
    0x00, 0x00, 0x00, 0x00, 0x00, 0x00, 0x00, 0x00, 0x7F, 0x3F, 0x3F, 0x04, 0x00, 0x00, 0x00, 0x00,
    0x88, 0x4A, 0x4C, 0x78, 0x95, 0x3C, 0x40, 0xFF, 0x95, 0x2B, 0x30, 0xFB, 0x9E, 0x29, 0x30, 0xFF,
    0xA6, 0x27, 0x2F, 0xFF, 0xAE, 0x26, 0x30, 0xFF, 0xB5, 0x26, 0x30, 0xFF, 0xBC, 0x28, 0x33, 0xFF,
    0xC2, 0x2A, 0x36, 0xFF, 0xC7, 0x2D, 0x39, 0xFF, 0xCD, 0x32, 0x3E, 0xFF, 0xD2, 0x36, 0x42, 0xFF,
    0xD5, 0x3B, 0x46, 0xFF, 0xD8, 0x41, 0x4B, 0xFF, 0xDC, 0x44, 0x4E, 0xFF, 0xDD, 0x47, 0x51, 0xFF,
    0xDD, 0x4A, 0x54, 0xFF, 0xDD, 0x4B, 0x55, 0xFF, 0xDB, 0x4B, 0x54, 0xFF, 0xD8, 0x48, 0x52, 0xFF,
    0xD4, 0x46, 0x50, 0xFF, 0xCE, 0x45, 0x4F, 0xFF, 0xC8, 0x3D, 0x48, 0xFF, 0xBF, 0x2A, 0x38, 0xFF,
    0xB9, 0x20, 0x2E, 0xFF, 0xB6, 0x1E, 0x2B, 0xFF, 0xB5, 0x1F, 0x2C, 0xFF, 0xB6, 0x21, 0x2F, 0xFF,
    0xBA, 0x23, 0x32, 0xFF, 0xC0, 0x25, 0x33, 0xFF, 0xC5, 0x27, 0x36, 0xFF, 0xC9, 0x29, 0x3A, 0xFF,
    0xCF, 0x29, 0x3B, 0xFF, 0xD4, 0x2D, 0x3E, 0xFF, 0xD8, 0x2F, 0x40, 0xFF, 0xDC, 0x30, 0x40, 0xFF,
    0xDF, 0x30, 0x41, 0xFF, 0xE2, 0x32, 0x43, 0xFF, 0xE5, 0x35, 0x45, 0xFF, 0xE7, 0x37, 0x46, 0xFF,
    0xE9, 0x39, 0x48, 0xFF, 0xEA, 0x3B, 0x49, 0xFF, 0xEC, 0x3D, 0x4B, 0xFF, 0xED, 0x3F, 0x4C, 0xFF,
    0xED, 0x41, 0x4D, 0xFF, 0xEE, 0x42, 0x4F, 0xFF, 0xEE, 0x43, 0x4F, 0xFF, 0xEE, 0x45, 0x50, 0xFF,
    0xED, 0x46, 0x51, 0xFF, 0xEC, 0x47, 0x52, 0xFF, 0xEB, 0x47, 0x51, 0xFF, 0xE9, 0x46, 0x51, 0xFF,
    0xE5, 0x45, 0x4F, 0xFF, 0xE0, 0x43, 0x4E, 0xFB, 0xE6, 0x4B, 0x55, 0xFF, 0xCC, 0x50, 0x56, 0x82,
    0x00, 0x00, 0x00, 0x00, 0xBF, 0x3F, 0x3F, 0x04, 0x00, 0x00, 0x00, 0x00, 0x00, 0x00, 0x00, 0x00,
    0x00, 0x00, 0x00, 0x00, 0x00, 0x00, 0x00, 0x00, 0xAA, 0x55, 0x55, 0x03, 0x00, 0x00, 0x00, 0x00,
    0x87, 0x45, 0x48, 0xA8, 0x95, 0x37, 0x3C, 0xFF, 0x96, 0x2B, 0x30, 0xFB, 0x9E, 0x28, 0x2F, 0xFF,
    0xA6, 0x26, 0x2E, 0xFF, 0xAE, 0x26, 0x2E, 0xFF, 0xB5, 0x26, 0x30, 0xFF, 0xBB, 0x27, 0x32, 0xFF,
    0xC1, 0x29, 0x35, 0xFF, 0xC6, 0x2D, 0x39, 0xFF, 0xCB, 0x31, 0x3C, 0xFF, 0xCF, 0x35, 0x40, 0xFF,
    0xD4, 0x3A, 0x45, 0xFF, 0xD6, 0x3F, 0x4A, 0xFF, 0xD9, 0x43, 0x4E, 0xFF, 0xDA, 0x46, 0x51, 0xFF,
    0xDA, 0x48, 0x53, 0xFF, 0xD9, 0x4A, 0x54, 0xFF, 0xD8, 0x49, 0x53, 0xFF, 0xD4, 0x47, 0x51, 0xFF,
    0xCF, 0x44, 0x4E, 0xFF, 0xCA, 0x43, 0x4D, 0xFF, 0xC3, 0x3D, 0x49, 0xFF, 0xBA, 0x2D, 0x3B, 0xFF,
    0xB4, 0x20, 0x2E, 0xFF, 0xB0, 0x1D, 0x2B, 0xFF, 0xAD, 0x1E, 0x2B, 0xFF, 0xAE, 0x20, 0x2D, 0xFF,
    0xB4, 0x1E, 0x2B, 0xFF, 0xB8, 0x23, 0x32, 0xFF, 0xBD, 0x25, 0x36, 0xFF, 0xC2, 0x27, 0x39, 0xFF,
    0xC9, 0x28, 0x3B, 0xFF, 0xCE, 0x2A, 0x3D, 0xFF, 0xD3, 0x2D, 0x3F, 0xFF, 0xD8, 0x2F, 0x40, 0xFF,
    0xDB, 0x30, 0x41, 0xFF, 0xDE, 0x32, 0x42, 0xFF, 0xE1, 0x34, 0x43, 0xFF, 0xE3, 0x36, 0x45, 0xFF,
    0xE5, 0x38, 0x46, 0xFF, 0xE6, 0x39, 0x47, 0xFF, 0xE8, 0x3B, 0x49, 0xFF, 0xE9, 0x3D, 0x4A, 0xFF,
    0xEA, 0x3E, 0x4B, 0xFF, 0xEA, 0x3F, 0x4C, 0xFF, 0xEA, 0x41, 0x4C, 0xFF, 0xE9, 0x42, 0x4E, 0xFF,
    0xE8, 0x42, 0x4E, 0xFF, 0xE7, 0x42, 0x4D, 0xFF, 0xE6, 0x42, 0x4D, 0xFF, 0xE4, 0x42, 0x4C, 0xFF,
    0xDF, 0x41, 0x4B, 0xFF, 0xDA, 0x3F, 0x49, 0xFC, 0xDB, 0x48, 0x52, 0xFF, 0xC4, 0x52, 0x57, 0x57,
    0x00, 0x00, 0x00, 0x00, 0xBF, 0x3F, 0x3F, 0x04, 0x00, 0x00, 0x00, 0x00, 0x00, 0x00, 0x00, 0x00,
    0x00, 0x00, 0x00, 0x00, 0x00, 0x00, 0x00, 0x00, 0x7F, 0x00, 0x00, 0x02, 0x00, 0x00, 0x00, 0x00,
    0x86, 0x42, 0x46, 0xC4, 0x93, 0x35, 0x38, 0xFF, 0x95, 0x2A, 0x2F, 0xFC, 0x9D, 0x28, 0x2E, 0xFF,
    0xA5, 0x26, 0x2E, 0xFF, 0xAD, 0x25, 0x2E, 0xFF, 0xB3, 0x25, 0x30, 0xFF, 0xB9, 0x27, 0x32, 0xFF,
    0xBF, 0x29, 0x35, 0xFF, 0xC4, 0x2C, 0x38, 0xFF, 0xC8, 0x2F, 0x3B, 0xFF, 0xCC, 0x34, 0x40, 0xFF,
    0xD0, 0x39, 0x44, 0xFF, 0xD3, 0x3D, 0x48, 0xFF, 0xD6, 0x42, 0x4D, 0xFF, 0xD6, 0x44, 0x50, 0xFF,
    0xD5, 0x46, 0x50, 0xFF, 0xD4, 0x47, 0x52, 0xFF, 0xD1, 0x47, 0x51, 0xFF, 0xCD, 0x45, 0x4F, 0xFF,
    0xC8, 0x42, 0x4D, 0xFF, 0xC3, 0x3F, 0x4B, 0xFF, 0xBC, 0x3C, 0x48, 0xFF, 0xB4, 0x2E, 0x3C, 0xFF,
    0xAC, 0x20, 0x2F, 0xFF, 0xA7, 0x1D, 0x2A, 0xFF, 0xA5, 0x1C, 0x29, 0xFF, 0xA2, 0x1F, 0x2D, 0xFF,
    0x9B, 0x2C, 0x40, 0xFF, 0xAC, 0x21, 0x33, 0xFF, 0xB4, 0x23, 0x37, 0xFF, 0xBB, 0x26, 0x3A, 0xFF,
    0xC2, 0x28, 0x3C, 0xFF, 0xC7, 0x28, 0x3D, 0xFF, 0xCD, 0x2A, 0x3E, 0xFF, 0xD1, 0x2D, 0x40, 0xFF,
    0xD5, 0x2F, 0x41, 0xFF, 0xD9, 0x31, 0x41, 0xFF, 0xDC, 0x33, 0x43, 0xFF, 0xDE, 0x34, 0x43, 0xFF,
    0xE0, 0x35, 0x44, 0xFF, 0xE1, 0x37, 0x45, 0xFF, 0xE3, 0x39, 0x46, 0xFF, 0xE3, 0x3A, 0x48, 0xFF,
    0xE4, 0x3B, 0x48, 0xFF, 0xE4, 0x3D, 0x49, 0xFF, 0xE4, 0x3E, 0x4A, 0xFF, 0xE4, 0x3F, 0x4A, 0xFF,
    0xE3, 0x3F, 0x4A, 0xFF, 0xE1, 0x3F, 0x4A, 0xFF, 0xDF, 0x3F, 0x49, 0xFF, 0xDD, 0x3D, 0x48, 0xFF,
    0xD8, 0x3D, 0x47, 0xFE, 0xD4, 0x3D, 0x46, 0xFF, 0xC8, 0x44, 0x4C, 0xFA, 0xB8, 0x55, 0x5C, 0x24,
    0x00, 0x00, 0x00, 0x00, 0xFF, 0x7F, 0x7F, 0x02, 0x00, 0x00, 0x00, 0x00, 0x00, 0x00, 0x00, 0x00,
    0x00, 0x00, 0x00, 0x00, 0x00, 0x00, 0x00, 0x00, 0x00, 0x00, 0x00, 0x01, 0x00, 0x00, 0x00, 0x00,
    0x84, 0x41, 0x44, 0xCA, 0x91, 0x34, 0x38, 0xFF, 0x94, 0x2A, 0x2F, 0xFC, 0x9C, 0x27, 0x2E, 0xFF,
    0xA3, 0x26, 0x2E, 0xFF, 0xAA, 0x25, 0x2E, 0xFF, 0xB0, 0x25, 0x30, 0xFF, 0xB7, 0x26, 0x31, 0xFF,
    0xBC, 0x28, 0x35, 0xFF, 0xC1, 0x2B, 0x38, 0xFF, 0xC5, 0x2E, 0x3A, 0xFF, 0xC9, 0x32, 0x3F, 0xFF,
    0xCC, 0x36, 0x43, 0xFF, 0xCF, 0x3A, 0x47, 0xFF, 0xD0, 0x3F, 0x4B, 0xFF, 0xD1, 0x42, 0x4E, 0xFF,
    0xCF, 0x43, 0x4F, 0xFF, 0xCD, 0x44, 0x50, 0xFF, 0xCA, 0x43, 0x50, 0xFF, 0xC5, 0x41, 0x4E, 0xFF,
    0xBF, 0x3E, 0x4A, 0xFF, 0xBA, 0x3B, 0x48, 0xFF, 0xB3, 0x39, 0x45, 0xFF, 0xAB, 0x2D, 0x3D, 0xFF,
    0xA3, 0x1F, 0x30, 0xFF, 0x9C, 0x1D, 0x2C, 0xFF, 0x9E, 0x14, 0x1F, 0xFF, 0x64, 0x5C, 0x87, 0xFF,
    0x49, 0x8E, 0xCF, 0xFF, 0x93, 0x2C, 0x48, 0xFF, 0xAD, 0x1D, 0x33, 0xFF, 0xB1, 0x25, 0x3D, 0xFF,
    0xB9, 0x26, 0x3D, 0xFF, 0xC0, 0x28, 0x3E, 0xFF, 0xC5, 0x29, 0x3E, 0xFF, 0xCA, 0x2A, 0x3F, 0xFF,
    0xCE, 0x2C, 0x3F, 0xFF, 0xD2, 0x2E, 0x40, 0xFF, 0xD5, 0x2F, 0x41, 0xFF, 0xD8, 0x31, 0x42, 0xFF,
    0xDA, 0x32, 0x43, 0xFF, 0xDB, 0x35, 0x44, 0xFF, 0xDD, 0x36, 0x45, 0xFF, 0xDD, 0x38, 0x45, 0xFF,
    0xDE, 0x39, 0x46, 0xFF, 0xDE, 0x3A, 0x47, 0xFF, 0xDD, 0x3B, 0x47, 0xFF, 0xDD, 0x3B, 0x47, 0xFF,
    0xDC, 0x3C, 0x47, 0xFF, 0xDA, 0x3B, 0x47, 0xFF, 0xD8, 0x3B, 0x45, 0xFF, 0xD5, 0x3A, 0x44, 0xFF,
    0xD0, 0x39, 0x43, 0xFC, 0xD3, 0x3D, 0x47, 0xFE, 0xBF, 0x46, 0x4E, 0xCA, 0x00, 0xFF, 0xFF, 0x01,
    0xFF, 0x00, 0x00, 0x01, 0x00, 0x00, 0x00, 0x00, 0x00, 0x00, 0x00, 0x00, 0x00, 0x00, 0x00, 0x00,
    0x00, 0x00, 0x00, 0x00, 0x00, 0x00, 0x00, 0x00, 0x7F, 0x00, 0x00, 0x02, 0x00, 0x00, 0x00, 0x00,
    0x83, 0x41, 0x43, 0xC0, 0x91, 0x34, 0x37, 0xFF, 0x93, 0x2A, 0x2F, 0xFC, 0x9A, 0x27, 0x2E, 0xFF,
    0xA2, 0x25, 0x2D, 0xFF, 0xA9, 0x25, 0x2E, 0xFF, 0xB0, 0x25, 0x2F, 0xFF, 0xB5, 0x25, 0x31, 0xFF,
    0xBA, 0x27, 0x33, 0xFF, 0xC0, 0x29, 0x37, 0xFF, 0xC3, 0x2B, 0x39, 0xFF, 0xC7, 0x2F, 0x3C, 0xFF,
    0xC9, 0x34, 0x41, 0xFF, 0xCB, 0x37, 0x44, 0xFF, 0xCC, 0x3A, 0x48, 0xFF, 0xCB, 0x3D, 0x4A, 0xFF,
    0xCA, 0x3E, 0x4C, 0xFF, 0xC6, 0x3F, 0x4D, 0xFF, 0xC3, 0x3E, 0x4B, 0xFF, 0xBD, 0x3C, 0x49, 0xFF,
    0xB6, 0x37, 0x45, 0xFF, 0xAF, 0x33, 0x41, 0xFF, 0xA8, 0x30, 0x3F, 0xFF, 0xA2, 0x26, 0x38, 0xFF,
    0x99, 0x1E, 0x32, 0xFF, 0x9A, 0x15, 0x21, 0xFF, 0x7B, 0x32, 0x4C, 0xFF, 0x3E, 0x97, 0xE0, 0xFF,
    0x49, 0x96, 0xDD, 0xFF, 0x87, 0x30, 0x50, 0xFF, 0xA4, 0x1B, 0x32, 0xFF, 0xA9, 0x23, 0x3D, 0xFF,
    0xB2, 0x24, 0x3D, 0xFF, 0xB9, 0x26, 0x3E, 0xFF, 0xC0, 0x28, 0x3E, 0xFF, 0xC5, 0x29, 0x3E, 0xFF,
    0xC9, 0x2A, 0x3F, 0xFF, 0xCD, 0x2C, 0x3F, 0xFF, 0xD1, 0x2E, 0x40, 0xFF, 0xD3, 0x2F, 0x40, 0xFF,
    0xD5, 0x31, 0x41, 0xFF, 0xD7, 0x32, 0x41, 0xFF, 0xD8, 0x33, 0x42, 0xFF, 0xD9, 0x35, 0x42, 0xFF,
    0xD9, 0x35, 0x43, 0xFF, 0xD9, 0x36, 0x43, 0xFF, 0xD8, 0x37, 0x43, 0xFF, 0xD8, 0x38, 0x44, 0xFF,
    0xD6, 0x38, 0x42, 0xFF, 0xD4, 0x36, 0x43, 0xFF, 0xD2, 0x36, 0x41, 0xFF, 0xCE, 0x36, 0x40, 0xFF,
    0xC9, 0x34, 0x40, 0xFB, 0xCE, 0x40, 0x49, 0xFF, 0xB8, 0x4B, 0x52, 0x73, 0x00, 0x00, 0x00, 0x00,
    0xBF, 0x3F, 0x3F, 0x04, 0x00, 0x00, 0x00, 0x00, 0x00, 0x00, 0x00, 0x00, 0x00, 0x00, 0x00, 0x00,
    0x00, 0x00, 0x00, 0x00, 0x00, 0x00, 0x00, 0x00, 0x7F, 0x3F, 0x3F, 0x04, 0x00, 0x00, 0x00, 0x00,
    0x83, 0x42, 0x44, 0x9D, 0x92, 0x36, 0x39, 0xFF, 0x92, 0x29, 0x2E, 0xFB, 0x9A, 0x27, 0x2D, 0xFF,
    0xA0, 0x25, 0x2D, 0xFF, 0xA7, 0x24, 0x2D, 0xFF, 0xAD, 0x23, 0x2E, 0xFF, 0xB3, 0x24, 0x30, 0xFF,
    0xB8, 0x25, 0x32, 0xFF, 0xBD, 0x28, 0x35, 0xFF, 0xC0, 0x29, 0x38, 0xFF, 0xC3, 0x2B, 0x3A, 0xFF,
    0xC5, 0x2F, 0x3E, 0xFF, 0xC7, 0x32, 0x41, 0xFF, 0xC7, 0x35, 0x44, 0xFF, 0xC6, 0x37, 0x46, 0xFF,
    0xC3, 0x38, 0x47, 0xFF, 0xBF, 0x38, 0x47, 0xFF, 0xB9, 0x36, 0x45, 0xFF, 0xB3, 0x32, 0x41, 0xFF,
    0xAB, 0x2D, 0x3C, 0xFF, 0xA3, 0x28, 0x37, 0xFF, 0x9D, 0x25, 0x36, 0xFF, 0x97, 0x20, 0x34, 0xFF,
    0x92, 0x1B, 0x2E, 0xFF, 0x8E, 0x15, 0x23, 0xFF, 0x48, 0x73, 0xB5, 0xFF, 0x46, 0xA1, 0xF1, 0xFF,
    0x49, 0x95, 0xDE, 0xFF, 0x80, 0x2F, 0x50, 0xFF, 0x9D, 0x19, 0x30, 0xFF, 0xA2, 0x22, 0x3C, 0xFF,
    0xAB, 0x23, 0x3C, 0xFF, 0xB2, 0x24, 0x3C, 0xFF, 0xB9, 0x25, 0x3D, 0xFF, 0xBF, 0x26, 0x3D, 0xFF,
    0xC3, 0x28, 0x3D, 0xFF, 0xC8, 0x2A, 0x3D, 0xFF, 0xCB, 0x2B, 0x3E, 0xFF, 0xCE, 0x2D, 0x3E, 0xFF,
    0xD1, 0x2E, 0x3F, 0xFF, 0xD2, 0x2F, 0x3F, 0xFF, 0xD3, 0x30, 0x3F, 0xFF, 0xD4, 0x31, 0x40, 0xFF,
    0xD3, 0x32, 0x40, 0xFF, 0xD3, 0x33, 0x40, 0xFF, 0xD2, 0x33, 0x40, 0xFF, 0xD1, 0x33, 0x40, 0xFF,
    0xD0, 0x33, 0x3F, 0xFF, 0xCD, 0x33, 0x3E, 0xFF, 0xCA, 0x31, 0x3D, 0xFF, 0xC6, 0x32, 0x3D, 0xFE,
    0xC5, 0x34, 0x3E, 0xFD, 0xBA, 0x41, 0x48, 0xEF, 0xA6, 0x58, 0x63, 0x17, 0x00, 0x00, 0x00, 0x00,
    0xFF, 0x00, 0x00, 0x01, 0x00, 0x00, 0x00, 0x00, 0x00, 0x00, 0x00, 0x00, 0x00, 0x00, 0x00, 0x00,
    0x00, 0x00, 0x00, 0x00, 0x00, 0x00, 0x00, 0x00, 0x7F, 0x3F, 0x3F, 0x04, 0x00, 0x00, 0x00, 0x00,
    0x84, 0x43, 0x46, 0x66, 0x90, 0x38, 0x3C, 0xFF, 0x8E, 0x29, 0x2E, 0xFC, 0x98, 0x27, 0x2D, 0xFF,
    0x9E, 0x25, 0x2C, 0xFF, 0xA4, 0x23, 0x2C, 0xFF, 0xAA, 0x23, 0x2E, 0xFF, 0xB0, 0x23, 0x2F, 0xFF,
    0xB5, 0x24, 0x31, 0xFF, 0xB9, 0x25, 0x33, 0xFF, 0xBD, 0x28, 0x37, 0xFF, 0xBF, 0x2A, 0x39, 0xFF,
    0xC1, 0x2C, 0x3C, 0xFF, 0xC2, 0x2E, 0x3E, 0xFF, 0xC1, 0x30, 0x40, 0xFF, 0xBF, 0x31, 0x42, 0xFF,
    0xBB, 0x31, 0x42, 0xFF, 0xB6, 0x30, 0x41, 0xFF, 0xAF, 0x2E, 0x3F, 0xFF, 0xA7, 0x29, 0x3A, 0xFF,
    0x9E, 0x24, 0x35, 0xFF, 0x98, 0x1F, 0x30, 0xFF, 0x92, 0x1D, 0x2F, 0xFF, 0x8D, 0x1D, 0x33, 0xFF,
    0x91, 0x11, 0x21, 0xFF, 0x64, 0x43, 0x6E, 0xFF, 0x39, 0x99, 0xF5, 0xFF, 0x4D, 0x9C, 0xED, 0xFF,
    0x45, 0x96, 0xE6, 0xFF, 0x7A, 0x2E, 0x50, 0xFF, 0x95, 0x17, 0x2F, 0xFF, 0x9A, 0x20, 0x3A, 0xFF,
    0xA3, 0x20, 0x3A, 0xFF, 0xAA, 0x21, 0x3B, 0xFF, 0xB1, 0x23, 0x3C, 0xFF, 0xB8, 0x25, 0x3C, 0xFF,
    0xBD, 0x26, 0x3B, 0xFF, 0xC2, 0x27, 0x3B, 0xFF, 0xC6, 0x29, 0x3C, 0xFF, 0xC9, 0x2A, 0x3C, 0xFF,
    0xCB, 0x2B, 0x3C, 0xFF, 0xCC, 0x2C, 0x3D, 0xFF, 0xCD, 0x2D, 0x3D, 0xFF, 0xCD, 0x2E, 0x3D, 0xFF,
    0xCD, 0x2F, 0x3D, 0xFF, 0xCD, 0x2F, 0x3D, 0xFF, 0xCC, 0x2F, 0x3C, 0xFF, 0xCA, 0x2E, 0x3B, 0xFF,
    0xC9, 0x2F, 0x3B, 0xFF, 0xC6, 0x2F, 0x3A, 0xFF, 0xC4, 0x2F, 0x3A, 0xFF, 0xBD, 0x2E, 0x38, 0xFB,
    0xC6, 0x3C, 0x45, 0xFF, 0xB1, 0x48, 0x4D, 0x83, 0x00, 0x00, 0x00, 0x00, 0xAA, 0x55, 0x55, 0x03,
    0x00, 0x00, 0x00, 0x00, 0x00, 0x00, 0x00, 0x00, 0x00, 0x00, 0x00, 0x00, 0x00, 0x00, 0x00, 0x00,
    0x00, 0x00, 0x00, 0x00, 0x00, 0x00, 0x00, 0x00, 0x7F, 0x00, 0x00, 0x02, 0x00, 0x00, 0x00, 0x00,
    0x83, 0x4D, 0x4D, 0x21, 0x86, 0x37, 0x3B, 0xF8, 0x8D, 0x2B, 0x30, 0xFE, 0x93, 0x27, 0x2D, 0xFE,
    0x9A, 0x24, 0x2C, 0xFF, 0xA1, 0x23, 0x2C, 0xFF, 0xA7, 0x22, 0x2D, 0xFF, 0xAC, 0x22, 0x2E, 0xFF,
    0xB1, 0x22, 0x30, 0xFF, 0xB6, 0x23, 0x32, 0xFF, 0xB9, 0x24, 0x34, 0xFF, 0xBB, 0x26, 0x37, 0xFF,
    0xBC, 0x29, 0x39, 0xFF, 0xBC, 0x2A, 0x3B, 0xFF, 0xBB, 0x2A, 0x3C, 0xFF, 0xB8, 0x2B, 0x3D, 0xFF,
    0xB2, 0x2A, 0x3D, 0xFF, 0xAC, 0x28, 0x3C, 0xFF, 0xA5, 0x25, 0x38, 0xFF, 0x9C, 0x21, 0x34, 0xFF,
    0x94, 0x1D, 0x2F, 0xFF, 0x8D, 0x1B, 0x2B, 0xFF, 0x88, 0x1B, 0x2D, 0xFF, 0x8A, 0x17, 0x2C, 0xFF,
    0x80, 0x1E, 0x37, 0xFF, 0x3E, 0x7F, 0xD6, 0xFF, 0x44, 0x98, 0xF7, 0xFF, 0x4A, 0x9C, 0xF4, 0xFF,
    0x44, 0x94, 0xEA, 0xFF, 0x74, 0x2D, 0x50, 0xFF, 0x8E, 0x16, 0x2C, 0xFF, 0x93, 0x1E, 0x39, 0xFF,
    0x9B, 0x1E, 0x39, 0xFF, 0xA2, 0x20, 0x3A, 0xFF, 0xAA, 0x20, 0x3A, 0xFF, 0xB1, 0x22, 0x3A, 0xFF,
    0xB8, 0x23, 0x3A, 0xFF, 0xBC, 0x25, 0x3A, 0xFF, 0xC0, 0x26, 0x3A, 0xFF, 0xC3, 0x27, 0x3A, 0xFF,
    0xC5, 0x28, 0x3A, 0xFF, 0xC6, 0x29, 0x3A, 0xFF, 0xC7, 0x2A, 0x3A, 0xFF, 0xC6, 0x2A, 0x3A, 0xFF,
    0xC6, 0x2A, 0x39, 0xFF, 0xC6, 0x2A, 0x39, 0xFF, 0xC5, 0x2B, 0x39, 0xFF, 0xC3, 0x2B, 0x38, 0xFF,
    0xC1, 0x2B, 0x37, 0xFF, 0xBF, 0x2C, 0x37, 0xFF, 0xBA, 0x2C, 0x37, 0xFD, 0xBC, 0x32, 0x3C, 0xFF,
    0xAF, 0x3F, 0x47, 0xE0, 0xA3, 0x5B, 0x5B, 0x0E, 0x7F, 0x7F, 0x7F, 0x02, 0xFF, 0x00, 0x00, 0x01,
    0x00, 0x00, 0x00, 0x00, 0x00, 0x00, 0x00, 0x00, 0x00, 0x00, 0x00, 0x00, 0x00, 0x00, 0x00, 0x00,
    0x00, 0x00, 0x00, 0x00, 0x00, 0x00, 0x00, 0x00, 0x00, 0x00, 0x00, 0x00, 0x7F, 0x7F, 0x7F, 0x02,
    0x00, 0x00, 0x00, 0x00, 0x83, 0x3B, 0x40, 0xAF, 0x91, 0x31, 0x36, 0xFF, 0x90, 0x26, 0x2D, 0xFC,
    0x97, 0x24, 0x2C, 0xFF, 0x9E, 0x22, 0x2B, 0xFF, 0xA3, 0x21, 0x2C, 0xFF, 0xA8, 0x20, 0x2D, 0xFF,
    0xAD, 0x20, 0x2F, 0xFF, 0xB1, 0x21, 0x31, 0xFF, 0xB4, 0x22, 0x33, 0xFF, 0xB6, 0x23, 0x35, 0xFF,
    0xB7, 0x24, 0x37, 0xFF, 0xB6, 0x25, 0x38, 0xFF, 0xB5, 0x26, 0x39, 0xFF, 0xB1, 0x25, 0x39, 0xFF,
    0xAB, 0x24, 0x38, 0xFF, 0xA4, 0x22, 0x36, 0xFF, 0x9C, 0x1F, 0x33, 0xFF, 0x93, 0x1D, 0x30, 0xFF,
    0x8B, 0x1B, 0x2C, 0xFF, 0x86, 0x1A, 0x2A, 0xFF, 0x81, 0x1C, 0x2E, 0xFF, 0x87, 0x12, 0x21, 0xFF,
    0x54, 0x54, 0x96, 0xFF, 0x3D, 0x94, 0xFC, 0xFF, 0x46, 0x94, 0xF5, 0xFF, 0x4A, 0x9C, 0xF9, 0xFF,
    0x43, 0x93, 0xED, 0xFF, 0x71, 0x2C, 0x50, 0xFF, 0x88, 0x15, 0x2B, 0xFF, 0x8B, 0x1C, 0x37, 0xFF,
    0x94, 0x1C, 0x37, 0xFF, 0x9B, 0x1D, 0x38, 0xFF, 0xA3, 0x1F, 0x38, 0xFF, 0xAB, 0x20, 0x38, 0xFF,
    0xB1, 0x21, 0x38, 0xFF, 0xB7, 0x22, 0x38, 0xFF, 0xBA, 0x23, 0x38, 0xFF, 0xBE, 0x24, 0x38, 0xFF,
    0xBF, 0x25, 0x38, 0xFF, 0xC0, 0x26, 0x38, 0xFF, 0xC1, 0x26, 0x38, 0xFF, 0xC0, 0x27, 0x37, 0xFF,
    0xC0, 0x27, 0x37, 0xFF, 0xBF, 0x27, 0x36, 0xFF, 0xBD, 0x28, 0x36, 0xFF, 0xBC, 0x28, 0x35, 0xFF,
    0xBA, 0x28, 0x35, 0xFF, 0xB6, 0x2A, 0x35, 0xFE, 0xB4, 0x2C, 0x36, 0xFB, 0xB4, 0x3D, 0x45, 0xFF,
    0xA6, 0x49, 0x51, 0x45, 0x00, 0x00, 0x00, 0x00, 0xAA, 0x55, 0x55, 0x03, 0x00, 0x00, 0x00, 0x00,
    0x00, 0x00, 0x00, 0x00, 0x00, 0x00, 0x00, 0x00, 0x00, 0x00, 0x00, 0x00, 0x00, 0x00, 0x00, 0x00,
    0x00, 0x00, 0x00, 0x00, 0x00, 0x00, 0x00, 0x00, 0x00, 0x00, 0x00, 0x00, 0xAA, 0x55, 0x55, 0x03,
    0x00, 0x00, 0x00, 0x00, 0x87, 0x46, 0x4B, 0x33, 0x8A, 0x35, 0x3A, 0xFE, 0x8D, 0x27, 0x2E, 0xFC,
    0x93, 0x24, 0x2C, 0xFE, 0x99, 0x22, 0x2B, 0xFF, 0x9E, 0x20, 0x2C, 0xFF, 0xA4, 0x20, 0x2D, 0xFF,
    0xA8, 0x20, 0x2F, 0xFF, 0xAC, 0x1F, 0x30, 0xFF, 0xAF, 0x20, 0x31, 0xFF, 0xB1, 0x20, 0x33, 0xFF,
    0xB1, 0x21, 0x34, 0xFF, 0xB1, 0x21, 0x36, 0xFF, 0xAE, 0x21, 0x36, 0xFF, 0xAA, 0x20, 0x36, 0xFF,
    0xA3, 0x1F, 0x35, 0xFF, 0x9C, 0x1E, 0x33, 0xFF, 0x94, 0x1C, 0x31, 0xFF, 0x8C, 0x1C, 0x2F, 0xFF,
    0x85, 0x1C, 0x2B, 0xFF, 0x7F, 0x1D, 0x2C, 0xFF, 0x81, 0x17, 0x24, 0xFF, 0x6C, 0x2E, 0x52, 0xFF,
    0x3A, 0x85, 0xEC, 0xFF, 0x47, 0x8F, 0xF7, 0xFF, 0x45, 0x94, 0xFB, 0xFF, 0x4B, 0x9A, 0xFC, 0xFF,
    0x43, 0x91, 0xF0, 0xFF, 0x6F, 0x2C, 0x50, 0xFF, 0x84, 0x15, 0x29, 0xFF, 0x86, 0x1B, 0x35, 0xFF,
    0x8D, 0x1B, 0x35, 0xFF, 0x95, 0x1C, 0x36, 0xFF, 0x9C, 0x1D, 0x37, 0xFF, 0xA4, 0x1E, 0x37, 0xFF,
    0xAB, 0x1F, 0x36, 0xFF, 0xB1, 0x20, 0x37, 0xFF, 0xB5, 0x21, 0x36, 0xFF, 0xB7, 0x22, 0x36, 0xFF,
    0xB9, 0x23, 0x36, 0xFF, 0xB9, 0x23, 0x35, 0xFF, 0xB9, 0x24, 0x35, 0xFF, 0xB9, 0x24, 0x35, 0xFF,
    0xB9, 0x24, 0x35, 0xFF, 0xB8, 0x25, 0x34, 0xFF, 0xB6, 0x25, 0x33, 0xFF, 0xB4, 0x26, 0x33, 0xFF,
    0xB1, 0x28, 0x34, 0xFE, 0xAE, 0x2A, 0x36, 0xFA, 0xB7, 0x3B, 0x45, 0xFF, 0xA4, 0x45, 0x4B, 0x79,
    0x00, 0x00, 0x00, 0x00, 0xAA, 0x55, 0x55, 0x03, 0x00, 0x00, 0x00, 0x00, 0x00, 0x00, 0x00, 0x00,
    0x00, 0x00, 0x00, 0x00, 0x00, 0x00, 0x00, 0x00, 0x00, 0x00, 0x00, 0x00, 0x00, 0x00, 0x00, 0x00,
    0x00, 0x00, 0x00, 0x00, 0x00, 0x00, 0x00, 0x00, 0x00, 0x00, 0x00, 0x00, 0x00, 0x00, 0x00, 0x00,
    0x55, 0x55, 0x55, 0x03, 0x00, 0x00, 0x00, 0x00, 0x85, 0x3B, 0x41, 0x8D, 0x94, 0x32, 0x39, 0xFF,
    0x8D, 0x23, 0x2C, 0xFA, 0x94, 0x22, 0x2C, 0xFF, 0x99, 0x20, 0x2C, 0xFF, 0x9E, 0x1F, 0x2D, 0xFF,
    0xA2, 0x1E, 0x2E, 0xFF, 0xA6, 0x1F, 0x2F, 0xFF, 0xA8, 0x1E, 0x30, 0xFF, 0xAA, 0x1E, 0x32, 0xFF,
    0xAB, 0x1E, 0x32, 0xFF, 0xAA, 0x1E, 0x33, 0xFF, 0xA7, 0x1E, 0x33, 0xFF, 0xA3, 0x1D, 0x33, 0xFF,
    0x9D, 0x1C, 0x32, 0xFF, 0x95, 0x1C, 0x31, 0xFF, 0x8E, 0x1C, 0x30, 0xFF, 0x87, 0x1C, 0x2E, 0xFF,
    0x81, 0x1C, 0x2D, 0xFF, 0x7C, 0x1D, 0x2D, 0xFF, 0x7A, 0x1C, 0x29, 0xFF, 0x44, 0x65, 0xB8, 0xFF,
    0x41, 0x8C, 0xFB, 0xFF, 0x47, 0x8D, 0xF8, 0xFF, 0x45, 0x92, 0xFE, 0xFF, 0x4B, 0x98, 0xFE, 0xFF,
    0x43, 0x8F, 0xF3, 0xFF, 0x6F, 0x2C, 0x51, 0xFF, 0x82, 0x15, 0x28, 0xFF, 0x82, 0x1B, 0x33, 0xFF,
    0x88, 0x1A, 0x33, 0xFF, 0x8F, 0x1B, 0x34, 0xFF, 0x96, 0x1C, 0x34, 0xFF, 0x9F, 0x1D, 0x35, 0xFF,
    0xA5, 0x1E, 0x35, 0xFF, 0xAB, 0x1F, 0x34, 0xFF, 0xAE, 0x20, 0x35, 0xFF, 0xB0, 0x20, 0x34, 0xFF,
    0xB1, 0x21, 0x34, 0xFF, 0xB2, 0x21, 0x34, 0xFF, 0xB2, 0x22, 0x33, 0xFF, 0xB1, 0x22, 0x33, 0xFF,
    0xB0, 0x22, 0x32, 0xFF, 0xAF, 0x23, 0x32, 0xFF, 0xAE, 0x25, 0x32, 0xFF, 0xAB, 0x26, 0x32, 0xFD,
    0xA8, 0x28, 0x34, 0xFC, 0xB3, 0x39, 0x44, 0xFF, 0xA3, 0x44, 0x4D, 0x8E, 0x00, 0x00, 0x00, 0x00,
    0xBF, 0x3F, 0x3F, 0x04, 0x00, 0x00, 0x00, 0x00, 0x00, 0x00, 0x00, 0x00, 0x00, 0x00, 0x00, 0x00,
    0x00, 0x00, 0x00, 0x00, 0x00, 0x00, 0x00, 0x00, 0x00, 0x00, 0x00, 0x00, 0x00, 0x00, 0x00, 0x00,
    0x00, 0x00, 0x00, 0x00, 0x00, 0x00, 0x00, 0x00, 0x00, 0x00, 0x00, 0x00, 0x00, 0x00, 0x00, 0x00,
    0x00, 0x00, 0x00, 0x01, 0xAA, 0x55, 0x55, 0x03, 0x7F, 0x55, 0x55, 0x06, 0x8A, 0x38, 0x3F, 0xBE,
    0x96, 0x2D, 0x37, 0xFF, 0x8F, 0x22, 0x2C, 0xFA, 0x94, 0x21, 0x2D, 0xFF, 0x99, 0x1F, 0x2D, 0xFF,
    0x9D, 0x1E, 0x2E, 0xFF, 0xA0, 0x1D, 0x2F, 0xFF, 0xA2, 0x1D, 0x30, 0xFF, 0xA5, 0x1D, 0x31, 0xFF,
    0xA5, 0x1D, 0x32, 0xFF, 0xA3, 0x1D, 0x32, 0xFF, 0xA2, 0x1D, 0x32, 0xFF, 0x9D, 0x1C, 0x32, 0xFF,
    0x98, 0x1C, 0x32, 0xFF, 0x91, 0x1C, 0x31, 0xFF, 0x8B, 0x1D, 0x30, 0xFF, 0x85, 0x1D, 0x2F, 0xFF,
    0x7D, 0x1E, 0x30, 0xFF, 0x7F, 0x19, 0x23, 0xFF, 0x5B, 0x40, 0x72, 0xFF, 0x3B, 0x84, 0xF6, 0xFF,
    0x48, 0x86, 0xF5, 0xFF, 0x46, 0x8C, 0xFD, 0xFF, 0x45, 0x90, 0xFE, 0xFF, 0x4B, 0x96, 0xFF, 0xFF,
    0x43, 0x8D, 0xF6, 0xFF, 0x70, 0x2C, 0x51, 0xFF, 0x82, 0x16, 0x28, 0xFF, 0x82, 0x1B, 0x32, 0xFF,
    0x87, 0x1A, 0x31, 0xFF, 0x8D, 0x1B, 0x32, 0xFF, 0x93, 0x1B, 0x32, 0xFF, 0x9B, 0x1C, 0x33, 0xFF,
    0xA1, 0x1D, 0x33, 0xFF, 0xA5, 0x1E, 0x33, 0xFF, 0xA8, 0x1F, 0x33, 0xFF, 0xA9, 0x1F, 0x33, 0xFF,
    0xAB, 0x1F, 0x32, 0xFF, 0xAA, 0x20, 0x32, 0xFF, 0xAA, 0x20, 0x32, 0xFF, 0xA9, 0x21, 0x32, 0xFF,
    0xA8, 0x22, 0x32, 0xFF, 0xA6, 0x24, 0x32, 0xFE, 0xA4, 0x25, 0x32, 0xFB, 0xA6, 0x2B, 0x37, 0xFF,
    0xAA, 0x39, 0x45, 0xFF, 0xA3, 0x45, 0x4F, 0x80, 0x00, 0x00, 0x00, 0x00, 0xAA, 0x55, 0x55, 0x03,
    0xFF, 0x00, 0x00, 0x01, 0x00, 0x00, 0x00, 0x00, 0x00, 0x00, 0x00, 0x00, 0x00, 0x00, 0x00, 0x00,
    0x00, 0x00, 0x00, 0x00, 0x00, 0x00, 0x00, 0x00, 0x00, 0x00, 0x00, 0x00, 0x00, 0x00, 0x00, 0x00,
    0x00, 0x00, 0x00, 0x00, 0x00, 0x00, 0x00, 0x00, 0x00, 0x00, 0x00, 0x00, 0x00, 0x00, 0x00, 0x00,
    0x00, 0x00, 0x00, 0x00, 0xFF, 0x00, 0x00, 0x01, 0x00, 0x00, 0x00, 0x00, 0x8F, 0x4F, 0x4F, 0x10,
    0x92, 0x37, 0x41, 0xC0, 0x9E, 0x2D, 0x3A, 0xFF, 0x94, 0x21, 0x2E, 0xFC, 0x97, 0x1F, 0x2E, 0xFC,
    0x9C, 0x1F, 0x2F, 0xFF, 0x9F, 0x1D, 0x2F, 0xFF, 0xA1, 0x1D, 0x30, 0xFF, 0xA3, 0x1D, 0x31, 0xFF,
    0xA4, 0x1D, 0x31, 0xFF, 0xA2, 0x1D, 0x32, 0xFF, 0xA1, 0x1D, 0x33, 0xFF, 0x9E, 0x1D, 0x33, 0xFF,
    0x9A, 0x1E, 0x33, 0xFF, 0x95, 0x1E, 0x32, 0xFF, 0x8F, 0x1E, 0x31, 0xFF, 0x89, 0x1D, 0x31, 0xFF,
    0x85, 0x1B, 0x2D, 0xFF, 0x78, 0x22, 0x3A, 0xFF, 0x3D, 0x6F, 0xD4, 0xFF, 0x45, 0x84, 0xF8, 0xFF,
    0x46, 0x85, 0xF9, 0xFF, 0x46, 0x8A, 0xFE, 0xFF, 0x46, 0x8D, 0xFF, 0xFF, 0x4B, 0x93, 0xFF, 0xFF,
    0x44, 0x8B, 0xF8, 0xFF, 0x74, 0x2D, 0x53, 0xFF, 0x87, 0x17, 0x29, 0xFF, 0x88, 0x1C, 0x33, 0xFF,
    0x8D, 0x1C, 0x31, 0xFF, 0x92, 0x1C, 0x32, 0xFF, 0x97, 0x1C, 0x33, 0xFF, 0x9C, 0x1C, 0x33, 0xFF,
    0xA2, 0x1D, 0x33, 0xFF, 0xA5, 0x1E, 0x33, 0xFF, 0xA7, 0x1E, 0x33, 0xFF, 0xA8, 0x1F, 0x33, 0xFF,
    0xA8, 0x1F, 0x32, 0xFF, 0xA8, 0x20, 0x32, 0xFF, 0xA8, 0x20, 0x32, 0xFF, 0xA7, 0x22, 0x32, 0xFD,
    0xA5, 0x23, 0x32, 0xFB, 0xA4, 0x26, 0x35, 0xFF, 0xAF, 0x31, 0x40, 0xFF, 0xA8, 0x3B, 0x48, 0xE6,
    0xA0, 0x48, 0x51, 0x54, 0x00, 0x00, 0x00, 0x00, 0xAA, 0x00, 0x55, 0x03, 0x00, 0x00, 0x00, 0x01,
    0x00, 0x00, 0x00, 0x00, 0x00, 0x00, 0x00, 0x00, 0x00, 0x00, 0x00, 0x00, 0x00, 0x00, 0x00, 0x00,
    0x00, 0x00, 0x00, 0x00, 0x00, 0x00, 0x00, 0x00, 0x00, 0x00, 0x00, 0x00, 0x00, 0x00, 0x00, 0x00,
    0x00, 0x00, 0x00, 0x00, 0x00, 0x00, 0x00, 0x00, 0x00, 0x00, 0x00, 0x00, 0x00, 0x00, 0x00, 0x00,
    0x00, 0x00, 0x00, 0x00, 0x00, 0x00, 0x00, 0x00, 0x7F, 0x00, 0x00, 0x02, 0x00, 0x00, 0x00, 0x00,
    0x9F, 0x5F, 0x5F, 0x08, 0x9B, 0x39, 0x45, 0x9A, 0xA2, 0x30, 0x3F, 0xFF, 0xA3, 0x26, 0x37, 0xFF,
    0x9C, 0x1F, 0x30, 0xFE, 0xA0, 0x1E, 0x30, 0xFB, 0xA2, 0x1E, 0x31, 0xFC, 0xA4, 0x1E, 0x32, 0xFD,
    0xA4, 0x1E, 0x33, 0xFE, 0xA4, 0x1E, 0x34, 0xFE, 0xA3, 0x1F, 0x34, 0xFE, 0xA1, 0x1F, 0x34, 0xFE,
    0x9E, 0x20, 0x34, 0xFE, 0x9A, 0x20, 0x34, 0xFE, 0x96, 0x1F, 0x33, 0xFE, 0x8F, 0x1E, 0x34, 0xFE,
    0x93, 0x16, 0x25, 0xFF, 0x55, 0x4C, 0x95, 0xFF, 0x3D, 0x81, 0xF9, 0xFF, 0x48, 0x80, 0xF4, 0xFF,
    0x46, 0x84, 0xFD, 0xFF, 0x46, 0x86, 0xFF, 0xFF, 0x46, 0x89, 0xFF, 0xFF, 0x4B, 0x90, 0xFF, 0xFF,
    0x44, 0x89, 0xFB, 0xFF, 0x7E, 0x2C, 0x53, 0xFF, 0x91, 0x17, 0x29, 0xFF, 0x91, 0x1D, 0x33, 0xFF,
    0x95, 0x1D, 0x32, 0xFF, 0x99, 0x1D, 0x33, 0xFF, 0x9D, 0x1E, 0x34, 0xFF, 0xA0, 0x1E, 0x34, 0xFE,
    0xA3, 0x1E, 0x34, 0xFE, 0xA6, 0x1F, 0x34, 0xFE, 0xA7, 0x1F, 0x34, 0xFE, 0xA8, 0x1F, 0x34, 0xFD,
    0xA7, 0x1F, 0x33, 0xFC, 0xA8, 0x20, 0x33, 0xFB, 0xA8, 0x22, 0x34, 0xFD, 0xAC, 0x26, 0x38, 0xFF,
    0xB3, 0x2F, 0x40, 0xFF, 0xAC, 0x37, 0x45, 0xF8, 0xAE, 0x43, 0x50, 0x98, 0xAD, 0x51, 0x66, 0x19,
    0x00, 0x00, 0x00, 0x00, 0xAA, 0x55, 0x55, 0x03, 0x00, 0x00, 0x00, 0x00, 0x00, 0x00, 0x00, 0x00,
    0x00, 0x00, 0x00, 0x00, 0x00, 0x00, 0x00, 0x00, 0x00, 0x00, 0x00, 0x00, 0x00, 0x00, 0x00, 0x00,
    0x00, 0x00, 0x00, 0x00, 0x00, 0x00, 0x00, 0x00, 0x00, 0x00, 0x00, 0x00, 0x00, 0x00, 0x00, 0x00,
    0x00, 0x00, 0x00, 0x00, 0x00, 0x00, 0x00, 0x00, 0x00, 0x00, 0x00, 0x00, 0x00, 0x00, 0x00, 0x00,
    0x00, 0x00, 0x00, 0x00, 0x00, 0x00, 0x00, 0x00, 0x00, 0x00, 0x00, 0x00, 0xFF, 0x00, 0x00, 0x01,
    0x00, 0x00, 0x00, 0x00, 0x00, 0x00, 0x00, 0x00, 0xA5, 0x40, 0x4F, 0x47, 0xA7, 0x37, 0x47, 0xC1,
    0xA9, 0x2F, 0x41, 0xFF, 0xB1, 0x2A, 0x3F, 0xFF, 0xAF, 0x25, 0x3B, 0xFF, 0xAC, 0x23, 0x38, 0xFF,
    0xAA, 0x22, 0x37, 0xFF, 0xA9, 0x22, 0x37, 0xFF, 0xA9, 0x22, 0x38, 0xFF, 0xA8, 0x22, 0x38, 0xFF,
    0xA6, 0x22, 0x37, 0xFF, 0xA4, 0x21, 0x37, 0xFF, 0xA0, 0x21, 0x37, 0xFF, 0xA5, 0x1C, 0x2D, 0xFF,
    0x81, 0x2C, 0x53, 0xFF, 0x3A, 0x74, 0xE6, 0xFF, 0x48, 0x7D, 0xF2, 0xFF, 0x46, 0x7F, 0xF8, 0xFF,
    0x46, 0x81, 0xFD, 0xFF, 0x46, 0x83, 0xFF, 0xFF, 0x46, 0x85, 0xFF, 0xFF, 0x4C, 0x8D, 0xFF, 0xFF,
    0x42, 0x86, 0xFC, 0xFF, 0x80, 0x31, 0x5F, 0xFF, 0x9E, 0x19, 0x29, 0xFF, 0x9C, 0x1E, 0x34, 0xFF,
    0x9F, 0x1E, 0x32, 0xFF, 0xA1, 0x1F, 0x34, 0xFF, 0xA4, 0x1E, 0x32, 0xFE, 0xA9, 0x20, 0x36, 0xFF,
    0xAA, 0x21, 0x37, 0xFF, 0xAC, 0x21, 0x37, 0xFF, 0xAE, 0x22, 0x38, 0xFF, 0xB0, 0x24, 0x39, 0xFF,
    0xB4, 0x28, 0x3D, 0xFF, 0xB8, 0x2D, 0x41, 0xFF, 0xB4, 0x32, 0x45, 0xFF, 0xB1, 0x38, 0x49, 0xDF,
    0xB3, 0x42, 0x50, 0x8E, 0xB1, 0x4D, 0x5E, 0x2B, 0x00, 0x00, 0x00, 0x00, 0x00, 0x00, 0x00, 0x00,
    0xAA, 0x55, 0x55, 0x03, 0x00, 0x00, 0x00, 0x00, 0x00, 0x00, 0x00, 0x00, 0x00, 0x00, 0x00, 0x00,
    0x00, 0x00, 0x00, 0x00, 0x00, 0x00, 0x00, 0x00, 0x00, 0x00, 0x00, 0x00, 0x00, 0x00, 0x00, 0x00,
    0x00, 0x00, 0x00, 0x00, 0x00, 0x00, 0x00, 0x00, 0x00, 0x00, 0x00, 0x00, 0x00, 0x00, 0x00, 0x00,
    0x00, 0x00, 0x00, 0x00, 0x00, 0x00, 0x00, 0x00, 0x00, 0x00, 0x00, 0x00, 0x00, 0x00, 0x00, 0x00,
    0x00, 0x00, 0x00, 0x00, 0x00, 0x00, 0x00, 0x00, 0x00, 0x00, 0x00, 0x00, 0x00, 0x00, 0x00, 0x00,
    0x00, 0x00, 0x00, 0x01, 0x7F, 0x00, 0x00, 0x02, 0x00, 0x00, 0x00, 0x00, 0x00, 0x00, 0x00, 0x00,
    0xB2, 0x47, 0x55, 0x39, 0xB1, 0x3B, 0x4F, 0x84, 0xB2, 0x37, 0x4A, 0xBD, 0xB0, 0x33, 0x48, 0xDE,
    0xB0, 0x32, 0x46, 0xEE, 0xB1, 0x31, 0x46, 0xF3, 0xAF, 0x32, 0x46, 0xF4, 0xAF, 0x30, 0x45, 0xF1,
    0xAE, 0x30, 0x44, 0xEF, 0xAC, 0x2E, 0x44, 0xEC, 0xAA, 0x2D, 0x43, 0xE9, 0xAC, 0x28, 0x3A, 0xE4,
    0x4F, 0x5B, 0xB5, 0xFF, 0x40, 0x7B, 0xF5, 0xFF, 0x47, 0x7B, 0xF3, 0xFF, 0x46, 0x7D, 0xFA, 0xFF,
    0x46, 0x7E, 0xFD, 0xFF, 0x46, 0x7F, 0xFE, 0xFF, 0x46, 0x80, 0xFF, 0xFF, 0x49, 0x85, 0xFF, 0xFF,
    0x40, 0x85, 0xFF, 0xFF, 0x41, 0x75, 0xE9, 0xFF, 0x4F, 0x6B, 0xD3, 0xFF, 0x4E, 0x6B, 0xD1, 0xFF,
    0x50, 0x6A, 0xCB, 0xFF, 0x55, 0x6B, 0xC4, 0xFE, 0x6F, 0x64, 0xB0, 0xFF, 0xAD, 0x31, 0x48, 0xEE,
    0xB1, 0x2E, 0x44, 0xF0, 0xB1, 0x31, 0x45, 0xEF, 0xB2, 0x32, 0x46, 0xE8, 0xB3, 0x34, 0x48, 0xD6,
    0xB4, 0x39, 0x4D, 0xB6, 0xB6, 0x3E, 0x50, 0x82, 0xBA, 0x48, 0x5B, 0x43, 0xD0, 0x73, 0x8B, 0x0B,
    0x00, 0x00, 0x00, 0x00, 0x00, 0x00, 0x00, 0x00, 0xAA, 0x55, 0x55, 0x03, 0xFF, 0x00, 0x00, 0x01,
    0x00, 0x00, 0x00, 0x00, 0x00, 0x00, 0x00, 0x00, 0x00, 0x00, 0x00, 0x00, 0x00, 0x00, 0x00, 0x00,
    0x00, 0x00, 0x00, 0x00, 0x00, 0x00, 0x00, 0x00, 0x00, 0x00, 0x00, 0x00, 0x00, 0x00, 0x00, 0x00,
    0x00, 0x00, 0x00, 0x00, 0x00, 0x00, 0x00, 0x00, 0x00, 0x00, 0x00, 0x00, 0x00, 0x00, 0x00, 0x00,
    0x00, 0x00, 0x00, 0x00, 0x00, 0x00, 0x00, 0x00, 0x00, 0x00, 0x00, 0x00, 0x00, 0x00, 0x00, 0x00,
    0x00, 0x00, 0x00, 0x00, 0x00, 0x00, 0x00, 0x00, 0x00, 0x00, 0x00, 0x00, 0x00, 0x00, 0x00, 0x00,
    0x00, 0x00, 0x00, 0x00, 0x00, 0x00, 0x00, 0x00, 0xAA, 0x55, 0x55, 0x03, 0x00, 0x00, 0x00, 0x01,
    0x00, 0x00, 0x00, 0x00, 0x00, 0x00, 0x00, 0x00, 0x00, 0x00, 0x00, 0x00, 0xDA, 0x91, 0x91, 0x07,
    0xC6, 0x55, 0x71, 0x12, 0xC9, 0x55, 0x6A, 0x18, 0xC1, 0x51, 0x66, 0x19, 0xCE, 0x55, 0x6D, 0x15,
    0xD2, 0x5A, 0x69, 0x11, 0xB8, 0x63, 0x7F, 0x12, 0xFF, 0x66, 0x4C, 0x0A, 0x3B, 0x63, 0xC6, 0x6C,
    0x41, 0x76, 0xF0, 0xFF, 0x47, 0x77, 0xF0, 0xFC, 0x46, 0x79, 0xF7, 0xFF, 0x47, 0x7A, 0xFB, 0xFF,
    0x47, 0x7A, 0xFD, 0xFF, 0x46, 0x7B, 0xFF, 0xFF, 0x46, 0x7C, 0xFF, 0xFF, 0x46, 0x7E, 0xFF, 0xFF,
    0x47, 0x7F, 0xFF, 0xFF, 0x45, 0x81, 0xFF, 0xFF, 0x43, 0x82, 0xFF, 0xFF, 0x43, 0x82, 0xFF, 0xFF,
    0x42, 0x7F, 0xFB, 0xFC, 0x58, 0x89, 0xFE, 0xFF, 0x61, 0x87, 0xEC, 0x97, 0xC3, 0x5A, 0x78, 0x11,
    0xB9, 0x5C, 0x73, 0x16, 0xC6, 0x55, 0x71, 0x12, 0xC4, 0x62, 0x75, 0x0D, 0xFF, 0xFF, 0xFF, 0x03,
    0x00, 0x00, 0x00, 0x00, 0x00, 0x00, 0x00, 0x00, 0x00, 0x00, 0x00, 0x00, 0x00, 0x00, 0x00, 0x00,
    0xAA, 0x55, 0x55, 0x03, 0x7F, 0x7F, 0x7F, 0x02, 0x00, 0x00, 0x00, 0x00, 0x00, 0x00, 0x00, 0x00,
    0x00, 0x00, 0x00, 0x00, 0x00, 0x00, 0x00, 0x00, 0x00, 0x00, 0x00, 0x00, 0x00, 0x00, 0x00, 0x00,
    0x00, 0x00, 0x00, 0x00, 0x00, 0x00, 0x00, 0x00, 0x00, 0x00, 0x00, 0x00, 0x00, 0x00, 0x00, 0x00,
    0x00, 0x00, 0x00, 0x00, 0x00, 0x00, 0x00, 0x00, 0x00, 0x00, 0x00, 0x00, 0x00, 0x00, 0x00, 0x00,
    0x00, 0x00, 0x00, 0x00, 0x00, 0x00, 0x00, 0x00, 0x00, 0x00, 0x00, 0x00, 0x00, 0x00, 0x00, 0x00,
    0x00, 0x00, 0x00, 0x00, 0x00, 0x00, 0x00, 0x00, 0x00, 0x00, 0x00, 0x00, 0x00, 0x00, 0x00, 0x00,
    0x00, 0x00, 0x00, 0x00, 0x00, 0x00, 0x00, 0x00, 0x00, 0x00, 0x00, 0x00, 0x00, 0x00, 0x00, 0x00,
    0xAA, 0x55, 0x55, 0x03, 0xBF, 0x3F, 0x3F, 0x04, 0x7F, 0x00, 0x00, 0x02, 0x00, 0x00, 0x00, 0x00,
    0x00, 0x00, 0x00, 0x00, 0x00, 0x00, 0x00, 0x00, 0x00, 0x00, 0x00, 0x00, 0x00, 0x00, 0x00, 0x00,
    0x00, 0x00, 0x00, 0x00, 0x00, 0x00, 0x00, 0x00, 0x00, 0x55, 0xCC, 0x0F, 0x36, 0x67, 0xD8, 0xE2,
    0x48, 0x74, 0xEE, 0xFB, 0x45, 0x74, 0xF0, 0xFA, 0x45, 0x75, 0xF6, 0xFC, 0x46, 0x76, 0xFB, 0xFC,
    0x47, 0x76, 0xFD, 0xFF, 0x47, 0x77, 0xFE, 0xFF, 0x47, 0x78, 0xFF, 0xFF, 0x47, 0x78, 0xFF, 0xFF,
    0x47, 0x79, 0xFF, 0xFF, 0x47, 0x79, 0xFE, 0xFF, 0x48, 0x79, 0xFC, 0xFF, 0x48, 0x78, 0xFA, 0xFD,
    0x51, 0x7A, 0xF6, 0xFD, 0x66, 0x7D, 0xE9, 0xE6, 0x78, 0x69, 0xD2, 0x11, 0x00, 0x00, 0x00, 0x00,
    0x00, 0x00, 0x00, 0x00, 0x00, 0x00, 0x00, 0x00, 0x00, 0x00, 0x00, 0x00, 0x00, 0x00, 0x00, 0x00,
    0xFF, 0x00, 0x00, 0x02, 0xBF, 0x3F, 0x3F, 0x04, 0xAA, 0x55, 0x55, 0x03, 0xFF, 0x00, 0x00, 0x01,
    0x00, 0x00, 0x00, 0x00, 0x00, 0x00, 0x00, 0x00, 0x00, 0x00, 0x00, 0x00, 0x00, 0x00, 0x00, 0x00,
    0x00, 0x00, 0x00, 0x00, 0x00, 0x00, 0x00, 0x00, 0x00, 0x00, 0x00, 0x00, 0x00, 0x00, 0x00, 0x00,
    0x00, 0x00, 0x00, 0x00, 0x00, 0x00, 0x00, 0x00, 0x00, 0x00, 0x00, 0x00, 0x00, 0x00, 0x00, 0x00,
    0x00, 0x00, 0x00, 0x00, 0x00, 0x00, 0x00, 0x00, 0x00, 0x00, 0x00, 0x00, 0x00, 0x00, 0x00, 0x00,
    0x00, 0x00, 0x00, 0x00, 0x00, 0x00, 0x00, 0x00, 0x00, 0x00, 0x00, 0x00, 0x00, 0x00, 0x00, 0x00,
    0x00, 0x00, 0x00, 0x00, 0x00, 0x00, 0x00, 0x00, 0x00, 0x00, 0x00, 0x00, 0x00, 0x00, 0x00, 0x00,
    0x00, 0x00, 0x00, 0x00, 0x00, 0x00, 0x00, 0x00, 0x00, 0x00, 0x00, 0x00, 0x00, 0x00, 0x00, 0x00,
    0x00, 0x00, 0x00, 0x00, 0x00, 0x00, 0x00, 0x00, 0x00, 0x00, 0x00, 0x00, 0xFF, 0x00, 0x00, 0x01,
    0xFF, 0x00, 0x00, 0x01, 0xFF, 0x00, 0x00, 0x01, 0xFF, 0x00, 0xFF, 0x01, 0xFF, 0x00, 0x00, 0x01,
    0x66, 0x33, 0x99, 0x05, 0xFF, 0x00, 0x00, 0x01, 0x39, 0x57, 0xC0, 0x98, 0x52, 0x70, 0xF4, 0xFF,
    0x4F, 0x6C, 0xED, 0xFF, 0x4F, 0x6F, 0xF9, 0xFF, 0x50, 0x70, 0xFF, 0xFF, 0x4D, 0x72, 0xFF, 0xFF,
    0x47, 0x72, 0xFC, 0xFF, 0x47, 0x73, 0xFE, 0xFF, 0x47, 0x73, 0xFF, 0xFF, 0x47, 0x74, 0xFF, 0xFF,
    0x47, 0x75, 0xFF, 0xFF, 0x47, 0x75, 0xFF, 0xFF, 0x47, 0x76, 0xFE, 0xFF, 0x48, 0x74, 0xF7, 0xFC,
    0x63, 0x7F, 0xFC, 0xFF, 0x6D, 0x7B, 0xE9, 0x5D, 0x00, 0x00, 0x00, 0x00, 0x7F, 0x7F, 0xBF, 0x04,
    0xFF, 0x00, 0x00, 0x01, 0xFF, 0x00, 0x00, 0x01, 0xFF, 0x00, 0x00, 0x01, 0x00, 0x00, 0x00, 0x01,
    0x00, 0x00, 0x00, 0x00, 0x00, 0x00, 0x00, 0x00, 0x00, 0x00, 0x00, 0x00, 0x00, 0x00, 0x00, 0x00,
    0x00, 0x00, 0x00, 0x00, 0x00, 0x00, 0x00, 0x00, 0x00, 0x00, 0x00, 0x00, 0x00, 0x00, 0x00, 0x00,
    0x00, 0x00, 0x00, 0x00, 0x00, 0x00, 0x00, 0x00, 0x00, 0x00, 0x00, 0x00, 0x00, 0x00, 0x00, 0x00,
    0x00, 0x00, 0x00, 0x00, 0x00, 0x00, 0x00, 0x00, 0x00, 0x00, 0x00, 0x00, 0x00, 0x00, 0x00, 0x00,
    0x00, 0x00, 0x00, 0x00, 0x00, 0x00, 0x00, 0x00, 0x00, 0x00, 0x00, 0x00, 0x00, 0x00, 0x00, 0x00,
    0x00, 0x00, 0x00, 0x00, 0x00, 0x00, 0x00, 0x00, 0x00, 0x00, 0x00, 0x00, 0x00, 0x00, 0x00, 0x00,
    0x00, 0x00, 0x00, 0x00, 0x00, 0x00, 0x00, 0x00, 0x00, 0x00, 0x00, 0x00, 0x00, 0x00, 0x00, 0x00,
    0x00, 0x00, 0x00, 0x00, 0x00, 0x00, 0x00, 0x00, 0x00, 0x00, 0x00, 0x00, 0x00, 0x00, 0x00, 0x00,
    0x00, 0x00, 0x00, 0x00, 0x00, 0x00, 0x00, 0x00, 0x00, 0x00, 0x00, 0x00, 0x00, 0x00, 0x00, 0x00,
    0x00, 0x00, 0x00, 0x00, 0x00, 0x00, 0x00, 0x00, 0x00, 0x00, 0x00, 0x00, 0x00, 0x00, 0x00, 0x00,
    0xFF, 0x00, 0xFF, 0x01, 0x00, 0x00, 0x00, 0x00, 0x53, 0x53, 0xC0, 0x3D, 0x63, 0x5B, 0xD6, 0x5F,
    0x5F, 0x57, 0xD8, 0x5D, 0x5C, 0x5A, 0xDF, 0x60, 0x5F, 0x5A, 0xE3, 0x5D, 0x4C, 0x5D, 0xE8, 0x93,
    0x45, 0x6C, 0xFC, 0xFF, 0x47, 0x70, 0xFC, 0xFE, 0x47, 0x70, 0xFE, 0xFF, 0x47, 0x71, 0xFF, 0xFF,
    0x47, 0x71, 0xFE, 0xFF, 0x47, 0x72, 0xFE, 0xFF, 0x47, 0x71, 0xFB, 0xFC, 0x59, 0x78, 0xFE, 0xFF,
    0x68, 0x76, 0xEA, 0xBF, 0x00, 0x00, 0x00, 0x00, 0x55, 0x55, 0xFF, 0x03, 0x00, 0x00, 0x00, 0x00,
    0x00, 0x00, 0x00, 0x00, 0x00, 0x00, 0x00, 0x00, 0x00, 0x00, 0x00, 0x00, 0x00, 0x00, 0x00, 0x00,
    0x00, 0x00, 0x00, 0x00, 0x00, 0x00, 0x00, 0x00, 0x00, 0x00, 0x00, 0x00, 0x00, 0x00, 0x00, 0x00,
    0x00, 0x00, 0x00, 0x00, 0x00, 0x00, 0x00, 0x00, 0x00, 0x00, 0x00, 0x00, 0x00, 0x00, 0x00, 0x00,
    0x00, 0x00, 0x00, 0x00, 0x00, 0x00, 0x00, 0x00, 0x00, 0x00, 0x00, 0x00, 0x00, 0x00, 0x00, 0x00,
    0x00, 0x00, 0x00, 0x00, 0x00, 0x00, 0x00, 0x00, 0x00, 0x00, 0x00, 0x00, 0x00, 0x00, 0x00, 0x00,
    0x00, 0x00, 0x00, 0x00, 0x00, 0x00, 0x00, 0x00, 0x00, 0x00, 0x00, 0x00, 0x00, 0x00, 0x00, 0x00,
    0x00, 0x00, 0x00, 0x00, 0x00, 0x00, 0x00, 0x00, 0x00, 0x00, 0x00, 0x00, 0x00, 0x00, 0x00, 0x00,
    0x00, 0x00, 0x00, 0x00, 0x00, 0x00, 0x00, 0x00, 0x00, 0x00, 0x00, 0x00, 0x00, 0x00, 0x00, 0x00,
    0x00, 0x00, 0x00, 0x00, 0x00, 0x00, 0x00, 0x00, 0x00, 0x00, 0x00, 0x00, 0x00, 0x00, 0x00, 0x00,
    0x00, 0x00, 0x00, 0x00, 0x00, 0x00, 0x00, 0x00, 0x00, 0x00, 0x00, 0x00, 0x00, 0x00, 0x00, 0x00,
    0x00, 0x00, 0x00, 0x00, 0x00, 0x00, 0x00, 0x00, 0x00, 0x00, 0x00, 0x00, 0x00, 0x00, 0x00, 0x00,
    0x00, 0x00, 0x00, 0x00, 0x00, 0x00, 0x00, 0x00, 0x00, 0x00, 0x00, 0x00, 0x00, 0x00, 0x00, 0x00,
    0x00, 0x00, 0x00, 0x00, 0x00, 0x00, 0x00, 0x00, 0x00, 0x00, 0x00, 0x00, 0x1A, 0x4F, 0xD3, 0x1D,
    0x3F, 0x62, 0xF3, 0xFD, 0x49, 0x6D, 0xFE, 0xFF, 0x47, 0x6D, 0xFD, 0xFE, 0x48, 0x6D, 0xFE, 0xFF,
    0x48, 0x6D, 0xFE, 0xFF, 0x47, 0x6E, 0xFD, 0xFE, 0x4C, 0x6F, 0xF9, 0xFC, 0x66, 0x75, 0xF3, 0xFA,
    0x6E, 0x79, 0xE8, 0x2E, 0x00, 0x00, 0x00, 0x00, 0x55, 0x55, 0xFF, 0x03, 0x00, 0x00, 0x00, 0x00,
    0x00, 0x00, 0x00, 0x00, 0x00, 0x00, 0x00, 0x00, 0x00, 0x00, 0x00, 0x00, 0x00, 0x00, 0x00, 0x00,
    0x00, 0x00, 0x00, 0x00, 0x00, 0x00, 0x00, 0x00, 0x00, 0x00, 0x00, 0x00, 0x00, 0x00, 0x00, 0x00,
    0x00, 0x00, 0x00, 0x00, 0x00, 0x00, 0x00, 0x00, 0x00, 0x00, 0x00, 0x00, 0x00, 0x00, 0x00, 0x00,
    0x00, 0x00, 0x00, 0x00, 0x00, 0x00, 0x00, 0x00, 0x00, 0x00, 0x00, 0x00, 0x00, 0x00, 0x00, 0x00,
    0x00, 0x00, 0x00, 0x00, 0x00, 0x00, 0x00, 0x00, 0x00, 0x00, 0x00, 0x00, 0x00, 0x00, 0x00, 0x00,
    0x00, 0x00, 0x00, 0x00, 0x00, 0x00, 0x00, 0x00, 0x00, 0x00, 0x00, 0x00, 0x00, 0x00, 0x00, 0x00,
    0x00, 0x00, 0x00, 0x00, 0x00, 0x00, 0x00, 0x00, 0x00, 0x00, 0x00, 0x00, 0x00, 0x00, 0x00, 0x00,
    0x00, 0x00, 0x00, 0x00, 0x00, 0x00, 0x00, 0x00, 0x00, 0x00, 0x00, 0x00, 0x00, 0x00, 0x00, 0x00,
    0x00, 0x00, 0x00, 0x00, 0x00, 0x00, 0x00, 0x00, 0x00, 0x00, 0x00, 0x00, 0x00, 0x00, 0x00, 0x00,
    0x00, 0x00, 0x00, 0x00, 0x00, 0x00, 0x00, 0x00, 0x00, 0x00, 0x00, 0x00, 0x00, 0x00, 0x00, 0x00,
    0x00, 0x00, 0x00, 0x00, 0x00, 0x00, 0x00, 0x00, 0x00, 0x00, 0x00, 0x00, 0x00, 0x00, 0x00, 0x00,
    0x00, 0x00, 0x00, 0x00, 0x00, 0x00, 0x00, 0x00, 0x7F, 0x7F, 0xFF, 0x02, 0x3F, 0x3F, 0xBF, 0x04,
    0x3F, 0x3F, 0xBF, 0x04, 0x2A, 0x55, 0xD4, 0x06, 0x3F, 0x3F, 0xBF, 0x04, 0x34, 0x51, 0xDC, 0x2C,
    0x3F, 0x5E, 0xF0, 0xFD, 0x49, 0x69, 0xFD, 0xFF, 0x47, 0x68, 0xFC, 0xFE, 0x48, 0x69, 0xFE, 0xFF,
    0x48, 0x6A, 0xFE, 0xFF, 0x48, 0x69, 0xF9, 0xFB, 0x62, 0x75, 0xFF, 0xFF, 0x6C, 0x71, 0xEA, 0x8B,
    0x00, 0x00, 0x00, 0x00, 0x55, 0xAA, 0xFF, 0x03, 0x00, 0x00, 0x00, 0x00, 0x00, 0x00, 0x00, 0x00,
    0x00, 0x00, 0x00, 0x00, 0x00, 0x00, 0x00, 0x00, 0x00, 0x00, 0x00, 0x00, 0x00, 0x00, 0x00, 0x00,
    0x00, 0x00, 0x00, 0x00, 0x00, 0x00, 0x00, 0x00, 0x00, 0x00, 0x00, 0x00, 0x00, 0x00, 0x00, 0x00,
    0x00, 0x00, 0x00, 0x00, 0x00, 0x00, 0x00, 0x00, 0x00, 0x00, 0x00, 0x00, 0x00, 0x00, 0x00, 0x00,
    0x00, 0x00, 0x00, 0x00, 0x00, 0x00, 0x00, 0x00, 0x00, 0x00, 0x00, 0x00, 0x00, 0x00, 0x00, 0x00,
    0x00, 0x00, 0x00, 0x00, 0x00, 0x00, 0x00, 0x00, 0x00, 0x00, 0x00, 0x00, 0x00, 0x00, 0x00, 0x00,
    0x00, 0x00, 0x00, 0x00, 0x00, 0x00, 0x00, 0x00, 0x00, 0x00, 0x00, 0x00, 0x00, 0x00, 0x00, 0x00,
    0x00, 0x00, 0x00, 0x00, 0x00, 0x00, 0x00, 0x00, 0x00, 0x00, 0x00, 0x00, 0x00, 0x00, 0x00, 0x00,
    0x00, 0x00, 0x00, 0x00, 0x00, 0x00, 0x00, 0x00, 0x00, 0x00, 0x00, 0x00, 0x00, 0x00, 0x00, 0x00,
    0x00, 0x00, 0x00, 0x00, 0x00, 0x00, 0x00, 0x00, 0x00, 0x00, 0x00, 0x00, 0x00, 0x00, 0x00, 0x00,
    0x00, 0x00, 0x00, 0x00, 0x00, 0x00, 0x00, 0x00, 0x00, 0x00, 0x00, 0x00, 0x00, 0x00, 0x00, 0x00,
    0x00, 0x00, 0x00, 0x00, 0x00, 0x00, 0x00, 0x00, 0x00, 0x00, 0x00, 0x00, 0x00, 0x00, 0x00, 0x00,
    0x00, 0x00, 0x00, 0x00, 0x00, 0x00, 0x00, 0x00, 0x00, 0x00, 0x00, 0x00, 0x00, 0x00, 0x00, 0x00,
    0x00, 0x00, 0x00, 0x00, 0x00, 0x7F, 0xFF, 0x02, 0x00, 0x00, 0x00, 0x00, 0x31, 0x50, 0xD9, 0x29,
    0x40, 0x5B, 0xEE, 0xFD, 0x49, 0x65, 0xFC, 0xFF, 0x48, 0x65, 0xFB, 0xFE, 0x48, 0x66, 0xFD, 0xFF,
    0x47, 0x66, 0xFC, 0xFD, 0x54, 0x6A, 0xFB, 0xFE, 0x6A, 0x6F, 0xEF, 0xE1, 0x89, 0x75, 0xEB, 0x0D,
    0x7F, 0x7F, 0xFF, 0x02, 0xFF, 0xFF, 0xFF, 0x01, 0x00, 0x00, 0x00, 0x00, 0x00, 0x00, 0x00, 0x00,
    0x00, 0x00, 0x00, 0x00, 0x00, 0x00, 0x00, 0x00, 0x00, 0x00, 0x00, 0x00, 0x00, 0x00, 0x00, 0x00,
    0x00, 0x00, 0x00, 0x00, 0x00, 0x00, 0x00, 0x00, 0x00, 0x00, 0x00, 0x00, 0x00, 0x00, 0x00, 0x00,
    0x00, 0x00, 0x00, 0x00, 0x00, 0x00, 0x00, 0x00, 0x00, 0x00, 0x00, 0x00, 0x00, 0x00, 0x00, 0x00,
    0x00, 0x00, 0x00, 0x00, 0x00, 0x00, 0x00, 0x00, 0x00, 0x00, 0x00, 0x00, 0x00, 0x00, 0x00, 0x00,
    0x00, 0x00, 0x00, 0x00, 0x00, 0x00, 0x00, 0x00, 0x00, 0x00, 0x00, 0x00, 0x00, 0x00, 0x00, 0x00,
    0x00, 0x00, 0x00, 0x00, 0x00, 0x00, 0x00, 0x00, 0x00, 0x00, 0x00, 0x00, 0x00, 0x00, 0x00, 0x00,
    0x00, 0x00, 0x00, 0x00, 0x00, 0x00, 0x00, 0x00, 0x00, 0x00, 0x00, 0x00, 0x00, 0x00, 0x00, 0x00,
    0x00, 0x00, 0x00, 0x00, 0x00, 0x00, 0x00, 0x00, 0x00, 0x00, 0x00, 0x00, 0x00, 0x00, 0x00, 0x00,
    0x00, 0x00, 0x00, 0x00, 0x00, 0x00, 0x00, 0x00, 0x00, 0x00, 0x00, 0x00, 0x00, 0x00, 0x00, 0x00,
    0x00, 0x00, 0x00, 0x00, 0x00, 0x00, 0x00, 0x00, 0x00, 0x00, 0x00, 0x00, 0x00, 0x00, 0x00, 0x00,
    0x00, 0x00, 0x00, 0x00, 0x00, 0x00, 0x00, 0x00, 0x00, 0x00, 0x00, 0x00, 0x00, 0x00, 0x00, 0x00,
    0x00, 0x00, 0x00, 0x00, 0x00, 0x00, 0x00, 0x00, 0x00, 0x00, 0x00, 0x00, 0x00, 0x00, 0x00, 0x00,
    0x00, 0x00, 0x00, 0x00, 0x00, 0x7F, 0xFF, 0x02, 0x00, 0x00, 0x00, 0x00, 0x31, 0x4A, 0xD3, 0x29,
    0x40, 0x58, 0xEC, 0xFD, 0x49, 0x62, 0xFB, 0xFF, 0x48, 0x61, 0xFB, 0xFE, 0x48, 0x62, 0xFC, 0xFF,
    0x4A, 0x62, 0xF6, 0xFC, 0x68, 0x6E, 0xFC, 0xFF, 0x72, 0x6F, 0xEA, 0x55, 0x00, 0x00, 0x00, 0x00,
    0x55, 0x55, 0xFF, 0x03, 0x00, 0x00, 0x00, 0x00, 0x00, 0x00, 0x00, 0x00, 0x00, 0x00, 0x00, 0x00,
    0x00, 0x00, 0x00, 0x00, 0x00, 0x00, 0x00, 0x00, 0x00, 0x00, 0x00, 0x00, 0x00, 0x00, 0x00, 0x00,
    0x00, 0x00, 0x00, 0x00, 0x00, 0x00, 0x00, 0x00, 0x00, 0x00, 0x00, 0x00, 0x00, 0x00, 0x00, 0x00,
    0x00, 0x00, 0x00, 0x00, 0x00, 0x00, 0x00, 0x00, 0x00, 0x00, 0x00, 0x00, 0x00, 0x00, 0x00, 0x00,
    0x00, 0x00, 0x00, 0x00, 0x00, 0x00, 0x00, 0x00, 0x00, 0x00, 0x00, 0x00, 0x00, 0x00, 0x00, 0x00,
    0x00, 0x00, 0x00, 0x00, 0x00, 0x00, 0x00, 0x00, 0x00, 0x00, 0x00, 0x00, 0x00, 0x00, 0x00, 0x00,
    0x00, 0x00, 0x00, 0x00, 0x00, 0x00, 0x00, 0x00, 0x00, 0x00, 0x00, 0x00, 0x00, 0x00, 0x00, 0x00,
    0x00, 0x00, 0x00, 0x00, 0x00, 0x00, 0x00, 0x00, 0x00, 0x00, 0x00, 0x00, 0x00, 0x00, 0x00, 0x00,
    0x00, 0x00, 0x00, 0x00, 0x00, 0x00, 0x00, 0x00, 0x00, 0x00, 0x00, 0x00, 0x00, 0x00, 0x00, 0x00,
    0x00, 0x00, 0x00, 0x00, 0x00, 0x00, 0x00, 0x00, 0x00, 0x00, 0x00, 0x00, 0x00, 0x00, 0x00, 0x00,
    0x00, 0x00, 0x00, 0x00, 0x00, 0x00, 0x00, 0x00, 0x00, 0x00, 0x00, 0x00, 0x00, 0x00, 0x00, 0x00,
    0x00, 0x00, 0x00, 0x00, 0x00, 0x00, 0x00, 0x00, 0x00, 0x00, 0x00, 0x00, 0x00, 0x00, 0x00, 0x00,
    0x00, 0x00, 0x00, 0x00, 0x00, 0x00, 0x00, 0x00, 0x00, 0x00, 0x00, 0x00, 0x00, 0x00, 0x00, 0x00,
    0x00, 0x00, 0x00, 0x00, 0x00, 0x7F, 0xFF, 0x02, 0x00, 0x00, 0x00, 0x00, 0x31, 0x4A, 0xD3, 0x29,
    0x40, 0x54, 0xEA, 0xFD, 0x4A, 0x5E, 0xFA, 0xFF, 0x48, 0x5D, 0xFA, 0xFE, 0x47, 0x5D, 0xF8, 0xFC,
    0x5D, 0x67, 0xFE, 0xFF, 0x6E, 0x69, 0xEB, 0xB7, 0x00, 0x00, 0x00, 0x00, 0x55, 0x55, 0xFF, 0x03,
    0x00, 0x00, 0x00, 0x00, 0x00, 0x00, 0x00, 0x00, 0x00, 0x00, 0x00, 0x00, 0x00, 0x00, 0x00, 0x00,
    0x00, 0x00, 0x00, 0x00, 0x00, 0x00, 0x00, 0x00, 0x00, 0x00, 0x00, 0x00, 0x00, 0x00, 0x00, 0x00,
    0x00, 0x00, 0x00, 0x00, 0x00, 0x00, 0x00, 0x00, 0x00, 0x00, 0x00, 0x00, 0x00, 0x00, 0x00, 0x00,
    0x00, 0x00, 0x00, 0x00, 0x00, 0x00, 0x00, 0x00, 0x00, 0x00, 0x00, 0x00, 0x00, 0x00, 0x00, 0x00,
    0x00, 0x00, 0x00, 0x00, 0x00, 0x00, 0x00, 0x00, 0x00, 0x00, 0x00, 0x00, 0x00, 0x00, 0x00, 0x00,
    0x00, 0x00, 0x00, 0x00, 0x00, 0x00, 0x00, 0x00, 0x00, 0x00, 0x00, 0x00, 0x00, 0x00, 0x00, 0x00,
    0x00, 0x00, 0x00, 0x00, 0x00, 0x00, 0x00, 0x00, 0x00, 0x00, 0x00, 0x00, 0x00, 0x00, 0x00, 0x00,
    0x00, 0x00, 0x00, 0x00, 0x00, 0x00, 0x00, 0x00, 0x00, 0x00, 0x00, 0x00, 0x00, 0x00, 0x00, 0x00,
    0x00, 0x00, 0x00, 0x00, 0x00, 0x00, 0x00, 0x00, 0x00, 0x00, 0x00, 0x00, 0x00, 0x00, 0x00, 0x00,
    0x00, 0x00, 0x00, 0x00, 0x00, 0x00, 0x00, 0x00, 0x00, 0x00, 0x00, 0x00, 0x00, 0x00, 0x00, 0x00,
    0x00, 0x00, 0x00, 0x00, 0x00, 0x00, 0x00, 0x00, 0x00, 0x00, 0x00, 0x00, 0x00, 0x00, 0x00, 0x00,
    0x00, 0x00, 0x00, 0x00, 0x00, 0x00, 0x00, 0x00, 0x00, 0x00, 0x00, 0x00, 0x00, 0x00, 0x00, 0x00,
    0x00, 0x00, 0x00, 0x00, 0x00, 0x00, 0x00, 0x00, 0x00, 0x00, 0x00, 0x00, 0x00, 0x00, 0x00, 0x00,
    0x00, 0x00, 0x00, 0x00, 0x00, 0x7F, 0xFF, 0x02, 0x00, 0x00, 0x00, 0x00, 0x31, 0x44, 0xD3, 0x29,
    0x41, 0x50, 0xE9, 0xFD, 0x4A, 0x59, 0xF8, 0xFF, 0x48, 0x59, 0xF8, 0xFD, 0x4E, 0x5B, 0xF5, 0xFD,
    0x6B, 0x66, 0xF2, 0xF7, 0x7C, 0x6F, 0xE4, 0x27, 0x00, 0x00, 0xFF, 0x01, 0x7F, 0x7F, 0xFF, 0x02,
    0x00, 0x00, 0x00, 0x00, 0x00, 0x00, 0x00, 0x00, 0x00, 0x00, 0x00, 0x00, 0x00, 0x00, 0x00, 0x00,
    0x00, 0x00, 0x00, 0x00, 0x00, 0x00, 0x00, 0x00, 0x00, 0x00, 0x00, 0x00, 0x00, 0x00, 0x00, 0x00,
    0x00, 0x00, 0x00, 0x00, 0x00, 0x00, 0x00, 0x00, 0x00, 0x00, 0x00, 0x00, 0x00, 0x00, 0x00, 0x00,
    0x00, 0x00, 0x00, 0x00, 0x00, 0x00, 0x00, 0x00, 0x00, 0x00, 0x00, 0x00, 0x00, 0x00, 0x00, 0x00,
    0x00, 0x00, 0x00, 0x00, 0x00, 0x00, 0x00, 0x00, 0x00, 0x00, 0x00, 0x00, 0x00, 0x00, 0x00, 0x00,
    0x00, 0x00, 0x00, 0x00, 0x00, 0x00, 0x00, 0x00, 0x00, 0x00, 0x00, 0x00, 0x00, 0x00, 0x00, 0x00,
    0x00, 0x00, 0x00, 0x00, 0x00, 0x00, 0x00, 0x00, 0x00, 0x00, 0x00, 0x00, 0x00, 0x00, 0x00, 0x00,
    0x00, 0x00, 0x00, 0x00, 0x00, 0x00, 0x00, 0x00, 0x00, 0x00, 0x00, 0x00, 0x00, 0x00, 0x00, 0x00,
    0x00, 0x00, 0x00, 0x00, 0x00, 0x00, 0x00, 0x00, 0x00, 0x00, 0x00, 0x00, 0x00, 0x00, 0x00, 0x00,
    0x00, 0x00, 0x00, 0x00, 0x00, 0x00, 0x00, 0x00, 0x00, 0x00, 0x00, 0x00, 0x00, 0x00, 0x00, 0x00,
    0x00, 0x00, 0x00, 0x00, 0x00, 0x00, 0x00, 0x00, 0x00, 0x00, 0x00, 0x00, 0x00, 0x00, 0x00, 0x00,
    0x00, 0x00, 0x00, 0x00, 0x00, 0x00, 0x00, 0x00, 0x00, 0x00, 0x00, 0x00, 0x00, 0x00, 0x00, 0x00,
    0x00, 0x00, 0x00, 0x00, 0x00, 0x00, 0x00, 0x00, 0x00, 0x00, 0x00, 0x00, 0x00, 0x00, 0x00, 0x00,
    0x00, 0x00, 0x00, 0x00, 0x00, 0x7F, 0xFF, 0x02, 0x00, 0x00, 0x00, 0x00, 0x31, 0x44, 0xCD, 0x29,
    0x41, 0x4C, 0xE7, 0xFD, 0x4A, 0x54, 0xF5, 0xFF, 0x49, 0x53, 0xF2, 0xFB, 0x66, 0x62, 0xFD, 0xFF,
    0x73, 0x64, 0xE9, 0x82, 0x00, 0x00, 0x00, 0x00, 0xAA, 0x55, 0xFF, 0x03, 0x00, 0x00, 0x00, 0x00,
    0x00, 0x00, 0x00, 0x00, 0x00, 0x00, 0x00, 0x00, 0x00, 0x00, 0x00, 0x00, 0x00, 0x00, 0x00, 0x00,
    0x00, 0x00, 0x00, 0x00, 0x00, 0x00, 0x00, 0x00, 0x00, 0x00, 0x00, 0x00, 0x00, 0x00, 0x00, 0x00,
    0x00, 0x00, 0x00, 0x00, 0x00, 0x00, 0x00, 0x00, 0x00, 0x00, 0x00, 0x00, 0x00, 0x00, 0x00, 0x00,
    0x00, 0x00, 0x00, 0x00, 0x00, 0x00, 0x00, 0x00, 0x00, 0x00, 0x00, 0x00, 0x00, 0x00, 0x00, 0x00,
    0x00, 0x00, 0x00, 0x00, 0x00, 0x00, 0x00, 0x00, 0x00, 0x00, 0x00, 0x00, 0x00, 0x00, 0x00, 0x00,
    0x00, 0x00, 0x00, 0x00, 0x00, 0x00, 0x00, 0x00, 0x00, 0x00, 0x00, 0x00, 0x00, 0x00, 0x00, 0x00,
    0x00, 0x00, 0x00, 0x00, 0x00, 0x00, 0x00, 0x00, 0x00, 0x00, 0x00, 0x00, 0x00, 0x00, 0x00, 0x00,
    0x00, 0x00, 0x00, 0x00, 0x00, 0x00, 0x00, 0x00, 0x00, 0x00, 0x00, 0x00, 0x00, 0x00, 0x00, 0x00,
    0x00, 0x00, 0x00, 0x00, 0x00, 0x00, 0x00, 0x00, 0x00, 0x00, 0x00, 0x00, 0x00, 0x00, 0x00, 0x00,
    0x00, 0x00, 0x00, 0x00, 0x00, 0x00, 0x00, 0x00, 0x00, 0x00, 0x00, 0x00, 0x00, 0x00, 0x00, 0x00,
    0x00, 0x00, 0x00, 0x00, 0x00, 0x00, 0x00, 0x00, 0x00, 0x00, 0x00, 0x00, 0x00, 0x00, 0x00, 0x00,
    0x00, 0x00, 0x00, 0x00, 0x00, 0x00, 0x00, 0x00, 0x00, 0x00, 0x00, 0x00, 0x00, 0x00, 0x00, 0x00,
    0x00, 0x00, 0x00, 0x00, 0x00, 0x00, 0x00, 0x00, 0x00, 0x00, 0x00, 0x00, 0x00, 0x00, 0x00, 0x00,
    0x00, 0x00, 0x00, 0x00, 0x00, 0x7F, 0xFF, 0x02, 0x00, 0x00, 0x00, 0x00, 0x31, 0x3E, 0xCD, 0x29,
    0x41, 0x47, 0xE4, 0xFD, 0x49, 0x4F, 0xF0, 0xFE, 0x57, 0x55, 0xF2, 0xFE, 0x6F, 0x5F, 0xEA, 0xDC,
    0x7F, 0x66, 0xE5, 0x0A, 0x7F, 0x7F, 0xFF, 0x02, 0x00, 0x00, 0xFF, 0x01, 0x00, 0x00, 0x00, 0x00,
    0x00, 0x00, 0x00, 0x00, 0x00, 0x00, 0x00, 0x00, 0x00, 0x00, 0x00, 0x00, 0x00, 0x00, 0x00, 0x00,
    0x00, 0x00, 0x00, 0x00, 0x00, 0x00, 0x00, 0x00, 0x00, 0x00, 0x00, 0x00, 0x00, 0x00, 0x00, 0x00,
    0x00, 0x00, 0x00, 0x00, 0x00, 0x00, 0x00, 0x00, 0x00, 0x00, 0x00, 0x00, 0x00, 0x00, 0x00, 0x00,
    0x00, 0x00, 0x00, 0x00, 0x00, 0x00, 0x00, 0x00, 0x00, 0x00, 0x00, 0x00, 0x00, 0x00, 0x00, 0x00,
    0x00, 0x00, 0x00, 0x00, 0x00, 0x00, 0x00, 0x00, 0x00, 0x00, 0x00, 0x00, 0x00, 0x00, 0x00, 0x00,
    0x00, 0x00, 0x00, 0x00, 0x00, 0x00, 0x00, 0x00, 0x00, 0x00, 0x00, 0x00, 0x00, 0x00, 0x00, 0x00,
    0x00, 0x00, 0x00, 0x00, 0x00, 0x00, 0x00, 0x00, 0x00, 0x00, 0x00, 0x00, 0x00, 0x00, 0x00, 0x00,
    0x00, 0x00, 0x00, 0x00, 0x00, 0x00, 0x00, 0x00, 0x00, 0x00, 0x00, 0x00, 0x00, 0x00, 0x00, 0x00,
    0x00, 0x00, 0x00, 0x00, 0x00, 0x00, 0x00, 0x00, 0x00, 0x00, 0x00, 0x00, 0x00, 0x00, 0x00, 0x00,
    0x00, 0x00, 0x00, 0x00, 0x00, 0x00, 0x00, 0x00, 0x00, 0x00, 0x00, 0x00, 0x00, 0x00, 0x00, 0x00,
    0x00, 0x00, 0x00, 0x00, 0x00, 0x00, 0x00, 0x00, 0x00, 0x00, 0x00, 0x00, 0x00, 0x00, 0x00, 0x00,
    0x00, 0x00, 0x00, 0x00, 0x00, 0x00, 0x00, 0x00, 0x00, 0x00, 0x00, 0x00, 0x00, 0x00, 0x00, 0x00,
    0x00, 0x00, 0x00, 0x00, 0x00, 0x00, 0x00, 0x00, 0x00, 0x00, 0x00, 0x00, 0x00, 0x00, 0x00, 0x00,
    0x00, 0x00, 0x00, 0x00, 0x00, 0x7F, 0xFF, 0x02, 0x00, 0x00, 0x00, 0x00, 0x31, 0x3E, 0xCD, 0x29,
    0x41, 0x43, 0xE3, 0xFC, 0x4C, 0x4B, 0xE9, 0xFD, 0x6C, 0x5B, 0xF2, 0xFF, 0x78, 0x61, 0xE7, 0x4C,
    0x00, 0x00, 0x00, 0x00, 0x55, 0x55, 0xFF, 0x03, 0x00, 0x00, 0x00, 0x00, 0x00, 0x00, 0x00, 0x00,
    0x00, 0x00, 0x00, 0x00, 0x00, 0x00, 0x00, 0x00, 0x00, 0x00, 0x00, 0x00, 0x00, 0x00, 0x00, 0x00,
    0x00, 0x00, 0x00, 0x00, 0x00, 0x00, 0x00, 0x00, 0x00, 0x00, 0x00, 0x00, 0x00, 0x00, 0x00, 0x00,
    0x00, 0x00, 0x00, 0x00, 0x00, 0x00, 0x00, 0x00, 0x00, 0x00, 0x00, 0x00, 0x00, 0x00, 0x00, 0x00,
    0x00, 0x00, 0x00, 0x00, 0x00, 0x00, 0x00, 0x00, 0x00, 0x00, 0x00, 0x00, 0x00, 0x00, 0x00, 0x00,
    0x00, 0x00, 0x00, 0x00, 0x00, 0x00, 0x00, 0x00, 0x00, 0x00, 0x00, 0x00, 0x00, 0x00, 0x00, 0x00,
    0x00, 0x00, 0x00, 0x00, 0x00, 0x00, 0x00, 0x00, 0x00, 0x00, 0x00, 0x00, 0x00, 0x00, 0x00, 0x00,
    0x00, 0x00, 0x00, 0x00, 0x00, 0x00, 0x00, 0x00, 0x00, 0x00, 0x00, 0x00, 0x00, 0x00, 0x00, 0x00,
    0x00, 0x00, 0x00, 0x00, 0x00, 0x00, 0x00, 0x00, 0x00, 0x00, 0x00, 0x00, 0x00, 0x00, 0x00, 0x00,
    0x00, 0x00, 0x00, 0x00, 0x00, 0x00, 0x00, 0x00, 0x00, 0x00, 0x00, 0x00, 0x00, 0x00, 0x00, 0x00,
    0x00, 0x00, 0x00, 0x00, 0x00, 0x00, 0x00, 0x00, 0x00, 0x00, 0x00, 0x00, 0x00, 0x00, 0x00, 0x00,
    0x00, 0x00, 0x00, 0x00, 0x00, 0x00, 0x00, 0x00, 0x00, 0x00, 0x00, 0x00, 0x00, 0x00, 0x00, 0x00,
    0x00, 0x00, 0x00, 0x00, 0x00, 0x00, 0x00, 0x00, 0x00, 0x00, 0x00, 0x00, 0x00, 0x00, 0x00, 0x00,
    0x00, 0x00, 0x00, 0x00, 0x00, 0x00, 0x00, 0x00, 0x00, 0x00, 0x00, 0x00, 0x00, 0x00, 0x00, 0x00,
    0x00, 0x00, 0x00, 0x00, 0x00, 0x7F, 0xFF, 0x02, 0x00, 0x00, 0x00, 0x00, 0x31, 0x3E, 0xC7, 0x29,
    0x41, 0x42, 0xDB, 0xF7, 0x63, 0x56, 0xF2, 0xFF, 0x74, 0x5B, 0xE3, 0xAF, 0x00, 0x00, 0x00, 0x00,
    0xAA, 0x55, 0xFF, 0x03, 0x00, 0x00, 0x00, 0x00, 0x00, 0x00, 0x00, 0x00, 0x00, 0x00, 0x00, 0x00,
    0x00, 0x00, 0x00, 0x00, 0x00, 0x00, 0x00, 0x00, 0x00, 0x00, 0x00, 0x00, 0x00, 0x00, 0x00, 0x00,
    0x00, 0x00, 0x00, 0x00, 0x00, 0x00, 0x00, 0x00, 0x00, 0x00, 0x00, 0x00, 0x00, 0x00, 0x00, 0x00,
    0x00, 0x00, 0x00, 0x00, 0x00, 0x00, 0x00, 0x00, 0x00, 0x00, 0x00, 0x00, 0x00, 0x00, 0x00, 0x00,
    0x00, 0x00, 0x00, 0x00, 0x00, 0x00, 0x00, 0x00, 0x00, 0x00, 0x00, 0x00, 0x00, 0x00, 0x00, 0x00,
    0x00, 0x00, 0x00, 0x00, 0x00, 0x00, 0x00, 0x00, 0x00, 0x00, 0x00, 0x00, 0x00, 0x00, 0x00, 0x00,
    0x00, 0x00, 0x00, 0x00, 0x00, 0x00, 0x00, 0x00, 0x00, 0x00, 0x00, 0x00, 0x00, 0x00, 0x00, 0x00,
    0x00, 0x00, 0x00, 0x00, 0x00, 0x00, 0x00, 0x00, 0x00, 0x00, 0x00, 0x00, 0x00, 0x00, 0x00, 0x00,
    0x00, 0x00, 0x00, 0x00, 0x00, 0x00, 0x00, 0x00, 0x00, 0x00, 0x00, 0x00, 0x00, 0x00, 0x00, 0x00,
    0x00, 0x00, 0x00, 0x00, 0x00, 0x00, 0x00, 0x00, 0x00, 0x00, 0x00, 0x00, 0x00, 0x00, 0x00, 0x00,
    0x00, 0x00, 0x00, 0x00, 0x00, 0x00, 0x00, 0x00, 0x00, 0x00, 0x00, 0x00, 0x00, 0x00, 0x00, 0x00,
    0x00, 0x00, 0x00, 0x00, 0x00, 0x00, 0x00, 0x00, 0x00, 0x00, 0x00, 0x00, 0x00, 0x00, 0x00, 0x00,
    0x00, 0x00, 0x00, 0x00, 0x00, 0x00, 0x00, 0x00, 0x00, 0x00, 0x00, 0x00, 0x00, 0x00, 0x00, 0x00,
    0x00, 0x00, 0x00, 0x00, 0x00, 0x00, 0x00, 0x00, 0x00, 0x00, 0x00, 0x00, 0x00, 0x00, 0x00, 0x00,
    0x00, 0x00, 0x00, 0x00, 0x00, 0x7F, 0xFF, 0x02, 0x00, 0x00, 0x00, 0x00, 0x30, 0x36, 0xC2, 0x2A,
    0x4E, 0x49, 0xDB, 0xFF, 0x72, 0x5A, 0xE3, 0xF7, 0x7B, 0x64, 0xE0, 0x21, 0x00, 0x00, 0xFF, 0x01,
    0x7F, 0x7F, 0xFF, 0x02, 0x00, 0x00, 0x00, 0x00, 0x00, 0x00, 0x00, 0x00, 0x00, 0x00, 0x00, 0x00,
    0x00, 0x00, 0x00, 0x00, 0x00, 0x00, 0x00, 0x00, 0x00, 0x00, 0x00, 0x00, 0x00, 0x00, 0x00, 0x00,
    0x00, 0x00, 0x00, 0x00, 0x00, 0x00, 0x00, 0x00, 0x00, 0x00, 0x00, 0x00, 0x00, 0x00, 0x00, 0x00,
    0x00, 0x00, 0x00, 0x00, 0x00, 0x00, 0x00, 0x00, 0x00, 0x00, 0x00, 0x00, 0x00, 0x00, 0x00, 0x00,
    0x00, 0x00, 0x00, 0x00, 0x00, 0x00, 0x00, 0x00, 0x00, 0x00, 0x00, 0x00, 0x00, 0x00, 0x00, 0x00,
    0x00, 0x00, 0x00, 0x00, 0x00, 0x00, 0x00, 0x00, 0x00, 0x00, 0x00, 0x00, 0x00, 0x00, 0x00, 0x00,
    0x00, 0x00, 0x00, 0x00, 0x00, 0x00, 0x00, 0x00, 0x00, 0x00, 0x00, 0x00, 0x00, 0x00, 0x00, 0x00,
    0x00, 0x00, 0x00, 0x00, 0x00, 0x00, 0x00, 0x00, 0x00, 0x00, 0x00, 0x00, 0x00, 0x00, 0x00, 0x00,
    0x00, 0x00, 0x00, 0x00, 0x00, 0x00, 0x00, 0x00, 0x00, 0x00, 0x00, 0x00, 0x00, 0x00, 0x00, 0x00,
    0x00, 0x00, 0x00, 0x00, 0x00, 0x00, 0x00, 0x00, 0x00, 0x00, 0x00, 0x00, 0x00, 0x00, 0x00, 0x00,
    0x00, 0x00, 0x00, 0x00, 0x00, 0x00, 0x00, 0x00, 0x00, 0x00, 0x00, 0x00, 0x00, 0x00, 0x00, 0x00,
    0x00, 0x00, 0x00, 0x00, 0x00, 0x00, 0x00, 0x00, 0x00, 0x00, 0x00, 0x00, 0x00, 0x00, 0x00, 0x00,
    0x00, 0x00, 0x00, 0x00, 0x00, 0x00, 0x00, 0x00, 0x00, 0x00, 0x00, 0x00, 0x00, 0x00, 0x00, 0x00,
    0x00, 0x00, 0x00, 0x00, 0x00, 0x00, 0x00, 0x00, 0x00, 0x00, 0x00, 0x00, 0x00, 0x00, 0x00, 0x00,
    0x00, 0x00, 0x00, 0x00, 0xFF, 0x00, 0xFF, 0x01, 0x00, 0x00, 0x00, 0x00, 0x2E, 0x22, 0xB9, 0x16,
    0x6B, 0x4D, 0xD0, 0xCF, 0x7E, 0x5C, 0xD1, 0x6B, 0x00, 0x00, 0x00, 0x00, 0x55, 0x55, 0xAA, 0x03,
    0x00, 0x00, 0x00, 0x00, 0x00, 0x00, 0x00, 0x00, 0x00, 0x00, 0x00, 0x00, 0x00, 0x00, 0x00, 0x00,
    0x00, 0x00, 0x00, 0x00, 0x00, 0x00, 0x00, 0x00, 0x00, 0x00, 0x00, 0x00, 0x00, 0x00, 0x00, 0x00,
    0x00, 0x00, 0x00, 0x00, 0x00, 0x00, 0x00, 0x00, 0x00, 0x00, 0x00, 0x00, 0x00, 0x00, 0x00, 0x00,
    0x00, 0x00, 0x00, 0x00, 0x00, 0x00, 0x00, 0x00, 0x00, 0x00, 0x00, 0x00, 0x00, 0x00, 0x00, 0x00,
    0x00, 0x00, 0x00, 0x00, 0x00, 0x00, 0x00, 0x00, 0x00, 0x00, 0x00, 0x00, 0x00, 0x00, 0x00, 0x00,
    0x00, 0x00, 0x00, 0x00, 0x00, 0x00, 0x00, 0x00, 0x00, 0x00, 0x00, 0x00, 0x00, 0x00, 0x00, 0x00,
    0x00, 0x00, 0x00, 0x00, 0x00, 0x00, 0x00, 0x00, 0x00, 0x00, 0x00, 0x00, 0x00, 0x00, 0x00, 0x00,
    0x00, 0x00, 0x00, 0x00, 0x00, 0x00, 0x00, 0x00, 0x00, 0x00, 0x00, 0x00, 0x00, 0x00, 0x00, 0x00,
    0x00, 0x00, 0x00, 0x00, 0x00, 0x00, 0x00, 0x00, 0x00, 0x00, 0x00, 0x00, 0x00, 0x00, 0x00, 0x00,
    0x00, 0x00, 0x00, 0x00, 0x00, 0x00, 0x00, 0x00, 0x00, 0x00, 0x00, 0x00, 0x00, 0x00, 0x00, 0x00,
    0x00, 0x00, 0x00, 0x00, 0x00, 0x00, 0x00, 0x00, 0x00, 0x00, 0x00, 0x00, 0x00, 0x00, 0x00, 0x00,
    0x00, 0x00, 0x00, 0x00, 0x00, 0x00, 0x00, 0x00, 0x00, 0x00, 0x00, 0x00, 0x00, 0x00, 0x00, 0x00,
    0x00, 0x00, 0x00, 0x00, 0x00, 0x00, 0x00, 0x00, 0x00, 0x00, 0x00, 0x00, 0x00, 0x00, 0x00, 0x00,
    0x00, 0x00, 0x00, 0x00, 0x00, 0x00, 0x00, 0x00, 0x00, 0x00, 0x00, 0x00, 0x00, 0x00, 0x00, 0x00,
    0x00, 0x00, 0x00, 0x00, 0x00, 0x00, 0x00, 0x00, 0x00, 0x00, 0x00, 0x00, 0x00, 0x00, 0x00, 0x00,
    0x02, 0x00, 0x00, 0x00, 0x00, 0x00, 0x00, 0x00, 0xFF, 0x00, 0xFF, 0x01, 0x00, 0x00, 0x00, 0x00,
    0x00, 0x00, 0x00, 0x00, 0x00, 0x00, 0x00, 0x00, 0x00, 0x00, 0x00, 0x00, 0x00, 0x00, 0x00, 0x00,
    0x00, 0x00, 0x00, 0x00, 0x00, 0x00, 0x00, 0x00, 0x00, 0x00, 0x00, 0x00, 0x00, 0x00, 0x00, 0x00,
    0x00, 0x00, 0x00, 0x00, 0x00, 0x00, 0x00, 0x00, 0x00, 0x00, 0x00, 0x00, 0x00, 0x00, 0x00, 0x00,
    0x00, 0x00, 0x00, 0x00, 0x00, 0x00, 0x00, 0x00, 0x00, 0x00, 0x00, 0x00, 0x00, 0x00, 0x00, 0x00,
    0x00, 0x00, 0x00, 0x00, 0x00, 0x00, 0x00, 0x00, 0x00, 0x00, 0x00, 0x00, 0x00, 0x00, 0x00, 0x00,
    0x00, 0x00, 0x00, 0x00, 0x00, 0x00, 0x00, 0x00, 0x00, 0x00, 0x00, 0x00, 0x00, 0x00, 0x00, 0x00,
    0x00, 0x00, 0x00, 0x00, 0x00, 0x00, 0x00, 0x00, 0x00, 0x00, 0x00, 0x00, 0x00, 0x00, 0x00, 0x00,
    0x00, 0x00, 0x00, 0x00, 0x00, 0x00, 0x00, 0x00, 0x00, 0x00, 0x00, 0x00, 0x00, 0x00, 0x00, 0x00,
    0x00, 0x00, 0x00, 0x00, 0x00, 0x00, 0x00, 0x00, 0x00, 0x00, 0x00, 0x00, 0x00, 0x00, 0x00, 0x00,
    0x00, 0x00, 0x00, 0x00, 0x00, 0x00, 0x00, 0x00, 0x00, 0x00, 0x00, 0x00, 0x00, 0x00, 0x00, 0x00,
    0x00, 0x00, 0x00, 0x00, 0x00, 0x00, 0x00, 0x00, 0x00, 0x00, 0x00, 0x00, 0x00, 0x00, 0x00, 0x00,
    0x00, 0x00, 0x00, 0x00, 0x00, 0x00, 0x00, 0x00, 0x00, 0x00, 0x00, 0x00, 0x00, 0x00, 0x00, 0x00,
    0x00, 0x00, 0x00, 0x00, 0x00, 0x00, 0x00, 0x00, 0x00, 0x00, 0x00, 0x00, 0x00, 0x00, 0x00, 0x00,
    0x00, 0x00, 0x00, 0x00, 0x00, 0x00, 0x00, 0x00, 0x00, 0x00, 0x00, 0x00, 0x00, 0x00, 0x00, 0x00,
    0x00, 0x00, 0x00, 0x00, 0x00, 0x00, 0x00, 0x00, 0x00, 0x00, 0x00, 0x00, 0x00, 0x00, 0x00, 0x00,
    0x00, 0x00, 0x00, 0x00, 0x7F, 0x7F, 0xFF, 0x02, 0x00, 0x00, 0x00, 0x00, 0x00, 0x00, 0x00, 0x00,
    0x00, 0x00, 0x00, 0x00, 0x00, 0x00, 0x00, 0x00, 0x00, 0x00, 0x00, 0x00, 0x00, 0x00, 0x00, 0x00,
    0x00, 0x00, 0x00, 0x00, 0x00, 0x00, 0x00, 0x00, 0x00, 0x00, 0x00, 0x00, 0x00, 0x00, 0x00, 0x00,
    0x00, 0x00, 0x00, 0x00, 0x00, 0x00, 0x00, 0x00, 0x00, 0x00, 0x00, 0x00, 0x00, 0x00, 0x00, 0x00,
    0x00, 0x00, 0x00, 0x00, 0x00, 0x00, 0x00, 0x00, 0x00, 0x00, 0x00, 0x00, 0x00, 0x00, 0x00, 0x00,
    0x00, 0x00, 0x00, 0x00, 0x00, 0x00, 0x00, 0x00, 0x00, 0x00, 0x00, 0x00, 0x00, 0x00, 0x00, 0x00,
    0x00, 0x00, 0x00, 0x00, 0x00, 0x00, 0x00, 0x00, 0x00, 0x00, 0x00, 0x00, 0x00, 0x00, 0x00, 0x00,
    0x00, 0x00, 0x00, 0x00, 0x00, 0x00, 0x00, 0x00, 0x00, 0x00, 0x00, 0x00, 0x00, 0x00, 0x00, 0x00,
    0x00, 0x00, 0x00, 0x00, 0x00, 0x00, 0x00, 0x00, 0x00, 0x00, 0x00, 0x00, 0x00, 0x00, 0x00, 0x00,
    0x00, 0x00, 0x00, 0x00, 0x00, 0x00, 0x00, 0x00, 0x00, 0x00, 0x00, 0x00, 0x00, 0x00, 0x00, 0x00,
    0x00, 0x00, 0x00, 0x00, 0x00, 0x00, 0x00, 0x00, 0x00, 0x00, 0x00, 0x00, 0x00, 0x00, 0x00, 0x00,
    0x00, 0x00, 0x00, 0x00, 0x00, 0x00, 0x00, 0x00, 0x00, 0x00, 0x00, 0x00, 0x00, 0x00, 0x00, 0x00,
    0x00, 0x00, 0x00, 0x00, 0x00, 0x00, 0x00, 0x00, 0x00, 0x00, 0x00, 0x00, 0x00, 0x00, 0x00, 0x00,
    0x00, 0x00, 0x00, 0x00, 0x00, 0x00, 0x00, 0x00, 0x00, 0x00, 0x00, 0x00, 0x00, 0x00, 0x00, 0x00,
    0x00, 0x00, 0x00, 0x00, 0x00, 0x00, 0x00, 0x00, 0x00, 0x00, 0x00, 0x00, 0x00, 0x00, 0x00, 0x00,
    0x00, 0x00, 0x00, 0x00, 0x00, 0x00, 0x00, 0x00, 0x00, 0x00, 0x00, 0x00, 0x00, 0x00, 0x00, 0x00,
    0x00, 0x00, 0x00, 0x00, 0x00, 0x00, 0x00, 0x00, 0x00, 0x00, 0x00, 0x00, 0x00, 0x00, 0x00, 0x00,
    0x00, 0x00, 0x00, 0x00, 0x00, 0x00, 0x00, 0x00, 0x00, 0x00, 0x00, 0x00, 0x00, 0x00, 0x00, 0x00,
    0x00, 0x00, 0x00, 0x00, 0x00, 0x00, 0x00, 0x00, 0x00, 0x00, 0x00, 0x00, 0x00, 0x00, 0x00, 0x00,
    0x00, 0x00, 0x00, 0x00, 0x00, 0x00, 0x00, 0x00, 0x00, 0x00, 0x00, 0x00, 0x00, 0x00, 0x00, 0x00,
    0x00, 0x00, 0x00, 0x00, 0x00, 0x00, 0x00, 0x00, 0x00, 0x00, 0x00, 0x00, 0x00, 0x00, 0x00, 0x00,
    0x00, 0x00, 0x00, 0x00, 0x00, 0x00, 0x00, 0x00, 0x00, 0x00, 0x00, 0x00, 0x00, 0x00, 0x00, 0x00,
    0x00, 0x00, 0x00, 0x00, 0x00, 0x00, 0x00, 0x00, 0x00, 0x00, 0x00, 0x00, 0x00, 0x00, 0x00, 0x00,
    0x00, 0x00, 0x00, 0x00, 0x00, 0x00, 0x00, 0x00, 0x00, 0x00, 0x00, 0x00, 0x00, 0x00, 0x00, 0x00,
    0x00, 0x00, 0x00, 0x00, 0x00, 0x00, 0x00, 0x00, 0x00, 0x00, 0x00, 0x00, 0x00, 0x00, 0x00, 0x00,
    0x00, 0x00, 0x00, 0x00, 0x00, 0x00, 0x00, 0x00, 0x00, 0x00, 0x00, 0x00, 0x00, 0x00, 0x00, 0x00,
    0x00, 0x00, 0x00, 0x00, 0x00, 0x00, 0x00, 0x00, 0x00, 0x00, 0x00, 0x00, 0x00, 0x00, 0x00, 0x00,
    0x00, 0x00, 0x00, 0x00, 0x00, 0x00, 0x00, 0x00, 0x00, 0x00, 0x00, 0x00, 0x00, 0x00, 0x00, 0x00,
    0x00, 0x00, 0x00, 0x00, 0x00, 0x00, 0x00, 0x00, 0x00, 0x00, 0x00, 0x00, 0x00, 0x00, 0x00, 0x00,
    0x00, 0x00, 0x00, 0x00, 0x00, 0x00, 0x00, 0x00, 0x00, 0x00, 0x00, 0x00, 0x00, 0x00, 0x00, 0x00,
    0x00, 0x00, 0x00, 0x00, 0x00, 0x00, 0x00, 0x00, 0x00, 0x00, 0x00, 0x00, 0x00, 0x00, 0x00, 0x00,
    0x00, 0x00, 0x00, 0x00, 0x00, 0x00, 0x00, 0x00, 0x00, 0x00, 0x00, 0x00, 0x00, 0x00, 0x00, 0x00,
    0x00, 0x00, 0x00, 0x00, 0x00, 0x00, 0x00, 0x00, 0x00, 0x00, 0x00, 0x00, 0x00, 0x00, 0x00, 0x00,
    0x00, 0x00, 0x00, 0x00, 0x00, 0x00, 0x00, 0x00, 0x00, 0x00, 0x00, 0x00, 0x00, 0x00, 0x00, 0x00,
    0x00, 0x00, 0x00, 0x00, 0x00, 0x00, 0x00, 0x00, 0x00, 0x00, 0x00, 0x00, 0x00, 0x00, 0x00, 0x00,
    0x00, 0x00, 0x00, 0x00, 0x00, 0x00, 0x00, 0x00, 0x00, 0x00, 0x00, 0x00, 0x00, 0x00, 0x00, 0x00,
    0x00, 0x00, 0x00, 0x00, 0x00, 0x00, 0x00, 0x00, 0x00, 0x00, 0x00, 0x00, 0x00, 0x00, 0x00, 0x00,
    0x00, 0x00, 0x00, 0x00, 0x00, 0x00, 0x00, 0x00, 0x00, 0x00, 0x00, 0x00, 0x00, 0x00, 0x00, 0x00,
    0x00, 0x00, 0x00, 0x00, 0x00, 0x00, 0x00, 0x00, 0x00, 0x00, 0x00, 0x00, 0x00, 0x00, 0x00, 0x00,
    0x00, 0x00, 0x00, 0x00, 0x00, 0x00, 0x00, 0x00, 0x00, 0x00, 0x00, 0x00, 0x00, 0x00, 0x00, 0x00,
    0x00, 0x00, 0x00, 0x00, 0x00, 0x00, 0x00, 0x00, 0x00, 0x00, 0x00, 0x00, 0x00, 0x00, 0x00, 0x00,
    0x00, 0x00, 0x00, 0x00, 0x00, 0x00, 0x00, 0x00, 0x00, 0x00, 0x00, 0x00, 0x00, 0x00, 0x00, 0x00,
    0x00, 0x00, 0x00, 0x00, 0x00, 0x00, 0x00, 0x00, 0x00, 0x00, 0x00, 0x00, 0x00, 0x00, 0x00, 0x00,
    0x00, 0x00, 0x00, 0x00, 0x00, 0x00, 0x00, 0x00, 0x00, 0x00, 0x00, 0x00, 0x00, 0x00, 0x00, 0x00,
    0x00, 0x00, 0x00, 0x00, 0x00, 0x00, 0x00, 0x00, 0x00, 0x00, 0x00, 0x00, 0x00, 0x00, 0x00, 0x00,
    0x00, 0x00, 0x00, 0x00, 0x00, 0x00, 0x00, 0x00, 0x00, 0x00, 0x00, 0x00, 0x00, 0x00, 0x00, 0x00,
    0x00, 0x00, 0x00, 0x00, 0x00, 0x00, 0x00, 0x00, 0x00, 0x00, 0x00, 0x00, 0x00, 0x00, 0x00, 0x00,
    0x00, 0x00, 0x00, 0x00, 0x00, 0x00, 0x00, 0x00, 0x00, 0x00, 0x00, 0x00, 0x00, 0x00, 0x00, 0x00,
    0x00, 0x00, 0x00, 0x00, 0x00, 0x00, 0x00, 0x00, 0x00, 0x00, 0x00, 0x00, 0x00, 0x00, 0x00, 0x00,
    0x00, 0x00, 0x00, 0x00, 0x00, 0x00, 0x00, 0x00, 0x00, 0x00, 0x00, 0x00, 0x00, 0x00, 0x00, 0x00,
    0x00, 0x00, 0x00, 0x00, 0x00, 0x00, 0x00, 0x00, 0x00, 0x00, 0x00, 0x00, 0x00, 0x00, 0x00, 0x00,
    0x00, 0x00, 0x00, 0x00, 0x00, 0x00, 0x00, 0x00, 0x00, 0x00, 0x00, 0x00, 0x00, 0x00, 0x00, 0x00,
    0x00, 0x00, 0x00, 0x00, 0x00, 0x00, 0x00, 0x00, 0x00, 0x00, 0x00, 0x00, 0x00, 0x00, 0x00, 0x00,
    0x00, 0x00, 0x00, 0x00, 0x00, 0x00, 0x00, 0x00, 0x00, 0x00, 0x00, 0x00, 0x00, 0x00, 0x00, 0x00,
    0x00, 0x00, 0x00, 0x00, 0x00, 0x00, 0x00, 0x00, 0x00, 0x00, 0x00, 0x00, 0x00, 0x00, 0x00, 0x00,
    0x00, 0x00, 0x00, 0x00, 0x00, 0x00, 0x00, 0x00, 0x00, 0x00, 0x00, 0x00, 0x00, 0x00, 0x00, 0x00,
    0x00, 0x00, 0x00, 0x00, 0x00, 0x00, 0x00, 0x00, 0x00, 0x00, 0x00, 0x00, 0x00, 0x00, 0x00, 0x00,
    0x00, 0x00, 0x00, 0x00, 0x00, 0x00, 0x00, 0x00, 0x00, 0x00, 0x00, 0x00, 0x00, 0x00, 0x00, 0x00,
    0x00, 0x00, 0x00, 0x00, 0x00, 0x00, 0x00, 0x00, 0x00, 0x00, 0x00, 0x00, 0x00, 0x00, 0x00, 0x00,
    0x00, 0x00, 0x00, 0x00, 0x00, 0x00, 0x00, 0x00, 0x00, 0x00, 0x00, 0x00, 0x00, 0x00, 0x00, 0x00,
    0x00, 0x00, 0x00, 0x00, 0x00, 0x00, 0x00, 0x00, 0x00, 0x00, 0x00, 0x00, 0x00, 0x00, 0x00, 0x00,
    0x00, 0x00, 0x00, 0x00, 0x00, 0x00, 0x00, 0x00, 0x00, 0x00, 0x00, 0x00, 0x00, 0x00, 0x00, 0x00,
    0x00, 0x00, 0x00, 0x00, 0x00, 0x00, 0x00, 0x00, 0x00, 0x00, 0x00, 0x00, 0x00, 0x00, 0x00, 0x00,
    0x00, 0x00, 0x00, 0x00, 0x00, 0x00, 0x00, 0x00, 0x00, 0x00, 0x00, 0x00, 0x00, 0x00, 0x00, 0x00,
    0x00, 0x00, 0x00, 0x00, 0x00, 0x00, 0x00, 0x00, 0x00, 0x00, 0x00, 0x00, 0x00, 0x00, 0x00, 0x00,
    0x00, 0x00, 0x00, 0x00, 0x00, 0x00, 0x00, 0x00, 0x00, 0x00, 0x00, 0x00, 0x00, 0x00, 0x00, 0x00,
    0x00, 0x00, 0x00, 0x00, 0x00, 0x00, 0x00, 0x00, 0x00, 0x00, 0x00, 0x00, 0x00, 0x00, 0x00, 0x00,
    0x00, 0x00, 0x00, 0x00, 0x00, 0x00, 0x00, 0x00, 0x00, 0x00, 0x00, 0x00, 0x00, 0x00, 0x00, 0x00,
    0x00, 0x00, 0x00, 0x00, 0x00, 0x00, 0x00, 0x00, 0x00, 0x00, 0x00, 0x00, 0x00, 0x00, 0x00, 0x00,
    0x00, 0x00, 0x00, 0x00, 0x00, 0x00, 0x00, 0x00, 0x00, 0x00, 0x00, 0x00, 0x00, 0x00, 0x00, 0x00,
    0x00, 0x00, 0x00, 0x00, 0x00, 0x00, 0x00, 0x00, 0x00, 0x00, 0x00, 0x00, 0x00, 0x00, 0x00, 0x00,
    0x00, 0x00, 0x00, 0x00, 0x00, 0x00, 0x00, 0x00, 0x00, 0x00, 0x00, 0x00, 0x00, 0x00, 0x00, 0x00,
    0x00, 0x00, 0x00, 0x00, 0x00, 0x00, 0x00, 0x00, 0x00, 0x00, 0x00, 0x00, 0x00, 0x00, 0x00, 0x00,
    0x00, 0x00, 0x00, 0x00, 0x00, 0x00, 0x00, 0x00, 0x00, 0x00, 0x00, 0x00, 0x00, 0x00, 0x00, 0x00,
    0x00, 0x00, 0x00, 0x00, 0x00, 0x00, 0x00, 0x00, 0x00, 0x00, 0x00, 0x00, 0x00, 0x00, 0x00, 0x00,
    0x00, 0x00, 0x00, 0x00, 0x00, 0x00, 0x00, 0x00, 0x00, 0x00, 0x00, 0x00, 0x00, 0x00, 0x00, 0x00,
    0x00, 0x00, 0x00, 0x00, 0x00, 0x00, 0x00, 0x00, 0x00, 0x00, 0x00, 0x00, 0x00, 0x00, 0x00, 0x00,
    0x00, 0x00, 0x00, 0x00, 0x00, 0x00, 0x00, 0x00, 0x00, 0x00, 0x00, 0x00, 0x00, 0x00, 0x00, 0x00,
    0x00, 0x00, 0x00, 0x00, 0x00, 0x00, 0x00, 0x00, 0x00, 0x00, 0x00, 0x00, 0x00, 0x00, 0x00, 0x00,
    0x00, 0x00, 0x00, 0x00, 0x00, 0x00, 0x00, 0x00, 0x00, 0x00, 0x00, 0x00, 0x00, 0x00, 0x00, 0x00,
    0x00, 0x00, 0x00, 0x00, 0x00, 0x00, 0x00, 0x00, 0x00, 0x00, 0x00, 0x00, 0x00, 0x00, 0x00, 0x00,
    0x00, 0x00, 0x00, 0x00, 0x00, 0x00, 0x00, 0x00, 0x00, 0x00, 0x00, 0x00, 0x00, 0x00, 0x00, 0x00,
    0x00, 0x00, 0x00, 0x00, 0x00, 0x00, 0x00, 0x00, 0x00, 0x00, 0x00, 0x00, 0x00, 0x00, 0x00, 0x00,
    0x00, 0x00, 0x00, 0x00, 0x00, 0x00, 0x00, 0x00, 0x00, 0x00, 0x00, 0x00, 0x00, 0x00, 0x00, 0x00,
    0x00, 0x00, 0x00, 0x00, 0x00, 0x00, 0x00, 0x00, 0x00, 0x00, 0x00, 0x00, 0x00, 0x00, 0x00, 0x00,
    0x00, 0x00, 0x00, 0x00, 0x00, 0x00, 0x00, 0x00, 0x00, 0x00, 0x00, 0x00, 0x00, 0x00, 0x00, 0x00,
    0x00, 0x00, 0x00, 0x00, 0x00, 0x00, 0x00, 0x00, 0x00, 0x00, 0x00, 0x00, 0x00, 0x00, 0x00, 0x00,
    0x00, 0x00, 0x00, 0x00, 0x00, 0x00, 0x00, 0x00, 0x00, 0x00, 0x00, 0x00, 0x00, 0x00, 0x00, 0x00,
    0x00, 0x00, 0x00, 0x00, 0x00, 0x00, 0x00, 0x00, 0x00, 0x00, 0x00, 0x00, 0x00, 0x00, 0x00, 0x00,
    0x00, 0x00, 0x00, 0x00, 0x00, 0x00, 0x00, 0x00, 0x00, 0x00, 0x00, 0x00, 0x00, 0x00, 0x00, 0x00,
    0x00, 0x00, 0x00, 0x00, 0x00, 0x00, 0x00, 0x00, 0x00, 0x00, 0x00, 0x00, 0x00, 0x00, 0x00, 0x00,
    0x00, 0x00, 0x00, 0x00, 0x00, 0x00, 0x00, 0x00, 0x00, 0x00, 0x00, 0x00, 0x00, 0x00, 0x00, 0x00,
    0x00, 0x00, 0x00, 0x00, 0x00, 0x00, 0x00, 0x00, 0x00, 0x00, 0x00, 0x00, 0x00, 0x00, 0x00, 0x00,
    0x00, 0x00, 0x00, 0x00, 0x00, 0x00, 0x00, 0x00, 0x00, 0x00, 0x00, 0x00, 0x00, 0x00, 0x00, 0x00,
    0x00, 0x00, 0x00, 0x00, 0x00, 0x00, 0x00, 0x00, 0x00, 0x00, 0x00, 0x00, 0x00, 0x00, 0x00, 0x00,
    0x00, 0x00, 0x00, 0x00, 0x00, 0x00, 0x00, 0x00, 0x00, 0x00, 0x00, 0x00, 0x00, 0x00, 0x00, 0x00,
    0x00, 0x00, 0x00, 0x00, 0x00, 0x00, 0x00, 0x00, 0x00, 0x00, 0x00, 0x00, 0x00, 0x00, 0x00, 0x00,
    0x00, 0x00, 0x00, 0x00, 0x00, 0x00, 0x00, 0x00, 0x00, 0x00, 0x00, 0x00, 0x00, 0x00, 0x00, 0x00,
    0x00, 0x00, 0x00, 0x00, 0x00, 0x00, 0x00, 0x00, 0x00, 0x00, 0x00, 0x00, 0x00, 0x00, 0x00, 0x00,
    0x00, 0x00, 0x00, 0x00, 0x00, 0x00, 0x00, 0x00, 0x00, 0x00, 0x00, 0x00, 0x00, 0x00, 0x00, 0x00,
    0x00, 0x00, 0x00, 0x00, 0x00, 0x00, 0x00, 0x00, 0x00, 0x00, 0x00, 0x00, 0x00, 0x00, 0x00, 0x00,
    0x00, 0x00, 0x00, 0x00, 0x00, 0x00, 0x00, 0x00, 0x00, 0x00, 0x00, 0x00, 0x00, 0x00, 0x00, 0x00,
    0x00, 0x00, 0x00, 0x00, 0x00, 0x00, 0x00, 0x00, 0x00, 0x00, 0x00, 0x00, 0x00, 0x00, 0x00, 0x00,
    0x00, 0x00, 0x00, 0x00, 0x00, 0x00, 0x00, 0x00, 0x00, 0x00, 0x00, 0x00, 0x00, 0x00, 0x00, 0x00,
    0x00, 0x00, 0x00, 0x00, 0x00, 0x00, 0x00, 0x00, 0x00, 0x00, 0x00, 0x00, 0x00, 0x00, 0x00, 0x00,
};

const lv_image_dsc_t UI_IMG_WMO_THUNDERSTORM_PNG = {
    .header.w     = 64,
    .header.h     = 64,
    .data_size    = sizeof(UI_IMG_WMO_THUNDERSTORM_PNG_DATA),
    .header.cf    = LV_COLOR_FORMAT_ARGB8888,
    .header.magic = LV_IMAGE_HEADER_MAGIC,
    .data         = UI_IMG_WMO_THUNDERSTORM_PNG_DATA};
