// Auto-generated from wmo-fog.png — 64x64 ARGB8888
#include "../../ui.h"

#ifndef LV_ATTRIBUTE_MEM_ALIGN
#    define LV_ATTRIBUTE_MEM_ALIGN
#endif

const LV_ATTRIBUTE_MEM_ALIGN uint8_t UI_IMG_WMO_FOG_PNG_DATA[] = {
    0x00, 0x00, 0x00, 0x00, 0x00, 0x00, 0x00, 0x00, 0x00, 0x00, 0x00, 0x00, 0x00, 0x00, 0x00, 0x00,
    0x00, 0x00, 0x00, 0x00, 0x00, 0x00, 0x00, 0x00, 0x00, 0x00, 0x00, 0x00, 0x00, 0x00, 0x00, 0x00,
    0x00, 0x00, 0x00, 0x00, 0x00, 0x00, 0x00, 0x00, 0x00, 0x00, 0x00, 0x00, 0x00, 0x00, 0x00, 0x00,
    0x00, 0x00, 0x00, 0x00, 0x00, 0x00, 0x00, 0x00, 0x00, 0x00, 0x00, 0x00, 0x00, 0x00, 0x00, 0x00,
    0x00, 0x00, 0x00, 0x00, 0x00, 0x00, 0x00, 0x00, 0x00, 0x00, 0x00, 0x00, 0x00, 0x00, 0x00, 0x00,
    0x00, 0x00, 0x00, 0x00, 0x00, 0x00, 0x00, 0x00, 0x00, 0x00, 0x00, 0x00, 0x00, 0x00, 0x00, 0x00,
    0x00, 0x00, 0x00, 0x00, 0x00, 0x00, 0x00, 0x00, 0x00, 0x00, 0x00, 0x00, 0x00, 0x00, 0x00, 0x00,
    0x00, 0x00, 0x00, 0x00, 0x00, 0x00, 0x00, 0x00, 0x00, 0x00, 0x00, 0x00, 0x00, 0x00, 0x00, 0x00,
    0x00, 0x00, 0x00, 0x00, 0x00, 0x00, 0x00, 0x00, 0x00, 0x00, 0x00, 0x00, 0x00, 0x00, 0x00, 0x00,
    0x00, 0x00, 0x00, 0x00, 0x00, 0x00, 0x00, 0x00, 0x00, 0x00, 0x00, 0x00, 0x00, 0x00, 0x00, 0x00,
    0x00, 0x00, 0x00, 0x00, 0x00, 0x00, 0x00, 0x00, 0x00, 0x00, 0x00, 0x00, 0x00, 0x00, 0x00, 0x00,
    0x00, 0x00, 0x00, 0x00, 0x00, 0x00, 0x00, 0x00, 0x00, 0x00, 0x00, 0x00, 0x00, 0x00, 0x00, 0x00,
    0x00, 0x00, 0x00, 0x00, 0x00, 0x00, 0x00, 0x00, 0x00, 0x00, 0x00, 0x00, 0x00, 0x00, 0x00, 0x00,
    0x00, 0x00, 0x00, 0x00, 0x00, 0x00, 0x00, 0x00, 0x00, 0x00, 0x00, 0x00, 0x00, 0x00, 0x00, 0x00,
    0x00, 0x00, 0x00, 0x00, 0x00, 0x00, 0x00, 0x00, 0x00, 0x00, 0x00, 0x00, 0x00, 0x00, 0x00, 0x00,
    0x00, 0x00, 0x00, 0x00, 0x00, 0x00, 0x00, 0x00, 0x00, 0x00, 0x00, 0x00, 0x00, 0x00, 0x00, 0x00,
    0x00, 0x00, 0x00, 0x00, 0x00, 0x00, 0x00, 0x00, 0x00, 0x00, 0x00, 0x00, 0x00, 0x00, 0x00, 0x00,
    0x00, 0x00, 0x00, 0x00, 0x00, 0x00, 0x00, 0x00, 0x00, 0x00, 0x00, 0x00, 0x00, 0x00, 0x00, 0x00,
    0x00, 0x00, 0x00, 0x00, 0x00, 0x00, 0x00, 0x00, 0xFF, 0xFF, 0xFF, 0x01, 0xFF, 0xFF, 0xFF, 0x01,
    0xFF, 0xFF, 0xFF, 0x01, 0xFF, 0xFF, 0xFF, 0x01, 0xFF, 0xFF, 0xFF, 0x01, 0xFF, 0xFF, 0xFF, 0x01,
    0xFF, 0xFF, 0xFF, 0x01, 0xFF, 0xFF, 0xFF, 0x01, 0xFF, 0xFF, 0xFF, 0x01, 0xFF, 0xFF, 0xFF, 0x01,
    0xFF, 0xFF, 0xFF, 0x01, 0xFF, 0xFF, 0xFF, 0x01, 0xFF, 0xFF, 0xFF, 0x01, 0xFF, 0xFF, 0xFF, 0x01,
    0xFF, 0xFF, 0xFF, 0x01, 0xFF, 0xFF, 0xFF, 0x01, 0xFF, 0xFF, 0xFF, 0x01, 0xFF, 0xFF, 0xFF, 0x01,
    0xFF, 0xFF, 0xFF, 0x01, 0xFF, 0xFF, 0xFF, 0x01, 0xFF, 0xFF, 0xFF, 0x01, 0xFF, 0xFF, 0xFF, 0x01,
    0xFF, 0xFF, 0xFF, 0x01, 0xFF, 0xFF, 0xFF, 0x01, 0xFF, 0xFF, 0xFF, 0x01, 0xFF, 0xFF, 0xFF, 0x01,
    0xFF, 0xFF, 0xFF, 0x01, 0xFF, 0xFF, 0xFF, 0x01, 0xFF, 0xFF, 0xFF, 0x01, 0xFF, 0xFF, 0xFF, 0x01,
    0xFF, 0xFF, 0xFF, 0x01, 0xFF, 0xFF, 0xFF, 0x01, 0xFF, 0xFF, 0xFF, 0x01, 0xFF, 0xFF, 0xFF, 0x01,
    0xFF, 0xFF, 0xFF, 0x01, 0xFF, 0xFF, 0xFF, 0x01, 0xFF, 0xFF, 0xFF, 0x01, 0xFF, 0xFF, 0xFF, 0x01,
    0xFF, 0xFF, 0xFF, 0x01, 0xFF, 0xFF, 0xFF, 0x01, 0xFF, 0xFF, 0xFF, 0x01, 0xFF, 0xFF, 0xFF, 0x01,
    0xFF, 0xFF, 0xFF, 0x01, 0xFF, 0xFF, 0xFF, 0x01, 0x00, 0x00, 0x00, 0x00, 0x00, 0x00, 0x00, 0x00,
    0x00, 0x00, 0x00, 0x00, 0x00, 0x00, 0x00, 0x00, 0x00, 0x00, 0x00, 0x00, 0x00, 0x00, 0x00, 0x00,
    0x00, 0x00, 0x00, 0x00, 0x00, 0x00, 0x00, 0x00, 0x00, 0x00, 0x00, 0x00, 0x00, 0x00, 0x00, 0x00,
    0x00, 0x00, 0x00, 0x00, 0x00, 0x00, 0x00, 0x00, 0x00, 0x00, 0x00, 0x00, 0x00, 0x00, 0x00, 0x00,
    0x00, 0x00, 0x00, 0x00, 0x00, 0x00, 0x00, 0x00, 0x00, 0x00, 0x00, 0x00, 0xFF, 0xFF, 0xFF, 0x01,
    0xBF, 0xBF, 0xBF, 0x04, 0xFF, 0xFF, 0xFF, 0x03, 0x00, 0x00, 0x00, 0x00, 0x00, 0x00, 0x00, 0x00,
    0x00, 0x00, 0x00, 0x00, 0x00, 0x00, 0x00, 0x00, 0x00, 0x00, 0x00, 0x00, 0x00, 0x00, 0x00, 0x00,
    0x00, 0x00, 0x00, 0x00, 0x00, 0x00, 0x00, 0x00, 0x00, 0x00, 0x00, 0x00, 0x00, 0x00, 0x00, 0x00,
    0x00, 0x00, 0x00, 0x00, 0x00, 0x00, 0x00, 0x00, 0x00, 0x00, 0x00, 0x00, 0x00, 0x00, 0x00, 0x00,
    0x00, 0x00, 0x00, 0x00, 0x00, 0x00, 0x00, 0x00, 0x00, 0x00, 0x00, 0x00, 0x00, 0x00, 0x00, 0x00,
    0x00, 0x00, 0x00, 0x00, 0x00, 0x00, 0x00, 0x00, 0x00, 0x00, 0x00, 0x00, 0x00, 0x00, 0x00, 0x00,
    0x00, 0x00, 0x00, 0x00, 0x00, 0x00, 0x00, 0x00, 0x00, 0x00, 0x00, 0x00, 0x00, 0x00, 0x00, 0x00,
    0x00, 0x00, 0x00, 0x00, 0x00, 0x00, 0x00, 0x00, 0x00, 0x00, 0x00, 0x00, 0x00, 0x00, 0x00, 0x00,
    0x00, 0x00, 0x00, 0x00, 0x00, 0x00, 0x00, 0x00, 0x00, 0x00, 0x00, 0x00, 0x00, 0x00, 0x00, 0x00,
    0x00, 0x00, 0x00, 0x00, 0x00, 0x00, 0x00, 0x00, 0x00, 0x00, 0x00, 0x00, 0x00, 0x00, 0x00, 0x00,
    0x00, 0x00, 0x00, 0x00, 0x00, 0x00, 0x00, 0x00, 0x00, 0x00, 0x00, 0x00, 0x00, 0x00, 0x00, 0x00,
    0x00, 0x00, 0x00, 0x00, 0x00, 0x00, 0x00, 0x00, 0xFF, 0xFF, 0xFF, 0x03, 0xFF, 0xFF, 0xFF, 0x04,
    0xFF, 0xFF, 0xFF, 0x01, 0x00, 0x00, 0x00, 0x00, 0x00, 0x00, 0x00, 0x00, 0x00, 0x00, 0x00, 0x00,
    0x00, 0x00, 0x00, 0x00, 0x00, 0x00, 0x00, 0x00, 0x00, 0x00, 0x00, 0x00, 0x00, 0x00, 0x00, 0x00,
    0x00, 0x00, 0x00, 0x00, 0x00, 0x00, 0x00, 0x00, 0x00, 0x00, 0x00, 0x00, 0x00, 0x00, 0x00, 0x00,
    0x00, 0x00, 0x00, 0x00, 0x00, 0x00, 0x00, 0x00, 0xFF, 0xFF, 0xFF, 0x02, 0x00, 0x00, 0x00, 0x00,
    0x00, 0x00, 0x00, 0x00, 0x00, 0x00, 0x00, 0x00, 0xFF, 0xFF, 0xFF, 0x04, 0xFF, 0xFF, 0xFF, 0x0A,
    0xFF, 0xFF, 0xFF, 0x09, 0xE5, 0xE5, 0xE5, 0x0A, 0xCC, 0xCC, 0xCC, 0x0A, 0xE5, 0xE5, 0xE5, 0x0A,
    0xE5, 0xE5, 0xE5, 0x0A, 0xE5, 0xE5, 0xE5, 0x0A, 0xE5, 0xE5, 0xE5, 0x0A, 0xE5, 0xE5, 0xE5, 0x0A,
    0xE5, 0xE5, 0xE5, 0x0A, 0xE5, 0xE5, 0xE5, 0x0A, 0xE5, 0xE5, 0xE5, 0x0A, 0xE5, 0xE5, 0xE5, 0x0A,
    0xE5, 0xE5, 0xE5, 0x0A, 0xE5, 0xE5, 0xE5, 0x0A, 0xE5, 0xE5, 0xE5, 0x0A, 0xE5, 0xE5, 0xE5, 0x0A,
    0xE5, 0xE5, 0xE5, 0x0A, 0xE5, 0xE5, 0xE5, 0x0A, 0xE5, 0xE5, 0xE5, 0x0A, 0xE5, 0xE5, 0xE5, 0x0A,
    0xE5, 0xE5, 0xE5, 0x0A, 0xE5, 0xE5, 0xE5, 0x0A, 0xE5, 0xE5, 0xE5, 0x0A, 0xE5, 0xE5, 0xE5, 0x0A,
    0xE5, 0xE5, 0xE5, 0x0A, 0xE5, 0xE5, 0xE5, 0x0A, 0xE5, 0xE5, 0xE5, 0x0A, 0xE5, 0xE5, 0xE5, 0x0A,
    0xE5, 0xE5, 0xE5, 0x0A, 0xE5, 0xE5, 0xE5, 0x0A, 0xE5, 0xE5, 0xE5, 0x0A, 0xE5, 0xE5, 0xE5, 0x0A,
    0xE5, 0xE5, 0xE5, 0x0A, 0xE5, 0xE5, 0xE5, 0x0A, 0xE5, 0xE5, 0xE5, 0x0A, 0xE5, 0xE5, 0xE5, 0x0A,
    0xE5, 0xE5, 0xE5, 0x0A, 0xE5, 0xE5, 0xE5, 0x0A, 0xE5, 0xE5, 0xE5, 0x0A, 0xFF, 0xFF, 0xFF, 0x09,
    0xE5, 0xE5, 0xE5, 0x0A, 0xFF, 0xFF, 0xFF, 0x04, 0x00, 0x00, 0x00, 0x00, 0x00, 0x00, 0x00, 0x00,
    0x00, 0x00, 0x00, 0x00, 0xFF, 0xFF, 0xFF, 0x02, 0x00, 0x00, 0x00, 0x00, 0x00, 0x00, 0x00, 0x00,
    0x00, 0x00, 0x00, 0x00, 0x00, 0x00, 0x00, 0x00, 0x00, 0x00, 0x00, 0x00, 0x00, 0x00, 0x00, 0x00,
    0x00, 0x00, 0x00, 0x00, 0x00, 0x00, 0x00, 0x00, 0x00, 0x00, 0x00, 0x00, 0x00, 0x00, 0x00, 0x00,
    0x00, 0x00, 0x00, 0x00, 0xFF, 0xFF, 0xFF, 0x02, 0x00, 0x00, 0x00, 0x00, 0xBF, 0xBF, 0xBF, 0x04,
    0xF9, 0xF6, 0xF6, 0x5B, 0xFD, 0xFD, 0xFD, 0xAE, 0xFF, 0xFC, 0xFC, 0xD7, 0xFF, 0xFD, 0xFD, 0xE2,
    0xFF, 0xFD, 0xFD, 0xE2, 0xFF, 0xFD, 0xFD, 0xE2, 0xF7, 0xF6, 0xF6, 0xE3, 0xEE, 0xEB, 0xEB, 0xE3,
    0xED, 0xEA, 0xEB, 0xE3, 0xEF, 0xEB, 0xED, 0xE3, 0xEF, 0xEB, 0xED, 0xE3, 0xEF, 0xEB, 0xED, 0xE3,
    0xEF, 0xEB, 0xED, 0xE3, 0xEF, 0xEB, 0xEB, 0xE3, 0xEE, 0xEB, 0xEB, 0xE3, 0xEE, 0xEB, 0xEB, 0xE3,
    0xEE, 0xEB, 0xEB, 0xE3, 0xEE, 0xEA, 0xEB, 0xE3, 0xEE, 0xEA, 0xEB, 0xE3, 0xEE, 0xEA, 0xEB, 0xE3,
    0xEE, 0xEA, 0xEB, 0xE3, 0xED, 0xEA, 0xEA, 0xE3, 0xED, 0xEA, 0xEA, 0xE3, 0xED, 0xE9, 0xEA, 0xE3,
    0xED, 0xE9, 0xEA, 0xE3, 0xEB, 0xE9, 0xE9, 0xE3, 0xEB, 0xE9, 0xE9, 0xE3, 0xEB, 0xE9, 0xE9, 0xE3,
    0xEA, 0xE8, 0xE9, 0xE3, 0xEA, 0xE8, 0xE9, 0xE3, 0xEA, 0xE8, 0xE9, 0xE3, 0xE8, 0xE7, 0xE7, 0xE3,
    0xE6, 0xE5, 0xE6, 0xE3, 0xE9, 0xE7, 0xE8, 0xE3, 0xEB, 0xEA, 0xEA, 0xE3, 0xEE, 0xEB, 0xED, 0xE3,
    0xF0, 0xEE, 0xEE, 0xE3, 0xF1, 0xEF, 0xEF, 0xE3, 0xF2, 0xF0, 0xF0, 0xE3, 0xF3, 0xF0, 0xF1, 0xE3,
    0xF3, 0xF1, 0xF2, 0xE3, 0xF4, 0xF2, 0xF2, 0xE3, 0xF7, 0xF3, 0xF4, 0xE2, 0xF7, 0xF4, 0xF4, 0xE2,
    0xF7, 0xF4, 0xF4, 0xE3, 0xFA, 0xF9, 0xF9, 0xD8, 0xFD, 0xFC, 0xFC, 0xAF, 0xFC, 0xFC, 0xFC, 0x5D,
    0xFF, 0xFF, 0xFF, 0x05, 0x00, 0x00, 0x00, 0x00, 0xFF, 0xFF, 0xFF, 0x02, 0x00, 0x00, 0x00, 0x00,
    0x00, 0x00, 0x00, 0x00, 0x00, 0x00, 0x00, 0x00, 0x00, 0x00, 0x00, 0x00, 0x00, 0x00, 0x00, 0x00,
    0x00, 0x00, 0x00, 0x00, 0x00, 0x00, 0x00, 0x00, 0x00, 0x00, 0x00, 0x00, 0x00, 0x00, 0x00, 0x00,
    0xFF, 0xFF, 0xFF, 0x02, 0x00, 0x00, 0x00, 0x00, 0xED, 0xED, 0xED, 0x2B, 0xF9, 0xF8, 0xF8, 0xCA,
    0xFF, 0xFF, 0xFF, 0xFF, 0xFF, 0xFF, 0xFF, 0xFF, 0xFF, 0xFF, 0xFF, 0xFF, 0xFF, 0xFF, 0xFF, 0xFF,
    0xFF, 0xFF, 0xFF, 0xFF, 0xFF, 0xFF, 0xFF, 0xFF, 0xFF, 0xFF, 0xFF, 0xFF, 0xFF, 0xFF, 0xFF, 0xFF,
    0xF8, 0xF6, 0xF6, 0xFF, 0xF4, 0xF1, 0xF2, 0xFF, 0xF5, 0xF2, 0xF3, 0xFF, 0xF5, 0xF2, 0xF3, 0xFF,
    0xF5, 0xF2, 0xF3, 0xFF, 0xF5, 0xF2, 0xF2, 0xFF, 0xF5, 0xF2, 0xF2, 0xFF, 0xF5, 0xF2, 0xF2, 0xFF,
    0xF5, 0xF2, 0xF2, 0xFF, 0xF5, 0xF1, 0xF2, 0xFF, 0xF4, 0xF1, 0xF2, 0xFF, 0xF4, 0xF1, 0xF2, 0xFF,
    0xF4, 0xF1, 0xF1, 0xFF, 0xF4, 0xF0, 0xF1, 0xFF, 0xF3, 0xF0, 0xF1, 0xFF, 0xF3, 0xF0, 0xF0, 0xFF,
    0xF2, 0xF0, 0xF0, 0xFF, 0xF2, 0xEF, 0xF0, 0xFF, 0xF2, 0xEF, 0xEF, 0xFF, 0xF1, 0xEF, 0xEF, 0xFF,
    0xF1, 0xEE, 0xEF, 0xFF, 0xF0, 0xEE, 0xEE, 0xFF, 0xED, 0xEB, 0xEC, 0xFF, 0xEC, 0xEB, 0xEB, 0xFF,
    0xEF, 0xEE, 0xEE, 0xFF, 0xF3, 0xF0, 0xF1, 0xFF, 0xF4, 0xF2, 0xF2, 0xFF, 0xF6, 0xF4, 0xF4, 0xFF,
    0xF8, 0xF5, 0xF5, 0xFF, 0xF9, 0xF6, 0xF6, 0xFF, 0xFA, 0xF7, 0xF8, 0xFF, 0xFB, 0xF8, 0xF9, 0xFF,
    0xFC, 0xF9, 0xF9, 0xFF, 0xFD, 0xFA, 0xFA, 0xFF, 0xFE, 0xFB, 0xFB, 0xFF, 0xFF, 0xFC, 0xFD, 0xFF,
    0xFF, 0xFC, 0xFD, 0xFF, 0xFF, 0xFF, 0xFF, 0xFF, 0xFF, 0xFF, 0xFF, 0xFF, 0xFF, 0xFF, 0xFF, 0xFF,
    0xFD, 0xFC, 0xFD, 0xCD, 0xFF, 0xF9, 0xF9, 0x2E, 0x00, 0x00, 0x00, 0x00, 0xFF, 0xFF, 0xFF, 0x02,
    0x00, 0x00, 0x00, 0x00, 0x00, 0x00, 0x00, 0x00, 0x00, 0x00, 0x00, 0x00, 0x00, 0x00, 0x00, 0x00,
    0x00, 0x00, 0x00, 0x00, 0x00, 0x00, 0x00, 0x00, 0x00, 0x00, 0x00, 0x00, 0xFF, 0xFF, 0xFF, 0x02,
    0x00, 0x00, 0x00, 0x00, 0xF2, 0xF2, 0xF2, 0x29, 0xF9, 0xF7, 0xF8, 0xEA, 0xFF, 0xFF, 0xFF, 0xFF,
    0xFC, 0xF9, 0xF9, 0xFB, 0xFF, 0xFB, 0xFC, 0xFC, 0xFF, 0xFD, 0xFF, 0xFD, 0xFF, 0xFF, 0xFF, 0xFD,
    0xFF, 0xFF, 0xFF, 0xFD, 0xFF, 0xFF, 0xFF, 0xFD, 0xFF, 0xFF, 0xFF, 0xFD, 0xFF, 0xFF, 0xFF, 0xFD,
    0xFF, 0xFF, 0xFF, 0xFD, 0xF3, 0xF2, 0xF2, 0xFD, 0xED, 0xEA, 0xEA, 0xFD, 0xEF, 0xEC, 0xEC, 0xFD,
    0xEF, 0xEB, 0xEB, 0xFD, 0xEF, 0xEB, 0xEC, 0xFD, 0xEF, 0xEB, 0xEC, 0xFD, 0xEF, 0xEB, 0xEC, 0xFD,
    0xEE, 0xEA, 0xEB, 0xFD, 0xEE, 0xEB, 0xEB, 0xFD, 0xEE, 0xEA, 0xEB, 0xFD, 0xEE, 0xEA, 0xEA, 0xFD,
    0xED, 0xE9, 0xEA, 0xFD, 0xED, 0xE9, 0xEA, 0xFD, 0xEC, 0xE8, 0xE9, 0xFD, 0xEB, 0xE8, 0xE9, 0xFD,
    0xEB, 0xE8, 0xE8, 0xFD, 0xEA, 0xE7, 0xE8, 0xFD, 0xE9, 0xE6, 0xE7, 0xFD, 0xE9, 0xE6, 0xE6, 0xFD,
    0xE8, 0xE5, 0xE5, 0xFD, 0xE5, 0xE3, 0xE3, 0xFD, 0xE5, 0xE4, 0xE4, 0xFD, 0xE9, 0xE7, 0xE8, 0xFD,
    0xEC, 0xE9, 0xEA, 0xFD, 0xED, 0xEB, 0xEB, 0xFD, 0xEF, 0xEC, 0xEC, 0xFD, 0xF0, 0xED, 0xEE, 0xFD,
    0xF2, 0xEF, 0xEF, 0xFD, 0xF2, 0xF0, 0xF0, 0xFD, 0xF4, 0xF1, 0xF1, 0xFD, 0xF5, 0xF2, 0xF2, 0xFD,
    0xF6, 0xF3, 0xF2, 0xFD, 0xF7, 0xF3, 0xF3, 0xFD, 0xF8, 0xF4, 0xF4, 0xFD, 0xF9, 0xF5, 0xF5, 0xFD,
    0xF9, 0xF5, 0xF7, 0xFD, 0xFA, 0xF6, 0xF7, 0xFD, 0xFB, 0xF7, 0xF8, 0xFC, 0xFC, 0xF8, 0xF9, 0xFB,
    0xFF, 0xFF, 0xFF, 0xFF, 0xFF, 0xFD, 0xFF, 0xEC, 0xFF, 0xF9, 0xF9, 0x2D, 0x00, 0x00, 0x00, 0x00,
    0xFF, 0xFF, 0xFF, 0x02, 0x00, 0x00, 0x00, 0x00, 0x00, 0x00, 0x00, 0x00, 0x00, 0x00, 0x00, 0x00,
    0x00, 0x00, 0x00, 0x00, 0x00, 0x00, 0x00, 0x00, 0x00, 0x00, 0x00, 0x01, 0xFF, 0xFF, 0xFF, 0x02,
    0xD4, 0xD4, 0xD4, 0x06, 0xF3, 0xF0, 0xF1, 0xCD, 0xFF, 0xFF, 0xFF, 0xFF, 0xFB, 0xF7, 0xF8, 0xFA,
    0xFE, 0xFA, 0xFB, 0xFF, 0xFF, 0xFC, 0xFD, 0xFF, 0xFF, 0xFE, 0xFF, 0xFF, 0xFF, 0xFF, 0xFF, 0xFF,
    0xFF, 0xFF, 0xFF, 0xFF, 0xFF, 0xFF, 0xFF, 0xFF, 0xFF, 0xFF, 0xFF, 0xFF, 0xFF, 0xFF, 0xFF, 0xFF,
    0xFF, 0xFF, 0xFF, 0xFF, 0xFF, 0xFF, 0xFF, 0xFF, 0xF5, 0xF3, 0xF4, 0xFF, 0xED, 0xEA, 0xEB, 0xFF,
    0xEF, 0xEB, 0xEC, 0xFF, 0xEF, 0xEB, 0xEC, 0xFF, 0xEF, 0xEB, 0xEC, 0xFF, 0xEE, 0xEB, 0xEB, 0xFF,
    0xEE, 0xEA, 0xEB, 0xFF, 0xEE, 0xEA, 0xEB, 0xFF, 0xEE, 0xE9, 0xEA, 0xFF, 0xED, 0xE9, 0xEA, 0xFF,
    0xEC, 0xE9, 0xEA, 0xFF, 0xEC, 0xE8, 0xE9, 0xFF, 0xEB, 0xE7, 0xE8, 0xFF, 0xEA, 0xE7, 0xE7, 0xFF,
    0xEA, 0xE6, 0xE6, 0xFF, 0xE8, 0xE5, 0xE6, 0xFF, 0xE7, 0xE4, 0xE5, 0xFF, 0xE6, 0xE3, 0xE3, 0xFF,
    0xE3, 0xE2, 0xE2, 0xFF, 0xE6, 0xE5, 0xE5, 0xFF, 0xE9, 0xE7, 0xE7, 0xFF, 0xEB, 0xE9, 0xE9, 0xFF,
    0xED, 0xEA, 0xEB, 0xFF, 0xEE, 0xEC, 0xEC, 0xFF, 0xF0, 0xED, 0xED, 0xFF, 0xF1, 0xEE, 0xEE, 0xFF,
    0xF2, 0xEF, 0xF0, 0xFF, 0xF4, 0xF0, 0xF0, 0xFF, 0xF5, 0xF1, 0xF2, 0xFF, 0xF6, 0xF2, 0xF2, 0xFF,
    0xF7, 0xF2, 0xF3, 0xFF, 0xF8, 0xF3, 0xF4, 0xFF, 0xF9, 0xF4, 0xF5, 0xFF, 0xFA, 0xF5, 0xF6, 0xFF,
    0xFA, 0xF6, 0xF7, 0xFF, 0xFB, 0xF7, 0xF8, 0xFF, 0xFC, 0xF8, 0xF9, 0xFF, 0xFD, 0xF9, 0xFA, 0xFF,
    0xFD, 0xF9, 0xFA, 0xFA, 0xFF, 0xFF, 0xFF, 0xFF, 0xFF, 0xFC, 0xFD, 0xD1, 0xFF, 0xFF, 0xFF, 0x07,
    0xFF, 0x7F, 0x7F, 0x02, 0xFF, 0xFF, 0xFF, 0x01, 0x00, 0x00, 0x00, 0x00, 0x00, 0x00, 0x00, 0x00,
    0x00, 0x00, 0x00, 0x00, 0x00, 0x00, 0x00, 0x00, 0xBF, 0xBF, 0xBF, 0x04, 0x00, 0x00, 0x00, 0x00,
    0xF3, 0xED, 0xED, 0x58, 0xFF, 0xFF, 0xFF, 0xFF, 0xF9, 0xF4, 0xF5, 0xFB, 0xFD, 0xF8, 0xF9, 0xFF,
    0xFE, 0xFA, 0xFB, 0xFF, 0xFF, 0xFC, 0xFD, 0xFF, 0xFF, 0xFD, 0xFE, 0xFF, 0xFF, 0xFF, 0xFF, 0xFF,
    0xFF, 0xFF, 0xFF, 0xFF, 0xFF, 0xFF, 0xFF, 0xFF, 0xFF, 0xFF, 0xFF, 0xFF, 0xFF, 0xFF, 0xFF, 0xFF,
    0xFF, 0xFF, 0xFF, 0xFF, 0xFF, 0xFF, 0xFF, 0xFF, 0xFF, 0xFF, 0xFF, 0xFF, 0xF4, 0xF2, 0xF2, 0xFF,
    0xED, 0xE9, 0xEA, 0xFF, 0xEE, 0xEB, 0xEB, 0xFF, 0xEE, 0xEA, 0xEB, 0xFF, 0xEE, 0xEA, 0xEB, 0xFF,
    0xED, 0xEA, 0xEA, 0xFF, 0xED, 0xE9, 0xEA, 0xFF, 0xEC, 0xE8, 0xE9, 0xFF, 0xEC, 0xE8, 0xE9, 0xFF,
    0xEB, 0xE7, 0xE8, 0xFF, 0xEA, 0xE6, 0xE7, 0xFF, 0xE9, 0xE6, 0xE6, 0xFF, 0xE8, 0xE4, 0xE5, 0xFF,
    0xE7, 0xE3, 0xE4, 0xFF, 0xE6, 0xE2, 0xE3, 0xFF, 0xE4, 0xE1, 0xE1, 0xFF, 0xE3, 0xE1, 0xE1, 0xFF,
    0xE5, 0xE4, 0xE4, 0xFF, 0xE8, 0xE6, 0xE7, 0xFF, 0xEA, 0xE8, 0xE8, 0xFF, 0xEC, 0xEA, 0xEA, 0xFF,
    0xED, 0xEB, 0xEB, 0xFF, 0xEE, 0xEC, 0xEC, 0xFF, 0xF0, 0xED, 0xED, 0xFF, 0xF1, 0xEE, 0xEE, 0xFF,
    0xF2, 0xEF, 0xEF, 0xFF, 0xF3, 0xF0, 0xF0, 0xFF, 0xF4, 0xF1, 0xF1, 0xFF, 0xF5, 0xF1, 0xF2, 0xFF,
    0xF7, 0xF2, 0xF3, 0xFF, 0xF7, 0xF3, 0xF4, 0xFF, 0xF8, 0xF4, 0xF5, 0xFF, 0xF9, 0xF5, 0xF5, 0xFF,
    0xFA, 0xF6, 0xF6, 0xFF, 0xFB, 0xF6, 0xF7, 0xFF, 0xFC, 0xF7, 0xF8, 0xFF, 0xFD, 0xF8, 0xF9, 0xFF,
    0xFE, 0xF9, 0xFA, 0xFF, 0xFF, 0xF9, 0xFA, 0xFB, 0xFF, 0xFF, 0xFF, 0xFF, 0xFF, 0xFF, 0xFF, 0x5D,
    0x00, 0x00, 0x00, 0x00, 0xFF, 0xFF, 0xFF, 0x04, 0x00, 0x00, 0x00, 0x00, 0x00, 0x00, 0x00, 0x00,
    0x00, 0x00, 0x00, 0x00, 0x00, 0x00, 0x00, 0x00, 0xFF, 0xFF, 0xFF, 0x03, 0x00, 0x00, 0x00, 0x00,
    0xF3, 0xED, 0xEE, 0xAF, 0xFF, 0xFF, 0xFF, 0xFE, 0xFA, 0xF6, 0xF6, 0xFB, 0xFD, 0xF8, 0xF9, 0xFF,
    0xFE, 0xFA, 0xFA, 0xFF, 0xFF, 0xFB, 0xFC, 0xFF, 0xFF, 0xFC, 0xFD, 0xFF, 0xFF, 0xFE, 0xFF, 0xFF,
    0xFF, 0xFF, 0xFF, 0xFF, 0xFF, 0xFF, 0xFF, 0xFF, 0xFF, 0xFF, 0xFF, 0xFF, 0xFF, 0xFF, 0xFF, 0xFF,
    0xFF, 0xFF, 0xFF, 0xFF, 0xFF, 0xFF, 0xFF, 0xFF, 0xFF, 0xFF, 0xFF, 0xFF, 0xFF, 0xFF, 0xFF, 0xFF,
    0xF1, 0xEE, 0xEF, 0xFF, 0xEC, 0xE8, 0xE9, 0xFF, 0xED, 0xE9, 0xEA, 0xFF, 0xEC, 0xE9, 0xE9, 0xFF,
    0xEC, 0xE8, 0xE9, 0xFF, 0xEC, 0xE8, 0xE9, 0xFF, 0xEB, 0xE7, 0xE8, 0xFF, 0xEA, 0xE6, 0xE7, 0xFF,
    0xE9, 0xE6, 0xE6, 0xFF, 0xE8, 0xE5, 0xE5, 0xFF, 0xE7, 0xE3, 0xE4, 0xFF, 0xE5, 0xE2, 0xE3, 0xFF,
    0xE4, 0xE1, 0xE1, 0xFF, 0xE3, 0xDF, 0xE0, 0xFF, 0xE2, 0xE0, 0xE1, 0xFF, 0xE5, 0xE4, 0xE4, 0xFF,
    0xE7, 0xE6, 0xE6, 0xFF, 0xE9, 0xE7, 0xE7, 0xFF, 0xEB, 0xE8, 0xE9, 0xFF, 0xEC, 0xEA, 0xEA, 0xFF,
    0xED, 0xEB, 0xEB, 0xFF, 0xEE, 0xEC, 0xEC, 0xFF, 0xF0, 0xED, 0xED, 0xFF, 0xF1, 0xEE, 0xEE, 0xFF,
    0xF2, 0xEE, 0xEF, 0xFF, 0xF3, 0xEF, 0xF0, 0xFF, 0xF4, 0xF0, 0xF1, 0xFF, 0xF5, 0xF1, 0xF2, 0xFF,
    0xF6, 0xF2, 0xF2, 0xFF, 0xF7, 0xF2, 0xF3, 0xFF, 0xF8, 0xF3, 0xF4, 0xFF, 0xF9, 0xF4, 0xF5, 0xFF,
    0xFA, 0xF5, 0xF6, 0xFF, 0xFB, 0xF6, 0xF7, 0xFF, 0xFC, 0xF6, 0xF8, 0xFF, 0xFD, 0xF8, 0xF9, 0xFF,
    0xFD, 0xF9, 0xF9, 0xFF, 0xFD, 0xF8, 0xF9, 0xFC, 0xFF, 0xFF, 0xFF, 0xFE, 0xFF, 0xFC, 0xFC, 0xB4,
    0x00, 0x00, 0x00, 0x00, 0xFF, 0xFF, 0xFF, 0x03, 0x00, 0x00, 0x00, 0x00, 0x00, 0x00, 0x00, 0x00,
    0x00, 0x00, 0x00, 0x00, 0xFF, 0xFF, 0xFF, 0x01, 0x00, 0x00, 0x00, 0x00, 0xFF, 0xFF, 0xFF, 0x02,
    0xF4, 0xEE, 0xEF, 0xD5, 0xFF, 0xFB, 0xFC, 0xFF, 0xF9, 0xF5, 0xF5, 0xFD, 0xFC, 0xF7, 0xF8, 0xFF,
    0xFE, 0xF9, 0xFA, 0xFF, 0xFF, 0xFB, 0xFB, 0xFF, 0xFF, 0xFC, 0xFD, 0xFF, 0xFF, 0xFD, 0xFE, 0xFF,
    0xFF, 0xFF, 0xFF, 0xFF, 0xFF, 0xFF, 0xFF, 0xFF, 0xFF, 0xFF, 0xFF, 0xFF, 0xFF, 0xFF, 0xFF, 0xFF,
    0xFF, 0xFF, 0xFF, 0xFF, 0xFF, 0xFF, 0xFF, 0xFF, 0xFF, 0xFF, 0xFF, 0xFF, 0xFF, 0xFF, 0xFF, 0xFF,
    0xFD, 0xFC, 0xFC, 0xFF, 0xED, 0xE9, 0xEA, 0xFF, 0xEC, 0xE8, 0xE9, 0xFF, 0xEC, 0xE8, 0xE9, 0xFF,
    0xEB, 0xE7, 0xE8, 0xFF, 0xEA, 0xE7, 0xE7, 0xFF, 0xEA, 0xE6, 0xE6, 0xFF, 0xE9, 0xE4, 0xE6, 0xFF,
    0xE8, 0xE4, 0xE4, 0xFF, 0xE6, 0xE2, 0xE3, 0xFF, 0xE5, 0xE1, 0xE2, 0xFF, 0xE3, 0xDF, 0xE0, 0xFF,
    0xE1, 0xDE, 0xDE, 0xFF, 0xE1, 0xDF, 0xDF, 0xFF, 0xE4, 0xE3, 0xE3, 0xFF, 0xE6, 0xE5, 0xE5, 0xFF,
    0xE8, 0xE6, 0xE6, 0xFF, 0xE9, 0xE7, 0xE8, 0xFF, 0xEB, 0xE8, 0xE9, 0xFF, 0xEC, 0xEA, 0xEA, 0xFF,
    0xED, 0xEA, 0xEB, 0xFF, 0xEE, 0xEB, 0xEC, 0xFF, 0xEF, 0xEC, 0xED, 0xFF, 0xF0, 0xED, 0xEE, 0xFF,
    0xF1, 0xEE, 0xEF, 0xFF, 0xF3, 0xEF, 0xEF, 0xFF, 0xF4, 0xF0, 0xF1, 0xFF, 0xF5, 0xF0, 0xF1, 0xFF,
    0xF6, 0xF1, 0xF2, 0xFF, 0xF7, 0xF2, 0xF3, 0xFF, 0xF8, 0xF3, 0xF4, 0xFF, 0xF9, 0xF4, 0xF5, 0xFF,
    0xFA, 0xF4, 0xF5, 0xFF, 0xFB, 0xF5, 0xF6, 0xFF, 0xFB, 0xF6, 0xF7, 0xFF, 0xFC, 0xF7, 0xF8, 0xFF,
    0xFD, 0xF8, 0xF9, 0xFF, 0xFD, 0xF8, 0xF9, 0xFD, 0xFF, 0xFF, 0xFF, 0xFF, 0xFF, 0xFA, 0xFB, 0xDA,
    0xFF, 0xFF, 0xFF, 0x04, 0x00, 0x00, 0x00, 0x00, 0xFF, 0xFF, 0xFF, 0x01, 0x00, 0x00, 0x00, 0x00,
    0x00, 0x00, 0x00, 0x00, 0xFF, 0xFF, 0xFF, 0x01, 0x00, 0x00, 0x00, 0x00, 0xDA, 0xDA, 0xDA, 0x07,
    0xF2, 0xED, 0xEE, 0xDE, 0xFF, 0xF9, 0xFA, 0xFF, 0xF9, 0xF4, 0xF5, 0xFD, 0xFC, 0xF7, 0xF8, 0xFF,
    0xFD, 0xF9, 0xFA, 0xFF, 0xFF, 0xFA, 0xFB, 0xFF, 0xFF, 0xFB, 0xFC, 0xFF, 0xFF, 0xFC, 0xFD, 0xFF,
    0xFF, 0xFD, 0xFE, 0xFF, 0xFF, 0xFE, 0xFF, 0xFF, 0xFF, 0xFF, 0xFF, 0xFF, 0xFF, 0xFF, 0xFF, 0xFF,
    0xFF, 0xFF, 0xFF, 0xFF, 0xFF, 0xFF, 0xFF, 0xFF, 0xFF, 0xFF, 0xFF, 0xFF, 0xFF, 0xFF, 0xFF, 0xFF,
    0xFF, 0xFF, 0xFF, 0xFF, 0xF7, 0xF6, 0xF6, 0xFF, 0xEA, 0xE6, 0xE7, 0xFF, 0xEB, 0xE7, 0xE8, 0xFF,
    0xEA, 0xE6, 0xE7, 0xFF, 0xE9, 0xE5, 0xE6, 0xFF, 0xE8, 0xE4, 0xE5, 0xFF, 0xE7, 0xE3, 0xE4, 0xFF,
    0xE5, 0xE1, 0xE2, 0xFF, 0xE3, 0xDF, 0xE0, 0xFF, 0xE2, 0xDD, 0xDE, 0xFF, 0xDF, 0xDC, 0xDC, 0xFF,
    0xDF, 0xDD, 0xDD, 0xFF, 0xE3, 0xE2, 0xE2, 0xFF, 0xE5, 0xE5, 0xE5, 0xFF, 0xE7, 0xE5, 0xE5, 0xFF,
    0xE8, 0xE6, 0xE7, 0xFF, 0xE8, 0xE7, 0xE7, 0xFF, 0xE9, 0xE7, 0xE8, 0xFF, 0xEA, 0xE8, 0xE9, 0xFF,
    0xEC, 0xEA, 0xEA, 0xFF, 0xED, 0xEB, 0xEB, 0xFF, 0xEF, 0xEC, 0xED, 0xFF, 0xF0, 0xED, 0xED, 0xFF,
    0xF1, 0xEE, 0xEE, 0xFF, 0xF2, 0xEE, 0xEF, 0xFF, 0xF3, 0xEF, 0xF0, 0xFF, 0xF4, 0xF0, 0xF1, 0xFF,
    0xF5, 0xF1, 0xF2, 0xFF, 0xF6, 0xF2, 0xF2, 0xFF, 0xF7, 0xF2, 0xF3, 0xFF, 0xF8, 0xF3, 0xF4, 0xFF,
    0xF9, 0xF4, 0xF5, 0xFF, 0xFA, 0xF5, 0xF6, 0xFF, 0xFB, 0xF6, 0xF6, 0xFF, 0xFC, 0xF6, 0xF7, 0xFF,
    0xFD, 0xF7, 0xF8, 0xFF, 0xFD, 0xF8, 0xF9, 0xFD, 0xFF, 0xFF, 0xFF, 0xFF, 0xFF, 0xFA, 0xFA, 0xE2,
    0xFF, 0xFF, 0xFF, 0x09, 0x00, 0x00, 0x00, 0x00, 0xFF, 0xFF, 0xFF, 0x01, 0x00, 0x00, 0x00, 0x00,
    0x00, 0x00, 0x00, 0x00, 0xFF, 0xFF, 0xFF, 0x01, 0x00, 0x00, 0x00, 0x00, 0xDA, 0xDA, 0xDA, 0x07,
    0xF2, 0xEC, 0xED, 0xDE, 0xFE, 0xF8, 0xF9, 0xFF, 0xF9, 0xF4, 0xF5, 0xFD, 0xFB, 0xF6, 0xF7, 0xFF,
    0xFD, 0xF8, 0xF9, 0xFF, 0xFD, 0xF9, 0xFA, 0xFF, 0xFF, 0xFA, 0xFB, 0xFF, 0xFF, 0xFC, 0xFC, 0xFF,
    0xFF, 0xFC, 0xFD, 0xFF, 0xFF, 0xFD, 0xFE, 0xFF, 0xFF, 0xFE, 0xFF, 0xFF, 0xFF, 0xFF, 0xFF, 0xFF,
    0xFF, 0xFF, 0xFF, 0xFF, 0xFF, 0xFF, 0xFF, 0xFF, 0xFF, 0xFF, 0xFF, 0xFF, 0xFF, 0xFF, 0xFF, 0xFF,
    0xFF, 0xFF, 0xFF, 0xFF, 0xFF, 0xFF, 0xFF, 0xFF, 0xEE, 0xEC, 0xEC, 0xFF, 0xE8, 0xE4, 0xE5, 0xFF,
    0xE9, 0xE5, 0xE6, 0xFF, 0xE8, 0xE4, 0xE4, 0xFF, 0xE6, 0xE2, 0xE3, 0xFF, 0xE5, 0xE1, 0xE2, 0xFF,
    0xE5, 0xE1, 0xE2, 0xFF, 0xE6, 0xE4, 0xE4, 0xFF, 0xE9, 0xE7, 0xE7, 0xFF, 0xEC, 0xEA, 0xEA, 0xFF,
    0xEF, 0xEE, 0xEE, 0xFF, 0xF2, 0xF1, 0xF1, 0xFF, 0xF3, 0xF2, 0xF2, 0xFF, 0xF4, 0xF3, 0xF3, 0xFF,
    0xF4, 0xF3, 0xF3, 0xFF, 0xF4, 0xF3, 0xF3, 0xFF, 0xF3, 0xF1, 0xF1, 0xFF, 0xF1, 0xEF, 0xF0, 0xFF,
    0xEE, 0xED, 0xED, 0xFF, 0xEC, 0xEB, 0xEB, 0xFF, 0xEC, 0xEA, 0xEB, 0xFF, 0xEE, 0xEB, 0xEC, 0xFF,
    0xF0, 0xED, 0xED, 0xFF, 0xF1, 0xEE, 0xEF, 0xFF, 0xF2, 0xEF, 0xEF, 0xFF, 0xF3, 0xF0, 0xF0, 0xFF,
    0xF4, 0xF1, 0xF1, 0xFF, 0xF6, 0xF1, 0xF2, 0xFF, 0xF7, 0xF2, 0xF3, 0xFF, 0xF7, 0xF2, 0xF3, 0xFF,
    0xF8, 0xF3, 0xF4, 0xFF, 0xFA, 0xF4, 0xF5, 0xFF, 0xFA, 0xF5, 0xF6, 0xFF, 0xFB, 0xF6, 0xF7, 0xFF,
    0xFC, 0xF7, 0xF8, 0xFF, 0xFD, 0xF7, 0xF8, 0xFD, 0xFF, 0xFF, 0xFF, 0xFF, 0xFD, 0xF9, 0xFA, 0xE2,
    0xFF, 0xFF, 0xFF, 0x09, 0x00, 0x00, 0x00, 0x00, 0xFF, 0xFF, 0xFF, 0x01, 0x00, 0x00, 0x00, 0x00,
    0x00, 0x00, 0x00, 0x00, 0xFF, 0xFF, 0xFF, 0x01, 0x00, 0x00, 0x00, 0x00, 0xFF, 0xDA, 0xDA, 0x07,
    0xF2, 0xEC, 0xED, 0xDE, 0xFD, 0xF7, 0xF8, 0xFF, 0xF8, 0xF3, 0xF4, 0xFD, 0xFA, 0xF6, 0xF7, 0xFF,
    0xFC, 0xF7, 0xF8, 0xFF, 0xFD, 0xF8, 0xF9, 0xFF, 0xFD, 0xF9, 0xFA, 0xFF, 0xFF, 0xFB, 0xFB, 0xFF,
    0xFF, 0xFB, 0xFC, 0xFF, 0xFF, 0xFC, 0xFD, 0xFF, 0xFF, 0xFD, 0xFE, 0xFF, 0xFF, 0xFE, 0xFF, 0xFF,
    0xFF, 0xFF, 0xFF, 0xFF, 0xFF, 0xFF, 0xFF, 0xFF, 0xFF, 0xFF, 0xFF, 0xFF, 0xFF, 0xFF, 0xFF, 0xFF,
    0xFF, 0xFF, 0xFF, 0xFF, 0xFF, 0xFF, 0xFF, 0xFF, 0xF8, 0xF7, 0xF7, 0xFF, 0xE7, 0xE3, 0xE4, 0xFF,
    0xE7, 0xE3, 0xE4, 0xFF, 0xE6, 0xE2, 0xE3, 0xFF, 0xE7, 0xE5, 0xE5, 0xFF, 0xEA, 0xE8, 0xE8, 0xFF,
    0xEE, 0xED, 0xED, 0xFF, 0xF2, 0xF0, 0xF0, 0xFF, 0xF4, 0xF1, 0xF2, 0xFF, 0xF6, 0xF3, 0xF4, 0xFF,
    0xF7, 0xF4, 0xF5, 0xFF, 0xF8, 0xF5, 0xF6, 0xFF, 0xF9, 0xF6, 0xF7, 0xFF, 0xFA, 0xF7, 0xF8, 0xFF,
    0xFB, 0xF8, 0xF9, 0xFF, 0xFC, 0xF9, 0xFA, 0xFF, 0xFC, 0xFA, 0xFB, 0xFF, 0xFD, 0xFB, 0xFB, 0xFF,
    0xFC, 0xFA, 0xFB, 0xFF, 0xF9, 0xF8, 0xF8, 0xFF, 0xF5, 0xF3, 0xF4, 0xFF, 0xF0, 0xEE, 0xEE, 0xFF,
    0xEE, 0xEB, 0xEC, 0xFF, 0xEE, 0xEC, 0xEC, 0xFF, 0xF1, 0xEE, 0xEF, 0xFF, 0xF2, 0xEF, 0xF0, 0xFF,
    0xF3, 0xF0, 0xF1, 0xFF, 0xF5, 0xF1, 0xF2, 0xFF, 0xF6, 0xF1, 0xF2, 0xFF, 0xF7, 0xF2, 0xF3, 0xFF,
    0xF8, 0xF2, 0xF3, 0xFF, 0xF9, 0xF3, 0xF4, 0xFF, 0xFA, 0xF4, 0xF5, 0xFF, 0xFB, 0xF5, 0xF6, 0xFF,
    0xFC, 0xF6, 0xF7, 0xFF, 0xFC, 0xF6, 0xF8, 0xFD, 0xFF, 0xFF, 0xFF, 0xFF, 0xFF, 0xF9, 0xF9, 0xE2,
    0xFF, 0xFF, 0xFF, 0x09, 0x00, 0x00, 0x00, 0x00, 0xFF, 0xFF, 0xFF, 0x01, 0x00, 0x00, 0x00, 0x00,
    0x00, 0x00, 0x00, 0x00, 0xFF, 0xFF, 0xFF, 0x01, 0x00, 0x00, 0x00, 0x00, 0xFF, 0xFF, 0xFF, 0x07,
    0xF2, 0xEC, 0xED, 0xDE, 0xFC, 0xF7, 0xF8, 0xFF, 0xF7, 0xF2, 0xF3, 0xFD, 0xFA, 0xF4, 0xF5, 0xFF,
    0xFB, 0xF6, 0xF7, 0xFF, 0xFC, 0xF7, 0xF8, 0xFF, 0xFD, 0xF8, 0xF9, 0xFF, 0xFE, 0xF9, 0xFA, 0xFF,
    0xFE, 0xFA, 0xFA, 0xFF, 0xFF, 0xFB, 0xFC, 0xFF, 0xFF, 0xFC, 0xFC, 0xFF, 0xFF, 0xFC, 0xFD, 0xFF,
    0xFF, 0xFD, 0xFE, 0xFF, 0xFF, 0xFE, 0xFE, 0xFF, 0xFF, 0xFE, 0xFF, 0xFF, 0xFF, 0xFF, 0xFF, 0xFF,
    0xFF, 0xFF, 0xFF, 0xFF, 0xFF, 0xFF, 0xFF, 0xFF, 0xFF, 0xFF, 0xFE, 0xFF, 0xEA, 0xE7, 0xE8, 0xFF,
    0xE6, 0xE4, 0xE4, 0xFF, 0xEA, 0xE9, 0xE9, 0xFF, 0xEE, 0xEC, 0xED, 0xFF, 0xF1, 0xEE, 0xEF, 0xFF,
    0xF3, 0xF0, 0xF0, 0xFF, 0xF4, 0xF1, 0xF2, 0xFF, 0xF6, 0xF2, 0xF3, 0xFF, 0xF7, 0xF3, 0xF4, 0xFF,
    0xF8, 0xF5, 0xF5, 0xFF, 0xF9, 0xF6, 0xF6, 0xFF, 0xFB, 0xF7, 0xF8, 0xFF, 0xFC, 0xF8, 0xF8, 0xFF,
    0xFC, 0xF9, 0xFA, 0xFF, 0xFD, 0xFA, 0xFA, 0xFF, 0xFE, 0xFB, 0xFB, 0xFF, 0xFF, 0xFB, 0xFC, 0xFF,
    0xFF, 0xFC, 0xFD, 0xFF, 0xFF, 0xFD, 0xFE, 0xFF, 0xFF, 0xFE, 0xFF, 0xFF, 0xFE, 0xFD, 0xFD, 0xFF,
    0xF9, 0xF7, 0xF8, 0xFF, 0xF2, 0xF0, 0xF0, 0xFF, 0xEF, 0xEC, 0xED, 0xFF, 0xF1, 0xEE, 0xEE, 0xFF,
    0xF3, 0xEF, 0xF0, 0xFF, 0xF4, 0xF0, 0xF1, 0xFF, 0xF5, 0xF1, 0xF2, 0xFF, 0xF6, 0xF1, 0xF2, 0xFF,
    0xF7, 0xF2, 0xF3, 0xFF, 0xF8, 0xF2, 0xF3, 0xFF, 0xFA, 0xF4, 0xF5, 0xFF, 0xFA, 0xF5, 0xF6, 0xFF,
    0xFC, 0xF5, 0xF6, 0xFF, 0xFC, 0xF6, 0xF7, 0xFD, 0xFF, 0xFE, 0xFF, 0xFF, 0xFF, 0xF9, 0xF9, 0xE2,
    0xFF, 0xE5, 0xE5, 0x0A, 0x00, 0x00, 0x00, 0x00, 0xFF, 0xFF, 0xFF, 0x01, 0x00, 0x00, 0x00, 0x00,
    0x00, 0x00, 0x00, 0x00, 0xFF, 0xFF, 0xFF, 0x01, 0x00, 0x00, 0x00, 0x00, 0xFF, 0xFF, 0xFF, 0x07,
    0xF1, 0xEB, 0xEC, 0xDE, 0xFB, 0xF6, 0xF7, 0xFF, 0xF6, 0xF1, 0xF2, 0xFD, 0xF8, 0xF4, 0xF5, 0xFF,
    0xFA, 0xF5, 0xF6, 0xFF, 0xFB, 0xF6, 0xF7, 0xFF, 0xFC, 0xF7, 0xF8, 0xFF, 0xFC, 0xF8, 0xF9, 0xFF,
    0xFC, 0xF9, 0xFA, 0xFF, 0xFD, 0xF9, 0xFA, 0xFF, 0xFD, 0xFA, 0xFB, 0xFF, 0xFD, 0xFA, 0xFB, 0xFF,
    0xFD, 0xFA, 0xFB, 0xFF, 0xFE, 0xFB, 0xFB, 0xFF, 0xFE, 0xFB, 0xFC, 0xFF, 0xFD, 0xFB, 0xFB, 0xFF,
    0xFE, 0xFD, 0xFD, 0xFF, 0xFD, 0xFC, 0xFC, 0xFF, 0xF1, 0xF0, 0xF0, 0xFF, 0xE9, 0xE8, 0xE8, 0xFF,
    0xEC, 0xEA, 0xEB, 0xFF, 0xEF, 0xED, 0xED, 0xFF, 0xF1, 0xEE, 0xEF, 0xFF, 0xF3, 0xEF, 0xF0, 0xFF,
    0xF5, 0xF1, 0xF1, 0xFF, 0xF6, 0xF2, 0xF3, 0xFF, 0xF8, 0xF3, 0xF4, 0xFF, 0xF9, 0xF4, 0xF5, 0xFF,
    0xFA, 0xF5, 0xF6, 0xFF, 0xFB, 0xF6, 0xF7, 0xFF, 0xFC, 0xF7, 0xF8, 0xFF, 0xFC, 0xF8, 0xF9, 0xFF,
    0xFE, 0xF9, 0xFA, 0xFF, 0xFF, 0xFA, 0xFB, 0xFF, 0xFF, 0xFB, 0xFB, 0xFF, 0xFF, 0xFC, 0xFD, 0xFF,
    0xFF, 0xFC, 0xFD, 0xFF, 0xFF, 0xFE, 0xFE, 0xFF, 0xFF, 0xFE, 0xFF, 0xFF, 0xFF, 0xFF, 0xFF, 0xFF,
    0xFF, 0xFF, 0xFF, 0xFF, 0xFF, 0xFE, 0xFF, 0xFF, 0xF8, 0xF7, 0xF7, 0xFF, 0xF1, 0xEE, 0xEF, 0xFF,
    0xF0, 0xED, 0xEE, 0xFF, 0xF2, 0xF0, 0xF0, 0xFF, 0xF4, 0xF0, 0xF1, 0xFF, 0xF5, 0xF0, 0xF1, 0xFF,
    0xF6, 0xF1, 0xF2, 0xFF, 0xF8, 0xF2, 0xF3, 0xFF, 0xF8, 0xF3, 0xF4, 0xFF, 0xFA, 0xF4, 0xF5, 0xFF,
    0xFB, 0xF5, 0xF6, 0xFF, 0xFC, 0xF5, 0xF6, 0xFD, 0xFF, 0xFD, 0xFE, 0xFF, 0xFC, 0xF7, 0xF8, 0xE3,
    0xFF, 0xE5, 0xE5, 0x0A, 0x00, 0x00, 0x00, 0x00, 0xFF, 0xFF, 0xFF, 0x01, 0x00, 0x00, 0x00, 0x00,
    0x00, 0x00, 0x00, 0x00, 0xFF, 0xFF, 0xFF, 0x01, 0x00, 0x00, 0x00, 0x00, 0xFF, 0xFF, 0xFF, 0x07,
    0xF0, 0xEA, 0xEB, 0xDE, 0xFB, 0xF4, 0xF5, 0xFF, 0xF5, 0xF0, 0xF1, 0xFD, 0xF7, 0xF2, 0xF3, 0xFF,
    0xF8, 0xF4, 0xF5, 0xFF, 0xFA, 0xF5, 0xF6, 0xFF, 0xFA, 0xF6, 0xF7, 0xFF, 0xFA, 0xF7, 0xF7, 0xFF,
    0xFB, 0xF7, 0xF8, 0xFF, 0xFB, 0xF8, 0xF8, 0xFF, 0xFB, 0xF8, 0xF8, 0xFF, 0xFA, 0xF8, 0xF8, 0xFF,
    0xFA, 0xF8, 0xF8, 0xFF, 0xF9, 0xF7, 0xF8, 0xFF, 0xF8, 0xF6, 0xF7, 0xFF, 0xF9, 0xF7, 0xF8, 0xFF,
    0xF5, 0xF4, 0xF4, 0xFF, 0xEA, 0xE9, 0xE9, 0xFF, 0xE8, 0xE6, 0xE7, 0xFF, 0xED, 0xEA, 0xEB, 0xFF,
    0xEF, 0xEC, 0xED, 0xFF, 0xF1, 0xEE, 0xEE, 0xFF, 0xF3, 0xEF, 0xF0, 0xFF, 0xF5, 0xF0, 0xF1, 0xFF,
    0xF6, 0xF1, 0xF2, 0xFF, 0xF7, 0xF2, 0xF3, 0xFF, 0xF8, 0xF3, 0xF4, 0xFF, 0xFA, 0xF4, 0xF5, 0xFF,
    0xFB, 0xF5, 0xF6, 0xFF, 0xFC, 0xF6, 0xF7, 0xFF, 0xFC, 0xF7, 0xF8, 0xFF, 0xFD, 0xF8, 0xF9, 0xFF,
    0xFE, 0xF9, 0xFA, 0xFF, 0xFF, 0xFA, 0xFB, 0xFF, 0xFF, 0xFB, 0xFB, 0xFF, 0xFF, 0xFC, 0xFD, 0xFF,
    0xFF, 0xFC, 0xFD, 0xFF, 0xFF, 0xFE, 0xFE, 0xFF, 0xFF, 0xFE, 0xFF, 0xFF, 0xFF, 0xFF, 0xFF, 0xFF,
    0xFF, 0xFF, 0xFF, 0xFF, 0xFF, 0xFF, 0xFF, 0xFF, 0xFF, 0xFF, 0xFF, 0xFF, 0xFD, 0xFD, 0xFD, 0xFF,
    0xF4, 0xF2, 0xF2, 0xFF, 0xF0, 0xED, 0xED, 0xFF, 0xF3, 0xEF, 0xF0, 0xFF, 0xF4, 0xF0, 0xF0, 0xFF,
    0xF5, 0xF0, 0xF1, 0xFF, 0xF6, 0xF1, 0xF2, 0xFF, 0xF8, 0xF2, 0xF3, 0xFF, 0xFA, 0xF3, 0xF4, 0xFF,
    0xFA, 0xF4, 0xF5, 0xFF, 0xFB, 0xF4, 0xF6, 0xFD, 0xFF, 0xFD, 0xFE, 0xFF, 0xFC, 0xF7, 0xF8, 0xE3,
    0xFF, 0xFF, 0xE5, 0x0A, 0x00, 0x00, 0x00, 0x00, 0xFF, 0xFF, 0xFF, 0x01, 0x00, 0x00, 0x00, 0x00,
    0x00, 0x00, 0x00, 0x00, 0xFF, 0xFF, 0xFF, 0x01, 0x00, 0x00, 0x00, 0x00, 0xFF, 0xFF, 0xFF, 0x07,
    0xEE, 0xEA, 0xEB, 0xDE, 0xF9, 0xF4, 0xF5, 0xFF, 0xF4, 0xEF, 0xF0, 0xFD, 0xF6, 0xF1, 0xF2, 0xFF,
    0xF7, 0xF3, 0xF3, 0xFF, 0xF8, 0xF4, 0xF5, 0xFF, 0xF8, 0xF5, 0xF5, 0xFF, 0xF9, 0xF5, 0xF6, 0xFF,
    0xF9, 0xF6, 0xF6, 0xFF, 0xF9, 0xF6, 0xF6, 0xFF, 0xF8, 0xF5, 0xF6, 0xFF, 0xF7, 0xF4, 0xF5, 0xFF,
    0xF6, 0xF3, 0xF4, 0xFF, 0xF4, 0xF2, 0xF2, 0xFF, 0xF3, 0xF2, 0xF2, 0xFF, 0xEF, 0xED, 0xEE, 0xFF,
    0xE7, 0xE6, 0xE6, 0xFF, 0xE9, 0xE7, 0xE7, 0xFF, 0xED, 0xEA, 0xEB, 0xFF, 0xEF, 0xEC, 0xEC, 0xFF,
    0xF1, 0xED, 0xED, 0xFF, 0xF3, 0xEE, 0xEF, 0xFF, 0xF4, 0xEF, 0xF0, 0xFF, 0xF5, 0xF1, 0xF1, 0xFF,
    0xF7, 0xF1, 0xF3, 0xFF, 0xF8, 0xF2, 0xF3, 0xFF, 0xF9, 0xF3, 0xF5, 0xFF, 0xFA, 0xF4, 0xF5, 0xFF,
    0xFB, 0xF5, 0xF6, 0xFF, 0xFC, 0xF6, 0xF7, 0xFF, 0xFD, 0xF7, 0xF8, 0xFF, 0xFE, 0xF8, 0xF9, 0xFF,
    0xFE, 0xF8, 0xFA, 0xFF, 0xFF, 0xF9, 0xFA, 0xFF, 0xFF, 0xFA, 0xFB, 0xFF, 0xFF, 0xFB, 0xFC, 0xFF,
    0xFF, 0xFC, 0xFD, 0xFF, 0xFF, 0xFD, 0xFE, 0xFF, 0xFF, 0xFE, 0xFF, 0xFF, 0xFF, 0xFF, 0xFF, 0xFF,
    0xFF, 0xFF, 0xFF, 0xFF, 0xFF, 0xFF, 0xFF, 0xFF, 0xFF, 0xFF, 0xFF, 0xFF, 0xFF, 0xFF, 0xFF, 0xFF,
    0xFF, 0xFF, 0xFF, 0xFF, 0xF7, 0xF5, 0xF5, 0xFF, 0xF0, 0xED, 0xED, 0xFF, 0xF3, 0xEF, 0xF0, 0xFF,
    0xF4, 0xEF, 0xF0, 0xFF, 0xF6, 0xF0, 0xF1, 0xFF, 0xF7, 0xF2, 0xF2, 0xFF, 0xF8, 0xF2, 0xF3, 0xFF,
    0xFA, 0xF4, 0xF5, 0xFF, 0xFA, 0xF4, 0xF5, 0xFD, 0xFF, 0xFC, 0xFD, 0xFF, 0xFB, 0xF6, 0xF7, 0xE3,
    0xFF, 0xE5, 0xE5, 0x0A, 0x00, 0x00, 0x00, 0x00, 0xFF, 0xFF, 0xFF, 0x01, 0x00, 0x00, 0x00, 0x00,
    0x00, 0x00, 0x00, 0x00, 0xFF, 0xFF, 0xFF, 0x01, 0x00, 0x00, 0x00, 0x00, 0xFF, 0xFF, 0xFF, 0x07,
    0xEE, 0xE9, 0xEA, 0xDE, 0xF8, 0xF3, 0xF4, 0xFF, 0xF3, 0xEE, 0xEF, 0xFD, 0xF5, 0xF0, 0xF1, 0xFF,
    0xF6, 0xF2, 0xF2, 0xFF, 0xF7, 0xF3, 0xF3, 0xFF, 0xF7, 0xF3, 0xF4, 0xFF, 0xF7, 0xF4, 0xF4, 0xFF,
    0xF7, 0xF3, 0xF4, 0xFF, 0xF6, 0xF3, 0xF3, 0xFF, 0xF5, 0xF2, 0xF2, 0xFF, 0xF3, 0xF1, 0xF1, 0xFF,
    0xF0, 0xEE, 0xEF, 0xFF, 0xEE, 0xED, 0xED, 0xFF, 0xEA, 0xE9, 0xE9, 0xFF, 0xE6, 0xE5, 0xE5, 0xFF,
    0xE9, 0xE7, 0xE8, 0xFF, 0xEC, 0xE9, 0xEA, 0xFF, 0xED, 0xEB, 0xEB, 0xFF, 0xF0, 0xEC, 0xED, 0xFF,
    0xF1, 0xED, 0xEE, 0xFF, 0xF3, 0xEE, 0xEF, 0xFF, 0xF4, 0xEF, 0xF0, 0xFF, 0xF6, 0xF1, 0xF2, 0xFF,
    0xF7, 0xF1, 0xF2, 0xFF, 0xF8, 0xF2, 0xF4, 0xFF, 0xF9, 0xF3, 0xF4, 0xFF, 0xFA, 0xF4, 0xF5, 0xFF,
    0xFB, 0xF5, 0xF6, 0xFF, 0xFC, 0xF6, 0xF7, 0xFF, 0xFD, 0xF7, 0xF8, 0xFF, 0xFE, 0xF7, 0xF8, 0xFF,
    0xFF, 0xF8, 0xF9, 0xFF, 0xFF, 0xF9, 0xFA, 0xFF, 0xFF, 0xFA, 0xFB, 0xFF, 0xFF, 0xFB, 0xFC, 0xFF,
    0xFF, 0xFB, 0xFD, 0xFF, 0xFF, 0xFD, 0xFD, 0xFF, 0xFF, 0xFD, 0xFF, 0xFF, 0xFF, 0xFF, 0xFF, 0xFF,
    0xFF, 0xFF, 0xFF, 0xFF, 0xFF, 0xFF, 0xFF, 0xFF, 0xFF, 0xFF, 0xFF, 0xFF, 0xFF, 0xFF, 0xFF, 0xFF,
    0xFF, 0xFF, 0xFF, 0xFF, 0xFF, 0xFF, 0xFF, 0xFF, 0xF8, 0xF7, 0xF7, 0xFF, 0xF0, 0xED, 0xED, 0xFF,
    0xF3, 0xEF, 0xF0, 0xFF, 0xF4, 0xF0, 0xF0, 0xFF, 0xF6, 0xF1, 0xF2, 0xFF, 0xF8, 0xF2, 0xF3, 0xFF,
    0xF9, 0xF2, 0xF4, 0xFF, 0xFA, 0xF3, 0xF4, 0xFD, 0xFF, 0xFB, 0xFD, 0xFF, 0xFB, 0xF6, 0xF7, 0xE3,
    0xFF, 0xE5, 0xFF, 0x0A, 0x00, 0x00, 0x00, 0x00, 0xFF, 0xFF, 0xFF, 0x01, 0x00, 0x00, 0x00, 0x00,
    0x00, 0x00, 0x00, 0x00, 0xFF, 0xFF, 0xFF, 0x01, 0x00, 0x00, 0x00, 0x00, 0xFF, 0xDA, 0xFF, 0x07,
    0xED, 0xE8, 0xE9, 0xDE, 0xF8, 0xF2, 0xF3, 0xFF, 0xF2, 0xED, 0xEE, 0xFD, 0xF4, 0xEF, 0xF0, 0xFF,
    0xF4, 0xF0, 0xF1, 0xFF, 0xF4, 0xF0, 0xF1, 0xFF, 0xF4, 0xF1, 0xF2, 0xFF, 0xF4, 0xF1, 0xF2, 0xFF,
    0xF3, 0xF1, 0xF1, 0xFF, 0xF2, 0xEF, 0xF0, 0xFF, 0xEF, 0xEC, 0xED, 0xFF, 0xEC, 0xEA, 0xEA, 0xFF,
    0xE9, 0xE8, 0xE8, 0xFF, 0xE7, 0xE5, 0xE6, 0xFF, 0xE5, 0xE4, 0xE5, 0xFF, 0xE8, 0xE7, 0xE7, 0xFF,
    0xEB, 0xE8, 0xE9, 0xFF, 0xED, 0xEA, 0xEA, 0xFF, 0xEE, 0xEB, 0xEC, 0xFF, 0xF0, 0xEC, 0xED, 0xFF,
    0xF2, 0xED, 0xEE, 0xFF, 0xF3, 0xEE, 0xEF, 0xFF, 0xF4, 0xEF, 0xF0, 0xFF, 0xF6, 0xF1, 0xF1, 0xFF,
    0xF7, 0xF1, 0xF2, 0xFF, 0xF8, 0xF2, 0xF3, 0xFF, 0xF9, 0xF3, 0xF4, 0xFF, 0xFA, 0xF4, 0xF5, 0xFF,
    0xFB, 0xF5, 0xF6, 0xFF, 0xFC, 0xF5, 0xF7, 0xFF, 0xFD, 0xF6, 0xF7, 0xFF, 0xFD, 0xF7, 0xF8, 0xFF,
    0xFE, 0xF8, 0xF9, 0xFF, 0xFF, 0xF8, 0xFA, 0xFF, 0xFF, 0xF9, 0xFB, 0xFF, 0xFF, 0xFA, 0xFB, 0xFF,
    0xFF, 0xFB, 0xFC, 0xFF, 0xFF, 0xFC, 0xFD, 0xFF, 0xFF, 0xFD, 0xFE, 0xFF, 0xFF, 0xFE, 0xFF, 0xFF,
    0xFF, 0xFF, 0xFF, 0xFF, 0xFF, 0xFF, 0xFF, 0xFF, 0xFF, 0xFF, 0xFF, 0xFF, 0xFF, 0xFF, 0xFF, 0xFF,
    0xFF, 0xFF, 0xFF, 0xFF, 0xFF, 0xFF, 0xFF, 0xFF, 0xFF, 0xFF, 0xFF, 0xFF, 0xF7, 0xF6, 0xF6, 0xFF,
    0xF1, 0xED, 0xED, 0xFF, 0xF4, 0xEF, 0xF0, 0xFF, 0xF5, 0xF0, 0xF1, 0xFF, 0xF6, 0xF1, 0xF2, 0xFF,
    0xF8, 0xF2, 0xF3, 0xFF, 0xF9, 0xF2, 0xF3, 0xFD, 0xFF, 0xFB, 0xFC, 0xFF, 0xFB, 0xF4, 0xF6, 0xE3,
    0xFF, 0xE5, 0xE5, 0x0A, 0x00, 0x00, 0x00, 0x00, 0xFF, 0xFF, 0xFF, 0x01, 0x00, 0x00, 0x00, 0x00,
    0x00, 0x00, 0x00, 0x00, 0xFF, 0xFF, 0xFF, 0x01, 0x00, 0x00, 0x00, 0x00, 0xFF, 0xFF, 0xFF, 0x07,
    0xEC, 0xE6, 0xE8, 0xDE, 0xF5, 0xF0, 0xF1, 0xFF, 0xEF, 0xEB, 0xEC, 0xFD, 0xF1, 0xEE, 0xEF, 0xFF,
    0xF2, 0xF0, 0xF1, 0xFF, 0xF4, 0xF2, 0xF2, 0xFF, 0xF5, 0xF3, 0xF4, 0xFF, 0xF6, 0xF5, 0xF5, 0xFF,
    0xF7, 0xF5, 0xF5, 0xFF, 0xF6, 0xF5, 0xF5, 0xFF, 0xF5, 0xF3, 0xF3, 0xFF, 0xF1, 0xEF, 0xF0, 0xFF,
    0xEA, 0xE9, 0xE9, 0xFF, 0xE5, 0xE4, 0xE4, 0xFF, 0xE5, 0xE4, 0xE4, 0xFF, 0xE8, 0xE6, 0xE6, 0xFF,
    0xEB, 0xE9, 0xE9, 0xFF, 0xED, 0xEA, 0xEB, 0xFF, 0xEF, 0xEB, 0xEC, 0xFF, 0xF0, 0xEC, 0xED, 0xFF,
    0xF2, 0xED, 0xEE, 0xFF, 0xF3, 0xEE, 0xEF, 0xFF, 0xF4, 0xEF, 0xF0, 0xFF, 0xF6, 0xF0, 0xF1, 0xFF,
    0xF7, 0xF1, 0xF2, 0xFF, 0xF8, 0xF2, 0xF3, 0xFF, 0xF9, 0xF3, 0xF4, 0xFF, 0xFA, 0xF4, 0xF5, 0xFF,
    0xFB, 0xF4, 0xF5, 0xFF, 0xFC, 0xF5, 0xF6, 0xFF, 0xFD, 0xF6, 0xF7, 0xFF, 0xFD, 0xF6, 0xF8, 0xFF,
    0xFE, 0xF7, 0xF8, 0xFF, 0xFF, 0xF8, 0xF9, 0xFF, 0xFF, 0xF9, 0xFA, 0xFF, 0xFF, 0xF9, 0xFB, 0xFF,
    0xFF, 0xFA, 0xFC, 0xFF, 0xFF, 0xFB, 0xFD, 0xFF, 0xFF, 0xFC, 0xFD, 0xFF, 0xFF, 0xFD, 0xFE, 0xFF,
    0xFF, 0xFE, 0xFF, 0xFF, 0xFF, 0xFF, 0xFF, 0xFF, 0xFF, 0xFF, 0xFF, 0xFF, 0xFF, 0xFF, 0xFF, 0xFF,
    0xFF, 0xFF, 0xFF, 0xFF, 0xFF, 0xFF, 0xFF, 0xFF, 0xFF, 0xFF, 0xFF, 0xFF, 0xFF, 0xFF, 0xFF, 0xFF,
    0xF6, 0xF4, 0xF4, 0xFF, 0xF2, 0xED, 0xEE, 0xFF, 0xF5, 0xF0, 0xF0, 0xFF, 0xF6, 0xF0, 0xF1, 0xFF,
    0xF7, 0xF1, 0xF2, 0xFF, 0xF8, 0xF2, 0xF3, 0xFD, 0xFF, 0xFA, 0xFB, 0xFF, 0xFB, 0xF4, 0xF6, 0xE3,
    0xFF, 0xE5, 0xE5, 0x0A, 0x00, 0x00, 0x00, 0x00, 0xFF, 0xFF, 0xFF, 0x01, 0x00, 0x00, 0x00, 0x00,
    0x00, 0x00, 0x00, 0x00, 0xFF, 0xFF, 0xFF, 0x01, 0x00, 0x00, 0x00, 0x00, 0xFF, 0xFF, 0xFF, 0x07,
    0xEB, 0xE9, 0xE9, 0xDE, 0xF6, 0xF3, 0xF4, 0xFF, 0xF2, 0xEF, 0xF0, 0xFD, 0xF5, 0xF3, 0xF3, 0xFF,
    0xF8, 0xF5, 0xF5, 0xFF, 0xF9, 0xF6, 0xF7, 0xFF, 0xFB, 0xF8, 0xF8, 0xFF, 0xFC, 0xF9, 0xF9, 0xFF,
    0xFD, 0xFA, 0xFA, 0xFF, 0xFE, 0xFB, 0xFC, 0xFF, 0xFF, 0xFC, 0xFD, 0xFF, 0xFF, 0xFD, 0xFD, 0xFF,
    0xFE, 0xFD, 0xFD, 0xFF, 0xFB, 0xF9, 0xFA, 0xFF, 0xF5, 0xF3, 0xF4, 0xFF, 0xEE, 0xEC, 0xED, 0xFF,
    0xEA, 0xE8, 0xE8, 0xFF, 0xEB, 0xE9, 0xE9, 0xFF, 0xEE, 0xEB, 0xEC, 0xFF, 0xF0, 0xEC, 0xED, 0xFF,
    0xF1, 0xED, 0xEE, 0xFF, 0xF3, 0xEE, 0xEF, 0xFF, 0xF4, 0xEF, 0xF0, 0xFF, 0xF5, 0xF0, 0xF1, 0xFF,
    0xF6, 0xF1, 0xF2, 0xFF, 0xF8, 0xF1, 0xF3, 0xFF, 0xF9, 0xF2, 0xF4, 0xFF, 0xFA, 0xF3, 0xF4, 0xFF,
    0xFB, 0xF4, 0xF5, 0xFF, 0xFB, 0xF4, 0xF6, 0xFF, 0xFC, 0xF5, 0xF7, 0xFF, 0xFD, 0xF6, 0xF7, 0xFF,
    0xFE, 0xF7, 0xF8, 0xFF, 0xFE, 0xF7, 0xF9, 0xFF, 0xFF, 0xF8, 0xF9, 0xFF, 0xFF, 0xF9, 0xFA, 0xFF,
    0xFF, 0xFA, 0xFB, 0xFF, 0xFF, 0xFB, 0xFC, 0xFF, 0xFF, 0xFB, 0xFC, 0xFF, 0xFF, 0xFC, 0xFD, 0xFF,
    0xFF, 0xFD, 0xFE, 0xFF, 0xFF, 0xFE, 0xFF, 0xFF, 0xFF, 0xFF, 0xFF, 0xFF, 0xFF, 0xFF, 0xFF, 0xFF,
    0xFF, 0xFF, 0xFF, 0xFF, 0xFF, 0xFF, 0xFF, 0xFF, 0xFF, 0xFF, 0xFF, 0xFF, 0xFF, 0xFF, 0xFF, 0xFF,
    0xFE, 0xFE, 0xFE, 0xFF, 0xF3, 0xF0, 0xF1, 0xFF, 0xF3, 0xEE, 0xEF, 0xFF, 0xF5, 0xF0, 0xF1, 0xFF,
    0xF6, 0xF0, 0xF2, 0xFF, 0xF8, 0xF1, 0xF2, 0xFD, 0xFF, 0xFA, 0xFB, 0xFF, 0xFA, 0xF4, 0xF4, 0xE3,
    0xFF, 0xE5, 0xE5, 0x0A, 0x00, 0x00, 0x00, 0x00, 0xFF, 0xFF, 0xFF, 0x01, 0x00, 0x00, 0x00, 0x00,
    0x00, 0x00, 0x00, 0x00, 0xFF, 0xFF, 0xFF, 0x01, 0x00, 0x00, 0x00, 0x00, 0xFF, 0xFF, 0xFF, 0x07,
    0xF0, 0xEC, 0xEC, 0xDE, 0xFA, 0xF6, 0xF7, 0xFF, 0xF5, 0xF1, 0xF2, 0xFD, 0xF8, 0xF4, 0xF5, 0xFF,
    0xFA, 0xF5, 0xF6, 0xFF, 0xFB, 0xF7, 0xF8, 0xFF, 0xFD, 0xF8, 0xF9, 0xFF, 0xFE, 0xF9, 0xFA, 0xFF,
    0xFF, 0xFA, 0xFB, 0xFF, 0xFF, 0xFB, 0xFC, 0xFF, 0xFF, 0xFC, 0xFD, 0xFF, 0xFF, 0xFD, 0xFE, 0xFF,
    0xFF, 0xFF, 0xFF, 0xFF, 0xFF, 0xFF, 0xFF, 0xFF, 0xFF, 0xFF, 0xFF, 0xFF, 0xFF, 0xFF, 0xFF, 0xFF,
    0xFA, 0xF9, 0xF9, 0xFF, 0xF1, 0xF0, 0xEF, 0xFF, 0xED, 0xEA, 0xEA, 0xFF, 0xEE, 0xEB, 0xEC, 0xFF,
    0xF1, 0xED, 0xEE, 0xFF, 0xF2, 0xEE, 0xEF, 0xFF, 0xF4, 0xEF, 0xF0, 0xFF, 0xF5, 0xF0, 0xF1, 0xFF,
    0xF6, 0xF0, 0xF1, 0xFF, 0xF8, 0xF1, 0xF2, 0xFF, 0xF8, 0xF2, 0xF3, 0xFF, 0xFA, 0xF3, 0xF4, 0xFF,
    0xFA, 0xF4, 0xF5, 0xFF, 0xFB, 0xF4, 0xF5, 0xFF, 0xFC, 0xF5, 0xF6, 0xFF, 0xFD, 0xF5, 0xF7, 0xFF,
    0xFD, 0xF6, 0xF7, 0xFF, 0xFE, 0xF7, 0xF8, 0xFF, 0xFF, 0xF8, 0xF9, 0xFF, 0xFF, 0xF8, 0xFA, 0xFF,
    0xFF, 0xF9, 0xFA, 0xFF, 0xFF, 0xFA, 0xFB, 0xFF, 0xFF, 0xFB, 0xFC, 0xFF, 0xFF, 0xFB, 0xFD, 0xFF,
    0xFF, 0xFD, 0xFD, 0xFF, 0xFF, 0xFD, 0xFF, 0xFF, 0xFF, 0xFF, 0xFF, 0xFF, 0xFF, 0xFF, 0xFF, 0xFF,
    0xFF, 0xFF, 0xFF, 0xFF, 0xFF, 0xFF, 0xFF, 0xFF, 0xFF, 0xFF, 0xFF, 0xFF, 0xFF, 0xFF, 0xFF, 0xFF,
    0xFF, 0xFF, 0xFF, 0xFF, 0xFC, 0xFB, 0xFB, 0xFF, 0xF2, 0xED, 0xEE, 0xFF, 0xF5, 0xEF, 0xF0, 0xFF,
    0xF6, 0xF0, 0xF1, 0xFF, 0xF7, 0xF1, 0xF2, 0xFD, 0xFF, 0xF9, 0xFA, 0xFF, 0xFA, 0xF3, 0xF4, 0xE3,
    0xFF, 0xE5, 0xE5, 0x0A, 0x00, 0x00, 0x00, 0x00, 0xFF, 0xFF, 0xFF, 0x01, 0x00, 0x00, 0x00, 0x00,
    0x00, 0x00, 0x00, 0x00, 0xFF, 0xFF, 0xFF, 0x01, 0x00, 0x00, 0x00, 0x00, 0xFF, 0xFF, 0xFF, 0x07,
    0xF1, 0xEC, 0xED, 0xDE, 0xFB, 0xF6, 0xF7, 0xFF, 0xF7, 0xF1, 0xF2, 0xFD, 0xFA, 0xF4, 0xF5, 0xFF,
    0xFB, 0xF6, 0xF7, 0xFF, 0xFC, 0xF7, 0xF8, 0xFF, 0xFE, 0xF8, 0xF9, 0xFF, 0xFF, 0xF9, 0xFA, 0xFF,
    0xFF, 0xFA, 0xFB, 0xFF, 0xFF, 0xFB, 0xFC, 0xFF, 0xFF, 0xFC, 0xFD, 0xFF, 0xFF, 0xFD, 0xFF, 0xFF,
    0xFF, 0xFF, 0xFF, 0xFF, 0xFF, 0xFF, 0xFF, 0xFF, 0xFF, 0xFF, 0xFF, 0xFF, 0xFF, 0xFF, 0xFF, 0xFF,
    0xFF, 0xFF, 0xFF, 0xFF, 0xFF, 0xFF, 0xFF, 0xFF, 0xF9, 0xF8, 0xF8, 0xFF, 0xF0, 0xEE, 0xEE, 0xFF,
    0xEE, 0xEB, 0xEC, 0xFF, 0xF1, 0xEE, 0xEE, 0xFF, 0xF3, 0xEE, 0xEF, 0xFF, 0xF4, 0xEF, 0xF0, 0xFF,
    0xF6, 0xF0, 0xF1, 0xFF, 0xF7, 0xF1, 0xF2, 0xFF, 0xF8, 0xF2, 0xF3, 0xFF, 0xF9, 0xF2, 0xF4, 0xFF,
    0xFA, 0xF3, 0xF4, 0xFF, 0xFB, 0xF4, 0xF5, 0xFF, 0xFC, 0xF4, 0xF5, 0xFF, 0xFC, 0xF5, 0xF6, 0xFF,
    0xFD, 0xF5, 0xF7, 0xFF, 0xFE, 0xF6, 0xF8, 0xFF, 0xFE, 0xF7, 0xF8, 0xFF, 0xFF, 0xF8, 0xF9, 0xFF,
    0xFF, 0xF9, 0xFA, 0xFF, 0xFF, 0xF9, 0xFA, 0xFF, 0xFF, 0xFA, 0xFB, 0xFF, 0xFF, 0xFB, 0xFC, 0xFF,
    0xFF, 0xFC, 0xFD, 0xFF, 0xFF, 0xFC, 0xFE, 0xFF, 0xFF, 0xFE, 0xFF, 0xFF, 0xFF, 0xFF, 0xFF, 0xFF,
    0xFF, 0xFF, 0xFF, 0xFF, 0xFF, 0xFF, 0xFF, 0xFF, 0xFF, 0xFF, 0xFF, 0xFF, 0xFF, 0xFF, 0xFF, 0xFF,
    0xFF, 0xFF, 0xFF, 0xFF, 0xFF, 0xFF, 0xFF, 0xFF, 0xF7, 0xF4, 0xF4, 0xFF, 0xF3, 0xED, 0xEE, 0xFF,
    0xF6, 0xF0, 0xF1, 0xFF, 0xF7, 0xF0, 0xF1, 0xFD, 0xFF, 0xF8, 0xFA, 0xFF, 0xFA, 0xF3, 0xF4, 0xE3,
    0xFF, 0xE5, 0xE5, 0x0A, 0x00, 0x00, 0x00, 0x00, 0xFF, 0xFF, 0xFF, 0x01, 0x00, 0x00, 0x00, 0x00,
    0x00, 0x00, 0x00, 0x00, 0xFF, 0xFF, 0xFF, 0x01, 0x00, 0x00, 0x00, 0x00, 0xFF, 0xFF, 0xFF, 0x07,
    0xF2, 0xEC, 0xED, 0xDE, 0xFD, 0xF6, 0xF8, 0xFF, 0xF8, 0xF1, 0xF3, 0xFD, 0xFB, 0xF4, 0xF5, 0xFF,
    0xFC, 0xF6, 0xF7, 0xFF, 0xFD, 0xF7, 0xF8, 0xFF, 0xFF, 0xF8, 0xF9, 0xFF, 0xFF, 0xF9, 0xFA, 0xFF,
    0xFF, 0xFA, 0xFB, 0xFF, 0xFF, 0xFB, 0xFC, 0xFF, 0xFF, 0xFC, 0xFD, 0xFF, 0xFF, 0xFD, 0xFE, 0xFF,
    0xFF, 0xFE, 0xFF, 0xFF, 0xFF, 0xFF, 0xFF, 0xFF, 0xFF, 0xFF, 0xFF, 0xFF, 0xFF, 0xFF, 0xFF, 0xFF,
    0xFF, 0xFF, 0xFF, 0xFF, 0xFF, 0xFF, 0xFF, 0xFF, 0xFF, 0xFF, 0xFF, 0xFF, 0xFE, 0xFE, 0xFE, 0xFF,
    0xF5, 0xF3, 0xF3, 0xFF, 0xEF, 0xEB, 0xEC, 0xFF, 0xF2, 0xEE, 0xEF, 0xFF, 0xF4, 0xEF, 0xF0, 0xFF,
    0xF5, 0xEF, 0xF1, 0xFF, 0xF6, 0xF1, 0xF2, 0xFF, 0xF8, 0xF1, 0xF3, 0xFF, 0xF9, 0xF2, 0xF3, 0xFF,
    0xFA, 0xF3, 0xF4, 0xFF, 0xFB, 0xF3, 0xF5, 0xFF, 0xFB, 0xF4, 0xF5, 0xFF, 0xFB, 0xF4, 0xF5, 0xFF,
    0xFC, 0xF5, 0xF6, 0xFF, 0xFD, 0xF5, 0xF7, 0xFF, 0xFD, 0xF7, 0xF8, 0xFF, 0xFF, 0xF7, 0xF8, 0xFF,
    0xFF, 0xF8, 0xF9, 0xFF, 0xFF, 0xF9, 0xFA, 0xFF, 0xFF, 0xF9, 0xFB, 0xFF, 0xFF, 0xFA, 0xFB, 0xFF,
    0xFF, 0xFB, 0xFC, 0xFF, 0xFF, 0xFC, 0xFD, 0xFF, 0xFF, 0xFD, 0xFE, 0xFF, 0xFF, 0xFE, 0xFF, 0xFF,
    0xFF, 0xFF, 0xFF, 0xFF, 0xFF, 0xFF, 0xFF, 0xFF, 0xFF, 0xFF, 0xFF, 0xFF, 0xFF, 0xFF, 0xFF, 0xFF,
    0xFF, 0xFF, 0xFF, 0xFF, 0xFF, 0xFF, 0xFF, 0xFF, 0xFD, 0xFC, 0xFD, 0xFF, 0xF4, 0xEE, 0xEF, 0xFF,
    0xF5, 0xEF, 0xF0, 0xFF, 0xF6, 0xF0, 0xF1, 0xFD, 0xFF, 0xF8, 0xF9, 0xFF, 0xF9, 0xF2, 0xF4, 0xE3,
    0xFF, 0xE5, 0xE5, 0x0A, 0x00, 0x00, 0x00, 0x00, 0xFF, 0xFF, 0xFF, 0x01, 0x00, 0x00, 0x00, 0x00,
    0x00, 0x00, 0x00, 0x00, 0xFF, 0xFF, 0xFF, 0x01, 0x00, 0x00, 0x00, 0x00, 0xFF, 0xFF, 0xFF, 0x07,
    0xF2, 0xEC, 0xED, 0xDE, 0xFE, 0xF6, 0xF8, 0xFF, 0xF9, 0xF2, 0xF3, 0xFD, 0xFB, 0xF4, 0xF5, 0xFF,
    0xFD, 0xF5, 0xF7, 0xFF, 0xFE, 0xF6, 0xF8, 0xFF, 0xFF, 0xF7, 0xF9, 0xFF, 0xFF, 0xF8, 0xFA, 0xFF,
    0xFF, 0xF9, 0xFB, 0xFF, 0xFF, 0xFB, 0xFC, 0xFF, 0xFF, 0xFB, 0xFD, 0xFF, 0xFF, 0xFD, 0xFE, 0xFF,
    0xFF, 0xFD, 0xFF, 0xFF, 0xFF, 0xFF, 0xFF, 0xFF, 0xFF, 0xFF, 0xFF, 0xFF, 0xFF, 0xFF, 0xFF, 0xFF,
    0xFF, 0xFF, 0xFF, 0xFF, 0xFF, 0xFF, 0xFF, 0xFF, 0xFF, 0xFF, 0xFF, 0xFF, 0xFF, 0xFF, 0xFF, 0xFF,
    0xFF, 0xFF, 0xFF, 0xFF, 0xF8, 0xF6, 0xF7, 0xFF, 0xF0, 0xEC, 0xED, 0xFF, 0xF3, 0xEE, 0xEF, 0xFF,
    0xF4, 0xEF, 0xF0, 0xFF, 0xF5, 0xF0, 0xF1, 0xFF, 0xF7, 0xF1, 0xF2, 0xFF, 0xF8, 0xF2, 0xF3, 0xFF,
    0xF9, 0xF3, 0xF4, 0xFF, 0xFA, 0xF3, 0xF4, 0xFF, 0xFA, 0xF3, 0xF5, 0xFF, 0xFB, 0xF3, 0xF5, 0xFF,
    0xFB, 0xF4, 0xF5, 0xFF, 0xFC, 0xF5, 0xF6, 0xFF, 0xFD, 0xF6, 0xF7, 0xFF, 0xFE, 0xF7, 0xF8, 0xFF,
    0xFF, 0xF7, 0xF9, 0xFF, 0xFF, 0xF8, 0xF9, 0xFF, 0xFF, 0xF9, 0xFA, 0xFF, 0xFF, 0xFA, 0xFA, 0xFF,
    0xFF, 0xFA, 0xFB, 0xFF, 0xFF, 0xFB, 0xFD, 0xFF, 0xFF, 0xFC, 0xFD, 0xFF, 0xFF, 0xFD, 0xFE, 0xFF,
    0xFF, 0xFF, 0xFF, 0xFF, 0xFF, 0xFF, 0xFF, 0xFF, 0xFF, 0xFF, 0xFF, 0xFF, 0xFF, 0xFF, 0xFF, 0xFF,
    0xFF, 0xFF, 0xFF, 0xFF, 0xFF, 0xFF, 0xFF, 0xFF, 0xFF, 0xFF, 0xFF, 0xFF, 0xF7, 0xF4, 0xF4, 0xFF,
    0xF4, 0xED, 0xEE, 0xFF, 0xF6, 0xF0, 0xF1, 0xFD, 0xFF, 0xF7, 0xF9, 0xFF, 0xF9, 0xF2, 0xF3, 0xE3,
    0xFF, 0xE5, 0xE5, 0x0A, 0x00, 0x00, 0x00, 0x00, 0xFF, 0xFF, 0xFF, 0x01, 0x00, 0x00, 0x00, 0x00,
    0x00, 0x00, 0x00, 0x00, 0xFF, 0xFF, 0xFF, 0x01, 0x00, 0x00, 0x00, 0x00, 0xFF, 0xFF, 0xFF, 0x07,
    0xF3, 0xEB, 0xED, 0xDE, 0xFE, 0xF6, 0xF8, 0xFF, 0xF9, 0xF1, 0xF2, 0xFD, 0xFC, 0xF3, 0xF5, 0xFF,
    0xFD, 0xF5, 0xF6, 0xFF, 0xFF, 0xF6, 0xF8, 0xFF, 0xFF, 0xF7, 0xF9, 0xFF, 0xFF, 0xF8, 0xF9, 0xFF,
    0xFF, 0xF9, 0xFA, 0xFF, 0xFF, 0xFA, 0xFC, 0xFF, 0xFF, 0xFB, 0xFD, 0xFF, 0xFF, 0xFC, 0xFD, 0xFF,
    0xFF, 0xFD, 0xFF, 0xFF, 0xFF, 0xFE, 0xFF, 0xFF, 0xFF, 0xFF, 0xFF, 0xFF, 0xFF, 0xFF, 0xFF, 0xFF,
    0xFF, 0xFF, 0xFF, 0xFF, 0xFF, 0xFF, 0xFF, 0xFF, 0xFF, 0xFF, 0xFF, 0xFF, 0xFF, 0xFF, 0xFF, 0xFF,
    0xFF, 0xFF, 0xFF, 0xFF, 0xFF, 0xFF, 0xFF, 0xFF, 0xF9, 0xF8, 0xF8, 0xFF, 0xF1, 0xED, 0xED, 0xFF,
    0xF3, 0xEF, 0xEF, 0xFF, 0xF4, 0xEF, 0xF0, 0xFF, 0xF6, 0xF1, 0xF1, 0xFF, 0xF7, 0xF1, 0xF2, 0xFF,
    0xF8, 0xF2, 0xF3, 0xFF, 0xF9, 0xF2, 0xF4, 0xFF, 0xFA, 0xF2, 0xF4, 0xFF, 0xFA, 0xF3, 0xF4, 0xFF,
    0xFB, 0xF3, 0xF4, 0xFF, 0xFB, 0xF4, 0xF5, 0xFF, 0xFC, 0xF5, 0xF6, 0xFF, 0xFD, 0xF6, 0xF7, 0xFF,
    0xFD, 0xF7, 0xF8, 0xFF, 0xFE, 0xF7, 0xF8, 0xFF, 0xFF, 0xF8, 0xF9, 0xFF, 0xFF, 0xF8, 0xFA, 0xFF,
    0xFF, 0xF9, 0xFB, 0xFF, 0xFF, 0xFA, 0xFC, 0xFF, 0xFF, 0xFB, 0xFD, 0xFF, 0xFF, 0xFC, 0xFD, 0xFF,
    0xFF, 0xFD, 0xFF, 0xFF, 0xFF, 0xFF, 0xFF, 0xFF, 0xFF, 0xFF, 0xFF, 0xFF, 0xFF, 0xFF, 0xFF, 0xFF,
    0xFF, 0xFF, 0xFF, 0xFF, 0xFF, 0xFF, 0xFF, 0xFF, 0xFF, 0xFF, 0xFF, 0xFF, 0xFC, 0xFB, 0xFB, 0xFF,
    0xF4, 0xED, 0xEE, 0xFF, 0xF5, 0xEE, 0xF0, 0xFD, 0xFF, 0xF7, 0xF8, 0xFF, 0xF9, 0xF2, 0xF3, 0xE3,
    0xFF, 0xE5, 0xE5, 0x0A, 0x00, 0x00, 0x00, 0x00, 0xFF, 0xFF, 0xFF, 0x01, 0x00, 0x00, 0x00, 0x00,
    0x00, 0x00, 0x00, 0x00, 0xFF, 0xFF, 0xFF, 0x01, 0x00, 0x00, 0x00, 0x00, 0xFF, 0xFF, 0xFF, 0x07,
    0xF4, 0xEB, 0xED, 0xDE, 0xFF, 0xF6, 0xF7, 0xFF, 0xFA, 0xF1, 0xF2, 0xFD, 0xFC, 0xF3, 0xF5, 0xFF,
    0xFE, 0xF4, 0xF6, 0xFF, 0xFF, 0xF5, 0xF7, 0xFF, 0xFF, 0xF7, 0xF8, 0xFF, 0xFF, 0xF8, 0xF9, 0xFF,
    0xFF, 0xF8, 0xFA, 0xFF, 0xFF, 0xFA, 0xFB, 0xFF, 0xFF, 0xFA, 0xFC, 0xFF, 0xFF, 0xFB, 0xFD, 0xFF,
    0xFF, 0xFC, 0xFE, 0xFF, 0xFF, 0xFD, 0xFF, 0xFF, 0xFF, 0xFE, 0xFF, 0xFF, 0xFF, 0xFF, 0xFF, 0xFF,
    0xFF, 0xFF, 0xFF, 0xFF, 0xFF, 0xFF, 0xFF, 0xFF, 0xFF, 0xFF, 0xFF, 0xFF, 0xFF, 0xFF, 0xFF, 0xFF,
    0xFF, 0xFF, 0xFF, 0xFF, 0xFF, 0xFF, 0xFF, 0xFF, 0xFF, 0xFF, 0xFF, 0xFF, 0xF9, 0xF8, 0xF8, 0xFF,
    0xF1, 0xED, 0xEE, 0xFF, 0xF4, 0xEF, 0xF0, 0xFF, 0xF5, 0xF0, 0xF1, 0xFF, 0xF7, 0xF0, 0xF2, 0xFF,
    0xF7, 0xF1, 0xF2, 0xFF, 0xF8, 0xF2, 0xF3, 0xFF, 0xF9, 0xF2, 0xF3, 0xFF, 0xF9, 0xF2, 0xF4, 0xFF,
    0xFA, 0xF3, 0xF4, 0xFF, 0xFA, 0xF3, 0xF4, 0xFF, 0xFC, 0xF4, 0xF5, 0xFF, 0xFC, 0xF5, 0xF6, 0xFF,
    0xFD, 0xF6, 0xF7, 0xFF, 0xFD, 0xF6, 0xF8, 0xFF, 0xFE, 0xF7, 0xF9, 0xFF, 0xFF, 0xF8, 0xF9, 0xFF,
    0xFF, 0xF9, 0xFA, 0xFF, 0xFF, 0xF9, 0xFB, 0xFF, 0xFF, 0xFB, 0xFB, 0xFF, 0xFF, 0xFB, 0xFC, 0xFF,
    0xFF, 0xFD, 0xFE, 0xFF, 0xFF, 0xFE, 0xFF, 0xFF, 0xFF, 0xFF, 0xFF, 0xFF, 0xFF, 0xFF, 0xFF, 0xFF,
    0xFF, 0xFF, 0xFF, 0xFF, 0xFF, 0xFF, 0xFF, 0xFF, 0xFF, 0xFF, 0xFF, 0xFF, 0xFF, 0xFF, 0xFF, 0xFF,
    0xF6, 0xF0, 0xF1, 0xFF, 0xF5, 0xED, 0xEF, 0xFD, 0xFF, 0xF7, 0xF8, 0xFF, 0xF9, 0xF1, 0xF2, 0xE3,
    0xFF, 0xE5, 0xE5, 0x0A, 0x00, 0x00, 0x00, 0x00, 0xFF, 0xFF, 0xFF, 0x01, 0x00, 0x00, 0x00, 0x00,
    0x00, 0x00, 0x00, 0x00, 0xFF, 0xFF, 0xFF, 0x01, 0x00, 0x00, 0x00, 0x00, 0xFF, 0xFF, 0xFF, 0x07,
    0xF3, 0xEA, 0xEB, 0xDF, 0xFF, 0xF5, 0xF7, 0xFF, 0xFA, 0xF1, 0xF2, 0xFD, 0xFC, 0xF3, 0xF4, 0xFF,
    0xFE, 0xF4, 0xF6, 0xFF, 0xFF, 0xF5, 0xF7, 0xFF, 0xFF, 0xF6, 0xF8, 0xFF, 0xFF, 0xF7, 0xF9, 0xFF,
    0xFF, 0xF8, 0xFA, 0xFF, 0xFF, 0xF9, 0xFA, 0xFF, 0xFF, 0xFA, 0xFC, 0xFF, 0xFF, 0xFA, 0xFD, 0xFF,
    0xFF, 0xFC, 0xFD, 0xFF, 0xFF, 0xFC, 0xFE, 0xFF, 0xFF, 0xFD, 0xFF, 0xFF, 0xFF, 0xFF, 0xFF, 0xFF,
    0xFF, 0xFF, 0xFF, 0xFF, 0xFF, 0xFF, 0xFF, 0xFF, 0xFF, 0xFF, 0xFF, 0xFF, 0xFF, 0xFF, 0xFF, 0xFF,
    0xFF, 0xFF, 0xFF, 0xFF, 0xFF, 0xFF, 0xFF, 0xFF, 0xFF, 0xFF, 0xFF, 0xFF, 0xFF, 0xFF, 0xFF, 0xFF,
    0xF7, 0xF5, 0xF5, 0xFF, 0xF1, 0xED, 0xEE, 0xFF, 0xF4, 0xEF, 0xF0, 0xFF, 0xF5, 0xF0, 0xF1, 0xFF,
    0xF7, 0xF1, 0xF2, 0xFF, 0xF8, 0xF1, 0xF2, 0xFF, 0xF8, 0xF1, 0xF2, 0xFF, 0xF8, 0xF1, 0xF3, 0xFF,
    0xF9, 0xF2, 0xF3, 0xFF, 0xFA, 0xF2, 0xF4, 0xFF, 0xFB, 0xF3, 0xF5, 0xFF, 0xFB, 0xF4, 0xF5, 0xFF,
    0xFC, 0xF5, 0xF6, 0xFF, 0xFC, 0xF5, 0xF7, 0xFF, 0xFD, 0xF6, 0xF7, 0xFF, 0xFE, 0xF7, 0xF9, 0xFF,
    0xFF, 0xF8, 0xF9, 0xFF, 0xFF, 0xF9, 0xFA, 0xFF, 0xFF, 0xFA, 0xFB, 0xFF, 0xFF, 0xFB, 0xFC, 0xFF,
    0xFF, 0xFC, 0xFD, 0xFF, 0xFF, 0xFD, 0xFE, 0xFF, 0xFF, 0xFE, 0xFF, 0xFF, 0xFF, 0xFF, 0xFF, 0xFF,
    0xFF, 0xFF, 0xFF, 0xFF, 0xFF, 0xFF, 0xFF, 0xFF, 0xFF, 0xFF, 0xFF, 0xFF, 0xFF, 0xFF, 0xFF, 0xFF,
    0xF9, 0xF5, 0xF5, 0xFF, 0xF4, 0xEC, 0xEE, 0xFD, 0xFE, 0xF6, 0xF8, 0xFF, 0xF9, 0xF1, 0xF2, 0xE3,
    0xFF, 0xE5, 0xE5, 0x0A, 0x00, 0x00, 0x00, 0x00, 0xFF, 0xFF, 0xFF, 0x01, 0x00, 0x00, 0x00, 0x00,
    0x00, 0x00, 0x00, 0x00, 0xFF, 0xFF, 0xFF, 0x01, 0x00, 0x00, 0x00, 0x00, 0xFF, 0xFF, 0xFF, 0x07,
    0xF3, 0xEA, 0xEB, 0xDF, 0xFF, 0xF5, 0xF7, 0xFF, 0xFA, 0xF0, 0xF2, 0xFD, 0xFD, 0xF2, 0xF4, 0xFF,
    0xFE, 0xF3, 0xF6, 0xFF, 0xFF, 0xF5, 0xF7, 0xFF, 0xFF, 0xF6, 0xF8, 0xFF, 0xFF, 0xF6, 0xF8, 0xFF,
    0xFF, 0xF7, 0xF9, 0xFF, 0xFF, 0xF8, 0xFA, 0xFF, 0xFF, 0xF9, 0xFB, 0xFF, 0xFF, 0xFA, 0xFC, 0xFF,
    0xFF, 0xFB, 0xFD, 0xFF, 0xFF, 0xFC, 0xFE, 0xFF, 0xFF, 0xFD, 0xFF, 0xFF, 0xFF, 0xFE, 0xFF, 0xFF,
    0xFF, 0xFF, 0xFF, 0xFF, 0xFF, 0xFF, 0xFF, 0xFF, 0xFF, 0xFF, 0xFF, 0xFF, 0xFF, 0xFF, 0xFF, 0xFF,
    0xFF, 0xFF, 0xFF, 0xFF, 0xFF, 0xFF, 0xFF, 0xFF, 0xFF, 0xFF, 0xFF, 0xFF, 0xFF, 0xFF, 0xFF, 0xFF,
    0xFF, 0xFF, 0xFE, 0xFF, 0xF4, 0xF1, 0xF2, 0xFF, 0xF2, 0xEE, 0xEF, 0xFF, 0xF5, 0xF0, 0xF1, 0xFF,
    0xF6, 0xF0, 0xF1, 0xFF, 0xF7, 0xF0, 0xF2, 0xFF, 0xF7, 0xF1, 0xF2, 0xFF, 0xF8, 0xF1, 0xF2, 0xFF,
    0xF8, 0xF1, 0xF2, 0xFF, 0xF9, 0xF2, 0xF3, 0xFF, 0xFA, 0xF3, 0xF4, 0xFF, 0xFB, 0xF3, 0xF5, 0xFF,
    0xFB, 0xF4, 0xF5, 0xFF, 0xFC, 0xF4, 0xF6, 0xFF, 0xFD, 0xF6, 0xF6, 0xFF, 0xFD, 0xF6, 0xF8, 0xFF,
    0xFE, 0xF7, 0xF9, 0xFF, 0xFF, 0xF8, 0xF9, 0xFF, 0xFF, 0xF9, 0xFA, 0xFF, 0xFF, 0xFA, 0xFB, 0xFF,
    0xFF, 0xFB, 0xFC, 0xFF, 0xFF, 0xFC, 0xFD, 0xFF, 0xFF, 0xFD, 0xFE, 0xFF, 0xFF, 0xFF, 0xFF, 0xFF,
    0xFF, 0xFF, 0xFF, 0xFF, 0xFF, 0xFF, 0xFF, 0xFF, 0xFF, 0xFF, 0xFF, 0xFF, 0xFF, 0xFF, 0xFF, 0xFF,
    0xFC, 0xF9, 0xF9, 0xFF, 0xF5, 0xEC, 0xEE, 0xFD, 0xFE, 0xF6, 0xF7, 0xFF, 0xF9, 0xF1, 0xF2, 0xE3,
    0xFF, 0xE5, 0xE5, 0x0A, 0x00, 0x00, 0x00, 0x00, 0xFF, 0xFF, 0xFF, 0x01, 0x00, 0x00, 0x00, 0x00,
    0x00, 0x00, 0x00, 0x00, 0xFF, 0xFF, 0xFF, 0x01, 0x00, 0x00, 0x00, 0x00, 0xFF, 0xFF, 0xFF, 0x07,
    0xF4, 0xEA, 0xEB, 0xDF, 0xFF, 0xF5, 0xF7, 0xFF, 0xFB, 0xF0, 0xF2, 0xFD, 0xFD, 0xF2, 0xF4, 0xFF,
    0xFF, 0xF3, 0xF5, 0xFF, 0xFF, 0xF4, 0xF6, 0xFF, 0xFF, 0xF5, 0xF7, 0xFF, 0xFF, 0xF6, 0xF8, 0xFF,
    0xFF, 0xF6, 0xF9, 0xFF, 0xFF, 0xF8, 0xFA, 0xFF, 0xFF, 0xF9, 0xFA, 0xFF, 0xFF, 0xF9, 0xFB, 0xFF,
    0xFF, 0xFA, 0xFC, 0xFF, 0xFF, 0xFB, 0xFD, 0xFF, 0xFF, 0xFC, 0xFE, 0xFF, 0xFF, 0xFD, 0xFF, 0xFF,
    0xFF, 0xFE, 0xFF, 0xFF, 0xFF, 0xFF, 0xFF, 0xFF, 0xFF, 0xFF, 0xFF, 0xFF, 0xFF, 0xFF, 0xFF, 0xFF,
    0xFF, 0xFF, 0xFF, 0xFF, 0xFF, 0xFF, 0xFF, 0xFF, 0xFF, 0xFF, 0xFF, 0xFF, 0xFF, 0xFF, 0xFF, 0xFF,
    0xFF, 0xFF, 0xFF, 0xFF, 0xFC, 0xFC, 0xFB, 0xFF, 0xF2, 0xEE, 0xEE, 0xFF, 0xF3, 0xEF, 0xF0, 0xFF,
    0xF5, 0xF0, 0xF0, 0xFF, 0xF6, 0xF0, 0xF1, 0xFF, 0xF6, 0xF0, 0xF1, 0xFF, 0xF7, 0xF0, 0xF2, 0xFF,
    0xF8, 0xF1, 0xF2, 0xFF, 0xF8, 0xF1, 0xF3, 0xFF, 0xF9, 0xF1, 0xF3, 0xFF, 0xF9, 0xF2, 0xF3, 0xFF,
    0xFA, 0xF3, 0xF4, 0xFF, 0xFB, 0xF4, 0xF5, 0xFF, 0xFB, 0xF4, 0xF6, 0xFF, 0xFC, 0xF5, 0xF7, 0xFF,
    0xFD, 0xF6, 0xF7, 0xFF, 0xFE, 0xF7, 0xF8, 0xFF, 0xFE, 0xF8, 0xF9, 0xFF, 0xFF, 0xF9, 0xFA, 0xFF,
    0xFF, 0xFA, 0xFB, 0xFF, 0xFF, 0xFB, 0xFC, 0xFF, 0xFF, 0xFC, 0xFD, 0xFF, 0xFF, 0xFD, 0xFF, 0xFF,
    0xFF, 0xFF, 0xFF, 0xFF, 0xFF, 0xFF, 0xFF, 0xFF, 0xFF, 0xFF, 0xFF, 0xFF, 0xFF, 0xFF, 0xFF, 0xFF,
    0xFD, 0xFC, 0xFC, 0xFF, 0xF6, 0xED, 0xEF, 0xFD, 0xFE, 0xF5, 0xF7, 0xFF, 0xF9, 0xF0, 0xF2, 0xE3,
    0xFF, 0xE5, 0xE5, 0x0A, 0x00, 0x00, 0x00, 0x00, 0xFF, 0xFF, 0xFF, 0x01, 0x00, 0x00, 0x00, 0x00,
    0x00, 0x00, 0x00, 0x00, 0xFF, 0xFF, 0xFF, 0x01, 0x00, 0x00, 0x00, 0x00, 0xFF, 0xFF, 0xFF, 0x07,
    0xF4, 0xE9, 0xEB, 0xDF, 0xFF, 0xF4, 0xF6, 0xFF, 0xFB, 0xEF, 0xF1, 0xFD, 0xFD, 0xF1, 0xF4, 0xFF,
    0xFF, 0xF3, 0xF5, 0xFF, 0xFF, 0xF4, 0xF6, 0xFF, 0xFF, 0xF5, 0xF7, 0xFF, 0xFF, 0xF5, 0xF8, 0xFF,
    0xFF, 0xF6, 0xF8, 0xFF, 0xFF, 0xF7, 0xF9, 0xFF, 0xFF, 0xF8, 0xFA, 0xFF, 0xFF, 0xF9, 0xFB, 0xFF,
    0xFF, 0xF9, 0xFC, 0xFF, 0xFF, 0xFB, 0xFD, 0xFF, 0xFF, 0xFB, 0xFD, 0xFF, 0xFF, 0xFC, 0xFE, 0xFF,
    0xFF, 0xFD, 0xFF, 0xFF, 0xFF, 0xFE, 0xFF, 0xFF, 0xFF, 0xFF, 0xFF, 0xFF, 0xFF, 0xFF, 0xFF, 0xFF,
    0xFF, 0xFF, 0xFF, 0xFF, 0xFF, 0xFF, 0xFF, 0xFF, 0xFF, 0xFF, 0xFF, 0xFF, 0xFF, 0xFF, 0xFF, 0xFF,
    0xFF, 0xFF, 0xFF, 0xFF, 0xFF, 0xFF, 0xFF, 0xFF, 0xF7, 0xF5, 0xF5, 0xFF, 0xF1, 0xED, 0xEE, 0xFF,
    0xF4, 0xEF, 0xF0, 0xFF, 0xF5, 0xEF, 0xF1, 0xFF, 0xF6, 0xF0, 0xF1, 0xFF, 0xF6, 0xF0, 0xF1, 0xFF,
    0xF7, 0xF0, 0xF1, 0xFF, 0xF8, 0xF1, 0xF2, 0xFF, 0xF8, 0xF1, 0xF2, 0xFF, 0xF8, 0xF1, 0xF3, 0xFF,
    0xF9, 0xF2, 0xF3, 0xFF, 0xFA, 0xF3, 0xF4, 0xFF, 0xFA, 0xF3, 0xF4, 0xFF, 0xFB, 0xF4, 0xF5, 0xFF,
    0xFC, 0xF5, 0xF6, 0xFF, 0xFC, 0xF6, 0xF7, 0xFF, 0xFD, 0xF7, 0xF8, 0xFF, 0xFE, 0xF8, 0xF9, 0xFF,
    0xFF, 0xF9, 0xFA, 0xFF, 0xFF, 0xFA, 0xFB, 0xFF, 0xFF, 0xFB, 0xFC, 0xFF, 0xFF, 0xFC, 0xFD, 0xFF,
    0xFF, 0xFE, 0xFF, 0xFF, 0xFF, 0xFF, 0xFF, 0xFF, 0xFF, 0xFF, 0xFF, 0xFF, 0xFF, 0xFF, 0xFF, 0xFF,
    0xFF, 0xFE, 0xFE, 0xFF, 0xF7, 0xEE, 0xF0, 0xFD, 0xFE, 0xF5, 0xF6, 0xFF, 0xF9, 0xF0, 0xF2, 0xE3,
    0xFF, 0xE5, 0xE5, 0x0A, 0x00, 0x00, 0x00, 0x00, 0xFF, 0xFF, 0xFF, 0x01, 0x00, 0x00, 0x00, 0x00,
    0x00, 0x00, 0x00, 0x00, 0xFF, 0xFF, 0xFF, 0x01, 0x00, 0x00, 0x00, 0x00, 0xFF, 0xFF, 0xFF, 0x07,
    0xF4, 0xE9, 0xEB, 0xDF, 0xFF, 0xF4, 0xF6, 0xFF, 0xFB, 0xEE, 0xF1, 0xFD, 0xFD, 0xF1, 0xF3, 0xFF,
    0xFF, 0xF2, 0xF5, 0xFF, 0xFF, 0xF3, 0xF6, 0xFF, 0xFF, 0xF4, 0xF6, 0xFF, 0xFF, 0xF5, 0xF7, 0xFF,
    0xFF, 0xF5, 0xF8, 0xFF, 0xFF, 0xF6, 0xF9, 0xFF, 0xFF, 0xF7, 0xF9, 0xFF, 0xFF, 0xF8, 0xFA, 0xFF,
    0xFF, 0xF9, 0xFB, 0xFF, 0xFF, 0xFA, 0xFB, 0xFF, 0xFF, 0xFA, 0xFC, 0xFF, 0xFF, 0xFC, 0xFD, 0xFF,
    0xFF, 0xFD, 0xFE, 0xFF, 0xFF, 0xFD, 0xFF, 0xFF, 0xFF, 0xFF, 0xFF, 0xFF, 0xFF, 0xFF, 0xFF, 0xFF,
    0xFF, 0xFF, 0xFF, 0xFF, 0xFF, 0xFF, 0xFF, 0xFF, 0xFF, 0xFF, 0xFF, 0xFF, 0xFF, 0xFF, 0xFF, 0xFF,
    0xFF, 0xFF, 0xFF, 0xFF, 0xFF, 0xFF, 0xFF, 0xFF, 0xFE, 0xFD, 0xFD, 0xFF, 0xF2, 0xEE, 0xEF, 0xFF,
    0xF3, 0xEE, 0xEF, 0xFF, 0xF4, 0xEF, 0xF0, 0xFF, 0xF5, 0xEF, 0xF0, 0xFF, 0xF6, 0xEF, 0xF0, 0xFF,
    0xF6, 0xF0, 0xF1, 0xFF, 0xF6, 0xF0, 0xF1, 0xFF, 0xF7, 0xF0, 0xF2, 0xFF, 0xF8, 0xF0, 0xF2, 0xFF,
    0xF8, 0xF1, 0xF2, 0xFF, 0xF8, 0xF2, 0xF3, 0xFF, 0xF9, 0xF2, 0xF4, 0xFF, 0xFA, 0xF3, 0xF4, 0xFF,
    0xFB, 0xF4, 0xF5, 0xFF, 0xFB, 0xF5, 0xF7, 0xFF, 0xFC, 0xF6, 0xF7, 0xFF, 0xFC, 0xF7, 0xF8, 0xFF,
    0xFD, 0xF8, 0xF9, 0xFF, 0xFE, 0xF9, 0xFA, 0xFF, 0xFF, 0xFA, 0xFB, 0xFF, 0xFF, 0xFB, 0xFC, 0xFF,
    0xFF, 0xFD, 0xFE, 0xFF, 0xFF, 0xFF, 0xFF, 0xFF, 0xFF, 0xFF, 0xFF, 0xFF, 0xFF, 0xFF, 0xFF, 0xFF,
    0xFF, 0xFF, 0xFF, 0xFF, 0xF8, 0xF0, 0xF1, 0xFD, 0xFF, 0xF4, 0xF6, 0xFF, 0xF9, 0xF0, 0xF2, 0xE3,
    0xFF, 0xE5, 0xE5, 0x0A, 0x00, 0x00, 0x00, 0x00, 0xFF, 0xFF, 0xFF, 0x01, 0x00, 0x00, 0x00, 0x00,
    0x00, 0x00, 0x00, 0x00, 0xFF, 0xFF, 0xFF, 0x01, 0x00, 0x00, 0x00, 0x00, 0xFF, 0xFF, 0xFF, 0x07,
    0xF4, 0xE8, 0xEB, 0xDF, 0xFF, 0xF3, 0xF6, 0xFF, 0xFB, 0xEE, 0xF1, 0xFD, 0xFE, 0xF0, 0xF3, 0xFF,
    0xFF, 0xF2, 0xF4, 0xFF, 0xFF, 0xF3, 0xF5, 0xFF, 0xFF, 0xF3, 0xF6, 0xFF, 0xFF, 0xF4, 0xF6, 0xFF,
    0xFF, 0xF5, 0xF7, 0xFF, 0xFF, 0xF6, 0xF7, 0xFF, 0xFF, 0xF6, 0xF8, 0xFF, 0xFF, 0xF7, 0xFA, 0xFF,
    0xFF, 0xF8, 0xFA, 0xFF, 0xFF, 0xF9, 0xFB, 0xFF, 0xFF, 0xF9, 0xFC, 0xFF, 0xFF, 0xFA, 0xFC, 0xFF,
    0xFF, 0xFB, 0xFD, 0xFF, 0xFF, 0xFD, 0xFE, 0xFF, 0xFF, 0xFD, 0xFF, 0xFF, 0xFF, 0xFF, 0xFF, 0xFF,
    0xFF, 0xFF, 0xFF, 0xFF, 0xFF, 0xFF, 0xFF, 0xFF, 0xFF, 0xFF, 0xFF, 0xFF, 0xFF, 0xFF, 0xFF, 0xFF,
    0xFF, 0xFF, 0xFF, 0xFF, 0xFF, 0xFF, 0xFF, 0xFF, 0xFF, 0xFF, 0xFF, 0xFF, 0xF6, 0xF4, 0xF4, 0xFF,
    0xF1, 0xEC, 0xED, 0xFF, 0xF3, 0xEE, 0xEF, 0xFF, 0xF4, 0xEE, 0xEF, 0xFF, 0xF5, 0xEE, 0xF0, 0xFF,
    0xF5, 0xEF, 0xF0, 0xFF, 0xF6, 0xEF, 0xF1, 0xFF, 0xF6, 0xEF, 0xF1, 0xFF, 0xF7, 0xF0, 0xF1, 0xFF,
    0xF7, 0xF0, 0xF1, 0xFF, 0xF8, 0xF1, 0xF2, 0xFF, 0xF8, 0xF2, 0xF3, 0xFF, 0xF9, 0xF3, 0xF4, 0xFF,
    0xFA, 0xF3, 0xF5, 0xFF, 0xFA, 0xF4, 0xF5, 0xFF, 0xFB, 0xF5, 0xF6, 0xFF, 0xFB, 0xF6, 0xF7, 0xFF,
    0xFC, 0xF7, 0xF8, 0xFF, 0xFD, 0xF8, 0xF9, 0xFF, 0xFE, 0xF9, 0xFA, 0xFF, 0xFF, 0xFA, 0xFB, 0xFF,
    0xFF, 0xFC, 0xFD, 0xFF, 0xFF, 0xFD, 0xFE, 0xFF, 0xFF, 0xFF, 0xFF, 0xFF, 0xFF, 0xFF, 0xFF, 0xFF,
    0xFF, 0xFF, 0xFF, 0xFF, 0xF8, 0xF0, 0xF1, 0xFD, 0xFE, 0xF3, 0xF6, 0xFF, 0xF9, 0xF0, 0xF1, 0xE3,
    0xFF, 0xE5, 0xE5, 0x0A, 0x00, 0x00, 0x00, 0x00, 0xFF, 0xFF, 0xFF, 0x01, 0x00, 0x00, 0x00, 0x00,
    0x00, 0x00, 0x00, 0x00, 0xFF, 0xFF, 0xFF, 0x01, 0x00, 0x00, 0x00, 0x00, 0xFF, 0xFF, 0xFF, 0x07,
    0xF4, 0xE8, 0xEA, 0xDF, 0xFF, 0xF3, 0xF5, 0xFF, 0xFB, 0xED, 0xF0, 0xFD, 0xFE, 0xF0, 0xF2, 0xFF,
    0xFF, 0xF1, 0xF4, 0xFF, 0xFF, 0xF2, 0xF5, 0xFF, 0xFF, 0xF3, 0xF5, 0xFF, 0xFF, 0xF3, 0xF6, 0xFF,
    0xFF, 0xF4, 0xF6, 0xFF, 0xFF, 0xF5, 0xF7, 0xFF, 0xFF, 0xF5, 0xF8, 0xFF, 0xFF, 0xF6, 0xF9, 0xFF,
    0xFF, 0xF7, 0xF9, 0xFF, 0xFF, 0xF8, 0xFA, 0xFF, 0xFF, 0xF9, 0xFA, 0xFF, 0xFF, 0xFA, 0xFB, 0xFF,
    0xFF, 0xFB, 0xFC, 0xFF, 0xFF, 0xFB, 0xFD, 0xFF, 0xFF, 0xFC, 0xFE, 0xFF, 0xFF, 0xFE, 0xFF, 0xFF,
    0xFF, 0xFF, 0xFF, 0xFF, 0xFF, 0xFF, 0xFF, 0xFF, 0xFF, 0xFF, 0xFF, 0xFF, 0xFF, 0xFF, 0xFF, 0xFF,
    0xFF, 0xFF, 0xFF, 0xFF, 0xFF, 0xFF, 0xFF, 0xFF, 0xFF, 0xFF, 0xFF, 0xFF, 0xFC, 0xFA, 0xFB, 0xFF,
    0xF1, 0xEC, 0xED, 0xFF, 0xF2, 0xED, 0xEE, 0xFF, 0xF3, 0xEE, 0xEF, 0xFF, 0xF4, 0xEE, 0xEF, 0xFF,
    0xF5, 0xEE, 0xEF, 0xFF, 0xF5, 0xEF, 0xF0, 0xFF, 0xF6, 0xEF, 0xF0, 0xFF, 0xF6, 0xEF, 0xF1, 0xFF,
    0xF6, 0xF0, 0xF1, 0xFF, 0xF7, 0xF0, 0xF1, 0xFF, 0xF8, 0xF1, 0xF2, 0xFF, 0xF8, 0xF1, 0xF3, 0xFF,
    0xF9, 0xF2, 0xF4, 0xFF, 0xF9, 0xF3, 0xF4, 0xFF, 0xF9, 0xF4, 0xF5, 0xFF, 0xFA, 0xF4, 0xF5, 0xFF,
    0xFB, 0xF5, 0xF6, 0xFF, 0xFB, 0xF7, 0xF8, 0xFF, 0xFC, 0xF7, 0xF8, 0xFF, 0xFE, 0xF9, 0xFA, 0xFF,
    0xFF, 0xFC, 0xFD, 0xFF, 0xFF, 0xFD, 0xFD, 0xFF, 0xFB, 0xF9, 0xFA, 0xFF, 0xF6, 0xF5, 0xF5, 0xFF,
    0xF4, 0xF1, 0xF2, 0xFF, 0xF3, 0xEF, 0xEF, 0xFD, 0xFB, 0xF7, 0xF8, 0xFF, 0xF6, 0xF2, 0xF3, 0xE3,
    0xFF, 0xE5, 0xE5, 0x0A, 0x00, 0x00, 0x00, 0x00, 0xFF, 0xFF, 0xFF, 0x01, 0x00, 0x00, 0x00, 0x00,
    0x00, 0x00, 0x00, 0x00, 0xFF, 0xFF, 0xFF, 0x01, 0x00, 0x00, 0x00, 0x00, 0xFF, 0xFF, 0xFF, 0x07,
    0xF4, 0xE8, 0xEA, 0xDF, 0xFF, 0xF2, 0xF5, 0xFF, 0xFB, 0xED, 0xF0, 0xFD, 0xFE, 0xEF, 0xF2, 0xFF,
    0xFF, 0xF0, 0xF3, 0xFF, 0xFF, 0xF1, 0xF4, 0xFF, 0xFF, 0xF2, 0xF5, 0xFF, 0xFF, 0xF3, 0xF5, 0xFF,
    0xFF, 0xF3, 0xF5, 0xFF, 0xFF, 0xF3, 0xF6, 0xFF, 0xFF, 0xF5, 0xF7, 0xFF, 0xFF, 0xF5, 0xF8, 0xFF,
    0xFF, 0xF6, 0xF8, 0xFF, 0xFF, 0xF7, 0xF9, 0xFF, 0xFF, 0xF8, 0xF9, 0xFF, 0xFF, 0xF8, 0xFA, 0xFF,
    0xFF, 0xFA, 0xFB, 0xFF, 0xFF, 0xFB, 0xFC, 0xFF, 0xFF, 0xFB, 0xFD, 0xFF, 0xFF, 0xFD, 0xFD, 0xFF,
    0xFF, 0xFD, 0xFF, 0xFF, 0xFF, 0xFE, 0xFF, 0xFF, 0xFF, 0xFF, 0xFF, 0xFF, 0xFF, 0xFF, 0xFF, 0xFF,
    0xFF, 0xFF, 0xFF, 0xFF, 0xFF, 0xFF, 0xFF, 0xFF, 0xFF, 0xFF, 0xFF, 0xFF, 0xFF, 0xFE, 0xFF, 0xFF,
    0xF2, 0xEF, 0xEF, 0xFF, 0xF1, 0xEC, 0xED, 0xFF, 0xF2, 0xED, 0xEE, 0xFF, 0xF3, 0xED, 0xEE, 0xFF,
    0xF4, 0xED, 0xEE, 0xFF, 0xF4, 0xEE, 0xEF, 0xFF, 0xF5, 0xEE, 0xEF, 0xFF, 0xF5, 0xEE, 0xF0, 0xFF,
    0xF6, 0xEF, 0xF0, 0xFF, 0xF6, 0xEF, 0xF1, 0xFF, 0xF6, 0xF0, 0xF1, 0xFF, 0xF7, 0xF1, 0xF2, 0xFF,
    0xF8, 0xF1, 0xF2, 0xFF, 0xF8, 0xF2, 0xF3, 0xFF, 0xF8, 0xF2, 0xF3, 0xFF, 0xF8, 0xF3, 0xF4, 0xFF,
    0xF9, 0xF4, 0xF5, 0xFF, 0xF9, 0xF5, 0xF6, 0xFF, 0xFC, 0xF7, 0xF8, 0xFF, 0xFC, 0xF8, 0xF9, 0xFF,
    0xF7, 0xF3, 0xF4, 0xFF, 0xF0, 0xED, 0xED, 0xFF, 0xEE, 0xEA, 0xEB, 0xFF, 0xF0, 0xEC, 0xED, 0xFF,
    0xF3, 0xEF, 0xF0, 0xFF, 0xF6, 0xF1, 0xF2, 0xFD, 0xFF, 0xFA, 0xFB, 0xFF, 0xFA, 0xF4, 0xF6, 0xE3,
    0xFF, 0xE5, 0xE5, 0x0A, 0x00, 0x00, 0x00, 0x00, 0xFF, 0xFF, 0xFF, 0x01, 0x00, 0x00, 0x00, 0x00,
    0x00, 0x00, 0x00, 0x00, 0xFF, 0xFF, 0xFF, 0x01, 0x00, 0x00, 0x00, 0x00, 0xFF, 0xFF, 0xFF, 0x07,
    0xF4, 0xE6, 0xEA, 0xDF, 0xFF, 0xF2, 0xF5, 0xFF, 0xFB, 0xED, 0xEF, 0xFD, 0xFE, 0xEE, 0xF2, 0xFF,
    0xFF, 0xEF, 0xF2, 0xFF, 0xFF, 0xF1, 0xF3, 0xFF, 0xFF, 0xF1, 0xF4, 0xFF, 0xFF, 0xF2, 0xF5, 0xFF,
    0xFF, 0xF2, 0xF5, 0xFF, 0xFF, 0xF3, 0xF5, 0xFF, 0xFF, 0xF3, 0xF6, 0xFF, 0xFF, 0xF5, 0xF7, 0xFF,
    0xFF, 0xF5, 0xF8, 0xFF, 0xFF, 0xF6, 0xF8, 0xFF, 0xFF, 0xF7, 0xF9, 0xFF, 0xFF, 0xF8, 0xF9, 0xFF,
    0xFF, 0xF9, 0xFA, 0xFF, 0xFF, 0xF9, 0xFB, 0xFF, 0xFF, 0xFA, 0xFB, 0xFF, 0xFF, 0xFB, 0xFC, 0xFF,
    0xFF, 0xFC, 0xFC, 0xFF, 0xFF, 0xFC, 0xFE, 0xFF, 0xFF, 0xFE, 0xFF, 0xFF, 0xFF, 0xFF, 0xFF, 0xFF,
    0xFF, 0xFF, 0xFF, 0xFF, 0xFF, 0xFF, 0xFF, 0xFF, 0xFF, 0xFF, 0xFF, 0xFF, 0xFF, 0xFF, 0xFF, 0xFF,
    0xF6, 0xF3, 0xF4, 0xFF, 0xEF, 0xEA, 0xEB, 0xFF, 0xF2, 0xEC, 0xED, 0xFF, 0xF3, 0xEC, 0xEE, 0xFF,
    0xF3, 0xED, 0xEE, 0xFF, 0xF3, 0xED, 0xEE, 0xFF, 0xF4, 0xED, 0xEE, 0xFF, 0xF4, 0xEE, 0xEF, 0xFF,
    0xF4, 0xEE, 0xEF, 0xFF, 0xF5, 0xEE, 0xF0, 0xFF, 0xF6, 0xEF, 0xF0, 0xFF, 0xF6, 0xEF, 0xF1, 0xFF,
    0xF6, 0xF0, 0xF1, 0xFF, 0xF6, 0xF0, 0xF1, 0xFF, 0xF6, 0xF1, 0xF2, 0xFF, 0xF7, 0xF1, 0xF2, 0xFF,
    0xF7, 0xF1, 0xF2, 0xFF, 0xF9, 0xF3, 0xF5, 0xFF, 0xF6, 0xF2, 0xF3, 0xFF, 0xED, 0xEA, 0xEB, 0xFF,
    0xEB, 0xE7, 0xE8, 0xFF, 0xEF, 0xEA, 0xEB, 0xFF, 0xF3, 0xED, 0xEE, 0xFF, 0xF5, 0xEF, 0xF0, 0xFF,
    0xF7, 0xF1, 0xF2, 0xFF, 0xF8, 0xF2, 0xF3, 0xFD, 0xFF, 0xFA, 0xFB, 0xFF, 0xFB, 0xF6, 0xF7, 0xE3,
    0xFF, 0xE5, 0xFF, 0x0A, 0x00, 0x00, 0x00, 0x00, 0xFF, 0xFF, 0xFF, 0x01, 0x00, 0x00, 0x00, 0x00,
    0x00, 0x00, 0x00, 0x00, 0xFF, 0xFF, 0xFF, 0x01, 0x00, 0x00, 0x00, 0x00, 0xFF, 0xFF, 0xFF, 0x07,
    0xF5, 0xE6, 0xEA, 0xDF, 0xFF, 0xF2, 0xF5, 0xFF, 0xFC, 0xEC, 0xEF, 0xFD, 0xFE, 0xEE, 0xF1, 0xFF,
    0xFF, 0xEF, 0xF2, 0xFF, 0xFF, 0xF0, 0xF3, 0xFF, 0xFF, 0xF1, 0xF3, 0xFF, 0xFF, 0xF1, 0xF4, 0xFF,
    0xFF, 0xF2, 0xF4, 0xFF, 0xFF, 0xF2, 0xF5, 0xFF, 0xFF, 0xF3, 0xF5, 0xFF, 0xFF, 0xF3, 0xF6, 0xFF,
    0xFF, 0xF4, 0xF6, 0xFF, 0xFF, 0xF5, 0xF7, 0xFF, 0xFE, 0xF6, 0xF7, 0xFF, 0xFF, 0xF6, 0xF8, 0xFF,
    0xFE, 0xF7, 0xF8, 0xFF, 0xFE, 0xF8, 0xF9, 0xFF, 0xFE, 0xF8, 0xFA, 0xFF, 0xFE, 0xF9, 0xFA, 0xFF,
    0xFE, 0xFA, 0xFB, 0xFF, 0xFF, 0xFC, 0xFC, 0xFF, 0xFF, 0xFD, 0xFE, 0xFF, 0xFF, 0xFF, 0xFF, 0xFF,
    0xFF, 0xFF, 0xFF, 0xFF, 0xFE, 0xFE, 0xFE, 0xFF, 0xFE, 0xFE, 0xFE, 0xFF, 0xFD, 0xFD, 0xFD, 0xFF,
    0xF8, 0xF6, 0xF7, 0xFF, 0xEF, 0xEA, 0xEB, 0xFF, 0xF1, 0xEC, 0xED, 0xFF, 0xF1, 0xEB, 0xEC, 0xFF,
    0xF2, 0xEB, 0xEC, 0xFF, 0xF2, 0xEB, 0xED, 0xFF, 0xF3, 0xEC, 0xED, 0xFF, 0xF3, 0xEC, 0xEE, 0xFF,
    0xF4, 0xED, 0xEE, 0xFF, 0xF4, 0xED, 0xEE, 0xFF, 0xF4, 0xED, 0xEE, 0xFF, 0xF4, 0xED, 0xEE, 0xFF,
    0xF4, 0xED, 0xEF, 0xFF, 0xF4, 0xED, 0xEF, 0xFF, 0xF4, 0xEE, 0xEF, 0xFF, 0xF4, 0xEE, 0xEF, 0xFF,
    0xF5, 0xEF, 0xF0, 0xFF, 0xF0, 0xEC, 0xED, 0xFF, 0xE9, 0xE6, 0xE6, 0xFF, 0xEC, 0xE7, 0xE8, 0xFF,
    0xF0, 0xEA, 0xEC, 0xFF, 0xF3, 0xEC, 0xED, 0xFF, 0xF5, 0xED, 0xEF, 0xFF, 0xF7, 0xEF, 0xF1, 0xFF,
    0xF8, 0xF1, 0xF2, 0xFF, 0xF9, 0xF2, 0xF3, 0xFD, 0xFF, 0xFA, 0xFC, 0xFF, 0xFC, 0xF6, 0xF7, 0xE3,
    0xFF, 0xE5, 0xFF, 0x0A, 0x00, 0x00, 0x00, 0x00, 0xFF, 0xFF, 0xFF, 0x01, 0x00, 0x00, 0x00, 0x00,
    0x00, 0x00, 0x00, 0x00, 0xFF, 0xFF, 0xFF, 0x01, 0x00, 0x00, 0x00, 0x00, 0xFF, 0xFF, 0xFF, 0x07,
    0xF5, 0xE6, 0xEA, 0xDF, 0xFF, 0xF1, 0xF4, 0xFF, 0xFC, 0xEC, 0xEF, 0xFD, 0xFE, 0xEE, 0xF1, 0xFF,
    0xFF, 0xEF, 0xF2, 0xFF, 0xFF, 0xEF, 0xF2, 0xFF, 0xFF, 0xF0, 0xF3, 0xFF, 0xFF, 0xF0, 0xF3, 0xFF,
    0xFF, 0xF1, 0xF4, 0xFF, 0xFF, 0xF1, 0xF4, 0xFF, 0xFF, 0xF2, 0xF4, 0xFF, 0xFE, 0xF2, 0xF5, 0xFF,
    0xFE, 0xF3, 0xF5, 0xFF, 0xFD, 0xF3, 0xF5, 0xFF, 0xFD, 0xF4, 0xF5, 0xFF, 0xFC, 0xF5, 0xF6, 0xFF,
    0xFB, 0xF5, 0xF6, 0xFF, 0xFB, 0xF6, 0xF7, 0xFF, 0xFB, 0xF6, 0xF7, 0xFF, 0xFC, 0xF7, 0xF8, 0xFF,
    0xFC, 0xF8, 0xF9, 0xFF, 0xFA, 0xF7, 0xF7, 0xFF, 0xF8, 0xF5, 0xF5, 0xFF, 0xF6, 0xF3, 0xF4, 0xFF,
    0xF5, 0xF3, 0xF3, 0xFF, 0xF5, 0xF2, 0xF3, 0xFF, 0xF5, 0xF3, 0xF3, 0xFF, 0xF6, 0xF4, 0xF5, 0xFF,
    0xF7, 0xF4, 0xF5, 0xFF, 0xF7, 0xF5, 0xF5, 0xFF, 0xF7, 0xF4, 0xF5, 0xFF, 0xF7, 0xF4, 0xF4, 0xFF,
    0xF6, 0xF2, 0xF3, 0xFF, 0xF4, 0xEF, 0xF0, 0xFF, 0xF3, 0xEC, 0xEE, 0xFF, 0xF1, 0xEA, 0xEC, 0xFF,
    0xF1, 0xEA, 0xEB, 0xFF, 0xF2, 0xEB, 0xEC, 0xFF, 0xF2, 0xEB, 0xEC, 0xFF, 0xF2, 0xEB, 0xEC, 0xFF,
    0xF2, 0xEB, 0xEC, 0xFF, 0xF1, 0xEA, 0xEB, 0xFF, 0xF1, 0xEA, 0xEB, 0xFF, 0xF1, 0xEB, 0xEC, 0xFF,
    0xED, 0xE8, 0xE9, 0xFF, 0xE7, 0xE4, 0xE5, 0xFF, 0xEC, 0xE7, 0xE8, 0xFF, 0xEF, 0xE9, 0xEA, 0xFF,
    0xF2, 0xEB, 0xEC, 0xFF, 0xF4, 0xEC, 0xED, 0xFF, 0xF6, 0xEE, 0xEF, 0xFF, 0xF8, 0xEF, 0xF1, 0xFF,
    0xF9, 0xF0, 0xF2, 0xFF, 0xFA, 0xF1, 0xF3, 0xFD, 0xFF, 0xFA, 0xFB, 0xFF, 0xFC, 0xF4, 0xF7, 0xE3,
    0xFF, 0xFF, 0xFF, 0x0A, 0x00, 0x00, 0x00, 0x00, 0xFF, 0xFF, 0xFF, 0x01, 0x00, 0x00, 0x00, 0x00,
    0x00, 0x00, 0x00, 0x00, 0xFF, 0xFF, 0xFF, 0x01, 0x00, 0x00, 0x00, 0x00, 0xFF, 0xFF, 0xFF, 0x07,
    0xF5, 0xE6, 0xE9, 0xDF, 0xFF, 0xF1, 0xF4, 0xFF, 0xFC, 0xEC, 0xEF, 0xFD, 0xFE, 0xEE, 0xF1, 0xFF,
    0xFE, 0xEE, 0xF1, 0xFF, 0xFF, 0xEF, 0xF2, 0xFF, 0xFF, 0xF0, 0xF3, 0xFF, 0xFF, 0xF0, 0xF3, 0xFF,
    0xFE, 0xF0, 0xF3, 0xFF, 0xFE, 0xF1, 0xF3, 0xFF, 0xFD, 0xF1, 0xF3, 0xFF, 0xFC, 0xF1, 0xF3, 0xFF,
    0xFB, 0xF1, 0xF3, 0xFF, 0xFB, 0xF2, 0xF3, 0xFF, 0xFA, 0xF2, 0xF3, 0xFF, 0xF9, 0xF2, 0xF3, 0xFF,
    0xF8, 0xF2, 0xF4, 0xFF, 0xF8, 0xF3, 0xF4, 0xFF, 0xF7, 0xF2, 0xF3, 0xFF, 0xF3, 0xF0, 0xF0, 0xFF,
    0xF0, 0xED, 0xEE, 0xFF, 0xF0, 0xED, 0xED, 0xFF, 0xF2, 0xEE, 0xEE, 0xFF, 0xF4, 0xF0, 0xF0, 0xFF,
    0xF6, 0xF2, 0xF2, 0xFF, 0xF8, 0xF3, 0xF4, 0xFF, 0xF9, 0xF4, 0xF6, 0xFF, 0xFB, 0xF6, 0xF7, 0xFF,
    0xFC, 0xF7, 0xF8, 0xFF, 0xFD, 0xF9, 0xF9, 0xFF, 0xFE, 0xFA, 0xFA, 0xFF, 0xFE, 0xFA, 0xFB, 0xFF,
    0xFF, 0xFB, 0xFC, 0xFF, 0xFE, 0xFB, 0xFC, 0xFF, 0xFC, 0xFA, 0xFA, 0xFF, 0xF9, 0xF6, 0xF6, 0xFF,
    0xF4, 0xEF, 0xF0, 0xFF, 0xF0, 0xE9, 0xEA, 0xFF, 0xEF, 0xE7, 0xE8, 0xFF, 0xF0, 0xE8, 0xE9, 0xFF,
    0xEF, 0xE8, 0xE9, 0xFF, 0xEE, 0xE6, 0xE8, 0xFF, 0xEE, 0xE7, 0xE8, 0xFF, 0xEB, 0xE5, 0xE7, 0xFF,
    0xE6, 0xE3, 0xE4, 0xFF, 0xEA, 0xE6, 0xE7, 0xFF, 0xEE, 0xE8, 0xE9, 0xFF, 0xF0, 0xE9, 0xEA, 0xFF,
    0xF3, 0xEB, 0xEC, 0xFF, 0xF5, 0xEC, 0xEE, 0xFF, 0xF7, 0xED, 0xEF, 0xFF, 0xF8, 0xEF, 0xF1, 0xFF,
    0xFA, 0xF0, 0xF2, 0xFF, 0xFB, 0xF1, 0xF3, 0xFD, 0xFF, 0xF9, 0xFB, 0xFF, 0xFC, 0xF4, 0xF7, 0xE3,
    0xFF, 0xE5, 0xFF, 0x0A, 0x00, 0x00, 0x00, 0x00, 0xFF, 0xFF, 0xFF, 0x01, 0x00, 0x00, 0x00, 0x00,
    0x00, 0x00, 0x00, 0x00, 0xFF, 0xFF, 0xFF, 0x01, 0x00, 0x00, 0x00, 0x00, 0xFF, 0xFF, 0xFF, 0x07,
    0xF5, 0xE6, 0xE9, 0xDF, 0xFF, 0xF1, 0xF4, 0xFF, 0xFC, 0xEB, 0xEE, 0xFD, 0xFE, 0xED, 0xF0, 0xFF,
    0xFE, 0xEE, 0xF1, 0xFF, 0xFE, 0xEE, 0xF1, 0xFF, 0xFE, 0xEF, 0xF2, 0xFF, 0xFE, 0xEF, 0xF2, 0xFF,
    0xFE, 0xEF, 0xF2, 0xFF, 0xFC, 0xF0, 0xF2, 0xFF, 0xFC, 0xEF, 0xF2, 0xFF, 0xFA, 0xEF, 0xF2, 0xFF,
    0xF9, 0xEF, 0xF1, 0xFF, 0xF7, 0xEF, 0xF0, 0xFF, 0xF6, 0xEF, 0xF0, 0xFF, 0xF4, 0xEE, 0xEF, 0xFF,
    0xF3, 0xED, 0xEF, 0xFF, 0xEF, 0xEB, 0xEC, 0xFF, 0xED, 0xEA, 0xEA, 0xFF, 0xEE, 0xEB, 0xEB, 0xFF,
    0xF2, 0xED, 0xEE, 0xFF, 0xF5, 0xEF, 0xF0, 0xFF, 0xF7, 0xF1, 0xF2, 0xFF, 0xF8, 0xF2, 0xF4, 0xFF,
    0xFA, 0xF4, 0xF5, 0xFF, 0xFB, 0xF5, 0xF6, 0xFF, 0xFC, 0xF6, 0xF7, 0xFF, 0xFD, 0xF7, 0xF8, 0xFF,
    0xFE, 0xF8, 0xF9, 0xFF, 0xFF, 0xF9, 0xFA, 0xFF, 0xFF, 0xFA, 0xFB, 0xFF, 0xFF, 0xFB, 0xFC, 0xFF,
    0xFF, 0xFC, 0xFC, 0xFF, 0xFF, 0xFD, 0xFD, 0xFF, 0xFF, 0xFE, 0xFE, 0xFF, 0xFF, 0xFE, 0xFF, 0xFF,
    0xFF, 0xFE, 0xFF, 0xFF, 0xFB, 0xF9, 0xFA, 0xFF, 0xF4, 0xEE, 0xEF, 0xFF, 0xED, 0xE4, 0xE6, 0xFF,
    0xEB, 0xE2, 0xE4, 0xFF, 0xEC, 0xE4, 0xE5, 0xFF, 0xEA, 0xE3, 0xE4, 0xFF, 0xE5, 0xE2, 0xE3, 0xFF,
    0xE8, 0xE4, 0xE5, 0xFF, 0xEC, 0xE6, 0xE7, 0xFF, 0xEE, 0xE8, 0xE9, 0xFF, 0xF1, 0xE9, 0xEB, 0xFF,
    0xF3, 0xEB, 0xEC, 0xFF, 0xF6, 0xEC, 0xED, 0xFF, 0xF7, 0xED, 0xEF, 0xFF, 0xF9, 0xEE, 0xF1, 0xFF,
    0xFB, 0xF0, 0xF2, 0xFF, 0xFB, 0xF1, 0xF3, 0xFD, 0xFF, 0xF9, 0xFB, 0xFF, 0xFD, 0xF3, 0xF6, 0xE3,
    0xFF, 0xE5, 0xFF, 0x0A, 0x00, 0x00, 0x00, 0x00, 0xFF, 0xFF, 0xFF, 0x01, 0x00, 0x00, 0x00, 0x00,
    0x00, 0x00, 0x00, 0x00, 0xFF, 0xFF, 0xFF, 0x01, 0x00, 0x00, 0x00, 0x00, 0xFF, 0xFF, 0xFF, 0x07,
    0xF5, 0xE5, 0xE9, 0xDF, 0xFF, 0xF0, 0xF3, 0xFF, 0xFB, 0xEB, 0xEE, 0xFD, 0xFD, 0xEC, 0xF0, 0xFF,
    0xFE, 0xED, 0xF0, 0xFF, 0xFE, 0xED, 0xF1, 0xFF, 0xFE, 0xEE, 0xF1, 0xFF, 0xFD, 0xEE, 0xF1, 0xFF,
    0xFC, 0xEE, 0xF1, 0xFF, 0xFB, 0xEE, 0xF1, 0xFF, 0xF9, 0xEE, 0xF0, 0xFF, 0xF7, 0xED, 0xEF, 0xFF,
    0xF5, 0xEC, 0xEE, 0xFF, 0xF3, 0xEC, 0xED, 0xFF, 0xF1, 0xEA, 0xEB, 0xFF, 0xEC, 0xE9, 0xE9, 0xFF,
    0xEB, 0xE7, 0xE8, 0xFF, 0xED, 0xE9, 0xE9, 0xFF, 0xF0, 0xEB, 0xEC, 0xFF, 0xF4, 0xEE, 0xEF, 0xFF,
    0xF6, 0xEF, 0xF0, 0xFF, 0xF7, 0xF0, 0xF2, 0xFF, 0xF9, 0xF2, 0xF3, 0xFF, 0xFA, 0xF3, 0xF4, 0xFF,
    0xFC, 0xF4, 0xF5, 0xFF, 0xFD, 0xF5, 0xF6, 0xFF, 0xFE, 0xF6, 0xF8, 0xFF, 0xFF, 0xF7, 0xF8, 0xFF,
    0xFF, 0xF8, 0xF9, 0xFF, 0xFF, 0xF9, 0xFB, 0xFF, 0xFF, 0xFA, 0xFB, 0xFF, 0xFF, 0xFB, 0xFC, 0xFF,
    0xFF, 0xFC, 0xFD, 0xFF, 0xFF, 0xFD, 0xFE, 0xFF, 0xFF, 0xFE, 0xFF, 0xFF, 0xFF, 0xFF, 0xFF, 0xFF,
    0xFF, 0xFF, 0xFF, 0xFF, 0xFF, 0xFF, 0xFF, 0xFF, 0xFF, 0xFF, 0xFF, 0xFF, 0xFA, 0xF7, 0xF7, 0xFF,
    0xED, 0xE6, 0xE7, 0xFF, 0xE7, 0xDE, 0xDF, 0xFF, 0xE6, 0xE0, 0xE1, 0xFF, 0xE6, 0xE3, 0xE3, 0xFF,
    0xE9, 0xE4, 0xE5, 0xFF, 0xEC, 0xE6, 0xE7, 0xFF, 0xEE, 0xE8, 0xE9, 0xFF, 0xF1, 0xE9, 0xEB, 0xFF,
    0xF4, 0xEA, 0xEC, 0xFF, 0xF6, 0xEB, 0xED, 0xFF, 0xF8, 0xED, 0xEF, 0xFF, 0xF9, 0xEE, 0xF0, 0xFF,
    0xFB, 0xEF, 0xF1, 0xFF, 0xFB, 0xF0, 0xF2, 0xFD, 0xFF, 0xF8, 0xFB, 0xFF, 0xFD, 0xF3, 0xF6, 0xE3,
    0xFF, 0xE5, 0xE5, 0x0A, 0x00, 0x00, 0x00, 0x00, 0xFF, 0xFF, 0xFF, 0x01, 0x00, 0x00, 0x00, 0x00,
    0x00, 0x00, 0x00, 0x00, 0xFF, 0xFF, 0xFF, 0x01, 0x00, 0x00, 0x00, 0x00, 0xFF, 0xFF, 0xFF, 0x07,
    0xF5, 0xE5, 0xE8, 0xDF, 0xFF, 0xF0, 0xF3, 0xFF, 0xFB, 0xEA, 0xED, 0xFD, 0xFD, 0xEC, 0xEF, 0xFF,
    0xFD, 0xEC, 0xF0, 0xFF, 0xFD, 0xEC, 0xF0, 0xFF, 0xFC, 0xED, 0xF0, 0xFF, 0xFB, 0xED, 0xEF, 0xFF,
    0xFA, 0xEC, 0xEF, 0xFF, 0xF8, 0xEC, 0xEE, 0xFF, 0xF6, 0xEB, 0xED, 0xFF, 0xF3, 0xEA, 0xEC, 0xFF,
    0xF0, 0xE9, 0xEA, 0xFF, 0xED, 0xE7, 0xE8, 0xFF, 0xE9, 0xE5, 0xE6, 0xFF, 0xEA, 0xE6, 0xE7, 0xFF,
    0xEE, 0xE9, 0xEA, 0xFF, 0xF2, 0xEB, 0xED, 0xFF, 0xF4, 0xED, 0xEE, 0xFF, 0xF6, 0xEE, 0xF0, 0xFF,
    0xF7, 0xF0, 0xF1, 0xFF, 0xF9, 0xF1, 0xF2, 0xFF, 0xFB, 0xF2, 0xF4, 0xFF, 0xFC, 0xF3, 0xF5, 0xFF,
    0xFD, 0xF4, 0xF6, 0xFF, 0xFE, 0xF5, 0xF7, 0xFF, 0xFF, 0xF6, 0xF8, 0xFF, 0xFF, 0xF7, 0xF8, 0xFF,
    0xFF, 0xF8, 0xFA, 0xFF, 0xFF, 0xF8, 0xFB, 0xFF, 0xFF, 0xFA, 0xFB, 0xFF, 0xFF, 0xFB, 0xFC, 0xFF,
    0xFF, 0xFC, 0xFD, 0xFF, 0xFF, 0xFD, 0xFE, 0xFF, 0xFF, 0xFD, 0xFF, 0xFF, 0xFF, 0xFF, 0xFF, 0xFF,
    0xFF, 0xFF, 0xFF, 0xFF, 0xFF, 0xFF, 0xFF, 0xFF, 0xFF, 0xFF, 0xFF, 0xFF, 0xFF, 0xFF, 0xFF, 0xFF,
    0xFE, 0xFE, 0xFE, 0xFF, 0xF0, 0xEB, 0xEC, 0xFF, 0xE2, 0xDF, 0xDF, 0xFF, 0xE6, 0xE3, 0xE3, 0xFF,
    0xE9, 0xE4, 0xE5, 0xFF, 0xEC, 0xE6, 0xE7, 0xFF, 0xEF, 0xE7, 0xE9, 0xFF, 0xF1, 0xE9, 0xEA, 0xFF,
    0xF4, 0xEA, 0xEC, 0xFF, 0xF5, 0xEB, 0xED, 0xFF, 0xF8, 0xEC, 0xEE, 0xFF, 0xF9, 0xED, 0xF0, 0xFF,
    0xFB, 0xEF, 0xF1, 0xFF, 0xFC, 0xF0, 0xF2, 0xFD, 0xFF, 0xF8, 0xFA, 0xFF, 0xFD, 0xF2, 0xF4, 0xE3,
    0xFF, 0xE5, 0xE5, 0x0A, 0x00, 0x00, 0x00, 0x00, 0xFF, 0xFF, 0xFF, 0x01, 0x00, 0x00, 0x00, 0x00,
    0x00, 0x00, 0x00, 0x00, 0xFF, 0xFF, 0xFF, 0x01, 0x00, 0x00, 0x00, 0x00, 0xFF, 0xFF, 0xFF, 0x07,
    0xF5, 0xE5, 0xE8, 0xDF, 0xFF, 0xEF, 0xF2, 0xFF, 0xFB, 0xEA, 0xED, 0xFD, 0xFD, 0xEB, 0xEE, 0xFF,
    0xFD, 0xEB, 0xEE, 0xFF, 0xFC, 0xEC, 0xEF, 0xFF, 0xFB, 0xEB, 0xEE, 0xFF, 0xFA, 0xEB, 0xEE, 0xFF,
    0xF8, 0xEB, 0xED, 0xFF, 0xF5, 0xE9, 0xEC, 0xFF, 0xF2, 0xE8, 0xEA, 0xFF, 0xEE, 0xE6, 0xE8, 0xFF,
    0xEA, 0xE3, 0xE5, 0xFF, 0xE7, 0xE3, 0xE4, 0xFF, 0xEB, 0xE6, 0xE7, 0xFF, 0xEF, 0xE9, 0xEA, 0xFF,
    0xF2, 0xEA, 0xEC, 0xFF, 0xF4, 0xEC, 0xEE, 0xFF, 0xF6, 0xED, 0xEF, 0xFF, 0xF8, 0xEF, 0xF0, 0xFF,
    0xF9, 0xF0, 0xF2, 0xFF, 0xFB, 0xF1, 0xF3, 0xFF, 0xFC, 0xF2, 0xF4, 0xFF, 0xFD, 0xF3, 0xF5, 0xFF,
    0xFF, 0xF4, 0xF6, 0xFF, 0xFF, 0xF5, 0xF6, 0xFF, 0xFF, 0xF5, 0xF8, 0xFF, 0xFF, 0xF6, 0xF9, 0xFF,
    0xFF, 0xF7, 0xF9, 0xFF, 0xFF, 0xF8, 0xFA, 0xFF, 0xFF, 0xF9, 0xFB, 0xFF, 0xFF, 0xFA, 0xFC, 0xFF,
    0xFF, 0xFB, 0xFD, 0xFF, 0xFF, 0xFC, 0xFE, 0xFF, 0xFF, 0xFD, 0xFF, 0xFF, 0xFF, 0xFE, 0xFF, 0xFF,
    0xFF, 0xFF, 0xFF, 0xFF, 0xFF, 0xFF, 0xFF, 0xFF, 0xFF, 0xFF, 0xFF, 0xFF, 0xFF, 0xFF, 0xFF, 0xFF,
    0xFF, 0xFF, 0xFF, 0xFF, 0xFF, 0xFF, 0xFF, 0xFF, 0xF3, 0xF1, 0xF1, 0xFF, 0xE5, 0xE1, 0xE2, 0xFF,
    0xE9, 0xE4, 0xE5, 0xFF, 0xEB, 0xE6, 0xE7, 0xFF, 0xEE, 0xE7, 0xE8, 0xFF, 0xF1, 0xE8, 0xEA, 0xFF,
    0xF3, 0xEA, 0xEB, 0xFF, 0xF6, 0xEB, 0xED, 0xFF, 0xF8, 0xEC, 0xEE, 0xFF, 0xF9, 0xED, 0xEF, 0xFF,
    0xFB, 0xEE, 0xF0, 0xFF, 0xFC, 0xEF, 0xF1, 0xFD, 0xFF, 0xF8, 0xFA, 0xFF, 0xFD, 0xF2, 0xF4, 0xE3,
    0xFF, 0xE5, 0xE5, 0x0A, 0x00, 0x00, 0x00, 0x00, 0xFF, 0xFF, 0xFF, 0x01, 0x00, 0x00, 0x00, 0x00,
    0x00, 0x00, 0x00, 0x00, 0xFF, 0xFF, 0xFF, 0x01, 0x00, 0x00, 0x00, 0x00, 0xFF, 0xFF, 0xFF, 0x07,
    0xF5, 0xE4, 0xE8, 0xDF, 0xFF, 0xEF, 0xF2, 0xFF, 0xFB, 0xE9, 0xEC, 0xFD, 0xFC, 0xEA, 0xEE, 0xFF,
    0xFC, 0xEA, 0xEE, 0xFF, 0xFB, 0xEA, 0xED, 0xFF, 0xFA, 0xEA, 0xED, 0xFF, 0xF7, 0xE9, 0xEC, 0xFF,
    0xF5, 0xE8, 0xEA, 0xFF, 0xF1, 0xE6, 0xE8, 0xFF, 0xED, 0xE4, 0xE6, 0xFF, 0xE9, 0xE1, 0xE3, 0xFF,
    0xE7, 0xE2, 0xE3, 0xFF, 0xEB, 0xE6, 0xE7, 0xFF, 0xEF, 0xE8, 0xE9, 0xFF, 0xF2, 0xEA, 0xEB, 0xFF,
    0xF4, 0xEB, 0xED, 0xFF, 0xF6, 0xEC, 0xEE, 0xFF, 0xF8, 0xED, 0xF0, 0xFF, 0xF9, 0xEF, 0xF1, 0xFF,
    0xFB, 0xF0, 0xF2, 0xFF, 0xFC, 0xF1, 0xF3, 0xFF, 0xFD, 0xF2, 0xF4, 0xFF, 0xFF, 0xF3, 0xF5, 0xFF,
    0xFF, 0xF3, 0xF5, 0xFF, 0xFF, 0xF4, 0xF7, 0xFF, 0xFF, 0xF5, 0xF7, 0xFF, 0xFF, 0xF6, 0xF8, 0xFF,
    0xFF, 0xF7, 0xF9, 0xFF, 0xFF, 0xF8, 0xFA, 0xFF, 0xFF, 0xF9, 0xFB, 0xFF, 0xFF, 0xF9, 0xFC, 0xFF,
    0xFF, 0xFA, 0xFC, 0xFF, 0xFF, 0xFC, 0xFD, 0xFF, 0xFF, 0xFD, 0xFE, 0xFF, 0xFF, 0xFD, 0xFF, 0xFF,
    0xFF, 0xFF, 0xFF, 0xFF, 0xFF, 0xFF, 0xFF, 0xFF, 0xFF, 0xFF, 0xFF, 0xFF, 0xFF, 0xFF, 0xFF, 0xFF,
    0xFF, 0xFF, 0xFF, 0xFF, 0xFF, 0xFF, 0xFF, 0xFF, 0xFF, 0xFF, 0xFF, 0xFF, 0xF5, 0xF4, 0xF4, 0xFF,
    0xE7, 0xE2, 0xE3, 0xFF, 0xEB, 0xE5, 0xE6, 0xFF, 0xED, 0xE6, 0xE8, 0xFF, 0xF0, 0xE8, 0xE9, 0xFF,
    0xF3, 0xE9, 0xEB, 0xFF, 0xF6, 0xEA, 0xEC, 0xFF, 0xF8, 0xEB, 0xEE, 0xFF, 0xF9, 0xEC, 0xEF, 0xFF,
    0xFB, 0xED, 0xF0, 0xFF, 0xFC, 0xEE, 0xF1, 0xFD, 0xFF, 0xF7, 0xF9, 0xFF, 0xFD, 0xF1, 0xF4, 0xE3,
    0xFF, 0xE5, 0xE5, 0x0A, 0x00, 0x00, 0x00, 0x00, 0xFF, 0xFF, 0xFF, 0x01, 0x00, 0x00, 0x00, 0x00,
    0x00, 0x00, 0x00, 0x00, 0xFF, 0xFF, 0xFF, 0x01, 0x00, 0x00, 0x00, 0x00, 0xFF, 0xFF, 0xFF, 0x07,
    0xF6, 0xE5, 0xE8, 0xDE, 0xFF, 0xEE, 0xF1, 0xFF, 0xFA, 0xE8, 0xEB, 0xFD, 0xFB, 0xE9, 0xEC, 0xFF,
    0xFB, 0xE9, 0xEC, 0xFF, 0xF9, 0xE9, 0xEC, 0xFF, 0xF7, 0xE8, 0xEB, 0xFF, 0xF5, 0xE6, 0xE9, 0xFF,
    0xF1, 0xE5, 0xE7, 0xFF, 0xED, 0xE3, 0xE5, 0xFF, 0xE8, 0xDF, 0xE1, 0xFF, 0xE6, 0xE0, 0xE1, 0xFF,
    0xEB, 0xE5, 0xE6, 0xFF, 0xEE, 0xE7, 0xE8, 0xFF, 0xF1, 0xE9, 0xEA, 0xFF, 0xF4, 0xEA, 0xEC, 0xFF,
    0xF6, 0xEB, 0xED, 0xFF, 0xF8, 0xEC, 0xEF, 0xFF, 0xF9, 0xEE, 0xF0, 0xFF, 0xFB, 0xEE, 0xF1, 0xFF,
    0xFC, 0xEF, 0xF2, 0xFF, 0xFD, 0xF0, 0xF3, 0xFF, 0xFE, 0xF1, 0xF4, 0xFF, 0xFF, 0xF2, 0xF5, 0xFF,
    0xFF, 0xF3, 0xF5, 0xFF, 0xFF, 0xF4, 0xF6, 0xFF, 0xFF, 0xF5, 0xF7, 0xFF, 0xFF, 0xF5, 0xF8, 0xFF,
    0xFF, 0xF7, 0xF9, 0xFF, 0xFF, 0xF7, 0xFA, 0xFF, 0xFF, 0xF8, 0xFB, 0xFF, 0xFF, 0xF9, 0xFB, 0xFF,
    0xFF, 0xFA, 0xFC, 0xFF, 0xFF, 0xFB, 0xFD, 0xFF, 0xFF, 0xFC, 0xFE, 0xFF, 0xFF, 0xFD, 0xFF, 0xFF,
    0xFF, 0xFD, 0xFF, 0xFF, 0xFF, 0xFF, 0xFF, 0xFF, 0xFF, 0xFF, 0xFF, 0xFF, 0xFF, 0xFF, 0xFF, 0xFF,
    0xFF, 0xFF, 0xFF, 0xFF, 0xFF, 0xFF, 0xFF, 0xFF, 0xFF, 0xFF, 0xFF, 0xFF, 0xFF, 0xFF, 0xFF, 0xFF,
    0xF4, 0xF2, 0xF3, 0xFF, 0xE8, 0xE2, 0xE3, 0xFF, 0xED, 0xE6, 0xE7, 0xFF, 0xEF, 0xE7, 0xE9, 0xFF,
    0xF3, 0xE9, 0xEA, 0xFF, 0xF5, 0xEA, 0xEC, 0xFF, 0xF7, 0xEB, 0xED, 0xFF, 0xF9, 0xEC, 0xEE, 0xFF,
    0xFB, 0xED, 0xEF, 0xFF, 0xFC, 0xED, 0xF0, 0xFD, 0xFF, 0xF6, 0xF9, 0xFF, 0xFD, 0xF1, 0xF3, 0xE3,
    0xFF, 0xE5, 0xE5, 0x0A, 0x00, 0x00, 0x00, 0x00, 0xFF, 0xFF, 0xFF, 0x01, 0x00, 0x00, 0x00, 0x00,
    0x00, 0x00, 0x00, 0x00, 0xFF, 0xFF, 0xFF, 0x01, 0x00, 0x00, 0x00, 0x00, 0xFF, 0xDA, 0xFF, 0x07,
    0xF6, 0xE4, 0xE8, 0xDE, 0xFF, 0xED, 0xF1, 0xFF, 0xFA, 0xE7, 0xEA, 0xFD, 0xFA, 0xE8, 0xEB, 0xFF,
    0xF9, 0xE8, 0xEB, 0xFF, 0xF8, 0xE7, 0xEA, 0xFF, 0xF5, 0xE6, 0xE9, 0xFF, 0xF2, 0xE4, 0xE6, 0xFF,
    0xEE, 0xE2, 0xE4, 0xFF, 0xE8, 0xDE, 0xE0, 0xFF, 0xE5, 0xDE, 0xDF, 0xFF, 0xE9, 0xE3, 0xE4, 0xFF,
    0xEE, 0xE6, 0xE7, 0xFF, 0xF1, 0xE7, 0xE9, 0xFF, 0xF3, 0xE9, 0xEB, 0xFF, 0xF6, 0xEA, 0xED, 0xFF,
    0xF7, 0xEB, 0xEE, 0xFF, 0xF9, 0xEC, 0xEF, 0xFF, 0xFB, 0xED, 0xF0, 0xFF, 0xFC, 0xEE, 0xF1, 0xFF,
    0xFD, 0xEF, 0xF2, 0xFF, 0xFE, 0xF0, 0xF3, 0xFF, 0xFF, 0xF1, 0xF4, 0xFF, 0xFF, 0xF2, 0xF4, 0xFF,
    0xFF, 0xF3, 0xF5, 0xFF, 0xFF, 0xF4, 0xF6, 0xFF, 0xFF, 0xF4, 0xF7, 0xFF, 0xFF, 0xF5, 0xF8, 0xFF,
    0xFF, 0xF6, 0xF8, 0xFF, 0xFF, 0xF7, 0xF9, 0xFF, 0xFF, 0xF7, 0xFA, 0xFF, 0xFF, 0xF8, 0xFB, 0xFF,
    0xFF, 0xF9, 0xFC, 0xFF, 0xFF, 0xFA, 0xFD, 0xFF, 0xFF, 0xFB, 0xFD, 0xFF, 0xFF, 0xFC, 0xFE, 0xFF,
    0xFF, 0xFD, 0xFF, 0xFF, 0xFF, 0xFE, 0xFF, 0xFF, 0xFF, 0xFF, 0xFF, 0xFF, 0xFF, 0xFF, 0xFF, 0xFF,
    0xFF, 0xFF, 0xFF, 0xFF, 0xFF, 0xFF, 0xFF, 0xFF, 0xFF, 0xFF, 0xFF, 0xFF, 0xFF, 0xFF, 0xFF, 0xFF,
    0xFF, 0xFF, 0xFF, 0xFF, 0xF1, 0xEE, 0xEF, 0xFF, 0xE9, 0xE3, 0xE4, 0xFF, 0xEF, 0xE7, 0xE8, 0xFF,
    0xF1, 0xE8, 0xEA, 0xFF, 0xF5, 0xE9, 0xEB, 0xFF, 0xF7, 0xEB, 0xED, 0xFF, 0xF9, 0xEC, 0xEE, 0xFF,
    0xFB, 0xEC, 0xEF, 0xFF, 0xFC, 0xED, 0xF0, 0xFD, 0xFF, 0xF6, 0xF8, 0xFF, 0xFD, 0xF1, 0xF3, 0xE3,
    0xFF, 0xE5, 0xE5, 0x0A, 0x00, 0x00, 0x00, 0x00, 0xFF, 0xFF, 0xFF, 0x01, 0x00, 0x00, 0x00, 0x00,
    0x00, 0x00, 0x00, 0x00, 0xFF, 0xFF, 0xFF, 0x01, 0x00, 0x00, 0x00, 0x00, 0xFF, 0xDA, 0xFF, 0x07,
    0xF6, 0xE4, 0xE6, 0xDE, 0xFF, 0xEC, 0xF0, 0xFF, 0xF9, 0xE6, 0xE9, 0xFD, 0xFA, 0xE6, 0xEA, 0xFF,
    0xF8, 0xE6, 0xEA, 0xFF, 0xF6, 0xE5, 0xE8, 0xFF, 0xF3, 0xE3, 0xE6, 0xFF, 0xEF, 0xE1, 0xE3, 0xFF,
    0xE9, 0xDD, 0xE0, 0xFF, 0xE4, 0xDC, 0xDE, 0xFF, 0xE7, 0xE1, 0xE3, 0xFF, 0xED, 0xE5, 0xE6, 0xFF,
    0xF0, 0xE6, 0xE8, 0xFF, 0xF3, 0xE8, 0xEA, 0xFF, 0xF5, 0xE9, 0xEB, 0xFF, 0xF7, 0xEA, 0xED, 0xFF,
    0xF9, 0xEB, 0xEE, 0xFF, 0xFA, 0xEC, 0xEF, 0xFF, 0xFB, 0xED, 0xF0, 0xFF, 0xFD, 0xEE, 0xF1, 0xFF,
    0xFE, 0xEF, 0xF2, 0xFF, 0xFF, 0xF0, 0xF3, 0xFF, 0xFF, 0xF1, 0xF4, 0xFF, 0xFF, 0xF2, 0xF4, 0xFF,
    0xFF, 0xF2, 0xF5, 0xFF, 0xFF, 0xF3, 0xF6, 0xFF, 0xFF, 0xF4, 0xF7, 0xFF, 0xFF, 0xF4, 0xF7, 0xFF,
    0xFF, 0xF5, 0xF8, 0xFF, 0xFF, 0xF6, 0xF9, 0xFF, 0xFF, 0xF7, 0xFA, 0xFF, 0xFF, 0xF8, 0xFA, 0xFF,
    0xFF, 0xF9, 0xFB, 0xFF, 0xFF, 0xFA, 0xFC, 0xFF, 0xFF, 0xFA, 0xFD, 0xFF, 0xFF, 0xFB, 0xFE, 0xFF,
    0xFF, 0xFC, 0xFF, 0xFF, 0xFF, 0xFD, 0xFF, 0xFF, 0xFF, 0xFE, 0xFF, 0xFF, 0xFF, 0xFF, 0xFF, 0xFF,
    0xFF, 0xFF, 0xFF, 0xFF, 0xFF, 0xFF, 0xFF, 0xFF, 0xFF, 0xFF, 0xFF, 0xFF, 0xFF, 0xFF, 0xFF, 0xFF,
    0xFF, 0xFF, 0xFF, 0xFF, 0xFE, 0xFE, 0xFE, 0xFF, 0xED, 0xE8, 0xE9, 0xFF, 0xEC, 0xE4, 0xE6, 0xFF,
    0xF1, 0xE7, 0xE9, 0xFF, 0xF4, 0xE8, 0xEA, 0xFF, 0xF7, 0xEA, 0xEC, 0xFF, 0xF9, 0xEB, 0xED, 0xFF,
    0xFB, 0xEC, 0xEF, 0xFF, 0xFC, 0xED, 0xEF, 0xFD, 0xFF, 0xF5, 0xF8, 0xFF, 0xFD, 0xF0, 0xF2, 0xE3,
    0xFF, 0xE5, 0xE5, 0x0A, 0x00, 0x00, 0x00, 0x00, 0xFF, 0xFF, 0xFF, 0x01, 0x00, 0x00, 0x00, 0x00,
    0x00, 0x00, 0x00, 0x00, 0xFF, 0xFF, 0xFF, 0x01, 0x00, 0x00, 0x00, 0x00, 0xFF, 0xDA, 0xDA, 0x07,
    0xF5, 0xE3, 0xE6, 0xDE, 0xFF, 0xEB, 0xEF, 0xFF, 0xF8, 0xE4, 0xE8, 0xFD, 0xF9, 0xE5, 0xE9, 0xFF,
    0xF7, 0xE4, 0xE8, 0xFF, 0xF4, 0xE3, 0xE6, 0xFF, 0xF0, 0xE0, 0xE3, 0xFF, 0xEB, 0xDE, 0xE0, 0xFF,
    0xE6, 0xDA, 0xDD, 0xFF, 0xE5, 0xDE, 0xDF, 0xFF, 0xEB, 0xE3, 0xE5, 0xFF, 0xEF, 0xE5, 0xE7, 0xFF,
    0xF2, 0xE7, 0xE9, 0xFF, 0xF4, 0xE8, 0xEA, 0xFF, 0xF7, 0xE9, 0xEC, 0xFF, 0xF8, 0xEA, 0xED, 0xFF,
    0xFA, 0xEB, 0xEE, 0xFF, 0xFB, 0xEC, 0xEF, 0xFF, 0xFC, 0xED, 0xF0, 0xFF, 0xFD, 0xEE, 0xF1, 0xFF,
    0xFF, 0xEF, 0xF2, 0xFF, 0xFF, 0xEF, 0xF3, 0xFF, 0xFF, 0xF0, 0xF3, 0xFF, 0xFF, 0xF1, 0xF4, 0xFF,
    0xFF, 0xF2, 0xF5, 0xFF, 0xFF, 0xF3, 0xF6, 0xFF, 0xFF, 0xF3, 0xF6, 0xFF, 0xFF, 0xF4, 0xF7, 0xFF,
    0xFF, 0xF4, 0xF8, 0xFF, 0xFF, 0xF5, 0xF8, 0xFF, 0xFF, 0xF6, 0xF9, 0xFF, 0xFF, 0xF7, 0xFA, 0xFF,
    0xFF, 0xF8, 0xFB, 0xFF, 0xFF, 0xF9, 0xFC, 0xFF, 0xFF, 0xFA, 0xFD, 0xFF, 0xFF, 0xFA, 0xFD, 0xFF,
    0xFF, 0xFC, 0xFE, 0xFF, 0xFF, 0xFD, 0xFF, 0xFF, 0xFF, 0xFD, 0xFF, 0xFF, 0xFF, 0xFF, 0xFF, 0xFF,
    0xFF, 0xFF, 0xFF, 0xFF, 0xFF, 0xFF, 0xFF, 0xFF, 0xFF, 0xFF, 0xFF, 0xFF, 0xFF, 0xFF, 0xFF, 0xFF,
    0xFF, 0xFF, 0xFF, 0xFF, 0xFF, 0xFF, 0xFF, 0xFF, 0xFA, 0xF8, 0xF8, 0xFF, 0xEB, 0xE3, 0xE5, 0xFF,
    0xF0, 0xE7, 0xE8, 0xFF, 0xF3, 0xE8, 0xEA, 0xFF, 0xF6, 0xE9, 0xEB, 0xFF, 0xF9, 0xEA, 0xED, 0xFF,
    0xFB, 0xEB, 0xEE, 0xFF, 0xFC, 0xEC, 0xEF, 0xFD, 0xFF, 0xF4, 0xF7, 0xFF, 0xFD, 0xF0, 0xF2, 0xE3,
    0xFF, 0xE5, 0xE5, 0x0A, 0x00, 0x00, 0x00, 0x00, 0xFF, 0xFF, 0xFF, 0x01, 0x00, 0x00, 0x00, 0x00,
    0x00, 0x00, 0x00, 0x00, 0xFF, 0xFF, 0xFF, 0x01, 0x00, 0x00, 0x00, 0x00, 0xFF, 0xDA, 0xDA, 0x07,
    0xF5, 0xE2, 0xE5, 0xDE, 0xFF, 0xEA, 0xEE, 0xFF, 0xF8, 0xE3, 0xE7, 0xFD, 0xF7, 0xE3, 0xE7, 0xFF,
    0xF5, 0xE2, 0xE6, 0xFF, 0xF2, 0xE0, 0xE3, 0xFF, 0xED, 0xDE, 0xE1, 0xFF, 0xE8, 0xDA, 0xDD, 0xFF,
    0xE4, 0xDB, 0xDD, 0xFF, 0xE9, 0xE2, 0xE3, 0xFF, 0xEE, 0xE4, 0xE5, 0xFF, 0xF0, 0xE5, 0xE8, 0xFF,
    0xF3, 0xE6, 0xE9, 0xFF, 0xF6, 0xE8, 0xEA, 0xFF, 0xF8, 0xE9, 0xEC, 0xFF, 0xF9, 0xEA, 0xED, 0xFF,
    0xFB, 0xEB, 0xEE, 0xFF, 0xFC, 0xEC, 0xEF, 0xFF, 0xFD, 0xED, 0xF0, 0xFF, 0xFF, 0xEE, 0xF1, 0xFF,
    0xFF, 0xEE, 0xF1, 0xFF, 0xFF, 0xEF, 0xF2, 0xFF, 0xFF, 0xF0, 0xF3, 0xFF, 0xFF, 0xF1, 0xF4, 0xFF,
    0xFF, 0xF1, 0xF5, 0xFF, 0xFF, 0xF2, 0xF6, 0xFF, 0xFF, 0xF3, 0xF6, 0xFF, 0xFF, 0xF4, 0xF7, 0xFF,
    0xFF, 0xF4, 0xF7, 0xFF, 0xFF, 0xF4, 0xF8, 0xFF, 0xFF, 0xF6, 0xF9, 0xFF, 0xFF, 0xF7, 0xFA, 0xFF,
    0xFF, 0xF7, 0xFA, 0xFF, 0xFF, 0xF9, 0xFB, 0xFF, 0xFF, 0xF9, 0xFC, 0xFF, 0xFF, 0xFA, 0xFD, 0xFF,
    0xFF, 0xFB, 0xFD, 0xFF, 0xFF, 0xFC, 0xFF, 0xFF, 0xFF, 0xFD, 0xFF, 0xFF, 0xFF, 0xFE, 0xFF, 0xFF,
    0xFF, 0xFF, 0xFF, 0xFF, 0xFF, 0xFF, 0xFF, 0xFF, 0xFF, 0xFF, 0xFF, 0xFF, 0xFF, 0xFF, 0xFF, 0xFF,
    0xFF, 0xFF, 0xFF, 0xFF, 0xFF, 0xFF, 0xFF, 0xFF, 0xFF, 0xFF, 0xFF, 0xFF, 0xF2, 0xED, 0xEE, 0xFF,
    0xED, 0xE4, 0xE6, 0xFF, 0xF3, 0xE7, 0xEA, 0xFF, 0xF6, 0xE8, 0xEB, 0xFF, 0xF9, 0xEA, 0xEC, 0xFF,
    0xFB, 0xEB, 0xEE, 0xFF, 0xFC, 0xEC, 0xEF, 0xFD, 0xFF, 0xF4, 0xF7, 0xFF, 0xFF, 0xF0, 0xF3, 0xE2,
    0xFF, 0xE5, 0xE5, 0x0A, 0x00, 0x00, 0x00, 0x00, 0xFF, 0xFF, 0xFF, 0x01, 0x00, 0x00, 0x00, 0x00,
    0x00, 0x00, 0x00, 0x00, 0xFF, 0xFF, 0xFF, 0x01, 0x00, 0x00, 0x00, 0x00, 0xFF, 0xDA, 0xDA, 0x07,
    0xF5, 0xE1, 0xE4, 0xDE, 0xFF, 0xE9, 0xED, 0xFF, 0xF7, 0xE1, 0xE6, 0xFD, 0xF7, 0xE1, 0xE6, 0xFF,
    0xF4, 0xE0, 0xE4, 0xFF, 0xF0, 0xDE, 0xE2, 0xFF, 0xEB, 0xDB, 0xDE, 0xFF, 0xE6, 0xD9, 0xDB, 0xFF,
    0xE6, 0xDE, 0xE0, 0xFF, 0xEC, 0xE2, 0xE4, 0xFF, 0xF0, 0xE4, 0xE6, 0xFF, 0xF2, 0xE6, 0xE8, 0xFF,
    0xF5, 0xE7, 0xEA, 0xFF, 0xF7, 0xE8, 0xEB, 0xFF, 0xF9, 0xE9, 0xEC, 0xFF, 0xFA, 0xEA, 0xED, 0xFF,
    0xFC, 0xEB, 0xEE, 0xFF, 0xFD, 0xEC, 0xEF, 0xFF, 0xFE, 0xED, 0xF0, 0xFF, 0xFF, 0xED, 0xF1, 0xFF,
    0xFF, 0xEE, 0xF1, 0xFF, 0xFF, 0xEF, 0xF2, 0xFF, 0xFF, 0xEF, 0xF3, 0xFF, 0xFF, 0xF0, 0xF3, 0xFF,
    0xFF, 0xF1, 0xF4, 0xFF, 0xFF, 0xF2, 0xF5, 0xFF, 0xFF, 0xF2, 0xF6, 0xFF, 0xFF, 0xF3, 0xF6, 0xFF,
    0xFF, 0xF3, 0xF7, 0xFF, 0xFF, 0xF4, 0xF7, 0xFF, 0xFF, 0xF5, 0xF8, 0xFF, 0xFF, 0xF6, 0xF9, 0xFF,
    0xFF, 0xF7, 0xFA, 0xFF, 0xFF, 0xF7, 0xFB, 0xFF, 0xFF, 0xF8, 0xFC, 0xFF, 0xFF, 0xF9, 0xFC, 0xFF,
    0xFF, 0xFA, 0xFD, 0xFF, 0xFF, 0xFB, 0xFE, 0xFF, 0xFF, 0xFC, 0xFF, 0xFF, 0xFF, 0xFD, 0xFF, 0xFF,
    0xFF, 0xFE, 0xFF, 0xFF, 0xFF, 0xFF, 0xFF, 0xFF, 0xFF, 0xFF, 0xFF, 0xFF, 0xFF, 0xFF, 0xFF, 0xFF,
    0xFF, 0xFF, 0xFF, 0xFF, 0xFF, 0xFF, 0xFF, 0xFF, 0xFF, 0xFF, 0xFF, 0xFF, 0xFB, 0xFA, 0xFA, 0xFF,
    0xED, 0xE4, 0xE6, 0xFF, 0xF2, 0xE7, 0xE8, 0xFF, 0xF5, 0xE8, 0xEA, 0xFF, 0xF8, 0xE9, 0xEC, 0xFF,
    0xFB, 0xEA, 0xED, 0xFF, 0xFC, 0xEB, 0xEE, 0xFD, 0xFF, 0xF3, 0xF7, 0xFF, 0xFF, 0xF0, 0xF2, 0xE2,
    0xE5, 0xE5, 0xE5, 0x0A, 0x00, 0x00, 0x00, 0x00, 0xFF, 0xFF, 0xFF, 0x01, 0x00, 0x00, 0x00, 0x00,
    0x00, 0x00, 0x00, 0x00, 0xFF, 0xFF, 0xFF, 0x01, 0x00, 0x00, 0x00, 0x00, 0xFF, 0xDA, 0xDA, 0x07,
    0xF5, 0xDF, 0xE4, 0xDE, 0xFF, 0xE8, 0xED, 0xFF, 0xF7, 0xE0, 0xE5, 0xFD, 0xF6, 0xE0, 0xE4, 0xFF,
    0xF4, 0xDE, 0xE2, 0xFF, 0xEF, 0xDC, 0xDF, 0xFF, 0xEA, 0xD9, 0xDC, 0xFF, 0xE5, 0xDA, 0xDC, 0xFF,
    0xE9, 0xE1, 0xE2, 0xFF, 0xEE, 0xE3, 0xE4, 0xFF, 0xF1, 0xE4, 0xE6, 0xFF, 0xF4, 0xE5, 0xE8, 0xFF,
    0xF7, 0xE7, 0xEA, 0xFF, 0xF8, 0xE8, 0xEB, 0xFF, 0xFA, 0xE9, 0xEC, 0xFF, 0xFC, 0xEA, 0xED, 0xFF,
    0xFD, 0xEA, 0xEE, 0xFF, 0xFE, 0xEB, 0xEF, 0xFF, 0xFF, 0xEC, 0xF0, 0xFF, 0xFF, 0xED, 0xF1, 0xFF,
    0xFF, 0xED, 0xF1, 0xFF, 0xFF, 0xEE, 0xF2, 0xFF, 0xFF, 0xEF, 0xF3, 0xFF, 0xFF, 0xEF, 0xF3, 0xFF,
    0xFF, 0xF0, 0xF4, 0xFF, 0xFF, 0xF1, 0xF5, 0xFF, 0xFF, 0xF2, 0xF5, 0xFF, 0xFF, 0xF2, 0xF6, 0xFF,
    0xFF, 0xF2, 0xF6, 0xFF, 0xFF, 0xF3, 0xF7, 0xFF, 0xFF, 0xF4, 0xF8, 0xFF, 0xFF, 0xF5, 0xF9, 0xFF,
    0xFF, 0xF6, 0xFA, 0xFF, 0xFF, 0xF7, 0xFA, 0xFF, 0xFF, 0xF8, 0xFB, 0xFF, 0xFF, 0xF8, 0xFC, 0xFF,
    0xFF, 0xFA, 0xFD, 0xFF, 0xFF, 0xFA, 0xFD, 0xFF, 0xFF, 0xFB, 0xFE, 0xFF, 0xFF, 0xFC, 0xFF, 0xFF,
    0xFF, 0xFD, 0xFF, 0xFF, 0xFF, 0xFE, 0xFF, 0xFF, 0xFF, 0xFF, 0xFF, 0xFF, 0xFF, 0xFF, 0xFF, 0xFF,
    0xFF, 0xFF, 0xFF, 0xFF, 0xFF, 0xFF, 0xFF, 0xFF, 0xFF, 0xFF, 0xFF, 0xFF, 0xFF, 0xFF, 0xFF, 0xFF,
    0xF2, 0xEB, 0xED, 0xFF, 0xEF, 0xE4, 0xE6, 0xFF, 0xF5, 0xE7, 0xEA, 0xFF, 0xF8, 0xE8, 0xEB, 0xFF,
    0xFB, 0xEA, 0xED, 0xFF, 0xFC, 0xEA, 0xEE, 0xFD, 0xFF, 0xF3, 0xF6, 0xFF, 0xFF, 0xEF, 0xF1, 0xE2,
    0xFF, 0xFF, 0xFF, 0x09, 0x00, 0x00, 0x00, 0x00, 0xFF, 0xFF, 0xFF, 0x01, 0x00, 0x00, 0x00, 0x00,
    0x00, 0x00, 0x00, 0x00, 0xFF, 0xFF, 0xFF, 0x01, 0x00, 0x00, 0x00, 0x00, 0xFF, 0xDA, 0xDA, 0x07,
    0xF5, 0xDE, 0xE3, 0xDE, 0xFF, 0xE7, 0xEB, 0xFF, 0xF7, 0xDF, 0xE3, 0xFD, 0xF6, 0xDE, 0xE3, 0xFF,
    0xF3, 0xDC, 0xE0, 0xFF, 0xEE, 0xDA, 0xDE, 0xFF, 0xE9, 0xD7, 0xDB, 0xFF, 0xE6, 0xDC, 0xDE, 0xFF,
    0xEB, 0xE1, 0xE3, 0xFF, 0xF0, 0xE2, 0xE5, 0xFF, 0xF3, 0xE4, 0xE7, 0xFF, 0xF5, 0xE5, 0xE8, 0xFF,
    0xF8, 0xE6, 0xEA, 0xFF, 0xF9, 0xE7, 0xEB, 0xFF, 0xFB, 0xE8, 0xEC, 0xFF, 0xFC, 0xE9, 0xED, 0xFF,
    0xFD, 0xEA, 0xEE, 0xFF, 0xFF, 0xEB, 0xEF, 0xFF, 0xFF, 0xEC, 0xF0, 0xFF, 0xFF, 0xEC, 0xF0, 0xFF,
    0xFF, 0xED, 0xF1, 0xFF, 0xFF, 0xEE, 0xF2, 0xFF, 0xFF, 0xEE, 0xF2, 0xFF, 0xFF, 0xEF, 0xF3, 0xFF,
    0xFF, 0xEF, 0xF3, 0xFF, 0xFF, 0xF0, 0xF4, 0xFF, 0xFF, 0xF1, 0xF5, 0xFF, 0xFF, 0xF2, 0xF5, 0xFF,
    0xFF, 0xF2, 0xF6, 0xFF, 0xFF, 0xF2, 0xF6, 0xFF, 0xFF, 0xF3, 0xF7, 0xFF, 0xFF, 0xF4, 0xF8, 0xFF,
    0xFF, 0xF5, 0xF9, 0xFF, 0xFF, 0xF6, 0xFA, 0xFF, 0xFF, 0xF7, 0xFB, 0xFF, 0xFF, 0xF8, 0xFB, 0xFF,
    0xFF, 0xF8, 0xFC, 0xFF, 0xFF, 0xFA, 0xFD, 0xFF, 0xFF, 0xFA, 0xFE, 0xFF, 0xFF, 0xFB, 0xFF, 0xFF,
    0xFF, 0xFC, 0xFF, 0xFF, 0xFF, 0xFD, 0xFF, 0xFF, 0xFF, 0xFF, 0xFF, 0xFF, 0xFF, 0xFF, 0xFF, 0xFF,
    0xFF, 0xFF, 0xFF, 0xFF, 0xFF, 0xFF, 0xFF, 0xFF, 0xFF, 0xFF, 0xFF, 0xFF, 0xFF, 0xFF, 0xFF, 0xFF,
    0xF9, 0xF5, 0xF6, 0xFF, 0xEF, 0xE2, 0xE5, 0xFF, 0xF5, 0xE6, 0xE9, 0xFF, 0xF8, 0xE8, 0xEA, 0xFF,
    0xFB, 0xE9, 0xEC, 0xFF, 0xFC, 0xEA, 0xED, 0xFD, 0xFF, 0xF2, 0xF6, 0xFF, 0xFF, 0xEF, 0xF1, 0xE2,
    0xFF, 0xFF, 0xFF, 0x09, 0x00, 0x00, 0x00, 0x00, 0xFF, 0xFF, 0xFF, 0x01, 0x00, 0x00, 0x00, 0x00,
    0x00, 0x00, 0x00, 0x00, 0xFF, 0xFF, 0xFF, 0x01, 0x00, 0x00, 0x00, 0x00, 0xFF, 0xFF, 0xFF, 0x02,
    0xF6, 0xDE, 0xE3, 0xD5, 0xFF, 0xE7, 0xEC, 0xFF, 0xF7, 0xDD, 0xE2, 0xFD, 0xF6, 0xDD, 0xE2, 0xFF,
    0xF3, 0xDB, 0xDF, 0xFF, 0xEF, 0xD8, 0xDD, 0xFF, 0xE9, 0xD7, 0xDB, 0xFF, 0xE8, 0xDE, 0xE0, 0xFF,
    0xEE, 0xE1, 0xE4, 0xFF, 0xF1, 0xE2, 0xE5, 0xFF, 0xF4, 0xE4, 0xE7, 0xFF, 0xF7, 0xE5, 0xE9, 0xFF,
    0xF9, 0xE6, 0xEA, 0xFF, 0xFA, 0xE7, 0xEB, 0xFF, 0xFB, 0xE8, 0xEC, 0xFF, 0xFD, 0xE9, 0xED, 0xFF,
    0xFE, 0xEA, 0xEE, 0xFF, 0xFF, 0xEA, 0xEE, 0xFF, 0xFF, 0xEB, 0xEF, 0xFF, 0xFF, 0xEC, 0xF0, 0xFF,
    0xFF, 0xED, 0xF1, 0xFF, 0xFF, 0xED, 0xF1, 0xFF, 0xFF, 0xED, 0xF2, 0xFF, 0xFF, 0xEE, 0xF2, 0xFF,
    0xFF, 0xEF, 0xF3, 0xFF, 0xFF, 0xF0, 0xF4, 0xFF, 0xFF, 0xF0, 0xF5, 0xFF, 0xFF, 0xF1, 0xF5, 0xFF,
    0xFF, 0xF1, 0xF5, 0xFF, 0xFF, 0xF2, 0xF6, 0xFF, 0xFF, 0xF2, 0xF7, 0xFF, 0xFF, 0xF3, 0xF7, 0xFF,
    0xFF, 0xF4, 0xF8, 0xFF, 0xFF, 0xF5, 0xF9, 0xFF, 0xFF, 0xF6, 0xFA, 0xFF, 0xFF, 0xF7, 0xFB, 0xFF,
    0xFF, 0xF8, 0xFC, 0xFF, 0xFF, 0xF9, 0xFC, 0xFF, 0xFF, 0xFA, 0xFD, 0xFF, 0xFF, 0xFA, 0xFE, 0xFF,
    0xFF, 0xFC, 0xFF, 0xFF, 0xFF, 0xFD, 0xFF, 0xFF, 0xFF, 0xFD, 0xFF, 0xFF, 0xFF, 0xFF, 0xFF, 0xFF,
    0xFF, 0xFF, 0xFF, 0xFF, 0xFF, 0xFF, 0xFF, 0xFF, 0xFF, 0xFF, 0xFF, 0xFF, 0xFF, 0xFF, 0xFF, 0xFF,
    0xFE, 0xFD, 0xFD, 0xFF, 0xF2, 0xE5, 0xE7, 0xFF, 0xF4, 0xE4, 0xE7, 0xFF, 0xF8, 0xE6, 0xEA, 0xFF,
    0xFB, 0xE7, 0xEB, 0xFF, 0xFC, 0xE9, 0xEC, 0xFD, 0xFF, 0xF3, 0xF6, 0xFF, 0xFF, 0xED, 0xF0, 0xDA,
    0xFF, 0xFF, 0xFF, 0x04, 0x00, 0x00, 0x00, 0x00, 0xFF, 0xFF, 0xFF, 0x01, 0x00, 0x00, 0x00, 0x00,
    0x00, 0x00, 0x00, 0x00, 0x00, 0x00, 0x00, 0x00, 0xFF, 0xFF, 0xFF, 0x03, 0x00, 0x00, 0x00, 0x00,
    0xF6, 0xDD, 0xE1, 0xAF, 0xFF, 0xEB, 0xF0, 0xFE, 0xF8, 0xDD, 0xE2, 0xFB, 0xF6, 0xDB, 0xE1, 0xFF,
    0xF3, 0xD9, 0xDF, 0xFF, 0xF0, 0xD7, 0xDC, 0xFF, 0xEA, 0xD8, 0xDC, 0xFF, 0xE9, 0xDF, 0xE1, 0xFF,
    0xF0, 0xE1, 0xE4, 0xFF, 0xF3, 0xE2, 0xE5, 0xFF, 0xF5, 0xE3, 0xE7, 0xFF, 0xF8, 0xE5, 0xE9, 0xFF,
    0xFA, 0xE6, 0xEA, 0xFF, 0xFB, 0xE7, 0xEB, 0xFF, 0xFC, 0xE7, 0xEC, 0xFF, 0xFE, 0xE8, 0xEC, 0xFF,
    0xFF, 0xE9, 0xED, 0xFF, 0xFF, 0xEA, 0xEE, 0xFF, 0xFF, 0xEA, 0xEF, 0xFF, 0xFF, 0xEC, 0xF0, 0xFF,
    0xFF, 0xEC, 0xF1, 0xFF, 0xFF, 0xED, 0xF1, 0xFF, 0xFF, 0xED, 0xF2, 0xFF, 0xFF, 0xEE, 0xF2, 0xFF,
    0xFF, 0xEE, 0xF3, 0xFF, 0xFF, 0xEE, 0xF3, 0xFF, 0xFF, 0xEF, 0xF4, 0xFF, 0xFF, 0xF0, 0xF5, 0xFF,
    0xFF, 0xF0, 0xF5, 0xFF, 0xFF, 0xF1, 0xF5, 0xFF, 0xFF, 0xF1, 0xF6, 0xFF, 0xFF, 0xF3, 0xF7, 0xFF,
    0xFF, 0xF3, 0xF7, 0xFF, 0xFF, 0xF4, 0xF8, 0xFF, 0xFF, 0xF5, 0xF9, 0xFF, 0xFF, 0xF6, 0xFA, 0xFF,
    0xFF, 0xF7, 0xFB, 0xFF, 0xFF, 0xF8, 0xFB, 0xFF, 0xFF, 0xF9, 0xFC, 0xFF, 0xFF, 0xFA, 0xFD, 0xFF,
    0xFF, 0xFA, 0xFE, 0xFF, 0xFF, 0xFB, 0xFF, 0xFF, 0xFF, 0xFC, 0xFF, 0xFF, 0xFF, 0xFD, 0xFF, 0xFF,
    0xFF, 0xFF, 0xFF, 0xFF, 0xFF, 0xFF, 0xFF, 0xFF, 0xFF, 0xFF, 0xFF, 0xFF, 0xFF, 0xFF, 0xFF, 0xFF,
    0xFF, 0xFF, 0xFF, 0xFF, 0xF5, 0xEA, 0xEC, 0xFF, 0xF4, 0xE2, 0xE5, 0xFF, 0xF8, 0xE5, 0xE9, 0xFF,
    0xFB, 0xE6, 0xEB, 0xFF, 0xFC, 0xE7, 0xEB, 0xFC, 0xFF, 0xF8, 0xFC, 0xFE, 0xFD, 0xEB, 0xEF, 0xB5,
    0x00, 0x00, 0x00, 0x00, 0xFF, 0xAA, 0xAA, 0x03, 0x00, 0x00, 0x00, 0x00, 0x00, 0x00, 0x00, 0x00,
    0x00, 0x00, 0x00, 0x00, 0x00, 0x00, 0x00, 0x00, 0xBF, 0xBF, 0xBF, 0x04, 0x00, 0x00, 0x00, 0x00,
    0xF9, 0xDC, 0xE2, 0x58, 0xFF, 0xEB, 0xF1, 0xFF, 0xF8, 0xDB, 0xE0, 0xFB, 0xF7, 0xDB, 0xE0, 0xFF,
    0xF4, 0xD9, 0xDE, 0xFF, 0xF2, 0xD7, 0xDC, 0xFF, 0xEB, 0xDA, 0xDD, 0xFF, 0xEC, 0xDF, 0xE2, 0xFF,
    0xF1, 0xE1, 0xE4, 0xFF, 0xF4, 0xE2, 0xE5, 0xFF, 0xF7, 0xE3, 0xE7, 0xFF, 0xF9, 0xE4, 0xE8, 0xFF,
    0xFB, 0xE5, 0xE9, 0xFF, 0xFC, 0xE6, 0xEB, 0xFF, 0xFE, 0xE7, 0xEB, 0xFF, 0xFF, 0xE8, 0xEC, 0xFF,
    0xFF, 0xE8, 0xED, 0xFF, 0xFF, 0xE9, 0xEE, 0xFF, 0xFF, 0xEA, 0xEE, 0xFF, 0xFF, 0xEB, 0xEF, 0xFF,
    0xFF, 0xEC, 0xF0, 0xFF, 0xFF, 0xEC, 0xF1, 0xFF, 0xFF, 0xED, 0xF1, 0xFF, 0xFF, 0xED, 0xF2, 0xFF,
    0xFF, 0xED, 0xF2, 0xFF, 0xFF, 0xEE, 0xF2, 0xFF, 0xFF, 0xEE, 0xF3, 0xFF, 0xFF, 0xEF, 0xF4, 0xFF,
    0xFF, 0xEF, 0xF4, 0xFF, 0xFF, 0xF0, 0xF5, 0xFF, 0xFF, 0xF0, 0xF5, 0xFF, 0xFF, 0xF1, 0xF6, 0xFF,
    0xFF, 0xF2, 0xF7, 0xFF, 0xFF, 0xF3, 0xF7, 0xFF, 0xFF, 0xF4, 0xF8, 0xFF, 0xFF, 0xF5, 0xF9, 0xFF,
    0xFF, 0xF5, 0xFA, 0xFF, 0xFF, 0xF6, 0xFB, 0xFF, 0xFF, 0xF7, 0xFB, 0xFF, 0xFF, 0xF8, 0xFC, 0xFF,
    0xFF, 0xF9, 0xFD, 0xFF, 0xFF, 0xFA, 0xFE, 0xFF, 0xFF, 0xFB, 0xFE, 0xFF, 0xFF, 0xFC, 0xFF, 0xFF,
    0xFF, 0xFD, 0xFF, 0xFF, 0xFF, 0xFE, 0xFF, 0xFF, 0xFF, 0xFF, 0xFF, 0xFF, 0xFF, 0xFF, 0xFF, 0xFF,
    0xFF, 0xFF, 0xFF, 0xFF, 0xF9, 0xEF, 0xF1, 0xFF, 0xF4, 0xE0, 0xE3, 0xFF, 0xF9, 0xE4, 0xE8, 0xFF,
    0xFC, 0xE6, 0xEA, 0xFF, 0xFF, 0xE5, 0xEA, 0xFB, 0xFF, 0xFA, 0xFE, 0xFF, 0xFF, 0xEC, 0xEE, 0x5E,
    0x00, 0x00, 0x00, 0x00, 0xFF, 0xBF, 0xFF, 0x04, 0x00, 0x00, 0x00, 0x00, 0x00, 0x00, 0x00, 0x00,
    0x00, 0x00, 0x00, 0x00, 0x00, 0x00, 0x00, 0x00, 0xFF, 0x00, 0x00, 0x01, 0xFF, 0x7F, 0x7F, 0x02,
    0xFF, 0xD4, 0xD4, 0x06, 0xF8, 0xD9, 0xE1, 0xCD, 0xFF, 0xE7, 0xEE, 0xFF, 0xF8, 0xD9, 0xDE, 0xFA,
    0xF7, 0xD8, 0xDF, 0xFF, 0xF5, 0xD7, 0xDD, 0xFF, 0xEC, 0xDB, 0xDE, 0xFF, 0xEE, 0xDF, 0xE2, 0xFF,
    0xF3, 0xE0, 0xE4, 0xFF, 0xF6, 0xE2, 0xE6, 0xFF, 0xF9, 0xE3, 0xE7, 0xFF, 0xFA, 0xE4, 0xE8, 0xFF,
    0xFC, 0xE5, 0xE9, 0xFF, 0xFD, 0xE5, 0xEA, 0xFF, 0xFF, 0xE6, 0xEB, 0xFF, 0xFF, 0xE7, 0xEC, 0xFF,
    0xFF, 0xE7, 0xED, 0xFF, 0xFF, 0xE8, 0xED, 0xFF, 0xFF, 0xE9, 0xEE, 0xFF, 0xFF, 0xEA, 0xEF, 0xFF,
    0xFF, 0xEA, 0xEF, 0xFF, 0xFF, 0xEB, 0xF0, 0xFF, 0xFF, 0xEB, 0xF1, 0xFF, 0xFF, 0xEC, 0xF1, 0xFF,
    0xFF, 0xEC, 0xF2, 0xFF, 0xFF, 0xED, 0xF2, 0xFF, 0xFF, 0xED, 0xF2, 0xFF, 0xFF, 0xEE, 0xF3, 0xFF,
    0xFF, 0xEE, 0xF3, 0xFF, 0xFF, 0xEF, 0xF4, 0xFF, 0xFF, 0xEF, 0xF4, 0xFF, 0xFF, 0xF0, 0xF5, 0xFF,
    0xFF, 0xF1, 0xF6, 0xFF, 0xFF, 0xF1, 0xF6, 0xFF, 0xFF, 0xF2, 0xF6, 0xFF, 0xFF, 0xF3, 0xF8, 0xFF,
    0xFF, 0xF4, 0xF9, 0xFF, 0xFF, 0xF5, 0xF9, 0xFF, 0xFF, 0xF6, 0xFA, 0xFF, 0xFF, 0xF6, 0xFA, 0xFF,
    0xFF, 0xF8, 0xFB, 0xFF, 0xFF, 0xF8, 0xFC, 0xFF, 0xFF, 0xF9, 0xFD, 0xFF, 0xFF, 0xFA, 0xFE, 0xFF,
    0xFF, 0xFC, 0xFF, 0xFF, 0xFF, 0xFD, 0xFF, 0xFF, 0xFF, 0xFE, 0xFF, 0xFF, 0xFF, 0xFE, 0xFF, 0xFF,
    0xFF, 0xFF, 0xFF, 0xFF, 0xFC, 0xF3, 0xF6, 0xFF, 0xF6, 0xDF, 0xE3, 0xFF, 0xFB, 0xE3, 0xE8, 0xFF,
    0xFD, 0xE3, 0xE8, 0xFA, 0xFF, 0xF2, 0xF7, 0xFF, 0xFF, 0xE6, 0xEB, 0xD2, 0xFF, 0xFF, 0xFF, 0x07,
    0xFF, 0xFF, 0xFF, 0x01, 0xFF, 0xFF, 0xFF, 0x01, 0x00, 0x00, 0x00, 0x00, 0x00, 0x00, 0x00, 0x00,
    0x00, 0x00, 0x00, 0x00, 0x00, 0x00, 0x00, 0x00, 0x00, 0x00, 0x00, 0x00, 0xFF, 0xFF, 0xFF, 0x02,
    0x00, 0x00, 0x00, 0x00, 0xF8, 0xDA, 0xE0, 0x2A, 0xFD, 0xDF, 0xE7, 0xEA, 0xFF, 0xE5, 0xEC, 0xFF,
    0xF9, 0xD7, 0xDE, 0xFB, 0xF6, 0xD7, 0xDD, 0xFC, 0xEC, 0xDB, 0xDE, 0xFD, 0xF0, 0xDF, 0xE2, 0xFD,
    0xF4, 0xE0, 0xE4, 0xFD, 0xF7, 0xE0, 0xE5, 0xFD, 0xF9, 0xE2, 0xE6, 0xFD, 0xFB, 0xE3, 0xE8, 0xFD,
    0xFD, 0xE3, 0xE8, 0xFD, 0xFF, 0xE4, 0xE9, 0xFD, 0xFF, 0xE5, 0xEA, 0xFD, 0xFF, 0xE6, 0xEB, 0xFD,
    0xFF, 0xE6, 0xEB, 0xFD, 0xFF, 0xE6, 0xEC, 0xFD, 0xFF, 0xE7, 0xEC, 0xFD, 0xFF, 0xE8, 0xED, 0xFD,
    0xFF, 0xE8, 0xEE, 0xFD, 0xFF, 0xE9, 0xEE, 0xFD, 0xFF, 0xEA, 0xEF, 0xFD, 0xFF, 0xEA, 0xEF, 0xFD,
    0xFF, 0xEA, 0xF0, 0xFD, 0xFF, 0xEB, 0xF0, 0xFD, 0xFF, 0xEB, 0xF1, 0xFD, 0xFF, 0xEC, 0xF1, 0xFD,
    0xFF, 0xEC, 0xF2, 0xFD, 0xFF, 0xED, 0xF2, 0xFD, 0xFF, 0xED, 0xF2, 0xFD, 0xFF, 0xEE, 0xF3, 0xFD,
    0xFF, 0xEE, 0xF4, 0xFD, 0xFF, 0xEF, 0xF4, 0xFD, 0xFF, 0xF0, 0xF5, 0xFD, 0xFF, 0xF1, 0xF6, 0xFD,
    0xFF, 0xF2, 0xF7, 0xFD, 0xFF, 0xF3, 0xF7, 0xFD, 0xFF, 0xF3, 0xF8, 0xFD, 0xFF, 0xF4, 0xF9, 0xFD,
    0xFF, 0xF5, 0xF9, 0xFD, 0xFF, 0xF6, 0xFA, 0xFD, 0xFF, 0xF7, 0xFB, 0xFD, 0xFF, 0xF8, 0xFC, 0xFD,
    0xFF, 0xF9, 0xFD, 0xFD, 0xFF, 0xFA, 0xFF, 0xFD, 0xFF, 0xFB, 0xFF, 0xFD, 0xFF, 0xFC, 0xFF, 0xFD,
    0xFF, 0xFF, 0xFF, 0xFD, 0xFD, 0xF4, 0xF7, 0xFD, 0xF8, 0xDE, 0xE3, 0xFC, 0xFB, 0xE0, 0xE5, 0xFB,
    0xFF, 0xEF, 0xF4, 0xFF, 0xFF, 0xEA, 0xEF, 0xED, 0xF9, 0xE3, 0xE8, 0x2E, 0x00, 0x00, 0x00, 0x00,
    0xFF, 0xFF, 0xFF, 0x02, 0x00, 0x00, 0x00, 0x00, 0x00, 0x00, 0x00, 0x00, 0x00, 0x00, 0x00, 0x00,
    0x00, 0x00, 0x00, 0x00, 0x00, 0x00, 0x00, 0x00, 0x00, 0x00, 0x00, 0x00, 0x00, 0x00, 0x00, 0x00,
    0xFF, 0xFF, 0xFF, 0x02, 0x00, 0x00, 0x00, 0x00, 0xF9, 0xD0, 0xD6, 0x2C, 0xFD, 0xDE, 0xE4, 0xCB,
    0xFF, 0xE7, 0xEE, 0xFF, 0xFF, 0xE4, 0xEB, 0xFF, 0xF7, 0xE2, 0xE6, 0xFF, 0xFA, 0xE4, 0xE8, 0xFF,
    0xFD, 0xE5, 0xEA, 0xFF, 0xFF, 0xE5, 0xEB, 0xFF, 0xFF, 0xE6, 0xEC, 0xFF, 0xFF, 0xE7, 0xED, 0xFF,
    0xFF, 0xE8, 0xEE, 0xFF, 0xFF, 0xE9, 0xEE, 0xFF, 0xFF, 0xE9, 0xEF, 0xFF, 0xFF, 0xEA, 0xF0, 0xFF,
    0xFF, 0xEA, 0xF0, 0xFF, 0xFF, 0xEB, 0xF1, 0xFF, 0xFF, 0xEB, 0xF1, 0xFF, 0xFF, 0xEC, 0xF2, 0xFF,
    0xFF, 0xEC, 0xF2, 0xFF, 0xFF, 0xED, 0xF3, 0xFF, 0xFF, 0xED, 0xF4, 0xFF, 0xFF, 0xEE, 0xF4, 0xFF,
    0xFF, 0xEE, 0xF5, 0xFF, 0xFF, 0xEE, 0xF5, 0xFF, 0xFF, 0xEF, 0xF5, 0xFF, 0xFF, 0xEF, 0xF6, 0xFF,
    0xFF, 0xEF, 0xF6, 0xFF, 0xFF, 0xF0, 0xF7, 0xFF, 0xFF, 0xF1, 0xF7, 0xFF, 0xFF, 0xF1, 0xF8, 0xFF,
    0xFF, 0xF1, 0xF8, 0xFF, 0xFF, 0xF2, 0xF8, 0xFF, 0xFF, 0xF3, 0xF9, 0xFF, 0xFF, 0xF4, 0xFA, 0xFF,
    0xFF, 0xF4, 0xFA, 0xFF, 0xFF, 0xF6, 0xFB, 0xFF, 0xFF, 0xF7, 0xFC, 0xFF, 0xFF, 0xF7, 0xFD, 0xFF,
    0xFF, 0xF8, 0xFE, 0xFF, 0xFF, 0xFA, 0xFE, 0xFF, 0xFF, 0xFB, 0xFF, 0xFF, 0xFF, 0xFB, 0xFF, 0xFF,
    0xFF, 0xFD, 0xFF, 0xFF, 0xFF, 0xFE, 0xFF, 0xFF, 0xFF, 0xFF, 0xFF, 0xFF, 0xFF, 0xFF, 0xFF, 0xFF,
    0xFF, 0xFF, 0xFF, 0xFF, 0xFF, 0xFC, 0xFF, 0xFF, 0xFF, 0xEB, 0xF1, 0xFF, 0xFF, 0xEF, 0xF5, 0xFF,
    0xFF, 0xE7, 0xED, 0xCD, 0xFF, 0xDE, 0xE3, 0x2F, 0x00, 0x00, 0x00, 0x00, 0xAA, 0xAA, 0xAA, 0x03,
    0x00, 0x00, 0x00, 0x00, 0x00, 0x00, 0x00, 0x00, 0x00, 0x00, 0x00, 0x00, 0x00, 0x00, 0x00, 0x00,
    0x00, 0x00, 0x00, 0x00, 0x00, 0x00, 0x00, 0x00, 0x00, 0x00, 0x00, 0x00, 0x00, 0x00, 0x00, 0x00,
    0x00, 0x00, 0x00, 0x00, 0xFF, 0xFF, 0xFF, 0x02, 0x00, 0x00, 0x00, 0x00, 0xFF, 0xBF, 0xBF, 0x04,
    0xFF, 0xDA, 0xE3, 0x5C, 0xFF, 0xDD, 0xE4, 0xAF, 0xF5, 0xDC, 0xE1, 0xD8, 0xF7, 0xDD, 0xE1, 0xE3,
    0xFA, 0xDD, 0xE2, 0xE3, 0xFC, 0xDE, 0xE4, 0xE3, 0xFC, 0xDE, 0xE4, 0xE4, 0xFD, 0xDE, 0xE5, 0xE4,
    0xFD, 0xDF, 0xE6, 0xE4, 0xFF, 0xDF, 0xE6, 0xE4, 0xFF, 0xDF, 0xE7, 0xE4, 0xFF, 0xDF, 0xE7, 0xE4,
    0xFF, 0xE0, 0xE8, 0xE4, 0xFF, 0xE0, 0xE8, 0xE4, 0xFF, 0xE1, 0xE8, 0xE4, 0xFF, 0xE1, 0xE9, 0xE4,
    0xFF, 0xE3, 0xE9, 0xE4, 0xFF, 0xE3, 0xEA, 0xE4, 0xFF, 0xE3, 0xEA, 0xE4, 0xFF, 0xE4, 0xEA, 0xE4,
    0xFF, 0xE4, 0xEA, 0xE4, 0xFF, 0xE4, 0xEA, 0xE4, 0xFF, 0xE5, 0xEB, 0xE4, 0xFF, 0xE5, 0xEB, 0xE4,
    0xFF, 0xE5, 0xEB, 0xE4, 0xFF, 0xE6, 0xED, 0xE4, 0xFF, 0xE6, 0xED, 0xE4, 0xFF, 0xE6, 0xEE, 0xE4,
    0xFF, 0xE6, 0xEE, 0xE4, 0xFF, 0xE7, 0xEE, 0xE4, 0xFF, 0xE8, 0xEF, 0xE4, 0xFF, 0xE9, 0xF0, 0xE4,
    0xFF, 0xE9, 0xF0, 0xE4, 0xFF, 0xEA, 0xF1, 0xE4, 0xFF, 0xEB, 0xF2, 0xE4, 0xFF, 0xEB, 0xF2, 0xE4,
    0xFF, 0xED, 0xF2, 0xE4, 0xFF, 0xED, 0xF3, 0xE4, 0xFF, 0xEE, 0xF3, 0xE4, 0xFF, 0xEF, 0xF4, 0xE4,
    0xFF, 0xF0, 0xF4, 0xE4, 0xFF, 0xF1, 0xF6, 0xE4, 0xFF, 0xF3, 0xF8, 0xE3, 0xFF, 0xF3, 0xF8, 0xE3,
    0xFF, 0xF6, 0xF9, 0xE3, 0xFD, 0xF3, 0xF6, 0xD9, 0xFF, 0xE2, 0xE9, 0xB1, 0xFF, 0xE1, 0xE6, 0x5F,
    0xFF, 0xAA, 0xAA, 0x06, 0x00, 0x00, 0x00, 0x00, 0xFF, 0xAA, 0xAA, 0x03, 0x00, 0x00, 0x00, 0x00,
    0x00, 0x00, 0x00, 0x00, 0x00, 0x00, 0x00, 0x00, 0x00, 0x00, 0x00, 0x00, 0x00, 0x00, 0x00, 0x00,
    0x00, 0x00, 0x00, 0x00, 0x00, 0x00, 0x00, 0x00, 0x00, 0x00, 0x00, 0x00, 0x00, 0x00, 0x00, 0x00,
    0x00, 0x00, 0x00, 0x00, 0x00, 0x00, 0x00, 0x00, 0xFF, 0xFF, 0xFF, 0x02, 0x00, 0x00, 0x00, 0x00,
    0x00, 0x00, 0x00, 0x00, 0x00, 0x00, 0x00, 0x00, 0xFF, 0xFF, 0xFF, 0x04, 0xFF, 0xE5, 0xE5, 0x0A,
    0xFF, 0xCC, 0xE5, 0x0A, 0xFF, 0xCC, 0xE5, 0x0A, 0xFF, 0xE5, 0xE5, 0x0A, 0xFF, 0xE5, 0xE5, 0x0A,
    0xFF, 0xE5, 0xE5, 0x0A, 0xFF, 0xE5, 0xE5, 0x0A, 0xFF, 0xE5, 0xE5, 0x0A, 0xFF, 0xE5, 0xE5, 0x0A,
    0xFF, 0xE5, 0xE5, 0x0A, 0xFF, 0xE5, 0xE5, 0x0A, 0xFF, 0xE5, 0xE5, 0x0A, 0xFF, 0xE5, 0xE5, 0x0A,
    0xFF, 0xE5, 0xE5, 0x0A, 0xFF, 0xE5, 0xE5, 0x0A, 0xFF, 0xE5, 0xE5, 0x0A, 0xFF, 0xE5, 0xE5, 0x0A,
    0xFF, 0xE5, 0xE5, 0x0A, 0xFF, 0xE5, 0xE5, 0x0A, 0xFF, 0xE5, 0xE5, 0x0A, 0xFF, 0xE5, 0xE5, 0x0A,
    0xFF, 0xE5, 0xE5, 0x0A, 0xFF, 0xE5, 0xE5, 0x0A, 0xFF, 0xE5, 0xE5, 0x0A, 0xFF, 0xE5, 0xE5, 0x0A,
    0xFF, 0xE5, 0xE5, 0x0A, 0xFF, 0xE5, 0xE5, 0x0A, 0xFF, 0xE5, 0xE5, 0x0A, 0xFF, 0xE5, 0xE5, 0x0A,
    0xFF, 0xE5, 0xE5, 0x0A, 0xFF, 0xE5, 0xE5, 0x0A, 0xFF, 0xE5, 0xFF, 0x0A, 0xFF, 0xE5, 0xE5, 0x0A,
    0xFF, 0xE5, 0xE5, 0x0A, 0xFF, 0xE5, 0xFF, 0x0A, 0xFF, 0xE5, 0xFF, 0x0A, 0xFF, 0xE5, 0xE5, 0x0A,
    0xFF, 0xE5, 0xE5, 0x0A, 0xFF, 0xE5, 0xE5, 0x0A, 0xFF, 0xE5, 0xE5, 0x0A, 0xFF, 0xE5, 0xE5, 0x0A,
    0xFF, 0xFF, 0xFF, 0x0A, 0xFF, 0xFF, 0xFF, 0x05, 0x00, 0x00, 0x00, 0x00, 0x00, 0x00, 0x00, 0x00,
    0x00, 0x00, 0x00, 0x00, 0xFF, 0xFF, 0xFF, 0x02, 0x00, 0x00, 0x00, 0x00, 0x00, 0x00, 0x00, 0x00,
    0x00, 0x00, 0x00, 0x00, 0x00, 0x00, 0x00, 0x00, 0x00, 0x00, 0x00, 0x00, 0x00, 0x00, 0x00, 0x00,
    0x00, 0x00, 0x00, 0x00, 0x00, 0x00, 0x00, 0x00, 0x00, 0x00, 0x00, 0x00, 0x00, 0x00, 0x00, 0x00,
    0x00, 0x00, 0x00, 0x00, 0x00, 0x00, 0x00, 0x00, 0x00, 0x00, 0x00, 0x00, 0xFF, 0xFF, 0xFF, 0x01,
    0xFF, 0xBF, 0xBF, 0x04, 0xFF, 0xAA, 0xAA, 0x03, 0x00, 0x00, 0x00, 0x00, 0x00, 0x00, 0x00, 0x00,
    0x00, 0x00, 0x00, 0x00, 0x00, 0x00, 0x00, 0x00, 0x00, 0x00, 0x00, 0x00, 0x00, 0x00, 0x00, 0x00,
    0x00, 0x00, 0x00, 0x00, 0x00, 0x00, 0x00, 0x00, 0x00, 0x00, 0x00, 0x00, 0x00, 0x00, 0x00, 0x00,
    0x00, 0x00, 0x00, 0x00, 0x00, 0x00, 0x00, 0x00, 0x00, 0x00, 0x00, 0x00, 0x00, 0x00, 0x00, 0x00,
    0x00, 0x00, 0x00, 0x00, 0x00, 0x00, 0x00, 0x00, 0x00, 0x00, 0x00, 0x00, 0x00, 0x00, 0x00, 0x00,
    0x00, 0x00, 0x00, 0x00, 0x00, 0x00, 0x00, 0x00, 0x00, 0x00, 0x00, 0x00, 0x00, 0x00, 0x00, 0x00,
    0x00, 0x00, 0x00, 0x00, 0x00, 0x00, 0x00, 0x00, 0x00, 0x00, 0x00, 0x00, 0x00, 0x00, 0x00, 0x00,
    0x00, 0x00, 0x00, 0x00, 0x00, 0x00, 0x00, 0x00, 0x00, 0x00, 0x00, 0x00, 0x00, 0x00, 0x00, 0x00,
    0x00, 0x00, 0x00, 0x00, 0x00, 0x00, 0x00, 0x00, 0x00, 0x00, 0x00, 0x00, 0x00, 0x00, 0x00, 0x00,
    0x00, 0x00, 0x00, 0x00, 0x00, 0x00, 0x00, 0x00, 0x00, 0x00, 0x00, 0x00, 0x00, 0x00, 0x00, 0x00,
    0x00, 0x00, 0x00, 0x00, 0x00, 0x00, 0x00, 0x00, 0x00, 0x00, 0x00, 0x00, 0x00, 0x00, 0x00, 0x00,
    0x00, 0x00, 0x00, 0x00, 0x00, 0x00, 0x00, 0x00, 0xFF, 0xAA, 0xAA, 0x03, 0xFF, 0xBF, 0xBF, 0x04,
    0xFF, 0xFF, 0xFF, 0x01, 0x00, 0x00, 0x00, 0x00, 0x00, 0x00, 0x00, 0x00, 0x00, 0x00, 0x00, 0x00,
    0x00, 0x00, 0x00, 0x00, 0x00, 0x00, 0x00, 0x00, 0x00, 0x00, 0x00, 0x00, 0x00, 0x00, 0x00, 0x00,
    0x00, 0x00, 0x00, 0x00, 0x00, 0x00, 0x00, 0x00, 0x00, 0x00, 0x00, 0x00, 0x00, 0x00, 0x00, 0x00,
    0x00, 0x00, 0x00, 0x00, 0x00, 0x00, 0x00, 0x00, 0x00, 0x00, 0x00, 0x00, 0x00, 0x00, 0x00, 0x00,
    0x00, 0x00, 0x00, 0x00, 0x00, 0x00, 0x00, 0x00, 0xFF, 0xFF, 0xFF, 0x01, 0xFF, 0xFF, 0xFF, 0x01,
    0xFF, 0xFF, 0xFF, 0x01, 0xFF, 0xFF, 0xFF, 0x01, 0xFF, 0xFF, 0xFF, 0x01, 0xFF, 0xFF, 0xFF, 0x01,
    0xFF, 0xFF, 0xFF, 0x01, 0xFF, 0xFF, 0xFF, 0x01, 0xFF, 0xFF, 0xFF, 0x01, 0xFF, 0xFF, 0xFF, 0x01,
    0xFF, 0xFF, 0xFF, 0x01, 0xFF, 0xFF, 0xFF, 0x01, 0xFF, 0xFF, 0xFF, 0x01, 0xFF, 0xFF, 0xFF, 0x01,
    0xFF, 0xFF, 0xFF, 0x01, 0xFF, 0xFF, 0xFF, 0x01, 0xFF, 0xFF, 0xFF, 0x01, 0xFF, 0xFF, 0xFF, 0x01,
    0xFF, 0xFF, 0xFF, 0x01, 0xFF, 0xFF, 0xFF, 0x01, 0xFF, 0xFF, 0xFF, 0x01, 0xFF, 0xFF, 0xFF, 0x01,
    0xFF, 0xFF, 0xFF, 0x01, 0xFF, 0xFF, 0xFF, 0x01, 0xFF, 0xFF, 0xFF, 0x01, 0xFF, 0xFF, 0xFF, 0x01,
    0xFF, 0xFF, 0xFF, 0x01, 0xFF, 0xFF, 0xFF, 0x01, 0xFF, 0xFF, 0xFF, 0x01, 0xFF, 0xFF, 0xFF, 0x01,
    0xFF, 0xFF, 0xFF, 0x01, 0xFF, 0xFF, 0xFF, 0x01, 0xFF, 0xFF, 0xFF, 0x01, 0xFF, 0xFF, 0xFF, 0x01,
    0xFF, 0xFF, 0xFF, 0x01, 0xFF, 0xFF, 0xFF, 0x01, 0xFF, 0xFF, 0xFF, 0x01, 0xFF, 0xFF, 0xFF, 0x01,
    0xFF, 0xFF, 0xFF, 0x01, 0xFF, 0xFF, 0xFF, 0x01, 0xFF, 0xFF, 0xFF, 0x01, 0xFF, 0xFF, 0xFF, 0x01,
    0xFF, 0xFF, 0xFF, 0x01, 0xFF, 0xFF, 0xFF, 0x01, 0x00, 0x00, 0x00, 0x00, 0x00, 0x00, 0x00, 0x00,
    0x00, 0x00, 0x00, 0x00, 0x00, 0x00, 0x00, 0x00, 0x00, 0x00, 0x00, 0x00, 0x00, 0x00, 0x00, 0x00,
    0x00, 0x00, 0x00, 0x00, 0x00, 0x00, 0x00, 0x00, 0x00, 0x00, 0x00, 0x00, 0x00, 0x00, 0x00, 0x00,
    0x00, 0x00, 0x00, 0x00, 0x00, 0x00, 0x00, 0x00, 0x00, 0x00, 0x00, 0x00, 0x00, 0x00, 0x00, 0x00,
    0x00, 0x00, 0x00, 0x00, 0x00, 0x00, 0x00, 0x00, 0x00, 0x00, 0x00, 0x00, 0x00, 0x00, 0x00, 0x00,
    0x00, 0x00, 0x00, 0x00, 0x00, 0x00, 0x00, 0x00, 0x00, 0x00, 0x00, 0x00, 0x00, 0x00, 0x00, 0x00,
    0x00, 0x00, 0x00, 0x00, 0x00, 0x00, 0x00, 0x00, 0x00, 0x00, 0x00, 0x00, 0x00, 0x00, 0x00, 0x00,
    0x00, 0x00, 0x00, 0x00, 0x00, 0x00, 0x00, 0x00, 0x00, 0x00, 0x00, 0x00, 0x00, 0x00, 0x00, 0x00,
    0x00, 0x00, 0x00, 0x00, 0x00, 0x00, 0x00, 0x00, 0x00, 0x00, 0x00, 0x00, 0x00, 0x00, 0x00, 0x00,
    0x00, 0x00, 0x00, 0x00, 0x00, 0x00, 0x00, 0x00, 0x00, 0x00, 0x00, 0x00, 0x00, 0x00, 0x00, 0x00,
    0x00, 0x00, 0x00, 0x00, 0x00, 0x00, 0x00, 0x00, 0x00, 0x00, 0x00, 0x00, 0x00, 0x00, 0x00, 0x00,
    0x00, 0x00, 0x00, 0x00, 0x00, 0x00, 0x00, 0x00, 0x00, 0x00, 0x00, 0x00, 0x00, 0x00, 0x00, 0x00,
    0x00, 0x00, 0x00, 0x00, 0x00, 0x00, 0x00, 0x00, 0x00, 0x00, 0x00, 0x00, 0x00, 0x00, 0x00, 0x00,
    0x00, 0x00, 0x00, 0x00, 0x00, 0x00, 0x00, 0x00, 0x00, 0x00, 0x00, 0x00, 0x00, 0x00, 0x00, 0x00,
    0x00, 0x00, 0x00, 0x00, 0x00, 0x00, 0x00, 0x00, 0x00, 0x00, 0x00, 0x00, 0x00, 0x00, 0x00, 0x00,
    0x00, 0x00, 0x00, 0x00, 0x00, 0x00, 0x00, 0x00, 0x00, 0x00, 0x00, 0x00, 0x00, 0x00, 0x00, 0x00,
    0x00, 0x00, 0x00, 0x00, 0x00, 0x00, 0x00, 0x00, 0x00, 0x00, 0x00, 0x00, 0x00, 0x00, 0x00, 0x00,
    0x00, 0x00, 0x00, 0x00, 0x00, 0x00, 0x00, 0x00, 0x00, 0x00, 0x00, 0x00, 0x00, 0x00, 0x00, 0x00,
    0x00, 0x00, 0x00, 0x00, 0x00, 0x00, 0x00, 0x00, 0x00, 0x00, 0x00, 0x00, 0x00, 0x00, 0x00, 0x00,
};

const lv_image_dsc_t UI_IMG_WMO_FOG_PNG = {
    .header.w     = 64,
    .header.h     = 64,
    .data_size    = sizeof(UI_IMG_WMO_FOG_PNG_DATA),
    .header.cf    = LV_COLOR_FORMAT_ARGB8888,
    .header.magic = LV_IMAGE_HEADER_MAGIC,
    .data         = UI_IMG_WMO_FOG_PNG_DATA};
