// Auto-generated from wx-snow.png — 64x64 ARGB8888
#include "../../ui.h"

#ifndef LV_ATTRIBUTE_MEM_ALIGN
#    define LV_ATTRIBUTE_MEM_ALIGN
#endif

const LV_ATTRIBUTE_MEM_ALIGN uint8_t UI_IMG_WX_SNOW_PNG_DATA[] = {
    0x00, 0x00, 0x00, 0x00, 0x00, 0x00, 0x00, 0x00, 0x00, 0x00, 0x00, 0x00, 0x00, 0x00, 0x00, 0x00,
    0x00, 0x00, 0x00, 0x00, 0x00, 0x00, 0x00, 0x00, 0x00, 0x00, 0x00, 0x00, 0x00, 0x00, 0x00, 0x00,
    0x00, 0x00, 0x00, 0x00, 0x00, 0x00, 0x00, 0x00, 0x00, 0x00, 0x00, 0x00, 0x00, 0x00, 0x00, 0x00,
    0x00, 0x00, 0x00, 0x00, 0x00, 0x00, 0x00, 0x00, 0x00, 0x00, 0x00, 0x00, 0x00, 0x00, 0x00, 0x00,
    0x00, 0x00, 0x00, 0x00, 0x00, 0x00, 0x00, 0x00, 0x00, 0x00, 0x00, 0x00, 0x00, 0x00, 0x00, 0x00,
    0x00, 0x00, 0x00, 0x00, 0x00, 0x00, 0x00, 0x00, 0x00, 0x00, 0x00, 0x00, 0x00, 0x00, 0x00, 0x00,
    0x00, 0x00, 0x00, 0x00, 0x00, 0x00, 0x00, 0x00, 0x00, 0x00, 0x00, 0x00, 0x00, 0x00, 0x00, 0x00,
    0x00, 0x00, 0x00, 0x00, 0x00, 0x00, 0x00, 0x00, 0x00, 0x00, 0x00, 0x00, 0x00, 0x00, 0x00, 0x00,
    0x00, 0x00, 0x00, 0x00, 0x00, 0x00, 0x00, 0x00, 0x00, 0x00, 0x00, 0x00, 0x00, 0x00, 0x00, 0x00,
    0x00, 0x00, 0x00, 0x00, 0x00, 0x00, 0x00, 0x00, 0x00, 0x00, 0x00, 0x00, 0x00, 0x00, 0x00, 0x00,
    0x00, 0x00, 0x00, 0x00, 0x00, 0x00, 0x00, 0x00, 0x00, 0x00, 0x00, 0x00, 0x00, 0x00, 0x00, 0x00,
    0x00, 0x00, 0x00, 0x00, 0x00, 0x00, 0x00, 0x00, 0x00, 0x00, 0x00, 0x00, 0x00, 0x00, 0x00, 0x00,
    0x00, 0x00, 0x00, 0x00, 0x00, 0x00, 0x00, 0x00, 0x00, 0x00, 0x00, 0x00, 0x00, 0x00, 0x00, 0x00,
    0x00, 0x00, 0x00, 0x00, 0x00, 0x00, 0x00, 0x00, 0x00, 0x00, 0x00, 0x00, 0x00, 0x00, 0x00, 0x00,
    0x00, 0x00, 0x00, 0x00, 0x00, 0x00, 0x00, 0x00, 0x00, 0x00, 0x00, 0x00, 0x00, 0x00, 0x00, 0x00,
    0x00, 0x00, 0x00, 0x00, 0x00, 0x00, 0x00, 0x00, 0x00, 0x00, 0x00, 0x00, 0x00, 0x00, 0x00, 0x00,
    0x00, 0x00, 0x00, 0x00, 0x00, 0x00, 0x00, 0x00, 0x00, 0x00, 0x00, 0x00, 0x00, 0x00, 0x00, 0x00,
    0x00, 0x00, 0x00, 0x00, 0x00, 0x00, 0x00, 0x00, 0x00, 0x00, 0x00, 0x00, 0x00, 0x00, 0x00, 0x00,
    0x00, 0x00, 0x00, 0x00, 0x00, 0x00, 0x00, 0x00, 0x00, 0x00, 0x00, 0x00, 0x00, 0x00, 0x00, 0x00,
    0x00, 0x00, 0x00, 0x00, 0x00, 0x00, 0x00, 0x00, 0x00, 0x00, 0x00, 0x00, 0x00, 0x00, 0x00, 0x00,
    0x00, 0x00, 0x00, 0x00, 0x00, 0x00, 0x00, 0x00, 0x00, 0x00, 0x00, 0x00, 0x00, 0x00, 0x00, 0x00,
    0x00, 0x00, 0x00, 0x00, 0x00, 0x00, 0x00, 0x00, 0x00, 0x00, 0x00, 0x00, 0x00, 0x00, 0x00, 0x00,
    0x00, 0x00, 0x00, 0x00, 0x00, 0x00, 0x00, 0x00, 0x00, 0x00, 0x00, 0x00, 0x00, 0x00, 0x00, 0x00,
    0x00, 0x00, 0x00, 0x00, 0x00, 0x00, 0x00, 0x00, 0x00, 0x00, 0x00, 0x00, 0x00, 0x00, 0x00, 0x00,
    0x00, 0x00, 0x00, 0x00, 0x00, 0x00, 0x00, 0x00, 0x00, 0x00, 0x00, 0x00, 0x00, 0x00, 0x00, 0x00,
    0x00, 0x00, 0x00, 0x00, 0x00, 0x00, 0x00, 0x00, 0x00, 0x00, 0x00, 0x00, 0x00, 0x00, 0x00, 0x00,
    0xFF, 0x00, 0x00, 0x01, 0xFF, 0xFF, 0xFF, 0x01, 0xFF, 0xFF, 0xFF, 0x01, 0x00, 0x00, 0x00, 0x00,
    0x00, 0x00, 0x00, 0x00, 0x00, 0x00, 0x00, 0x00, 0x00, 0x00, 0x00, 0x00, 0x00, 0x00, 0x00, 0x00,
    0x00, 0x00, 0x00, 0x00, 0x00, 0x00, 0x00, 0x00, 0x00, 0x00, 0x00, 0x00, 0x00, 0x00, 0x00, 0x00,
    0x00, 0x00, 0x00, 0x00, 0x00, 0x00, 0x00, 0x00, 0x00, 0x00, 0x00, 0x00, 0x00, 0x00, 0x00, 0x00,
    0x00, 0x00, 0x00, 0x00, 0x00, 0x00, 0x00, 0x00, 0x00, 0x00, 0x00, 0x00, 0x00, 0x00, 0x00, 0x00,
    0x00, 0x00, 0x00, 0x00, 0x00, 0x00, 0x00, 0x00, 0x00, 0x00, 0x00, 0x00, 0x00, 0x00, 0x00, 0x00,
    0x00, 0x00, 0x00, 0x00, 0x00, 0x00, 0x00, 0x00, 0x00, 0x00, 0x00, 0x00, 0x00, 0x00, 0x00, 0x00,
    0x00, 0x00, 0x00, 0x00, 0x00, 0x00, 0x00, 0x00, 0x00, 0x00, 0x00, 0x00, 0x00, 0x00, 0x00, 0x00,
    0x00, 0x00, 0x00, 0x00, 0x00, 0x00, 0x00, 0x00, 0x00, 0x00, 0x00, 0x00, 0x00, 0x00, 0x00, 0x00,
    0x00, 0x00, 0x00, 0x00, 0x00, 0x00, 0x00, 0x00, 0x00, 0x00, 0x00, 0x00, 0x00, 0x00, 0x00, 0x00,
    0x00, 0x00, 0x00, 0x00, 0x00, 0x00, 0x00, 0x00, 0x00, 0x00, 0x00, 0x00, 0x00, 0x00, 0x00, 0x00,
    0x00, 0x00, 0x00, 0x00, 0x00, 0x00, 0x00, 0x00, 0x00, 0x00, 0x00, 0x00, 0x00, 0x00, 0x00, 0x00,
    0x00, 0x00, 0x00, 0x00, 0x00, 0x00, 0x00, 0x00, 0x00, 0x00, 0x00, 0x00, 0x00, 0x00, 0x00, 0x00,
    0x00, 0x00, 0x00, 0x00, 0x00, 0x00, 0x00, 0x00, 0x00, 0x00, 0x00, 0x00, 0x00, 0x00, 0x00, 0x00,
    0x00, 0x00, 0x00, 0x00, 0x00, 0x00, 0x00, 0x00, 0x00, 0x00, 0x00, 0x00, 0x00, 0x00, 0x00, 0x00,
    0xFF, 0x7F, 0x7F, 0x02, 0xFF, 0xBF, 0xBF, 0x04, 0xFF, 0xBF, 0xBF, 0x04, 0xFF, 0xFF, 0xFF, 0x02,
    0x00, 0x00, 0x00, 0x00, 0x00, 0x00, 0x00, 0x00, 0x00, 0x00, 0x00, 0x00, 0x00, 0x00, 0x00, 0x00,
    0xFF, 0xAA, 0xAA, 0x03, 0xFF, 0xBF, 0xBF, 0x04, 0xFF, 0xAA, 0xAA, 0x03, 0xFF, 0xFF, 0xFF, 0x01,
    0x00, 0x00, 0x00, 0x00, 0x00, 0x00, 0x00, 0x00, 0x00, 0x00, 0x00, 0x00, 0x00, 0x00, 0x00, 0x00,
    0x00, 0x00, 0x00, 0x00, 0x00, 0x00, 0x00, 0x00, 0x00, 0x00, 0x00, 0x00, 0x00, 0x00, 0x00, 0x00,
    0x00, 0x00, 0x00, 0x00, 0x00, 0x00, 0x00, 0x00, 0x00, 0x00, 0x00, 0x00, 0x00, 0x00, 0x00, 0x00,
    0x00, 0x00, 0x00, 0x00, 0x00, 0x00, 0x00, 0x00, 0x00, 0x00, 0x00, 0x00, 0x00, 0x00, 0x00, 0x00,
    0x00, 0x00, 0x00, 0x00, 0x00, 0x00, 0x00, 0x00, 0x00, 0x00, 0x00, 0x00, 0x00, 0x00, 0x00, 0x00,
    0x00, 0x00, 0x00, 0x00, 0x00, 0x00, 0x00, 0x00, 0x00, 0x00, 0x00, 0x00, 0x00, 0x00, 0x00, 0x00,
    0x00, 0x00, 0x00, 0x00, 0x00, 0x00, 0x00, 0x00, 0x00, 0x00, 0x00, 0x00, 0x00, 0x00, 0x00, 0x00,
    0x00, 0x00, 0x00, 0x00, 0x00, 0x00, 0x00, 0x00, 0x00, 0x00, 0x00, 0x00, 0x00, 0x00, 0x00, 0x00,
    0x00, 0x00, 0x00, 0x00, 0x00, 0x00, 0x00, 0x00, 0x00, 0x00, 0x00, 0x00, 0x00, 0x00, 0x00, 0x00,
    0x00, 0x00, 0x00, 0x00, 0x00, 0x00, 0x00, 0x00, 0x00, 0x00, 0x00, 0x00, 0x00, 0x00, 0x00, 0x00,
    0x00, 0x00, 0x00, 0x00, 0x00, 0x00, 0x00, 0x00, 0x00, 0x00, 0x00, 0x00, 0x00, 0x00, 0x00, 0x00,
    0x00, 0x00, 0x00, 0x00, 0x00, 0x00, 0x00, 0x00, 0x00, 0x00, 0x00, 0x00, 0x00, 0x00, 0x00, 0x00,
    0x00, 0x00, 0x00, 0x00, 0xFF, 0x00, 0x00, 0x01, 0xFF, 0xAA, 0xAA, 0x03, 0xFF, 0xFF, 0xFF, 0x01,
    0x00, 0x00, 0x00, 0x00, 0x00, 0x00, 0x00, 0x00, 0x00, 0x00, 0x00, 0x00, 0x00, 0x00, 0x00, 0x00,
    0xFF, 0xFF, 0xFF, 0x01, 0xFF, 0x9F, 0xBF, 0x08, 0xDA, 0x91, 0x91, 0x07, 0x00, 0x00, 0x00, 0x00,
    0x00, 0x00, 0x00, 0x00, 0x00, 0x00, 0x00, 0x00, 0x00, 0x00, 0x00, 0x00, 0x00, 0x00, 0x00, 0x00,
    0xFF, 0xFF, 0xFF, 0x03, 0xFF, 0xFF, 0xFF, 0x02, 0x00, 0x00, 0x00, 0x00, 0x00, 0x00, 0x00, 0x00,
    0x00, 0x00, 0x00, 0x00, 0x00, 0x00, 0x00, 0x00, 0x00, 0x00, 0x00, 0x00, 0x00, 0x00, 0x00, 0x00,
    0x00, 0x00, 0x00, 0x00, 0x00, 0x00, 0x00, 0x00, 0x00, 0x00, 0x00, 0x00, 0x00, 0x00, 0x00, 0x00,
    0x00, 0x00, 0x00, 0x00, 0x00, 0x00, 0x00, 0x00, 0x00, 0x00, 0x00, 0x00, 0x00, 0x00, 0x00, 0x00,
    0x00, 0x00, 0x00, 0x00, 0x00, 0x00, 0x00, 0x00, 0x00, 0x00, 0x00, 0x00, 0x00, 0x00, 0x00, 0x00,
    0x00, 0x00, 0x00, 0x00, 0x00, 0x00, 0x00, 0x00, 0x00, 0x00, 0x00, 0x00, 0x00, 0x00, 0x00, 0x00,
    0x00, 0x00, 0x00, 0x00, 0x00, 0x00, 0x00, 0x00, 0x00, 0x00, 0x00, 0x00, 0x00, 0x00, 0x00, 0x00,
    0x00, 0x00, 0x00, 0x00, 0x00, 0x00, 0x00, 0x00, 0x00, 0x00, 0x00, 0x00, 0x00, 0x00, 0x00, 0x00,
    0x00, 0x00, 0x00, 0x00, 0x00, 0x00, 0x00, 0x00, 0x00, 0x00, 0x00, 0x00, 0x00, 0x00, 0x00, 0x00,
    0x00, 0x00, 0x00, 0x00, 0x00, 0x00, 0x00, 0x00, 0x00, 0x00, 0x00, 0x00, 0x00, 0x00, 0x00, 0x00,
    0x00, 0x00, 0x00, 0x00, 0x00, 0x00, 0x00, 0x00, 0x00, 0x00, 0x00, 0x00, 0x00, 0x00, 0x00, 0x00,
    0x00, 0x00, 0x00, 0x00, 0x00, 0x00, 0x00, 0x00, 0x00, 0x00, 0x00, 0x00, 0x00, 0x00, 0x00, 0x00,
    0xFF, 0xAA, 0xAA, 0x03, 0x00, 0x00, 0x00, 0x00, 0x00, 0x00, 0x00, 0x00, 0x00, 0x00, 0x00, 0x00,
    0xF8, 0xB3, 0xB3, 0x25, 0xFC, 0xBA, 0xBA, 0x61, 0xFD, 0xBC, 0xBC, 0x96, 0xFC, 0xBA, 0xBA, 0xBE,
    0xFD, 0xBC, 0xBC, 0xD4, 0xFD, 0xBC, 0xBC, 0xE0, 0xFD, 0xBD, 0xBE, 0xDD, 0xFF, 0xBF, 0xBF, 0xCD,
    0xFD, 0xBD, 0xBD, 0xB2, 0xFD, 0xBC, 0xBC, 0x86, 0xFB, 0xBD, 0xBD, 0x4A, 0xF0, 0xB4, 0xB4, 0x11,
    0x00, 0x00, 0x00, 0x00, 0x00, 0x00, 0x00, 0x00, 0xFF, 0xFF, 0xFF, 0x02, 0xFF, 0x7F, 0x7F, 0x02,
    0x00, 0x00, 0x00, 0x00, 0x00, 0x00, 0x00, 0x00, 0x00, 0x00, 0x00, 0x00, 0x00, 0x00, 0x00, 0x00,
    0x00, 0x00, 0x00, 0x00, 0x00, 0x00, 0x00, 0x00, 0x00, 0x00, 0x00, 0x00, 0x00, 0x00, 0x00, 0x00,
    0x00, 0x00, 0x00, 0x00, 0x00, 0x00, 0x00, 0x00, 0x00, 0x00, 0x00, 0x00, 0x00, 0x00, 0x00, 0x00,
    0x00, 0x00, 0x00, 0x00, 0x00, 0x00, 0x00, 0x00, 0x00, 0x00, 0x00, 0x00, 0x00, 0x00, 0x00, 0x00,
    0x00, 0x00, 0x00, 0x00, 0x00, 0x00, 0x00, 0x00, 0x00, 0x00, 0x00, 0x00, 0x00, 0x00, 0x00, 0x00,
    0x00, 0x00, 0x00, 0x00, 0x00, 0x00, 0x00, 0x00, 0x00, 0x00, 0x00, 0x00, 0x00, 0x00, 0x00, 0x00,
    0x00, 0x00, 0x00, 0x00, 0x00, 0x00, 0x00, 0x00, 0x00, 0x00, 0x00, 0x00, 0x00, 0x00, 0x00, 0x00,
    0x00, 0x00, 0x00, 0x00, 0x00, 0x00, 0x00, 0x00, 0x00, 0x00, 0x00, 0x00, 0x00, 0x00, 0x00, 0x00,
    0x00, 0x00, 0x00, 0x00, 0x00, 0x00, 0x00, 0x00, 0x00, 0x00, 0x00, 0x00, 0x00, 0x00, 0x00, 0x00,
    0x00, 0x00, 0x00, 0x00, 0x00, 0x00, 0x00, 0x00, 0x00, 0x00, 0x00, 0x00, 0x00, 0x00, 0x00, 0x00,
    0x00, 0x00, 0x00, 0x00, 0x00, 0x00, 0x00, 0x00, 0xFF, 0xFF, 0xFF, 0x01, 0xFF, 0xAA, 0xAA, 0x03,
    0x00, 0x00, 0x00, 0x00, 0xFF, 0x55, 0x55, 0x03, 0xFC, 0xB7, 0xBA, 0x56, 0xFD, 0xBB, 0xBD, 0xBA,
    0xFD, 0xBC, 0xBC, 0xF8, 0xFF, 0xC9, 0xCA, 0xFF, 0xFF, 0xCD, 0xCE, 0xFF, 0xFF, 0xCD, 0xCE, 0xFF,
    0xFF, 0xCD, 0xCD, 0xFF, 0xFF, 0xCD, 0xCD, 0xFF, 0xFF, 0xCF, 0xCF, 0xFF, 0xFF, 0xD1, 0xD1, 0xFF,
    0xFF, 0xD3, 0xD4, 0xFF, 0xFF, 0xD4, 0xD4, 0xFF, 0xFF, 0xCD, 0xCD, 0xFF, 0xFD, 0xC4, 0xC5, 0xE6,
    0xFD, 0xC1, 0xC1, 0x99, 0xFF, 0xBA, 0xBA, 0x34, 0x00, 0x00, 0x00, 0x00, 0x00, 0x00, 0x00, 0x00,
    0xFF, 0xAA, 0xAA, 0x03, 0x00, 0x00, 0x00, 0x00, 0x00, 0x00, 0x00, 0x00, 0x00, 0x00, 0x00, 0x00,
    0x00, 0x00, 0x00, 0x00, 0x00, 0x00, 0x00, 0x00, 0x00, 0x00, 0x00, 0x00, 0x00, 0x00, 0x00, 0x00,
    0x00, 0x00, 0x00, 0x00, 0x00, 0x00, 0x00, 0x00, 0x00, 0x00, 0x00, 0x00, 0x00, 0x00, 0x00, 0x00,
    0x00, 0x00, 0x00, 0x00, 0x00, 0x00, 0x00, 0x00, 0x00, 0x00, 0x00, 0x00, 0x00, 0x00, 0x00, 0x00,
    0x00, 0x00, 0x00, 0x00, 0x00, 0x00, 0x00, 0x00, 0x00, 0x00, 0x00, 0x00, 0x00, 0x00, 0x00, 0x00,
    0x00, 0x00, 0x00, 0x00, 0x00, 0x00, 0x00, 0x00, 0x00, 0x00, 0x00, 0x00, 0x00, 0x00, 0x00, 0x00,
    0x00, 0x00, 0x00, 0x00, 0x00, 0x00, 0x00, 0x00, 0x00, 0x00, 0x00, 0x00, 0x00, 0x00, 0x00, 0x00,
    0x00, 0x00, 0x00, 0x00, 0x00, 0x00, 0x00, 0x00, 0x00, 0x00, 0x00, 0x00, 0x00, 0x00, 0x00, 0x00,
    0x00, 0x00, 0x00, 0x00, 0x00, 0x00, 0x00, 0x00, 0xFF, 0xFF, 0xFF, 0x01, 0xFF, 0xAA, 0xAA, 0x03,
    0xFF, 0xAA, 0xAA, 0x03, 0xFF, 0xAA, 0xAA, 0x03, 0xFF, 0x7F, 0x7F, 0x02, 0x00, 0x00, 0x00, 0x00,
    0x00, 0x00, 0x00, 0x00, 0xFF, 0x7F, 0x7F, 0x02, 0x00, 0x00, 0x00, 0x00, 0x00, 0x00, 0x00, 0x00,
    0xFB, 0xB4, 0xB4, 0x4B, 0xFD, 0xBB, 0xBB, 0xCC, 0xFF, 0xC5, 0xC5, 0xFF, 0xFF, 0xC8, 0xC8, 0xFF,
    0xFF, 0xC4, 0xC5, 0xFF, 0xFF, 0xC6, 0xC7, 0xFC, 0xFF, 0xCA, 0xCB, 0xFB, 0xFF, 0xCD, 0xCE, 0xFC,
    0xFF, 0xCF, 0xD0, 0xFD, 0xFF, 0xD2, 0xD3, 0xFD, 0xFF, 0xD3, 0xD4, 0xFD, 0xFF, 0xD3, 0xD4, 0xFD,
    0xFF, 0xD4, 0xD4, 0xFC, 0xFF, 0xD3, 0xD4, 0xFB, 0xFF, 0xD1, 0xD1, 0xFD, 0xFF, 0xD3, 0xD3, 0xFF,
    0xFF, 0xD7, 0xD7, 0xFF, 0xFF, 0xC8, 0xC8, 0xFD, 0xFD, 0xC3, 0xC5, 0xA3, 0xF7, 0xAC, 0xB4, 0x22,
    0x00, 0x00, 0x00, 0x00, 0xFF, 0xFF, 0xFF, 0x03, 0x00, 0x00, 0x00, 0x00, 0x00, 0x00, 0x00, 0x00,
    0x00, 0x00, 0x00, 0x00, 0x00, 0x00, 0x00, 0x00, 0x00, 0x00, 0x00, 0x00, 0x00, 0x00, 0x00, 0x00,
    0x00, 0x00, 0x00, 0x00, 0x00, 0x00, 0x00, 0x00, 0x00, 0x00, 0x00, 0x00, 0x00, 0x00, 0x00, 0x00,
    0x00, 0x00, 0x00, 0x00, 0x00, 0x00, 0x00, 0x00, 0x00, 0x00, 0x00, 0x00, 0x00, 0x00, 0x00, 0x00,
    0x00, 0x00, 0x00, 0x00, 0x00, 0x00, 0x00, 0x00, 0x00, 0x00, 0x00, 0x00, 0x00, 0x00, 0x00, 0x00,
    0x00, 0x00, 0x00, 0x00, 0x00, 0x00, 0x00, 0x00, 0x00, 0x00, 0x00, 0x00, 0x00, 0x00, 0x00, 0x00,
    0x00, 0x00, 0x00, 0x00, 0x00, 0x00, 0x00, 0x00, 0x00, 0x00, 0x00, 0x00, 0x00, 0x00, 0x00, 0x00,
    0x00, 0x00, 0x00, 0x00, 0x00, 0x00, 0x00, 0x00, 0x00, 0x00, 0x00, 0x00, 0x00, 0x00, 0x00, 0x00,
    0xFF, 0xFF, 0xFF, 0x02, 0xFF, 0xFF, 0xFF, 0x02, 0x00, 0x00, 0x00, 0x00, 0x00, 0x00, 0x00, 0x00,
    0x00, 0x00, 0x00, 0x00, 0x00, 0x00, 0x00, 0x00, 0x00, 0x00, 0x00, 0x00, 0xFF, 0xFF, 0xFF, 0x01,
    0xFF, 0x99, 0x99, 0x05, 0x00, 0x00, 0x00, 0x00, 0xE5, 0x99, 0x99, 0x0A, 0xFA, 0xB7, 0xB7, 0x9A,
    0xFF, 0xC1, 0xC1, 0xFF, 0xFF, 0xC4, 0xC5, 0xFF, 0xFF, 0xC1, 0xC1, 0xFC, 0xFF, 0xC6, 0xC7, 0xFC,
    0xFF, 0xCA, 0xCB, 0xFE, 0xFF, 0xCF, 0xD0, 0xFF, 0xFF, 0xD3, 0xD4, 0xFF, 0xFF, 0xD6, 0xD7, 0xFF,
    0xFF, 0xD9, 0xDA, 0xFF, 0xFF, 0xDB, 0xDC, 0xFF, 0xFF, 0xDC, 0xDD, 0xFF, 0xFF, 0xDD, 0xDE, 0xFF,
    0xFF, 0xDE, 0xDE, 0xFF, 0xFF, 0xDD, 0xDE, 0xFF, 0xFF, 0xDC, 0xDC, 0xFF, 0xFF, 0xD8, 0xD9, 0xFE,
    0xFF, 0xD7, 0xD7, 0xFB, 0xFF, 0xD2, 0xD2, 0xFE, 0xFF, 0xD9, 0xD9, 0xFF, 0xFF, 0xC9, 0xC9, 0xED,
    0xFC, 0xBD, 0xBD, 0x5E, 0x00, 0x00, 0x00, 0x00, 0xFF, 0xFF, 0xFF, 0x02, 0xFF, 0x00, 0x00, 0x01,
    0x00, 0x00, 0x00, 0x00, 0x00, 0x00, 0x00, 0x00, 0x00, 0x00, 0x00, 0x00, 0x00, 0x00, 0x00, 0x00,
    0x00, 0x00, 0x00, 0x00, 0x00, 0x00, 0x00, 0x00, 0x00, 0x00, 0x00, 0x00, 0x00, 0x00, 0x00, 0x00,
    0x00, 0x00, 0x00, 0x00, 0x00, 0x00, 0x00, 0x00, 0x00, 0x00, 0x00, 0x00, 0x00, 0x00, 0x00, 0x00,
    0x00, 0x00, 0x00, 0x00, 0x00, 0x00, 0x00, 0x00, 0x00, 0x00, 0x00, 0x00, 0x00, 0x00, 0x00, 0x00,
    0x00, 0x00, 0x00, 0x00, 0x00, 0x00, 0x00, 0x00, 0x00, 0x00, 0x00, 0x00, 0x00, 0x00, 0x00, 0x00,
    0x00, 0x00, 0x00, 0x00, 0x00, 0x00, 0x00, 0x00, 0x00, 0x00, 0x00, 0x00, 0x00, 0x00, 0x00, 0x00,
    0x00, 0x00, 0x00, 0x00, 0x00, 0x00, 0x00, 0x00, 0x00, 0x00, 0x00, 0x00, 0xFF, 0xAA, 0xAA, 0x03,
    0x00, 0x00, 0x00, 0x00, 0x00, 0x00, 0x00, 0x00, 0xF3, 0xB1, 0xB1, 0x17, 0xF7, 0xB7, 0xB7, 0x40,
    0xFB, 0xB9, 0xB9, 0x51, 0xF7, 0xB7, 0xB7, 0x47, 0xF7, 0xBB, 0xBB, 0x22, 0x00, 0x00, 0x00, 0x00,
    0x00, 0x00, 0x00, 0x00, 0xF6, 0xB2, 0xB2, 0x1E, 0xFC, 0xBA, 0xBA, 0xC8, 0xFF, 0xC7, 0xC7, 0xFF,
    0xFF, 0xBE, 0xBF, 0xFC, 0xFF, 0xC2, 0xC3, 0xFD, 0xFF, 0xC9, 0xC9, 0xFF, 0xFF, 0xCD, 0xCE, 0xFF,
    0xFF, 0xD2, 0xD3, 0xFF, 0xFF, 0xD6, 0xD7, 0xFF, 0xFF, 0xD9, 0xDB, 0xFF, 0xFF, 0xDC, 0xDE, 0xFF,
    0xFF, 0xDF, 0xE0, 0xFF, 0xFF, 0xE0, 0xE1, 0xFF, 0xFF, 0xE2, 0xE4, 0xFF, 0xFF, 0xE4, 0xE5, 0xFF,
    0xFF, 0xE5, 0xE6, 0xFF, 0xFF, 0xE5, 0xE6, 0xFF, 0xFF, 0xE5, 0xE6, 0xFF, 0xFF, 0xE3, 0xE4, 0xFF,
    0xFF, 0xE0, 0xE1, 0xFF, 0xFF, 0xDC, 0xDD, 0xFF, 0xFF, 0xD7, 0xD8, 0xFB, 0xFF, 0xD5, 0xD5, 0xFF,
    0xFF, 0xD4, 0xD4, 0xFF, 0xFF, 0xC1, 0xC1, 0x89, 0x00, 0x00, 0x00, 0x00, 0xFF, 0xFF, 0xFF, 0x02,
    0xFF, 0xFF, 0xFF, 0x01, 0x00, 0x00, 0x00, 0x00, 0x00, 0x00, 0x00, 0x00, 0x00, 0x00, 0x00, 0x00,
    0x00, 0x00, 0x00, 0x00, 0x00, 0x00, 0x00, 0x00, 0x00, 0x00, 0x00, 0x00, 0x00, 0x00, 0x00, 0x00,
    0x00, 0x00, 0x00, 0x00, 0x00, 0x00, 0x00, 0x00, 0x00, 0x00, 0x00, 0x00, 0x00, 0x00, 0x00, 0x00,
    0x00, 0x00, 0x00, 0x00, 0x00, 0x00, 0x00, 0x00, 0x00, 0x00, 0x00, 0x00, 0x00, 0x00, 0x00, 0x00,
    0x00, 0x00, 0x00, 0x00, 0x00, 0x00, 0x00, 0x00, 0x00, 0x00, 0x00, 0x00, 0x00, 0x00, 0x00, 0x00,
    0x00, 0x00, 0x00, 0x00, 0x00, 0x00, 0x00, 0x00, 0x00, 0x00, 0x00, 0x00, 0x00, 0x00, 0x00, 0x00,
    0x00, 0x00, 0x00, 0x00, 0x00, 0x00, 0x00, 0x00, 0xFF, 0xFF, 0xFF, 0x02, 0x00, 0x00, 0x00, 0x00,
    0xF5, 0xB0, 0xB0, 0x37, 0xFA, 0xBB, 0xBB, 0xAA, 0xFD, 0xBD, 0xBD, 0xED, 0xFF, 0xC4, 0xC4, 0xFF,
    0xFF, 0xC9, 0xC9, 0xFF, 0xFF, 0xC7, 0xC8, 0xFF, 0xFD, 0xBF, 0xBF, 0xF8, 0xFC, 0xBB, 0xBB, 0xC1,
    0xF7, 0xB5, 0xB5, 0x6C, 0xFB, 0xB4, 0xB4, 0xDA, 0xFF, 0xC5, 0xC6, 0xFF, 0xFF, 0xBD, 0xBE, 0xFA,
    0xFF, 0xC4, 0xC4, 0xFF, 0xFF, 0xC9, 0xCA, 0xFF, 0xFF, 0xCF, 0xD0, 0xFF, 0xFF, 0xD3, 0xD5, 0xFF,
    0xFF, 0xD7, 0xD9, 0xFF, 0xFF, 0xDA, 0xDC, 0xFF, 0xFF, 0xDD, 0xDE, 0xFF, 0xFF, 0xDF, 0xE1, 0xFF,
    0xFF, 0xE1, 0xE3, 0xFF, 0xFF, 0xE3, 0xE4, 0xFF, 0xFF, 0xE5, 0xE7, 0xFF, 0xFF, 0xE6, 0xE8, 0xFF,
    0xFF, 0xE8, 0xEA, 0xFF, 0xFF, 0xE9, 0xEA, 0xFF, 0xFF, 0xEA, 0xEB, 0xFF, 0xFF, 0xEA, 0xEB, 0xFF,
    0xFF, 0xE8, 0xEA, 0xFF, 0xFF, 0xE5, 0xE6, 0xFF, 0xFF, 0xE1, 0xE2, 0xFF, 0xFF, 0xDA, 0xDB, 0xFE,
    0xFF, 0xD6, 0xD6, 0xFB, 0xFF, 0xDB, 0xDB, 0xFF, 0xFF, 0xC0, 0xC0, 0x97, 0x00, 0x00, 0x00, 0x00,
    0xFF, 0xBF, 0xBF, 0x04, 0xFF, 0x00, 0x00, 0x01, 0x00, 0x00, 0x00, 0x00, 0x00, 0x00, 0x00, 0x00,
    0x00, 0x00, 0x00, 0x00, 0x00, 0x00, 0x00, 0x00, 0x00, 0x00, 0x00, 0x00, 0x00, 0x00, 0x00, 0x00,
    0x00, 0x00, 0x00, 0x00, 0x00, 0x00, 0x00, 0x00, 0x00, 0x00, 0x00, 0x00, 0x00, 0x00, 0x00, 0x00,
    0x00, 0x00, 0x00, 0x00, 0x00, 0x00, 0x00, 0x00, 0x00, 0x00, 0x00, 0x00, 0x00, 0x00, 0x00, 0x00,
    0x00, 0x00, 0x00, 0x00, 0x00, 0x00, 0x00, 0x00, 0x00, 0x00, 0x00, 0x00, 0x00, 0x00, 0x00, 0x00,
    0x00, 0x00, 0x00, 0x00, 0x00, 0x00, 0x00, 0x00, 0x00, 0x00, 0x00, 0x00, 0x00, 0x00, 0x00, 0x00,
    0x00, 0x00, 0x00, 0x01, 0xFF, 0xAA, 0xAA, 0x03, 0x00, 0x00, 0x00, 0x00, 0xF6, 0xB4, 0xB4, 0x7B,
    0xFC, 0xBD, 0xBD, 0xFC, 0xFF, 0xC8, 0xC8, 0xFF, 0xFF, 0xC4, 0xC4, 0xFF, 0xFF, 0xC5, 0xC5, 0xFD,
    0xFF, 0xC5, 0xC6, 0xFC, 0xFF, 0xC1, 0xC2, 0xFD, 0xFF, 0xBD, 0xBD, 0xFF, 0xFF, 0xBE, 0xBF, 0xFF,
    0xFF, 0xC0, 0xC0, 0xFF, 0xFF, 0xBC, 0xBD, 0xFF, 0xFF, 0xBD, 0xBD, 0xFD, 0xFF, 0xC4, 0xC5, 0xFF,
    0xFF, 0xC9, 0xCB, 0xFF, 0xFF, 0xCF, 0xD0, 0xFF, 0xFF, 0xD3, 0xD5, 0xFF, 0xFF, 0xD7, 0xD9, 0xFF,
    0xFF, 0xDA, 0xDC, 0xFF, 0xFF, 0xDC, 0xDE, 0xFF, 0xFF, 0xDE, 0xE0, 0xFF, 0xFF, 0xE0, 0xE2, 0xFF,
    0xFF, 0xE2, 0xE4, 0xFF, 0xFF, 0xE4, 0xE6, 0xFF, 0xFF, 0xE5, 0xE8, 0xFF, 0xFF, 0xE7, 0xEA, 0xFF,
    0xFF, 0xE9, 0xEB, 0xFF, 0xFF, 0xEA, 0xEC, 0xFF, 0xFF, 0xEC, 0xED, 0xFF, 0xFF, 0xED, 0xEE, 0xFF,
    0xFF, 0xED, 0xEE, 0xFF, 0xFF, 0xEC, 0xED, 0xFF, 0xFF, 0xE9, 0xEA, 0xFF, 0xFF, 0xE4, 0xE5, 0xFF,
    0xFF, 0xDD, 0xDE, 0xFF, 0xFF, 0xD7, 0xD7, 0xFA, 0xFF, 0xDB, 0xDB, 0xFF, 0xFF, 0xBF, 0xBF, 0x81,
    0x00, 0x00, 0x00, 0x00, 0xFF, 0xFF, 0xFF, 0x03, 0x00, 0x00, 0x00, 0x00, 0x00, 0x00, 0x00, 0x00,
    0x00, 0x00, 0x00, 0x00, 0x00, 0x00, 0x00, 0x00, 0x00, 0x00, 0x00, 0x00, 0x00, 0x00, 0x00, 0x00,
    0x00, 0x00, 0x00, 0x00, 0x00, 0x00, 0x00, 0x00, 0x00, 0x00, 0x00, 0x00, 0x00, 0x00, 0x00, 0x00,
    0x00, 0x00, 0x00, 0x00, 0x00, 0x00, 0x00, 0x00, 0x00, 0x00, 0x00, 0x00, 0x00, 0x00, 0x00, 0x00,
    0x00, 0x00, 0x00, 0x00, 0x00, 0x00, 0x00, 0x00, 0x00, 0x00, 0x00, 0x00, 0x00, 0x00, 0x00, 0x00,
    0x00, 0x00, 0x00, 0x00, 0x00, 0x00, 0x00, 0x00, 0x00, 0x00, 0x00, 0x00, 0x00, 0x00, 0x00, 0x00,
    0xFF, 0xAA, 0xAA, 0x03, 0x00, 0x00, 0x00, 0x00, 0xF5, 0xB2, 0xB2, 0x85, 0xFF, 0xC6, 0xC6, 0xFF,
    0xFF, 0xBE, 0xBE, 0xFD, 0xFF, 0xC3, 0xC4, 0xFB, 0xFF, 0xC8, 0xC8, 0xFE, 0xFF, 0xCA, 0xCB, 0xFF,
    0xFF, 0xC7, 0xC7, 0xFF, 0xFF, 0xBE, 0xBE, 0xFF, 0xFD, 0xB5, 0xB5, 0xFE, 0xFB, 0xB4, 0xB3, 0xFC,
    0xFF, 0xB7, 0xB8, 0xFB, 0xFF, 0xBC, 0xBD, 0xFD, 0xFF, 0xC3, 0xC4, 0xFF, 0xFF, 0xC8, 0xCA, 0xFF,
    0xFF, 0xCE, 0xD0, 0xFF, 0xFF, 0xD2, 0xD4, 0xFF, 0xFF, 0xD5, 0xD7, 0xFF, 0xFF, 0xD8, 0xDA, 0xFF,
    0xFF, 0xDA, 0xDD, 0xFF, 0xFF, 0xDD, 0xDF, 0xFF, 0xFF, 0xDF, 0xE1, 0xFF, 0xFF, 0xE0, 0xE3, 0xFF,
    0xFF, 0xE2, 0xE5, 0xFF, 0xFF, 0xE4, 0xE7, 0xFF, 0xFF, 0xE6, 0xE8, 0xFF, 0xFF, 0xE8, 0xEA, 0xFF,
    0xFF, 0xE9, 0xEB, 0xFF, 0xFF, 0xEB, 0xED, 0xFF, 0xFF, 0xEC, 0xEE, 0xFF, 0xFF, 0xEE, 0xF0, 0xFF,
    0xFF, 0xEF, 0xF0, 0xFF, 0xFF, 0xEF, 0xF1, 0xFF, 0xFF, 0xEE, 0xF0, 0xFF, 0xFF, 0xEB, 0xED, 0xFF,
    0xFF, 0xE6, 0xE6, 0xFF, 0xFF, 0xDD, 0xDE, 0xFE, 0xFF, 0xD7, 0xD8, 0xFB, 0xFF, 0xD3, 0xD3, 0xFF,
    0xFF, 0xBB, 0xBF, 0x4C, 0x00, 0x00, 0x00, 0x00, 0xFF, 0xAA, 0xAA, 0x03, 0x00, 0x00, 0x00, 0x00,
    0x00, 0x00, 0x00, 0x00, 0x00, 0x00, 0x00, 0x00, 0x00, 0x00, 0x00, 0x00, 0x00, 0x00, 0x00, 0x00,
    0x00, 0x00, 0x00, 0x00, 0x00, 0x00, 0x00, 0x00, 0x00, 0x00, 0x00, 0x00, 0x00, 0x00, 0x00, 0x00,
    0x00, 0x00, 0x00, 0x00, 0x00, 0x00, 0x00, 0x00, 0x00, 0x00, 0x00, 0x00, 0x00, 0x00, 0x00, 0x00,
    0x00, 0x00, 0x00, 0x00, 0x00, 0x00, 0x00, 0x00, 0x00, 0x00, 0x00, 0x00, 0x00, 0x00, 0x00, 0x00,
    0x00, 0x00, 0x00, 0x00, 0x00, 0x00, 0x00, 0x00, 0xFF, 0xFF, 0xFF, 0x01, 0xFF, 0xAA, 0xAA, 0x06,
    0xFF, 0xFF, 0xFF, 0x01, 0xF4, 0xB5, 0xB5, 0x4C, 0xFF, 0xC0, 0xC0, 0xFF, 0xFD, 0xBB, 0xBB, 0xFB,
    0xFF, 0xC0, 0xC0, 0xFE, 0xFF, 0xC8, 0xC9, 0xFF, 0xFF, 0xCD, 0xCD, 0xFF, 0xFF, 0xCB, 0xCC, 0xFF,
    0xFF, 0xC3, 0xC4, 0xFF, 0xFF, 0xB8, 0xB9, 0xFF, 0xFD, 0xB4, 0xB4, 0xFF, 0xFF, 0xB6, 0xB7, 0xFF,
    0xFF, 0xBB, 0xBC, 0xFF, 0xFF, 0xC0, 0xC1, 0xFF, 0xFF, 0xC7, 0xC8, 0xFF, 0xFF, 0xCC, 0xCE, 0xFF,
    0xFF, 0xD1, 0xD3, 0xFF, 0xFF, 0xD4, 0xD6, 0xFF, 0xFF, 0xD7, 0xD9, 0xFF, 0xFF, 0xD9, 0xDB, 0xFF,
    0xFF, 0xDB, 0xDE, 0xFF, 0xFF, 0xDD, 0xE0, 0xFF, 0xFF, 0xDF, 0xE1, 0xFF, 0xFF, 0xE0, 0xE3, 0xFF,
    0xFF, 0xE2, 0xE5, 0xFF, 0xFF, 0xE4, 0xE7, 0xFF, 0xFF, 0xE6, 0xE9, 0xFF, 0xFF, 0xE7, 0xEA, 0xFF,
    0xFF, 0xE9, 0xEC, 0xFF, 0xFF, 0xEB, 0xED, 0xFF, 0xFF, 0xEC, 0xEE, 0xFF, 0xFF, 0xEE, 0xF0, 0xFF,
    0xFF, 0xEF, 0xF1, 0xFF, 0xFF, 0xF0, 0xF2, 0xFF, 0xFF, 0xF0, 0xF2, 0xFF, 0xFF, 0xEF, 0xF1, 0xFF,
    0xFF, 0xEC, 0xEE, 0xFF, 0xFF, 0xE6, 0xE7, 0xFF, 0xFF, 0xDD, 0xDD, 0xFD, 0xFF, 0xD9, 0xD9, 0xFE,
    0xFF, 0xC7, 0xC7, 0xE5, 0xF0, 0xAA, 0xAA, 0x12, 0xFF, 0x7F, 0x7F, 0x02, 0xFF, 0xFF, 0xFF, 0x01,
    0x00, 0x00, 0x00, 0x00, 0x00, 0x00, 0x00, 0x00, 0x00, 0x00, 0x00, 0x00, 0x00, 0x00, 0x00, 0x00,
    0x00, 0x00, 0x00, 0x00, 0x00, 0x00, 0x00, 0x00, 0x00, 0x00, 0x00, 0x00, 0x00, 0x00, 0x00, 0x00,
    0x00, 0x00, 0x00, 0x00, 0x00, 0x00, 0x00, 0x00, 0x00, 0x00, 0x00, 0x00, 0x00, 0x00, 0x00, 0x00,
    0x00, 0x00, 0x00, 0x00, 0x00, 0x00, 0x00, 0x00, 0x00, 0x00, 0x00, 0x00, 0xFF, 0x7F, 0x7F, 0x02,
    0xFF, 0xBF, 0xBF, 0x04, 0x00, 0x00, 0x00, 0x00, 0x00, 0x00, 0x00, 0x00, 0x00, 0x00, 0x00, 0x00,
    0x00, 0x00, 0x00, 0x00, 0xF7, 0xB3, 0xB3, 0xD8, 0xFF, 0xBD, 0xBD, 0xFE, 0xFF, 0xBC, 0xBC, 0xFC,
    0xFF, 0xC2, 0xC2, 0xFF, 0xFF, 0xC8, 0xC9, 0xFF, 0xFF, 0xCB, 0xCB, 0xFF, 0xFF, 0xC7, 0xC8, 0xFF,
    0xFF, 0xBE, 0xBE, 0xFF, 0xFF, 0xB6, 0xB6, 0xFF, 0xFF, 0xB5, 0xB6, 0xFF, 0xFF, 0xB9, 0xBA, 0xFF,
    0xFF, 0xBE, 0xC0, 0xFF, 0xFF, 0xC4, 0xC6, 0xFF, 0xFF, 0xCA, 0xCC, 0xFF, 0xFF, 0xCE, 0xD1, 0xFF,
    0xFF, 0xD2, 0xD5, 0xFF, 0xFF, 0xD5, 0xD7, 0xFF, 0xFF, 0xD7, 0xDA, 0xFF, 0xFF, 0xD9, 0xDC, 0xFF,
    0xFF, 0xDB, 0xDE, 0xFF, 0xFF, 0xDD, 0xE0, 0xFF, 0xFF, 0xDF, 0xE2, 0xFF, 0xFF, 0xE0, 0xE3, 0xFF,
    0xFF, 0xE2, 0xE5, 0xFF, 0xFF, 0xE4, 0xE7, 0xFF, 0xFF, 0xE6, 0xE8, 0xFF, 0xFF, 0xE7, 0xEA, 0xFF,
    0xFF, 0xE9, 0xEC, 0xFF, 0xFF, 0xEA, 0xED, 0xFF, 0xFF, 0xEC, 0xEF, 0xFF, 0xFF, 0xED, 0xF0, 0xFF,
    0xFF, 0xEF, 0xF1, 0xFF, 0xFF, 0xF0, 0xF2, 0xFF, 0xFF, 0xF1, 0xF3, 0xFF, 0xFF, 0xF1, 0xF3, 0xFF,
    0xFF, 0xF0, 0xF1, 0xFF, 0xFF, 0xEB, 0xED, 0xFF, 0xFF, 0xE4, 0xE5, 0xFF, 0xFF, 0xDA, 0xDA, 0xFB,
    0xFF, 0xDD, 0xDD, 0xFF, 0xFD, 0xC0, 0xC0, 0x8B, 0x00, 0x00, 0x00, 0x00, 0xFF, 0xFF, 0xFF, 0x03,
    0x00, 0x00, 0x00, 0x00, 0x00, 0x00, 0x00, 0x00, 0x00, 0x00, 0x00, 0x00, 0x00, 0x00, 0x00, 0x00,
    0x00, 0x00, 0x00, 0x00, 0x00, 0x00, 0x00, 0x00, 0x00, 0x00, 0x00, 0x00, 0x00, 0x00, 0x00, 0x00,
    0x00, 0x00, 0x00, 0x00, 0x00, 0x00, 0x00, 0x00, 0x00, 0x00, 0x00, 0x00, 0x00, 0x00, 0x00, 0x00,
    0x00, 0x00, 0x00, 0x00, 0xFF, 0xFF, 0xFF, 0x01, 0xFF, 0xAA, 0xAA, 0x03, 0x00, 0x00, 0x00, 0x00,
    0x00, 0x00, 0x00, 0x00, 0x00, 0x00, 0x00, 0x00, 0xF5, 0xB6, 0xB6, 0x1C, 0xFA, 0xB7, 0xB7, 0x39,
    0xFA, 0xB7, 0xB7, 0x79, 0xFF, 0xBC, 0xBC, 0xFF, 0xFC, 0xB6, 0xB6, 0xFD, 0xFE, 0xBA, 0xBA, 0xFF,
    0xFF, 0xBD, 0xBD, 0xFF, 0xFF, 0xC2, 0xC2, 0xFF, 0xFF, 0xC4, 0xC4, 0xFF, 0xFF, 0xC1, 0xC1, 0xFF,
    0xFF, 0xBA, 0xBA, 0xFF, 0xFF, 0xB6, 0xB6, 0xFF, 0xFF, 0xB8, 0xB8, 0xFF, 0xFF, 0xBC, 0xBD, 0xFF,
    0xFF, 0xC1, 0xC3, 0xFF, 0xFF, 0xC7, 0xC9, 0xFF, 0xFF, 0xCC, 0xCF, 0xFF, 0xFF, 0xD0, 0xD3, 0xFF,
    0xFF, 0xD3, 0xD6, 0xFF, 0xFF, 0xD5, 0xD8, 0xFF, 0xFF, 0xD7, 0xDB, 0xFF, 0xFF, 0xD9, 0xDC, 0xFF,
    0xFF, 0xDB, 0xDE, 0xFF, 0xFF, 0xDD, 0xE0, 0xFF, 0xFF, 0xDE, 0xE2, 0xFF, 0xFF, 0xE0, 0xE4, 0xFF,
    0xFF, 0xE2, 0xE5, 0xFF, 0xFF, 0xE3, 0xE7, 0xFF, 0xFF, 0xE5, 0xE8, 0xFF, 0xFF, 0xE6, 0xEA, 0xFF,
    0xFF, 0xE8, 0xEC, 0xFF, 0xFF, 0xEA, 0xED, 0xFF, 0xFF, 0xEB, 0xEE, 0xFF, 0xFF, 0xED, 0xF0, 0xFF,
    0xFF, 0xEE, 0xF1, 0xFF, 0xFF, 0xF0, 0xF2, 0xFF, 0xFF, 0xF1, 0xF4, 0xFF, 0xFF, 0xF2, 0xF4, 0xFF,
    0xFF, 0xF1, 0xF4, 0xFF, 0xFF, 0xEF, 0xF1, 0xFF, 0xFF, 0xE9, 0xEA, 0xFF, 0xFF, 0xE0, 0xE0, 0xFE,
    0xFF, 0xD9, 0xDA, 0xFD, 0xFF, 0xC9, 0xC9, 0xF2, 0xF5, 0xBA, 0xBA, 0x1A, 0x00, 0x00, 0x00, 0x00,
    0xFF, 0x7F, 0x7F, 0x02, 0x00, 0x00, 0x00, 0x00, 0x00, 0x00, 0x00, 0x00, 0x00, 0x00, 0x00, 0x00,
    0x00, 0x00, 0x00, 0x00, 0x00, 0x00, 0x00, 0x00, 0x00, 0x00, 0x00, 0x00, 0x00, 0x00, 0x00, 0x00,
    0x00, 0x00, 0x00, 0x00, 0x00, 0x00, 0x00, 0x00, 0x00, 0x00, 0x00, 0x00, 0x00, 0x00, 0x00, 0x00,
    0xFF, 0xFF, 0xFF, 0x02, 0x00, 0x00, 0x00, 0x00, 0x00, 0x00, 0x00, 0x00, 0xF0, 0xB4, 0xB4, 0x22,
    0xFC, 0xBB, 0xBB, 0x7D, 0xFC, 0xBA, 0xBA, 0xCA, 0xFD, 0xBB, 0xBB, 0xF3, 0xFF, 0xC2, 0xC2, 0xFF,
    0xFF, 0xC7, 0xC7, 0xFF, 0xFF, 0xBF, 0xBF, 0xFE, 0xFE, 0xBF, 0xC0, 0xFF, 0xFF, 0xBE, 0xBE, 0xFF,
    0xFF, 0xBD, 0xBD, 0xFF, 0xFF, 0xBD, 0xBD, 0xFF, 0xFF, 0xBE, 0xBE, 0xFF, 0xFF, 0xBD, 0xBD, 0xFF,
    0xFF, 0xBA, 0xBA, 0xFF, 0xFF, 0xB9, 0xB9, 0xFF, 0xFF, 0xBB, 0xBC, 0xFF, 0xFF, 0xBF, 0xC0, 0xFF,
    0xFF, 0xC4, 0xC6, 0xFF, 0xFF, 0xC9, 0xCC, 0xFF, 0xFF, 0xCE, 0xD0, 0xFF, 0xFF, 0xD1, 0xD4, 0xFF,
    0xFF, 0xD3, 0xD6, 0xFF, 0xFF, 0xD5, 0xD9, 0xFF, 0xFF, 0xD7, 0xDB, 0xFF, 0xFF, 0xD9, 0xDD, 0xFF,
    0xFF, 0xDB, 0xDF, 0xFF, 0xFF, 0xDC, 0xE0, 0xFF, 0xFF, 0xDE, 0xE2, 0xFF, 0xFF, 0xE0, 0xE4, 0xFF,
    0xFF, 0xE1, 0xE5, 0xFF, 0xFF, 0xE3, 0xE7, 0xFF, 0xFF, 0xE5, 0xE8, 0xFF, 0xFF, 0xE6, 0xEA, 0xFF,
    0xFF, 0xE7, 0xEB, 0xFF, 0xFF, 0xE9, 0xED, 0xFF, 0xFF, 0xEB, 0xEE, 0xFF, 0xFF, 0xEC, 0xEF, 0xFF,
    0xFF, 0xEE, 0xF1, 0xFF, 0xFF, 0xEF, 0xF2, 0xFF, 0xFF, 0xF1, 0xF4, 0xFF, 0xFF, 0xF2, 0xF4, 0xFF,
    0xFF, 0xF2, 0xF4, 0xFF, 0xFF, 0xF1, 0xF3, 0xFF, 0xFF, 0xED, 0xEF, 0xFF, 0xFF, 0xE5, 0xE6, 0xFF,
    0xFF, 0xDB, 0xDB, 0xFB, 0xFF, 0xDC, 0xDC, 0xFF, 0xFC, 0xC1, 0xC1, 0x78, 0x00, 0x00, 0x00, 0x00,
    0xFF, 0xBF, 0xBF, 0x04, 0x00, 0x00, 0x00, 0x00, 0x00, 0x00, 0x00, 0x00, 0x00, 0x00, 0x00, 0x00,
    0x00, 0x00, 0x00, 0x00, 0x00, 0x00, 0x00, 0x00, 0x00, 0x00, 0x00, 0x00, 0x00, 0x00, 0x00, 0x00,
    0x00, 0x00, 0x00, 0x00, 0x00, 0x00, 0x00, 0x00, 0x00, 0x00, 0x00, 0x00, 0xFF, 0xAA, 0xAA, 0x03,
    0x00, 0x00, 0x00, 0x00, 0xEC, 0xA3, 0xA3, 0x0E, 0xF9, 0xB7, 0xB7, 0x8C, 0xFC, 0xBB, 0xBC, 0xF3,
    0xFF, 0xC9, 0xC9, 0xFF, 0xFF, 0xC8, 0xC8, 0xFF, 0xFF, 0xC6, 0xC7, 0xFF, 0xFF, 0xC6, 0xC6, 0xFE,
    0xFF, 0xC9, 0xC9, 0xFD, 0xFF, 0xCA, 0xCB, 0xFF, 0xFF, 0xCB, 0xCB, 0xFF, 0xFF, 0xC9, 0xC9, 0xFF,
    0xFF, 0xC6, 0xC7, 0xFF, 0xFF, 0xC3, 0xC3, 0xFF, 0xFF, 0xC1, 0xC1, 0xFF, 0xFF, 0xC1, 0xC1, 0xFF,
    0xFF, 0xC0, 0xC0, 0xFF, 0xFF, 0xBF, 0xC0, 0xFF, 0xFF, 0xBF, 0xC0, 0xFF, 0xFF, 0xC2, 0xC4, 0xFF,
    0xFF, 0xC6, 0xC9, 0xFF, 0xFF, 0xCB, 0xCE, 0xFF, 0xFF, 0xCE, 0xD2, 0xFF, 0xFF, 0xD1, 0xD4, 0xFF,
    0xFF, 0xD3, 0xD7, 0xFF, 0xFF, 0xD5, 0xD9, 0xFF, 0xFF, 0xD7, 0xDB, 0xFF, 0xFF, 0xD9, 0xDD, 0xFF,
    0xFF, 0xDA, 0xDE, 0xFF, 0xFF, 0xDC, 0xE0, 0xFF, 0xFF, 0xDE, 0xE2, 0xFF, 0xFF, 0xDF, 0xE3, 0xFF,
    0xFF, 0xE1, 0xE5, 0xFF, 0xFF, 0xE2, 0xE7, 0xFF, 0xFF, 0xE4, 0xE8, 0xFF, 0xFF, 0xE6, 0xEA, 0xFF,
    0xFF, 0xE8, 0xEB, 0xFF, 0xFF, 0xE9, 0xEC, 0xFF, 0xFF, 0xEA, 0xED, 0xFF, 0xFF, 0xEC, 0xEF, 0xFF,
    0xFF, 0xED, 0xF1, 0xFF, 0xFF, 0xEF, 0xF2, 0xFF, 0xFF, 0xF0, 0xF3, 0xFF, 0xFF, 0xF1, 0xF4, 0xFF,
    0xFF, 0xF2, 0xF5, 0xFF, 0xFF, 0xF2, 0xF4, 0xFF, 0xFF, 0xF0, 0xF1, 0xFF, 0xFF, 0xE8, 0xEA, 0xFF,
    0xFF, 0xDF, 0xE0, 0xFC, 0xFF, 0xDB, 0xDC, 0xFE, 0xFD, 0xC3, 0xC3, 0xCE, 0xFF, 0xFF, 0xFF, 0x01,
    0xFF, 0xFF, 0xFF, 0x01, 0x00, 0x00, 0x00, 0x00, 0x00, 0x00, 0x00, 0x00, 0x00, 0x00, 0x00, 0x00,
    0x00, 0x00, 0x00, 0x00, 0x00, 0x00, 0x00, 0x00, 0x00, 0x00, 0x00, 0x00, 0x00, 0x00, 0x00, 0x00,
    0x00, 0x00, 0x00, 0x00, 0x00, 0x00, 0x00, 0x00, 0xFF, 0xAA, 0xAA, 0x03, 0x00, 0x00, 0x00, 0x00,
    0xF4, 0xB0, 0xB0, 0x31, 0xFB, 0xB9, 0xB9, 0xD6, 0xFF, 0xC7, 0xC7, 0xFF, 0xFF, 0xBF, 0xC0, 0xFF,
    0xFF, 0xC3, 0xC3, 0xFB, 0xFF, 0xC7, 0xC8, 0xFD, 0xFF, 0xCC, 0xCD, 0xFE, 0xFF, 0xD0, 0xD1, 0xFF,
    0xFF, 0xD3, 0xD4, 0xFF, 0xFF, 0xD5, 0xD6, 0xFF, 0xFF, 0xD5, 0xD6, 0xFF, 0xFF, 0xD4, 0xD5, 0xFF,
    0xFF, 0xD1, 0xD2, 0xFF, 0xFF, 0xCD, 0xCE, 0xFF, 0xFF, 0xCB, 0xCB, 0xFF, 0xFF, 0xCB, 0xCB, 0xFF,
    0xFF, 0xCB, 0xCC, 0xFF, 0xFF, 0xC8, 0xCA, 0xFF, 0xFF, 0xC5, 0xC7, 0xFF, 0xFF, 0xC6, 0xC8, 0xFF,
    0xFF, 0xC8, 0xCB, 0xFF, 0xFF, 0xCC, 0xCF, 0xFF, 0xFF, 0xCE, 0xD2, 0xFF, 0xFF, 0xD1, 0xD5, 0xFF,
    0xFF, 0xD3, 0xD7, 0xFF, 0xFF, 0xD5, 0xD9, 0xFF, 0xFF, 0xD6, 0xDB, 0xFF, 0xFF, 0xD8, 0xDD, 0xFF,
    0xFF, 0xDA, 0xDF, 0xFF, 0xFF, 0xDB, 0xE0, 0xFF, 0xFF, 0xDD, 0xE1, 0xFF, 0xFF, 0xDF, 0xE3, 0xFF,
    0xFF, 0xE0, 0xE5, 0xFF, 0xFF, 0xE1, 0xE6, 0xFF, 0xFF, 0xE3, 0xE8, 0xFF, 0xFF, 0xE4, 0xE9, 0xFF,
    0xFF, 0xE6, 0xEA, 0xFF, 0xFF, 0xE8, 0xED, 0xFF, 0xFF, 0xE9, 0xED, 0xFF, 0xFF, 0xEB, 0xEE, 0xFF,
    0xFF, 0xED, 0xF1, 0xFF, 0xFF, 0xEE, 0xF1, 0xFF, 0xFF, 0xEF, 0xF3, 0xFF, 0xFF, 0xF0, 0xF4, 0xFF,
    0xFF, 0xF2, 0xF4, 0xFF, 0xFF, 0xF2, 0xF4, 0xFF, 0xFF, 0xF0, 0xF3, 0xFF, 0xFF, 0xEB, 0xED, 0xFF,
    0xFF, 0xE1, 0xE3, 0xFE, 0xFF, 0xD8, 0xD9, 0xFF, 0xFF, 0xC9, 0xCA, 0xFB, 0xFF, 0xBB, 0xBB, 0x26,
    0x00, 0x00, 0x00, 0x00, 0xFF, 0xFF, 0xFF, 0x02, 0x00, 0x00, 0x00, 0x00, 0x00, 0x00, 0x00, 0x00,
    0x00, 0x00, 0x00, 0x00, 0x00, 0x00, 0x00, 0x00, 0x00, 0x00, 0x00, 0x00, 0x00, 0x00, 0x00, 0x00,
    0x00, 0x00, 0x00, 0x00, 0xFF, 0xFF, 0xFF, 0x02, 0x00, 0x00, 0x00, 0x00, 0xF6, 0xAE, 0xAE, 0x39,
    0xFB, 0xBA, 0xBA, 0xEF, 0xFF, 0xC1, 0xC2, 0xFF, 0xFF, 0xBE, 0xBE, 0xFA, 0xFF, 0xC4, 0xC4, 0xFE,
    0xFF, 0xCA, 0xCB, 0xFF, 0xFF, 0xD0, 0xD1, 0xFF, 0xFF, 0xD5, 0xD7, 0xFF, 0xFF, 0xD9, 0xDA, 0xFF,
    0xFF, 0xDC, 0xDD, 0xFF, 0xFF, 0xDE, 0xDF, 0xFF, 0xFF, 0xDF, 0xE0, 0xFF, 0xFF, 0xDE, 0xE0, 0xFF,
    0xFF, 0xDC, 0xDD, 0xFF, 0xFF, 0xD8, 0xD9, 0xFF, 0xFF, 0xD5, 0xD6, 0xFF, 0xFF, 0xD6, 0xD7, 0xFF,
    0xFF, 0xD8, 0xD9, 0xFF, 0xFF, 0xD3, 0xD5, 0xFF, 0xFF, 0xCC, 0xCF, 0xFF, 0xFF, 0xC9, 0xCC, 0xFF,
    0xFF, 0xCA, 0xCD, 0xFF, 0xFF, 0xCC, 0xD0, 0xFF, 0xFF, 0xCF, 0xD3, 0xFF, 0xFF, 0xD1, 0xD5, 0xFF,
    0xFF, 0xD3, 0xD7, 0xFF, 0xFF, 0xD4, 0xD9, 0xFF, 0xFF, 0xD6, 0xDB, 0xFF, 0xFF, 0xD8, 0xDD, 0xFF,
    0xFF, 0xDA, 0xDE, 0xFF, 0xFF, 0xDB, 0xE0, 0xFF, 0xFF, 0xDD, 0xE2, 0xFF, 0xFF, 0xDE, 0xE3, 0xFF,
    0xFF, 0xE0, 0xE5, 0xFF, 0xFF, 0xE1, 0xE6, 0xFF, 0xFF, 0xE2, 0xE7, 0xFF, 0xFF, 0xE4, 0xE9, 0xFF,
    0xFF, 0xE5, 0xE9, 0xFF, 0xFF, 0xE7, 0xEB, 0xFF, 0xFF, 0xE9, 0xEE, 0xFF, 0xFF, 0xEA, 0xEE, 0xFF,
    0xFF, 0xEB, 0xF0, 0xFF, 0xFF, 0xED, 0xF1, 0xFF, 0xFF, 0xEF, 0xF2, 0xFF, 0xFF, 0xF0, 0xF3, 0xFF,
    0xFF, 0xF1, 0xF4, 0xFF, 0xFF, 0xF2, 0xF4, 0xFF, 0xFF, 0xF1, 0xF3, 0xFF, 0xFF, 0xED, 0xEF, 0xFF,
    0xFF, 0xE4, 0xE5, 0xFF, 0xFF, 0xD9, 0xDA, 0xFC, 0xFF, 0xD6, 0xD7, 0xFF, 0xFC, 0xBD, 0xBD, 0x59,
    0x00, 0x00, 0x00, 0x00, 0xFF, 0xBF, 0xBF, 0x04, 0x00, 0x00, 0x00, 0x00, 0x00, 0x00, 0x00, 0x00,
    0x00, 0x00, 0x00, 0x00, 0x00, 0x00, 0x00, 0x00, 0x00, 0x00, 0x00, 0x00, 0x00, 0x00, 0x00, 0x00,
    0xFF, 0xFF, 0xFF, 0x02, 0xFF, 0xFF, 0xFF, 0x01, 0xF7, 0xAF, 0xB7, 0x20, 0xFA, 0xB8, 0xB8, 0xEA,
    0xFF, 0xBF, 0xBF, 0xFF, 0xFF, 0xBD, 0xBD, 0xFB, 0xFF, 0xC5, 0xC5, 0xFF, 0xFF, 0xCB, 0xCC, 0xFF,
    0xFF, 0xD1, 0xD2, 0xFF, 0xFF, 0xD6, 0xD8, 0xFF, 0xFF, 0xDA, 0xDC, 0xFF, 0xFF, 0xDF, 0xE0, 0xFF,
    0xFF, 0xE2, 0xE3, 0xFF, 0xFF, 0xE4, 0xE6, 0xFF, 0xFF, 0xE5, 0xE7, 0xFF, 0xFF, 0xE6, 0xE8, 0xFF,
    0xFF, 0xE5, 0xE6, 0xFF, 0xFF, 0xE2, 0xE3, 0xFF, 0xFF, 0xDE, 0xE0, 0xFF, 0xFF, 0xDE, 0xE0, 0xFF,
    0xFF, 0xE0, 0xE2, 0xFF, 0xFF, 0xDA, 0xDD, 0xFF, 0xFF, 0xD1, 0xD4, 0xFF, 0xFF, 0xCC, 0xD0, 0xFF,
    0xFF, 0xCB, 0xCF, 0xFF, 0xFF, 0xCC, 0xD1, 0xFF, 0xFF, 0xCE, 0xD3, 0xFF, 0xFF, 0xD0, 0xD5, 0xFF,
    0xFF, 0xD2, 0xD7, 0xFF, 0xFF, 0xD4, 0xD9, 0xFF, 0xFF, 0xD6, 0xDB, 0xFF, 0xFF, 0xD7, 0xDD, 0xFF,
    0xFF, 0xD9, 0xDE, 0xFF, 0xFF, 0xDB, 0xE0, 0xFF, 0xFF, 0xDC, 0xE2, 0xFF, 0xFF, 0xDE, 0xE3, 0xFF,
    0xFF, 0xDF, 0xE4, 0xFF, 0xFF, 0xE1, 0xE6, 0xFF, 0xFF, 0xE3, 0xE8, 0xFF, 0xFF, 0xE4, 0xE9, 0xFF,
    0xFF, 0xE5, 0xEA, 0xFF, 0xFF, 0xE6, 0xEA, 0xFF, 0xFF, 0xE8, 0xED, 0xFF, 0xFF, 0xEA, 0xEE, 0xFF,
    0xFF, 0xEA, 0xEF, 0xFF, 0xFF, 0xEC, 0xF1, 0xFF, 0xFF, 0xED, 0xF1, 0xFF, 0xFF, 0xEF, 0xF3, 0xFF,
    0xFF, 0xF0, 0xF4, 0xFF, 0xFF, 0xF1, 0xF4, 0xFF, 0xFF, 0xF0, 0xF3, 0xFF, 0xFF, 0xED, 0xEF, 0xFF,
    0xFF, 0xE5, 0xE7, 0xFF, 0xFF, 0xDB, 0xDC, 0xFB, 0xFF, 0xDB, 0xDC, 0xFF, 0xFF, 0xC1, 0xC1, 0x84,
    0x00, 0x00, 0x00, 0x00, 0xFF, 0xBF, 0xBF, 0x04, 0x00, 0x00, 0x00, 0x00, 0x00, 0x00, 0x00, 0x00,
    0x00, 0x00, 0x00, 0x00, 0x00, 0x00, 0x00, 0x00, 0x00, 0x00, 0x00, 0x00, 0x00, 0x00, 0x00, 0x00,
    0xFF, 0x7F, 0x7F, 0x02, 0xFF, 0xFF, 0xFF, 0x01, 0xF6, 0xB3, 0xB3, 0xBD, 0xFF, 0xC2, 0xC3, 0xFF,
    0xFF, 0xBB, 0xBB, 0xFB, 0xFF, 0xC3, 0xC3, 0xFF, 0xFF, 0xC9, 0xCB, 0xFF, 0xFF, 0xD0, 0xD1, 0xFF,
    0xFF, 0xD5, 0xD7, 0xFF, 0xFF, 0xD9, 0xDB, 0xFF, 0xFF, 0xDD, 0xDF, 0xFF, 0xFF, 0xE0, 0xE2, 0xFF,
    0xFF, 0xE3, 0xE5, 0xFF, 0xFF, 0xE6, 0xE8, 0xFF, 0xFF, 0xE8, 0xEA, 0xFF, 0xFF, 0xE9, 0xEC, 0xFF,
    0xFF, 0xE9, 0xEC, 0xFF, 0xFF, 0xE9, 0xEA, 0xFF, 0xFF, 0xE5, 0xE7, 0xFF, 0xFF, 0xE4, 0xE6, 0xFF,
    0xFF, 0xE4, 0xE7, 0xFF, 0xFF, 0xDF, 0xE2, 0xFF, 0xFF, 0xD6, 0xD9, 0xFF, 0xFF, 0xCF, 0xD3, 0xFF,
    0xFF, 0xCC, 0xD1, 0xFF, 0xFF, 0xCC, 0xD1, 0xFF, 0xFF, 0xCE, 0xD3, 0xFF, 0xFF, 0xD0, 0xD5, 0xFF,
    0xFF, 0xD2, 0xD7, 0xFF, 0xFF, 0xD3, 0xD9, 0xFF, 0xFF, 0xD5, 0xDB, 0xFF, 0xFF, 0xD7, 0xDC, 0xFF,
    0xFF, 0xD8, 0xDE, 0xFF, 0xFF, 0xDB, 0xE0, 0xFF, 0xFF, 0xDC, 0xE1, 0xFF, 0xFF, 0xDC, 0xE2, 0xFF,
    0xFF, 0xDE, 0xE3, 0xFF, 0xFF, 0xE0, 0xE5, 0xFF, 0xFF, 0xE2, 0xE7, 0xFF, 0xFF, 0xE4, 0xE9, 0xFF,
    0xFF, 0xE4, 0xEA, 0xFF, 0xFF, 0xE5, 0xEA, 0xFF, 0xFF, 0xE7, 0xEB, 0xFF, 0xFF, 0xE8, 0xED, 0xFF,
    0xFF, 0xEA, 0xEE, 0xFF, 0xFF, 0xEB, 0xF0, 0xFF, 0xFF, 0xEC, 0xF1, 0xFF, 0xFF, 0xEE, 0xF2, 0xFF,
    0xFF, 0xEF, 0xF3, 0xFF, 0xFF, 0xF0, 0xF3, 0xFF, 0xFF, 0xF0, 0xF3, 0xFF, 0xFF, 0xED, 0xF0, 0xFF,
    0xFF, 0xE6, 0xE8, 0xFF, 0xFF, 0xDC, 0xDD, 0xFB, 0xFF, 0xDA, 0xDB, 0xFF, 0xFD, 0xC1, 0xC1, 0xA2,
    0x00, 0x00, 0x00, 0x00, 0xFF, 0xFF, 0xFF, 0x03, 0x00, 0x00, 0x00, 0x00, 0x00, 0x00, 0x00, 0x00,
    0x00, 0x00, 0x00, 0x00, 0x00, 0x00, 0x00, 0x00, 0x00, 0x00, 0x00, 0x00, 0xFF, 0xFF, 0xFF, 0x03,
    0x00, 0x00, 0x00, 0x00, 0xF6, 0xB2, 0xB2, 0x57, 0xFF, 0xC1, 0xC1, 0xFF, 0xFF, 0xB9, 0xBA, 0xFB,
    0xFF, 0xC0, 0xC1, 0xFF, 0xFF, 0xC7, 0xC8, 0xFF, 0xFF, 0xCD, 0xCF, 0xFF, 0xFF, 0xD3, 0xD5, 0xFF,
    0xFF, 0xD6, 0xD9, 0xFF, 0xFF, 0xDA, 0xDD, 0xFF, 0xFF, 0xDE, 0xE0, 0xFF, 0xFF, 0xE1, 0xE3, 0xFF,
    0xFF, 0xE3, 0xE6, 0xFF, 0xFF, 0xE6, 0xE9, 0xFF, 0xFF, 0xE8, 0xEB, 0xFF, 0xFF, 0xEA, 0xED, 0xFF,
    0xFF, 0xEB, 0xEE, 0xFF, 0xFF, 0xEC, 0xEE, 0xFF, 0xFF, 0xEA, 0xEC, 0xFF, 0xFF, 0xE8, 0xEA, 0xFF,
    0xFF, 0xE7, 0xEA, 0xFF, 0xFF, 0xE2, 0xE5, 0xFF, 0xFF, 0xD9, 0xDD, 0xFF, 0xFF, 0xD1, 0xD5, 0xFF,
    0xFF, 0xCD, 0xD2, 0xFF, 0xFF, 0xCC, 0xD2, 0xFF, 0xFF, 0xCD, 0xD3, 0xFF, 0xFF, 0xCF, 0xD5, 0xFF,
    0xFF, 0xD1, 0xD7, 0xFF, 0xFF, 0xD3, 0xD9, 0xFF, 0xFF, 0xD5, 0xDB, 0xFF, 0xFF, 0xD6, 0xDC, 0xFF,
    0xFF, 0xD8, 0xDE, 0xFF, 0xFF, 0xDA, 0xE0, 0xFF, 0xFF, 0xDA, 0xE0, 0xFF, 0xFF, 0xDB, 0xE1, 0xFF,
    0xFF, 0xDD, 0xE3, 0xFF, 0xFF, 0xDF, 0xE4, 0xFF, 0xFF, 0xE1, 0xE6, 0xFF, 0xFF, 0xE2, 0xE8, 0xFF,
    0xFF, 0xE4, 0xEA, 0xFF, 0xFF, 0xE4, 0xEA, 0xFF, 0xFF, 0xE5, 0xEB, 0xFF, 0xFF, 0xE8, 0xED, 0xFF,
    0xFF, 0xE8, 0xED, 0xFF, 0xFF, 0xEA, 0xEF, 0xFF, 0xFF, 0xEB, 0xF0, 0xFF, 0xFF, 0xED, 0xF1, 0xFF,
    0xFF, 0xEE, 0xF2, 0xFF, 0xFF, 0xEF, 0xF3, 0xFF, 0xFF, 0xEF, 0xF3, 0xFF, 0xFF, 0xEC, 0xEF, 0xFF,
    0xFF, 0xE5, 0xE7, 0xFF, 0xFF, 0xDB, 0xDC, 0xFC, 0xFF, 0xDA, 0xDB, 0xFF, 0xFF, 0xC1, 0xC1, 0xAE,
    0x00, 0x00, 0x00, 0x00, 0xFF, 0xAA, 0xAA, 0x03, 0x00, 0x00, 0x00, 0x00, 0x00, 0x00, 0x00, 0x00,
    0x00, 0x00, 0x00, 0x00, 0x00, 0x00, 0x00, 0x00, 0x00, 0x00, 0x00, 0x00, 0xFF, 0xFF, 0xFF, 0x01,
    0xFF, 0x7F, 0xFF, 0x02, 0xF7, 0xB3, 0xB3, 0xCD, 0xFF, 0xBF, 0xC0, 0xFE, 0xFF, 0xBC, 0xBE, 0xFC,
    0xFF, 0xC3, 0xC4, 0xFF, 0xFF, 0xCA, 0xCB, 0xFF, 0xFF, 0xCF, 0xD2, 0xFF, 0xFF, 0xD3, 0xD6, 0xFF,
    0xFF, 0xD7, 0xDA, 0xFF, 0xFF, 0xDA, 0xDD, 0xFF, 0xFF, 0xDD, 0xE1, 0xFF, 0xFF, 0xE0, 0xE4, 0xFF,
    0xFF, 0xE3, 0xE7, 0xFF, 0xFF, 0xE6, 0xE9, 0xFF, 0xFF, 0xE8, 0xEC, 0xFF, 0xFF, 0xEA, 0xED, 0xFF,
    0xFF, 0xEC, 0xEF, 0xFF, 0xFF, 0xEC, 0xEF, 0xFF, 0xFF, 0xEC, 0xEF, 0xFF, 0xFF, 0xEA, 0xED, 0xFF,
    0xFF, 0xE9, 0xEC, 0xFF, 0xFF, 0xE5, 0xE8, 0xFF, 0xFF, 0xDC, 0xE0, 0xFF, 0xFF, 0xD3, 0xD8, 0xFF,
    0xFF, 0xCE, 0xD3, 0xFF, 0xFF, 0xCD, 0xD2, 0xFF, 0xFF, 0xCD, 0xD3, 0xFF, 0xFF, 0xCF, 0xD5, 0xFF,
    0xFF, 0xD1, 0xD7, 0xFF, 0xFF, 0xD2, 0xD8, 0xFF, 0xFF, 0xD4, 0xDA, 0xFF, 0xFF, 0xD6, 0xDC, 0xFF,
    0xFF, 0xD7, 0xDD, 0xFF, 0xFF, 0xD9, 0xDF, 0xFF, 0xFF, 0xDA, 0xE0, 0xFF, 0xFF, 0xDB, 0xE0, 0xFF,
    0xFF, 0xDC, 0xE2, 0xFF, 0xFF, 0xDE, 0xE4, 0xFF, 0xFF, 0xE0, 0xE6, 0xFF, 0xFF, 0xE2, 0xE8, 0xFF,
    0xFF, 0xE3, 0xE9, 0xFF, 0xFF, 0xE4, 0xEA, 0xFF, 0xFF, 0xE4, 0xEA, 0xFF, 0xFF, 0xE7, 0xEC, 0xFF,
    0xFF, 0xE8, 0xED, 0xFF, 0xFF, 0xE9, 0xEE, 0xFF, 0xFF, 0xEB, 0xEF, 0xFF, 0xFF, 0xEC, 0xF1, 0xFF,
    0xFF, 0xED, 0xF1, 0xFF, 0xFF, 0xEE, 0xF2, 0xFF, 0xFF, 0xEE, 0xF1, 0xFF, 0xFF, 0xEB, 0xEE, 0xFF,
    0xFF, 0xE4, 0xE7, 0xFF, 0xFF, 0xDA, 0xDC, 0xFC, 0xFF, 0xD9, 0xDA, 0xFF, 0xFD, 0xC1, 0xC1, 0xAE,
    0x00, 0x00, 0x00, 0x00, 0xFF, 0xAA, 0xAA, 0x03, 0x00, 0x00, 0x00, 0x00, 0x00, 0x00, 0x00, 0x00,
    0x00, 0x00, 0x00, 0x00, 0x00, 0x00, 0x00, 0x00, 0xFF, 0xAA, 0xAA, 0x03, 0x00, 0x00, 0x00, 0x00,
    0xF5, 0xB5, 0xB5, 0x34, 0xFC, 0xB8, 0xB9, 0xFF, 0xFF, 0xB8, 0xB9, 0xFE, 0xFF, 0xBE, 0xC0, 0xFF,
    0xFF, 0xC5, 0xC7, 0xFF, 0xFF, 0xCB, 0xCE, 0xFF, 0xFF, 0xD0, 0xD3, 0xFF, 0xFF, 0xD3, 0xD7, 0xFF,
    0xFF, 0xD7, 0xDA, 0xFF, 0xFF, 0xDA, 0xDD, 0xFF, 0xFF, 0xDD, 0xE0, 0xFF, 0xFF, 0xE0, 0xE4, 0xFF,
    0xFF, 0xE2, 0xE6, 0xFF, 0xFF, 0xE5, 0xE9, 0xFF, 0xFF, 0xE8, 0xEC, 0xFF, 0xFF, 0xEA, 0xEE, 0xFF,
    0xFF, 0xEB, 0xEF, 0xFF, 0xFF, 0xEC, 0xF0, 0xFF, 0xFF, 0xEC, 0xF0, 0xFF, 0xFF, 0xEB, 0xEF, 0xFF,
    0xFF, 0xEA, 0xED, 0xFF, 0xFF, 0xE6, 0xEA, 0xFF, 0xFF, 0xDF, 0xE3, 0xFF, 0xFF, 0xD5, 0xDB, 0xFF,
    0xFF, 0xCE, 0xD4, 0xFF, 0xFF, 0xCC, 0xD3, 0xFF, 0xFF, 0xCC, 0xD3, 0xFF, 0xFF, 0xCE, 0xD5, 0xFF,
    0xFF, 0xD0, 0xD7, 0xFF, 0xFF, 0xD2, 0xD8, 0xFF, 0xFF, 0xD3, 0xDA, 0xFF, 0xFF, 0xD4, 0xDB, 0xFF,
    0xFF, 0xD6, 0xDD, 0xFF, 0xFF, 0xD8, 0xDF, 0xFF, 0xFF, 0xD9, 0xE0, 0xFF, 0xFF, 0xD9, 0xE0, 0xFF,
    0xFF, 0xDB, 0xE2, 0xFF, 0xFF, 0xDD, 0xE4, 0xFF, 0xFF, 0xDF, 0xE5, 0xFF, 0xFF, 0xE0, 0xE7, 0xFF,
    0xFF, 0xE2, 0xE8, 0xFF, 0xFF, 0xE3, 0xE8, 0xFF, 0xFF, 0xE4, 0xEA, 0xFF, 0xFF, 0xE5, 0xEB, 0xFF,
    0xFF, 0xE7, 0xEC, 0xFF, 0xFF, 0xE8, 0xEE, 0xFF, 0xFF, 0xE9, 0xEF, 0xFF, 0xFF, 0xEB, 0xF0, 0xFF,
    0xFF, 0xEC, 0xF1, 0xFF, 0xFF, 0xEC, 0xF1, 0xFF, 0xFF, 0xEC, 0xF0, 0xFF, 0xFF, 0xE9, 0xED, 0xFF,
    0xFF, 0xE3, 0xE5, 0xFF, 0xFF, 0xD9, 0xDB, 0xFB, 0xFF, 0xD8, 0xD9, 0xFF, 0xFD, 0xBE, 0xBE, 0xA1,
    0x00, 0x00, 0x00, 0x00, 0xFF, 0xFF, 0xFF, 0x03, 0x00, 0x00, 0x00, 0x00, 0x00, 0x00, 0x00, 0x00,
    0x00, 0x00, 0x00, 0x00, 0x00, 0x00, 0x00, 0x00, 0xFF, 0xBF, 0xBF, 0x04, 0x00, 0x00, 0x00, 0x00,
    0xF4, 0xB2, 0xB2, 0x78, 0xFF, 0xC2, 0xC3, 0xFF, 0xFF, 0xB9, 0xBA, 0xFB, 0xFF, 0xC0, 0xC1, 0xFF,
    0xFF, 0xC6, 0xC9, 0xFF, 0xFF, 0xCB, 0xCF, 0xFF, 0xFF, 0xD0, 0xD3, 0xFF, 0xFF, 0xD3, 0xD7, 0xFF,
    0xFF, 0xD6, 0xDA, 0xFF, 0xFF, 0xD9, 0xDD, 0xFF, 0xFF, 0xDC, 0xE1, 0xFF, 0xFF, 0xDF, 0xE3, 0xFF,
    0xFF, 0xE2, 0xE6, 0xFF, 0xFF, 0xE5, 0xE9, 0xFF, 0xFF, 0xE7, 0xEB, 0xFF, 0xFF, 0xE9, 0xED, 0xFF,
    0xFF, 0xEB, 0xEF, 0xFF, 0xFF, 0xEC, 0xF0, 0xFF, 0xFF, 0xEC, 0xF0, 0xFF, 0xFF, 0xEB, 0xEF, 0xFF,
    0xFF, 0xEA, 0xED, 0xFF, 0xFF, 0xE7, 0xEB, 0xFF, 0xFF, 0xE0, 0xE6, 0xFF, 0xFF, 0xD6, 0xDD, 0xFF,
    0xFF, 0xCF, 0xD6, 0xFF, 0xFF, 0xCC, 0xD3, 0xFF, 0xFF, 0xCC, 0xD3, 0xFF, 0xFF, 0xCD, 0xD4, 0xFF,
    0xFF, 0xCF, 0xD6, 0xFF, 0xFF, 0xD1, 0xD8, 0xFF, 0xFF, 0xD2, 0xD9, 0xFF, 0xFF, 0xD4, 0xDB, 0xFF,
    0xFF, 0xD5, 0xDC, 0xFF, 0xFF, 0xD7, 0xDE, 0xFF, 0xFF, 0xD9, 0xE0, 0xFF, 0xFF, 0xD9, 0xE0, 0xFF,
    0xFF, 0xDA, 0xE2, 0xFF, 0xFF, 0xDC, 0xE3, 0xFF, 0xFF, 0xDD, 0xE4, 0xFF, 0xFF, 0xDF, 0xE6, 0xFF,
    0xFF, 0xE0, 0xE7, 0xFF, 0xFF, 0xE1, 0xE8, 0xFF, 0xFF, 0xE3, 0xEA, 0xFF, 0xFF, 0xE4, 0xEB, 0xFF,
    0xFF, 0xE5, 0xEC, 0xFF, 0xFF, 0xE7, 0xED, 0xFF, 0xFF, 0xE8, 0xEE, 0xFF, 0xFF, 0xE9, 0xEF, 0xFF,
    0xFF, 0xEA, 0xF0, 0xFF, 0xFF, 0xEB, 0xF0, 0xFF, 0xFF, 0xEA, 0xEF, 0xFF, 0xFF, 0xE7, 0xEB, 0xFF,
    0xFF, 0xE0, 0xE2, 0xFF, 0xFF, 0xD6, 0xD8, 0xFB, 0xFF, 0xD6, 0xD8, 0xFF, 0xFD, 0xBC, 0xBC, 0x82,
    0x00, 0x00, 0x00, 0x00, 0xFF, 0xBF, 0xBF, 0x04, 0x00, 0x00, 0x00, 0x00, 0x00, 0x00, 0x00, 0x00,
    0x00, 0x00, 0x00, 0x00, 0x00, 0x00, 0x00, 0x00, 0xFF, 0xAA, 0xAA, 0x03, 0x00, 0x00, 0x00, 0x00,
    0xF5, 0xB3, 0xB3, 0xA8, 0xFF, 0xC1, 0xC2, 0xFF, 0xFF, 0xBB, 0xBC, 0xFB, 0xFF, 0xC0, 0xC3, 0xFF,
    0xFF, 0xC6, 0xCA, 0xFF, 0xFF, 0xCB, 0xCF, 0xFF, 0xFF, 0xCF, 0xD3, 0xFF, 0xFF, 0xD2, 0xD7, 0xFF,
    0xFF, 0xD6, 0xDA, 0xFF, 0xFF, 0xD9, 0xDD, 0xFF, 0xFF, 0xDB, 0xE0, 0xFF, 0xFF, 0xDE, 0xE2, 0xFF,
    0xFF, 0xE0, 0xE5, 0xFF, 0xFF, 0xE4, 0xE9, 0xFF, 0xFF, 0xE7, 0xEB, 0xFF, 0xFF, 0xE8, 0xED, 0xFF,
    0xFF, 0xEA, 0xEF, 0xFF, 0xFF, 0xEB, 0xF0, 0xFF, 0xFF, 0xEB, 0xF0, 0xFF, 0xFF, 0xEB, 0xEF, 0xFF,
    0xFF, 0xE9, 0xEE, 0xFF, 0xFF, 0xE7, 0xEC, 0xFF, 0xFF, 0xE1, 0xE7, 0xFF, 0xFF, 0xD8, 0xDE, 0xFF,
    0xFF, 0xD0, 0xD7, 0xFF, 0xFF, 0xCC, 0xD3, 0xFF, 0xFF, 0xCB, 0xD3, 0xFF, 0xFF, 0xCC, 0xD4, 0xFF,
    0xFF, 0xCE, 0xD6, 0xFF, 0xFF, 0xD0, 0xD7, 0xFF, 0xFF, 0xD1, 0xD9, 0xFF, 0xFF, 0xD3, 0xDB, 0xFF,
    0xFF, 0xD4, 0xDC, 0xFF, 0xFF, 0xD5, 0xDD, 0xFF, 0xFF, 0xD8, 0xDF, 0xFF, 0xFF, 0xD9, 0xE1, 0xFF,
    0xFF, 0xDA, 0xE2, 0xFF, 0xFF, 0xDB, 0xE3, 0xFF, 0xFF, 0xDD, 0xE4, 0xFF, 0xFF, 0xDE, 0xE5, 0xFF,
    0xFF, 0xDF, 0xE6, 0xFF, 0xFF, 0xE0, 0xE8, 0xFF, 0xFF, 0xE2, 0xE9, 0xFF, 0xFF, 0xE3, 0xEA, 0xFF,
    0xFF, 0xE4, 0xEB, 0xFF, 0xFF, 0xE6, 0xEC, 0xFF, 0xFF, 0xE7, 0xED, 0xFF, 0xFF, 0xE8, 0xEE, 0xFF,
    0xFF, 0xE9, 0xEE, 0xFF, 0xFF, 0xE9, 0xEE, 0xFF, 0xFF, 0xE8, 0xED, 0xFF, 0xFF, 0xE4, 0xE8, 0xFF,
    0xFF, 0xDC, 0xDF, 0xFF, 0xFF, 0xD2, 0xD4, 0xFC, 0xFF, 0xD0, 0xD1, 0xFF, 0xF9, 0xB8, 0xB8, 0x57,
    0x00, 0x00, 0x00, 0x00, 0xFF, 0xBF, 0xBF, 0x04, 0x00, 0x00, 0x00, 0x00, 0x00, 0x00, 0x00, 0x00,
    0x00, 0x00, 0x00, 0x00, 0x00, 0x00, 0x00, 0x00, 0xFF, 0x7F, 0x7F, 0x02, 0x00, 0x00, 0x00, 0x00,
    0xF8, 0xB3, 0xB3, 0xC4, 0xFF, 0xBF, 0xC0, 0xFF, 0xFF, 0xBB, 0xBD, 0xFC, 0xFF, 0xC1, 0xC4, 0xFF,
    0xFF, 0xC7, 0xCA, 0xFF, 0xFF, 0xCB, 0xCF, 0xFF, 0xFF, 0xCE, 0xD3, 0xFF, 0xFF, 0xD1, 0xD6, 0xFF,
    0xFF, 0xD4, 0xDA, 0xFF, 0xFF, 0xD7, 0xDD, 0xFF, 0xFF, 0xD9, 0xDF, 0xFF, 0xFF, 0xDC, 0xE2, 0xFF,
    0xFF, 0xDF, 0xE5, 0xFF, 0xFF, 0xE2, 0xE8, 0xFF, 0xFF, 0xE5, 0xEB, 0xFF, 0xFF, 0xE7, 0xED, 0xFF,
    0xFF, 0xE8, 0xED, 0xFF, 0xFF, 0xEA, 0xF0, 0xFF, 0xFF, 0xEB, 0xF0, 0xFF, 0xFF, 0xEA, 0xEF, 0xFF,
    0xFF, 0xE8, 0xED, 0xFF, 0xFF, 0xE6, 0xEC, 0xFF, 0xFF, 0xE2, 0xE8, 0xFF, 0xFF, 0xD9, 0xE0, 0xFF,
    0xFF, 0xD0, 0xD8, 0xFF, 0xFF, 0xCC, 0xD3, 0xFF, 0xFF, 0xCB, 0xD3, 0xFF, 0xFF, 0xCC, 0xD4, 0xFF,
    0xFF, 0xCD, 0xD5, 0xFF, 0xFF, 0xCE, 0xD7, 0xFF, 0xFF, 0xD0, 0xD9, 0xFF, 0xFF, 0xD2, 0xDA, 0xFF,
    0xFF, 0xD4, 0xDC, 0xFF, 0xFF, 0xD4, 0xDD, 0xFF, 0xFF, 0xD6, 0xDE, 0xFF, 0xFF, 0xD8, 0xE0, 0xFF,
    0xFF, 0xDA, 0xE2, 0xFF, 0xFF, 0xDB, 0xE3, 0xFF, 0xFF, 0xDC, 0xE4, 0xFF, 0xFF, 0xDD, 0xE5, 0xFF,
    0xFF, 0xDE, 0xE6, 0xFF, 0xFF, 0xDF, 0xE7, 0xFF, 0xFF, 0xE0, 0xE8, 0xFF, 0xFF, 0xE2, 0xE9, 0xFF,
    0xFF, 0xE3, 0xEA, 0xFF, 0xFF, 0xE5, 0xEB, 0xFF, 0xFF, 0xE5, 0xEC, 0xFF, 0xFF, 0xE7, 0xED, 0xFF,
    0xFF, 0xE7, 0xED, 0xFF, 0xFF, 0xE8, 0xED, 0xFF, 0xFF, 0xE6, 0xEB, 0xFF, 0xFF, 0xE1, 0xE5, 0xFF,
    0xFF, 0xD8, 0xDB, 0xFE, 0xFF, 0xCF, 0xD1, 0xFF, 0xFD, 0xC1, 0xC2, 0xFA, 0xF7, 0xB1, 0xB1, 0x24,
    0x00, 0x00, 0x00, 0x00, 0xFF, 0xFF, 0xFF, 0x02, 0x00, 0x00, 0x00, 0x00, 0x00, 0x00, 0x00, 0x00,
    0x00, 0x00, 0x00, 0x00, 0x00, 0x00, 0x00, 0x00, 0xFF, 0xFF, 0xFF, 0x01, 0x00, 0x00, 0x00, 0x00,
    0xF8, 0xB3, 0xB4, 0xCA, 0xFF, 0xBE, 0xBF, 0xFF, 0xFF, 0xBB, 0xBD, 0xFC, 0xFF, 0xC0, 0xC3, 0xFF,
    0xFF, 0xC6, 0xCA, 0xFF, 0xFF, 0xCA, 0xCF, 0xFF, 0xFF, 0xCD, 0xD3, 0xFF, 0xFF, 0xD0, 0xD6, 0xFF,
    0xFF, 0xD3, 0xD9, 0xFF, 0xFF, 0xD6, 0xDC, 0xFF, 0xFF, 0xD8, 0xDE, 0xFF, 0xFF, 0xDB, 0xE1, 0xFF,
    0xFF, 0xDE, 0xE4, 0xFF, 0xFF, 0xE1, 0xE7, 0xFF, 0xFF, 0xE3, 0xEA, 0xFF, 0xFF, 0xE6, 0xEC, 0xFF,
    0xFF, 0xE7, 0xED, 0xFF, 0xFF, 0xE8, 0xEE, 0xFF, 0xFF, 0xE9, 0xEF, 0xFF, 0xFF, 0xE9, 0xEE, 0xFF,
    0xFF, 0xE7, 0xED, 0xFF, 0xFF, 0xE5, 0xEB, 0xFF, 0xFF, 0xE1, 0xE8, 0xFF, 0xFF, 0xDA, 0xE1, 0xFF,
    0xFF, 0xD2, 0xD9, 0xFF, 0xFF, 0xCC, 0xD4, 0xFF, 0xFF, 0xCA, 0xD3, 0xFF, 0xFF, 0xCB, 0xD3, 0xFF,
    0xFF, 0xCC, 0xD5, 0xFF, 0xFF, 0xCD, 0xD6, 0xFF, 0xFF, 0xCF, 0xD8, 0xFF, 0xFF, 0xD1, 0xD9, 0xFF,
    0xFF, 0xD2, 0xDB, 0xFF, 0xFF, 0xD4, 0xDD, 0xFF, 0xFF, 0xD5, 0xDE, 0xFF, 0xFF, 0xD6, 0xDF, 0xFF,
    0xFF, 0xD8, 0xE0, 0xFF, 0xFF, 0xD9, 0xE1, 0xFF, 0xFF, 0xDA, 0xE2, 0xFF, 0xFF, 0xDC, 0xE3, 0xFF,
    0xFF, 0xDD, 0xE5, 0xFF, 0xFF, 0xDE, 0xE6, 0xFF, 0xFF, 0xDF, 0xE7, 0xFF, 0xFF, 0xE1, 0xE8, 0xFF,
    0xFF, 0xE2, 0xE9, 0xFF, 0xFF, 0xE3, 0xEA, 0xFF, 0xFF, 0xE4, 0xEB, 0xFF, 0xFF, 0xE5, 0xEC, 0xFF,
    0xFF, 0xE5, 0xEC, 0xFF, 0xFF, 0xE5, 0xEA, 0xFF, 0xFF, 0xE2, 0xE8, 0xFF, 0xFF, 0xDC, 0xE0, 0xFF,
    0xFF, 0xD4, 0xD7, 0xFC, 0xFF, 0xD1, 0xD3, 0xFE, 0xFD, 0xBD, 0xBD, 0xCA, 0xFF, 0x00, 0x00, 0x01,
    0xFF, 0xFF, 0xFF, 0x01, 0x00, 0x00, 0x00, 0x00, 0x00, 0x00, 0x00, 0x00, 0x00, 0x00, 0x00, 0x00,
    0x00, 0x00, 0x00, 0x00, 0x00, 0x00, 0x00, 0x00, 0xFF, 0x7F, 0x7F, 0x02, 0x00, 0x00, 0x00, 0x00,
    0xF7, 0xB3, 0xB3, 0xC0, 0xFF, 0xBF, 0xC1, 0xFF, 0xFF, 0xBA, 0xBD, 0xFC, 0xFF, 0xC0, 0xC3, 0xFF,
    0xFF, 0xC5, 0xCA, 0xFF, 0xFF, 0xC9, 0xCF, 0xFF, 0xFF, 0xCC, 0xD2, 0xFF, 0xFF, 0xCF, 0xD5, 0xFF,
    0xFF, 0xD2, 0xD9, 0xFF, 0xFF, 0xD5, 0xDC, 0xFF, 0xFF, 0xD6, 0xDE, 0xFF, 0xFF, 0xD9, 0xE0, 0xFF,
    0xFF, 0xDD, 0xE3, 0xFF, 0xFF, 0xDF, 0xE6, 0xFF, 0xFF, 0xE1, 0xE8, 0xFF, 0xFF, 0xE3, 0xEA, 0xFF,
    0xFF, 0xE5, 0xEC, 0xFF, 0xFF, 0xE7, 0xED, 0xFF, 0xFF, 0xE7, 0xED, 0xFF, 0xFF, 0xE7, 0xED, 0xFF,
    0xFF, 0xE6, 0xEC, 0xFF, 0xFF, 0xE4, 0xEB, 0xFF, 0xFF, 0xE2, 0xE9, 0xFF, 0xFF, 0xDB, 0xE2, 0xFF,
    0xFF, 0xD3, 0xDB, 0xFF, 0xFF, 0xCD, 0xD5, 0xFF, 0xFF, 0xCA, 0xD3, 0xFF, 0xFF, 0xCA, 0xD3, 0xFF,
    0xFF, 0xCB, 0xD4, 0xFF, 0xFF, 0xCC, 0xD6, 0xFF, 0xFF, 0xCE, 0xD7, 0xFF, 0xFF, 0xD0, 0xD9, 0xFF,
    0xFF, 0xD1, 0xDA, 0xFF, 0xFF, 0xD2, 0xDB, 0xFF, 0xFF, 0xD4, 0xDD, 0xFF, 0xFF, 0xD6, 0xDF, 0xFF,
    0xFF, 0xD7, 0xDF, 0xFF, 0xFF, 0xD8, 0xE0, 0xFF, 0xFF, 0xD9, 0xE2, 0xFF, 0xFF, 0xDB, 0xE3, 0xFF,
    0xFF, 0xDC, 0xE4, 0xFF, 0xFF, 0xDD, 0xE5, 0xFF, 0xFF, 0xDE, 0xE6, 0xFF, 0xFF, 0xE0, 0xE7, 0xFF,
    0xFF, 0xE1, 0xE8, 0xFF, 0xFF, 0xE1, 0xE9, 0xFF, 0xFF, 0xE2, 0xE9, 0xFF, 0xFF, 0xE3, 0xEA, 0xFF,
    0xFF, 0xE3, 0xEA, 0xFF, 0xFF, 0xE2, 0xE8, 0xFF, 0xFF, 0xDE, 0xE3, 0xFF, 0xFF, 0xD7, 0xDB, 0xFF,
    0xFF, 0xCE, 0xD1, 0xFB, 0xFF, 0xD0, 0xD2, 0xFF, 0xFC, 0xBA, 0xBA, 0x73, 0x00, 0x00, 0x00, 0x00,
    0xFF, 0xBF, 0xBF, 0x04, 0x00, 0x00, 0x00, 0x00, 0x00, 0x00, 0x00, 0x00, 0x00, 0x00, 0x00, 0x00,
    0x00, 0x00, 0x00, 0x00, 0x00, 0x00, 0x00, 0x00, 0xFF, 0xBF, 0xBF, 0x04, 0x00, 0x00, 0x00, 0x00,
    0xF6, 0xB2, 0xB2, 0x9D, 0xFF, 0xC1, 0xC2, 0xFF, 0xFF, 0xB8, 0xBB, 0xFB, 0xFF, 0xBE, 0xC2, 0xFF,
    0xFF, 0xC3, 0xC9, 0xFF, 0xFF, 0xC8, 0xCE, 0xFF, 0xFF, 0xCA, 0xD1, 0xFF, 0xFF, 0xCE, 0xD5, 0xFF,
    0xFF, 0xD0, 0xD7, 0xFF, 0xFF, 0xD3, 0xDA, 0xFF, 0xFF, 0xD5, 0xDD, 0xFF, 0xFF, 0xD7, 0xDF, 0xFF,
    0xFF, 0xDA, 0xE2, 0xFF, 0xFF, 0xDD, 0xE4, 0xFF, 0xFF, 0xDF, 0xE7, 0xFF, 0xFF, 0xE1, 0xE9, 0xFF,
    0xFF, 0xE3, 0xEB, 0xFF, 0xFF, 0xE5, 0xEC, 0xFF, 0xFF, 0xE6, 0xEC, 0xFF, 0xFF, 0xE5, 0xEC, 0xFF,
    0xFF, 0xE5, 0xEB, 0xFF, 0xFF, 0xE4, 0xEA, 0xFF, 0xFF, 0xE2, 0xE9, 0xFF, 0xFF, 0xDD, 0xE4, 0xFF,
    0xFF, 0xD5, 0xDD, 0xFF, 0xFF, 0xCF, 0xD7, 0xFF, 0xFF, 0xCB, 0xD4, 0xFF, 0xFF, 0xCA, 0xD3, 0xFF,
    0xFF, 0xCB, 0xD4, 0xFF, 0xFF, 0xCB, 0xD5, 0xFF, 0xFF, 0xCD, 0xD7, 0xFF, 0xFF, 0xCE, 0xD8, 0xFF,
    0xFF, 0xD0, 0xD9, 0xFF, 0xFF, 0xD1, 0xDB, 0xFF, 0xFF, 0xD2, 0xDC, 0xFF, 0xFF, 0xD4, 0xDD, 0xFF,
    0xFF, 0xD5, 0xDF, 0xFF, 0xFF, 0xD6, 0xE0, 0xFF, 0xFF, 0xD8, 0xE1, 0xFF, 0xFF, 0xD9, 0xE2, 0xFF,
    0xFF, 0xDA, 0xE3, 0xFF, 0xFF, 0xDB, 0xE4, 0xFF, 0xFF, 0xDD, 0xE5, 0xFF, 0xFF, 0xDE, 0xE6, 0xFF,
    0xFF, 0xDF, 0xE7, 0xFF, 0xFF, 0xE0, 0xE8, 0xFF, 0xFF, 0xE0, 0xE8, 0xFF, 0xFF, 0xE1, 0xE8, 0xFF,
    0xFF, 0xE0, 0xE7, 0xFF, 0xFF, 0xDE, 0xE4, 0xFF, 0xFF, 0xD9, 0xDE, 0xFF, 0xFF, 0xD0, 0xD4, 0xFE,
    0xFF, 0xCC, 0xCF, 0xFD, 0xFF, 0xBE, 0xC0, 0xEF, 0xF3, 0xB1, 0xB1, 0x17, 0x00, 0x00, 0x00, 0x00,
    0xFF, 0xFF, 0xFF, 0x01, 0x00, 0x00, 0x00, 0x00, 0x00, 0x00, 0x00, 0x00, 0x00, 0x00, 0x00, 0x00,
    0x00, 0x00, 0x00, 0x00, 0x00, 0x00, 0x00, 0x00, 0xFF, 0xBF, 0xBF, 0x04, 0x00, 0x00, 0x00, 0x00,
    0xF7, 0xB1, 0xB1, 0x66, 0xFF, 0xC0, 0xC1, 0xFF, 0xFF, 0xB7, 0xBA, 0xFC, 0xFF, 0xBC, 0xC0, 0xFF,
    0xFF, 0xC1, 0xC7, 0xFF, 0xFF, 0xC6, 0xCC, 0xFF, 0xFF, 0xC9, 0xD0, 0xFF, 0xFF, 0xCC, 0xD4, 0xFF,
    0xFF, 0xCE, 0xD7, 0xFF, 0xFF, 0xD0, 0xD9, 0xFF, 0xFF, 0xD4, 0xDC, 0xFF, 0xFF, 0xD6, 0xDF, 0xFF,
    0xFF, 0xD8, 0xE1, 0xFF, 0xFF, 0xDB, 0xE3, 0xFF, 0xFF, 0xDD, 0xE6, 0xFF, 0xFF, 0xDF, 0xE7, 0xFF,
    0xFF, 0xE1, 0xE9, 0xFF, 0xFF, 0xE2, 0xEA, 0xFF, 0xFF, 0xE3, 0xEB, 0xFF, 0xFF, 0xE4, 0xEB, 0xFF,
    0xFF, 0xE4, 0xEA, 0xFF, 0xFF, 0xE4, 0xEA, 0xFF, 0xFF, 0xE2, 0xE9, 0xFF, 0xFF, 0xDF, 0xE5, 0xFF,
    0xFF, 0xD8, 0xDF, 0xFF, 0xFF, 0xD2, 0xDA, 0xFF, 0xFF, 0xCE, 0xD7, 0xFF, 0xFF, 0xCC, 0xD5, 0xFF,
    0xFF, 0xCB, 0xD4, 0xFF, 0xFF, 0xCB, 0xD5, 0xFF, 0xFF, 0xCC, 0xD6, 0xFF, 0xFF, 0xCD, 0xD7, 0xFF,
    0xFF, 0xCE, 0xD8, 0xFF, 0xFF, 0xD0, 0xDA, 0xFF, 0xFF, 0xD1, 0xDB, 0xFF, 0xFF, 0xD3, 0xDD, 0xFF,
    0xFF, 0xD4, 0xDE, 0xFF, 0xFF, 0xD5, 0xDF, 0xFF, 0xFF, 0xD6, 0xE0, 0xFF, 0xFF, 0xD8, 0xE1, 0xFF,
    0xFF, 0xD9, 0xE2, 0xFF, 0xFF, 0xDA, 0xE3, 0xFF, 0xFF, 0xDB, 0xE4, 0xFF, 0xFF, 0xDC, 0xE5, 0xFF,
    0xFF, 0xDD, 0xE6, 0xFF, 0xFF, 0xDE, 0xE6, 0xFF, 0xFF, 0xDE, 0xE6, 0xFF, 0xFF, 0xDE, 0xE5, 0xFF,
    0xFF, 0xDD, 0xE4, 0xFF, 0xFF, 0xD8, 0xDE, 0xFF, 0xFF, 0xD2, 0xD7, 0xFF, 0xFF, 0xCA, 0xCD, 0xFB,
    0xFF, 0xCF, 0xD1, 0xFF, 0xFD, 0xB8, 0xB8, 0x83, 0x00, 0x00, 0x00, 0x00, 0xFF, 0xAA, 0xAA, 0x03,
    0x00, 0x00, 0x00, 0x00, 0x00, 0x00, 0x00, 0x00, 0x00, 0x00, 0x00, 0x00, 0x00, 0x00, 0x00, 0x00,
    0x00, 0x00, 0x00, 0x00, 0x00, 0x00, 0x00, 0x00, 0xFF, 0x7F, 0x7F, 0x02, 0x00, 0x00, 0x00, 0x00,
    0xEF, 0xB1, 0xB1, 0x21, 0xFB, 0xB4, 0xB5, 0xF8, 0xFF, 0xB7, 0xBA, 0xFE, 0xFF, 0xBA, 0xBE, 0xFE,
    0xFF, 0xBF, 0xC5, 0xFF, 0xFF, 0xC4, 0xCB, 0xFF, 0xFF, 0xC7, 0xCF, 0xFF, 0xFF, 0xCA, 0xD2, 0xFF,
    0xFF, 0xCC, 0xD5, 0xFF, 0xFF, 0xCF, 0xD8, 0xFF, 0xFF, 0xD1, 0xDB, 0xFF, 0xFF, 0xD4, 0xDD, 0xFF,
    0xFF, 0xD6, 0xE0, 0xFF, 0xFF, 0xD9, 0xE2, 0xFF, 0xFF, 0xDB, 0xE4, 0xFF, 0xFF, 0xDD, 0xE6, 0xFF,
    0xFF, 0xDF, 0xE7, 0xFF, 0xFF, 0xE0, 0xE8, 0xFF, 0xFF, 0xE0, 0xE8, 0xFF, 0xFF, 0xE1, 0xE9, 0xFF,
    0xFF, 0xE2, 0xE9, 0xFF, 0xFF, 0xE2, 0xEA, 0xFF, 0xFF, 0xE2, 0xE8, 0xFF, 0xFF, 0xDF, 0xE6, 0xFF,
    0xFF, 0xDA, 0xE1, 0xFF, 0xFF, 0xD5, 0xDD, 0xFF, 0xFF, 0xD2, 0xDA, 0xFF, 0xFF, 0xCE, 0xD7, 0xFF,
    0xFF, 0xCC, 0xD6, 0xFF, 0xFF, 0xCB, 0xD5, 0xFF, 0xFF, 0xCB, 0xD5, 0xFF, 0xFF, 0xCB, 0xD6, 0xFF,
    0xFF, 0xCC, 0xD7, 0xFF, 0xFF, 0xCE, 0xD8, 0xFF, 0xFF, 0xD0, 0xDA, 0xFF, 0xFF, 0xD0, 0xDB, 0xFF,
    0xFF, 0xD2, 0xDC, 0xFF, 0xFF, 0xD4, 0xDE, 0xFF, 0xFF, 0xD5, 0xDF, 0xFF, 0xFF, 0xD6, 0xE0, 0xFF,
    0xFF, 0xD7, 0xE1, 0xFF, 0xFF, 0xD8, 0xE2, 0xFF, 0xFF, 0xD9, 0xE2, 0xFF, 0xFF, 0xDA, 0xE3, 0xFF,
    0xFF, 0xDB, 0xE3, 0xFF, 0xFF, 0xDB, 0xE4, 0xFF, 0xFF, 0xDC, 0xE4, 0xFF, 0xFF, 0xDB, 0xE2, 0xFF,
    0xFF, 0xD8, 0xDE, 0xFF, 0xFF, 0xD2, 0xD7, 0xFF, 0xFF, 0xCA, 0xCE, 0xFD, 0xFF, 0xC9, 0xCD, 0xFF,
    0xFD, 0xBA, 0xBC, 0xE0, 0xEC, 0xB6, 0xB6, 0x0E, 0xFF, 0x7F, 0x7F, 0x02, 0xFF, 0xFF, 0xFF, 0x01,
    0x00, 0x00, 0x00, 0x00, 0x00, 0x00, 0x00, 0x00, 0x00, 0x00, 0x00, 0x00, 0x00, 0x00, 0x00, 0x00,
    0x00, 0x00, 0x00, 0x00, 0x00, 0x00, 0x00, 0x00, 0x00, 0x00, 0x00, 0x00, 0xFF, 0xFF, 0xFF, 0x02,
    0x00, 0x00, 0x00, 0x00, 0xF9, 0xB1, 0xB3, 0xAF, 0xFF, 0xBF, 0xC2, 0xFF, 0xFD, 0xB7, 0xBB, 0xFC,
    0xFF, 0xBC, 0xC1, 0xFF, 0xFF, 0xC1, 0xC8, 0xFF, 0xFF, 0xC4, 0xCD, 0xFF, 0xFF, 0xC8, 0xD1, 0xFF,
    0xFF, 0xCA, 0xD4, 0xFF, 0xFF, 0xCD, 0xD6, 0xFF, 0xFF, 0xCF, 0xD9, 0xFF, 0xFF, 0xD2, 0xDC, 0xFF,
    0xFF, 0xD4, 0xDE, 0xFF, 0xFF, 0xD6, 0xE0, 0xFF, 0xFF, 0xD8, 0xE2, 0xFF, 0xFF, 0xDA, 0xE4, 0xFF,
    0xFF, 0xDC, 0xE5, 0xFF, 0xFF, 0xDD, 0xE6, 0xFF, 0xFF, 0xDD, 0xE6, 0xFF, 0xFF, 0xDE, 0xE6, 0xFF,
    0xFF, 0xDF, 0xE7, 0xFF, 0xFF, 0xDF, 0xE7, 0xFF, 0xFF, 0xDF, 0xE6, 0xFF, 0xFF, 0xDD, 0xE4, 0xFF,
    0xFF, 0xDA, 0xE2, 0xFF, 0xFF, 0xD7, 0xDF, 0xFF, 0xFF, 0xD3, 0xDC, 0xFF, 0xFF, 0xD0, 0xDA, 0xFF,
    0xFF, 0xCD, 0xD7, 0xFF, 0xFF, 0xCB, 0xD6, 0xFF, 0xFF, 0xC9, 0xD5, 0xFF, 0xFF, 0xCA, 0xD5, 0xFF,
    0xFF, 0xCB, 0xD6, 0xFF, 0xFF, 0xCC, 0xD7, 0xFF, 0xFF, 0xCE, 0xD9, 0xFF, 0xFF, 0xCF, 0xDA, 0xFF,
    0xFF, 0xD0, 0xDB, 0xFF, 0xFF, 0xD2, 0xDC, 0xFF, 0xFF, 0xD3, 0xDD, 0xFF, 0xFF, 0xD4, 0xDF, 0xFF,
    0xFF, 0xD5, 0xDF, 0xFF, 0xFF, 0xD6, 0xE0, 0xFF, 0xFF, 0xD7, 0xE0, 0xFF, 0xFF, 0xD8, 0xE1, 0xFF,
    0xFF, 0xD8, 0xE1, 0xFF, 0xFF, 0xD8, 0xE1, 0xFF, 0xFF, 0xD7, 0xDF, 0xFF, 0xFF, 0xD5, 0xDC, 0xFF,
    0xFF, 0xD0, 0xD6, 0xFF, 0xFF, 0xC9, 0xCE, 0xFE, 0xFF, 0xC6, 0xCA, 0xFB, 0xFF, 0xC3, 0xC5, 0xFF,
    0xFB, 0xB5, 0xB5, 0x45, 0x00, 0x00, 0x00, 0x00, 0xFF, 0xAA, 0xAA, 0x03, 0x00, 0x00, 0x00, 0x00,
    0x00, 0x00, 0x00, 0x00, 0x00, 0x00, 0x00, 0x00, 0x00, 0x00, 0x00, 0x00, 0x00, 0x00, 0x00, 0x00,
    0x00, 0x00, 0x00, 0x00, 0x00, 0x00, 0x00, 0x00, 0x00, 0x00, 0x00, 0x00, 0xFF, 0xAA, 0xAA, 0x03,
    0x00, 0x00, 0x00, 0x00, 0xFA, 0xB4, 0xB4, 0x33, 0xFC, 0xB6, 0xB9, 0xFE, 0xFF, 0xB6, 0xBA, 0xFC,
    0xFF, 0xB8, 0xBD, 0xFE, 0xFF, 0xBD, 0xC4, 0xFF, 0xFF, 0xC1, 0xCA, 0xFF, 0xFF, 0xC5, 0xCE, 0xFF,
    0xFF, 0xC8, 0xD2, 0xFF, 0xFF, 0xCA, 0xD5, 0xFF, 0xFF, 0xCC, 0xD7, 0xFF, 0xFF, 0xCF, 0xDA, 0xFF,
    0xFF, 0xD1, 0xDC, 0xFF, 0xFF, 0xD3, 0xDE, 0xFF, 0xFF, 0xD5, 0xE0, 0xFF, 0xFF, 0xD7, 0xE1, 0xFF,
    0xFF, 0xD9, 0xE2, 0xFF, 0xFF, 0xD8, 0xE2, 0xFF, 0xFF, 0xD9, 0xE3, 0xFF, 0xFF, 0xDA, 0xE3, 0xFF,
    0xFF, 0xDA, 0xE4, 0xFF, 0xFF, 0xDA, 0xE4, 0xFF, 0xFF, 0xDA, 0xE2, 0xFF, 0xFF, 0xD9, 0xE2, 0xFF,
    0xFF, 0xD8, 0xE1, 0xFF, 0xFF, 0xD6, 0xDF, 0xFF, 0xFF, 0xD3, 0xDD, 0xFF, 0xFF, 0xD0, 0xDB, 0xFF,
    0xFF, 0xCD, 0xD8, 0xFF, 0xFF, 0xCB, 0xD6, 0xFF, 0xFF, 0xC9, 0xD4, 0xFF, 0xFF, 0xC9, 0xD4, 0xFF,
    0xFF, 0xC9, 0xD4, 0xFF, 0xFF, 0xCA, 0xD6, 0xFF, 0xFF, 0xCC, 0xD7, 0xFF, 0xFF, 0xCD, 0xD8, 0xFF,
    0xFF, 0xCE, 0xD9, 0xFF, 0xFF, 0xCF, 0xDB, 0xFF, 0xFF, 0xD1, 0xDC, 0xFF, 0xFF, 0xD2, 0xDD, 0xFF,
    0xFF, 0xD3, 0xDE, 0xFF, 0xFF, 0xD4, 0xDE, 0xFF, 0xFF, 0xD4, 0xDE, 0xFF, 0xFF, 0xD5, 0xDE, 0xFF,
    0xFF, 0xD4, 0xDE, 0xFF, 0xFF, 0xD3, 0xDC, 0xFF, 0xFF, 0xD1, 0xD9, 0xFF, 0xFF, 0xCD, 0xD4, 0xFF,
    0xFF, 0xC7, 0xCD, 0xFE, 0xFF, 0xC3, 0xC8, 0xFA, 0xFF, 0xCA, 0xCD, 0xFF, 0xFC, 0xB3, 0xB5, 0x79,
    0x00, 0x00, 0x00, 0x00, 0xFF, 0xFF, 0xFF, 0x03, 0x00, 0x00, 0x00, 0x00, 0x00, 0x00, 0x00, 0x00,
    0x00, 0x00, 0x00, 0x00, 0x00, 0x00, 0x00, 0x00, 0x00, 0x00, 0x00, 0x00, 0x00, 0x00, 0x00, 0x00,
    0x00, 0x00, 0x00, 0x00, 0x00, 0x00, 0x00, 0x00, 0x00, 0x00, 0x00, 0x00, 0x00, 0x00, 0x00, 0x00,
    0xFF, 0xAA, 0xAA, 0x03, 0x00, 0x00, 0x00, 0x00, 0xF9, 0xAF, 0xB1, 0x8D, 0xFF, 0xC2, 0xC5, 0xFF,
    0xFF, 0xB5, 0xBA, 0xFA, 0xFF, 0xBA, 0xC0, 0xFF, 0xFF, 0xBD, 0xC5, 0xFF, 0xFF, 0xC1, 0xCA, 0xFF,
    0xFF, 0xC4, 0xCF, 0xFF, 0xFF, 0xC7, 0xD2, 0xFF, 0xFF, 0xC9, 0xD5, 0xFF, 0xFF, 0xCC, 0xD7, 0xFF,
    0xFF, 0xCE, 0xD9, 0xFF, 0xFF, 0xD0, 0xDB, 0xFF, 0xFF, 0xD2, 0xDD, 0xFF, 0xFF, 0xD4, 0xDE, 0xFF,
    0xFF, 0xD4, 0xDF, 0xFF, 0xFF, 0xD4, 0xDF, 0xFF, 0xFF, 0xD5, 0xDF, 0xFF, 0xFF, 0xD5, 0xE0, 0xFF,
    0xFF, 0xD5, 0xE0, 0xFF, 0xFF, 0xD5, 0xDF, 0xFF, 0xFF, 0xD5, 0xDF, 0xFF, 0xFF, 0xD4, 0xDF, 0xFF,
    0xFF, 0xD3, 0xDE, 0xFF, 0xFF, 0xD3, 0xDD, 0xFF, 0xFF, 0xD2, 0xDC, 0xFF, 0xFF, 0xCF, 0xDB, 0xFF,
    0xFF, 0xCD, 0xD8, 0xFF, 0xFF, 0xCB, 0xD6, 0xFF, 0xFF, 0xC8, 0xD4, 0xFF, 0xFF, 0xC7, 0xD3, 0xFF,
    0xFF, 0xC7, 0xD3, 0xFF, 0xFF, 0xC8, 0xD3, 0xFF, 0xFF, 0xC9, 0xD5, 0xFF, 0xFF, 0xCA, 0xD6, 0xFF,
    0xFF, 0xCC, 0xD7, 0xFF, 0xFF, 0xCD, 0xD9, 0xFF, 0xFF, 0xCE, 0xD9, 0xFF, 0xFF, 0xCF, 0xDA, 0xFF,
    0xFF, 0xD0, 0xDB, 0xFF, 0xFF, 0xD0, 0xDB, 0xFF, 0xFF, 0xD0, 0xDB, 0xFF, 0xFF, 0xD0, 0xDA, 0xFF,
    0xFF, 0xCF, 0xD8, 0xFF, 0xFF, 0xCC, 0xD5, 0xFF, 0xFF, 0xC9, 0xD0, 0xFF, 0xFF, 0xC4, 0xCA, 0xFD,
    0xFF, 0xC1, 0xC6, 0xFC, 0xFF, 0xC9, 0xCC, 0xFF, 0xFD, 0xB5, 0xB7, 0x8E, 0x00, 0x00, 0x00, 0x00,
    0xFF, 0xBF, 0xBF, 0x04, 0x00, 0x00, 0x00, 0x00, 0x00, 0x00, 0x00, 0x00, 0x00, 0x00, 0x00, 0x00,
    0x00, 0x00, 0x00, 0x00, 0x00, 0x00, 0x00, 0x00, 0x00, 0x00, 0x00, 0x00, 0x00, 0x00, 0x00, 0x00,
    0x00, 0x00, 0x00, 0x00, 0x00, 0x00, 0x00, 0x00, 0x00, 0x00, 0x00, 0x00, 0x00, 0x00, 0x00, 0x00,
    0xFF, 0xFF, 0xFF, 0x01, 0xFF, 0xAA, 0xAA, 0x03, 0xD4, 0xAA, 0xAA, 0x06, 0xFC, 0xB2, 0xB5, 0xBE,
    0xFF, 0xC0, 0xC5, 0xFF, 0xFF, 0xB5, 0xBA, 0xFA, 0xFF, 0xB8, 0xBF, 0xFF, 0xFF, 0xBC, 0xC5, 0xFF,
    0xFF, 0xBF, 0xC9, 0xFF, 0xFF, 0xC2, 0xCD, 0xFF, 0xFF, 0xC5, 0xD1, 0xFF, 0xFF, 0xC8, 0xD3, 0xFF,
    0xFF, 0xCA, 0xD5, 0xFF, 0xFF, 0xCB, 0xD7, 0xFF, 0xFF, 0xCD, 0xD9, 0xFF, 0xFF, 0xCE, 0xD9, 0xFF,
    0xFF, 0xCF, 0xDA, 0xFF, 0xFF, 0xD0, 0xDB, 0xFF, 0xFF, 0xD2, 0xDC, 0xFF, 0xFF, 0xD3, 0xDD, 0xFF,
    0xFF, 0xD3, 0xDE, 0xFF, 0xFF, 0xD2, 0xDD, 0xFF, 0xFF, 0xD2, 0xDD, 0xFF, 0xFF, 0xD1, 0xDC, 0xFF,
    0xFF, 0xD1, 0xDC, 0xFF, 0xFF, 0xD1, 0xDC, 0xFF, 0xFF, 0xD0, 0xDC, 0xFF, 0xFF, 0xCF, 0xDA, 0xFF,
    0xFF, 0xCD, 0xD9, 0xFF, 0xFF, 0xCB, 0xD7, 0xFF, 0xFF, 0xC8, 0xD5, 0xFF, 0xFF, 0xC7, 0xD3, 0xFF,
    0xFF, 0xC6, 0xD2, 0xFF, 0xFF, 0xC6, 0xD2, 0xFF, 0xFF, 0xC7, 0xD2, 0xFF, 0xFF, 0xC8, 0xD3, 0xFF,
    0xFF, 0xC8, 0xD4, 0xFF, 0xFF, 0xC9, 0xD5, 0xFF, 0xFF, 0xCA, 0xD6, 0xFF, 0xFF, 0xCB, 0xD7, 0xFF,
    0xFF, 0xCB, 0xD7, 0xFF, 0xFF, 0xCB, 0xD6, 0xFF, 0xFF, 0xCA, 0xD5, 0xFF, 0xFF, 0xC9, 0xD3, 0xFF,
    0xFF, 0xC7, 0xD0, 0xFF, 0xFF, 0xC4, 0xCC, 0xFE, 0xFF, 0xC1, 0xC7, 0xFB, 0xFF, 0xC2, 0xC6, 0xFF,
    0xFF, 0xC2, 0xC6, 0xFF, 0xFF, 0xB5, 0xB7, 0x80, 0x00, 0x00, 0x00, 0x00, 0xFF, 0xAA, 0xAA, 0x03,
    0xFF, 0xFF, 0xFF, 0x01, 0x00, 0x00, 0x00, 0x00, 0x00, 0x00, 0x00, 0x00, 0x00, 0x00, 0x00, 0x00,
    0x00, 0x00, 0x00, 0x00, 0x00, 0x00, 0x00, 0x00, 0x00, 0x00, 0x00, 0x00, 0x00, 0x00, 0x00, 0x00,
    0x00, 0x00, 0x00, 0x00, 0x00, 0x00, 0x00, 0x00, 0x00, 0x00, 0x00, 0x00, 0x00, 0x00, 0x00, 0x00,
    0x00, 0x00, 0x00, 0x00, 0xFF, 0xFF, 0xFF, 0x01, 0x00, 0x01, 0x01, 0x00, 0xEF, 0xAF, 0xAF, 0x10,
    0xFC, 0xB4, 0xB7, 0xC0, 0xFF, 0xC1, 0xC5, 0xFF, 0xFF, 0xB5, 0xBB, 0xFC, 0xFF, 0xB7, 0xBE, 0xFC,
    0xFF, 0xBA, 0xC2, 0xFF, 0xFF, 0xBD, 0xC6, 0xFF, 0xFF, 0xBF, 0xC9, 0xFF, 0xFF, 0xC1, 0xCC, 0xFF,
    0xFF, 0xC3, 0xCF, 0xFF, 0xFF, 0xC5, 0xD1, 0xFF, 0xFF, 0xC7, 0xD2, 0xFF, 0xFF, 0xC8, 0xD3, 0xFF,
    0xFF, 0xC9, 0xD4, 0xFF, 0xFF, 0xCC, 0xD7, 0xFF, 0xFF, 0xCF, 0xDA, 0xFF, 0xFF, 0xD1, 0xDC, 0xFF,
    0xFF, 0xD1, 0xDD, 0xFF, 0xFF, 0xD1, 0xDC, 0xFF, 0xFF, 0xD1, 0xDC, 0xFF, 0xFF, 0xD1, 0xDC, 0xFF,
    0xFF, 0xD1, 0xDC, 0xFF, 0xFF, 0xD0, 0xDC, 0xFF, 0xFF, 0xD0, 0xDB, 0xFF, 0xFF, 0xCF, 0xDB, 0xFF,
    0xFF, 0xCE, 0xDA, 0xFF, 0xFF, 0xCC, 0xD8, 0xFF, 0xFF, 0xC9, 0xD6, 0xFF, 0xFF, 0xC7, 0xD3, 0xFF,
    0xFF, 0xC6, 0xD2, 0xFF, 0xFF, 0xC4, 0xD0, 0xFF, 0xFF, 0xC4, 0xD0, 0xFF, 0xFF, 0xC4, 0xD0, 0xFF,
    0xFF, 0xC5, 0xD0, 0xFF, 0xFF, 0xC5, 0xD1, 0xFF, 0xFF, 0xC6, 0xD1, 0xFF, 0xFF, 0xC6, 0xD1, 0xFF,
    0xFF, 0xC5, 0xD0, 0xFF, 0xFF, 0xC4, 0xCE, 0xFF, 0xFF, 0xC3, 0xCC, 0xFF, 0xFF, 0xC1, 0xC9, 0xFD,
    0xFF, 0xBE, 0xC6, 0xFB, 0xFF, 0xBD, 0xC3, 0xFF, 0xFF, 0xC6, 0xCB, 0xFF, 0xFD, 0xBA, 0xBE, 0xE6,
    0xFB, 0xB3, 0xB3, 0x54, 0x00, 0x00, 0x00, 0x00, 0xFF, 0xAA, 0xAA, 0x03, 0xFF, 0x00, 0x00, 0x01,
    0x00, 0x00, 0x00, 0x00, 0x00, 0x00, 0x00, 0x00, 0x00, 0x00, 0x00, 0x00, 0x00, 0x00, 0x00, 0x00,
    0x00, 0x00, 0x00, 0x00, 0x00, 0x00, 0x00, 0x00, 0x00, 0x00, 0x00, 0x00, 0x00, 0x00, 0x00, 0x00,
    0x00, 0x00, 0x00, 0x00, 0x00, 0x00, 0x00, 0x00, 0x00, 0x00, 0x00, 0x00, 0x00, 0x00, 0x00, 0x00,
    0x00, 0x00, 0x00, 0x00, 0x00, 0x00, 0x00, 0x00, 0xFF, 0x7F, 0x7F, 0x02, 0x00, 0x00, 0x00, 0x00,
    0xDF, 0x9F, 0x9F, 0x08, 0xFD, 0xB2, 0xB6, 0x9A, 0xFF, 0xBA, 0xBE, 0xFF, 0xFF, 0xBC, 0xC2, 0xFF,
    0xFF, 0xB4, 0xBB, 0xFE, 0xFF, 0xB7, 0xBE, 0xFB, 0xFF, 0xB9, 0xC2, 0xFC, 0xFF, 0xBB, 0xC4, 0xFD,
    0xFF, 0xBC, 0xC5, 0xFE, 0xFF, 0xBE, 0xC7, 0xFE, 0xFF, 0xBF, 0xC9, 0xFE, 0xFF, 0xC1, 0xCB, 0xFE,
    0xFF, 0xC3, 0xCD, 0xFE, 0xFF, 0xC6, 0xD1, 0xFE, 0xFF, 0xC9, 0xD5, 0xFE, 0xFF, 0xCB, 0xD7, 0xFE,
    0xFF, 0xCC, 0xD9, 0xFE, 0xFF, 0xCE, 0xDA, 0xFD, 0xFF, 0xCE, 0xDA, 0xFD, 0xFF, 0xCE, 0xDA, 0xFD,
    0xFF, 0xCE, 0xDA, 0xFD, 0xFF, 0xCD, 0xDA, 0xFD, 0xFF, 0xCD, 0xD9, 0xFD, 0xFF, 0xCD, 0xD9, 0xFD,
    0xFF, 0xCC, 0xD8, 0xFD, 0xFF, 0xCA, 0xD6, 0xFE, 0xFF, 0xC7, 0xD4, 0xFE, 0xFF, 0xC5, 0xD1, 0xFE,
    0xFF, 0xC3, 0xCF, 0xFE, 0xFF, 0xC1, 0xCD, 0xFE, 0xFF, 0xC0, 0xCB, 0xFE, 0xFF, 0xBF, 0xCA, 0xFE,
    0xFF, 0xBF, 0xCA, 0xFE, 0xFF, 0xBF, 0xCA, 0xFE, 0xFF, 0xBF, 0xC9, 0xFE, 0xFF, 0xC0, 0xC9, 0xFD,
    0xFF, 0xBF, 0xC8, 0xFC, 0xFF, 0xBD, 0xC6, 0xFB, 0xFF, 0xBB, 0xC3, 0xFD, 0xFF, 0xBE, 0xC5, 0xFF,
    0xFF, 0xC5, 0xCA, 0xFF, 0xFF, 0xBA, 0xBE, 0xF8, 0xFF, 0xB8, 0xBB, 0x98, 0xFF, 0xA3, 0xAD, 0x19,
    0x00, 0x00, 0x00, 0x00, 0xFF, 0xAA, 0xAA, 0x03, 0x00, 0x00, 0x00, 0x00, 0x00, 0x00, 0x00, 0x00,
    0x00, 0x00, 0x00, 0x00, 0x00, 0x00, 0x00, 0x00, 0x00, 0x00, 0x00, 0x00, 0x00, 0x00, 0x00, 0x00,
    0x00, 0x00, 0x00, 0x00, 0x00, 0x00, 0x00, 0x00, 0x00, 0x00, 0x00, 0x00, 0x00, 0x00, 0x00, 0x00,
    0x00, 0x00, 0x00, 0x00, 0x00, 0x00, 0x00, 0x00, 0x00, 0x00, 0x00, 0x00, 0x00, 0x00, 0x00, 0x00,
    0x00, 0x00, 0x00, 0x00, 0x00, 0x00, 0x00, 0x00, 0x00, 0x00, 0x00, 0x00, 0xFF, 0xFF, 0xFF, 0x01,
    0x00, 0x00, 0x00, 0x00, 0x00, 0x00, 0x00, 0x00, 0xFB, 0xAD, 0xB1, 0x48, 0xFF, 0xB5, 0xBA, 0xC1,
    0xFF, 0xB7, 0xBC, 0xFF, 0xFF, 0xBF, 0xC6, 0xFF, 0xFF, 0xBD, 0xC4, 0xFF, 0xFF, 0xBB, 0xC2, 0xFF,
    0xFF, 0xB9, 0xC1, 0xFF, 0xFF, 0xBA, 0xC2, 0xFF, 0xFF, 0xBB, 0xC3, 0xFF, 0xFF, 0xBD, 0xC6, 0xFF,
    0xFF, 0xBF, 0xC8, 0xFF, 0xFF, 0xC0, 0xCA, 0xFF, 0xFF, 0xC3, 0xCD, 0xFF, 0xFF, 0xC5, 0xCF, 0xFF,
    0xFF, 0xC6, 0xD1, 0xFF, 0xFF, 0xC6, 0xD2, 0xFF, 0xFF, 0xC7, 0xD2, 0xFF, 0xFF, 0xC7, 0xD2, 0xFF,
    0xFF, 0xC7, 0xD2, 0xFF, 0xFF, 0xC7, 0xD2, 0xFF, 0xFF, 0xC7, 0xD2, 0xFF, 0xFF, 0xC6, 0xD2, 0xFF,
    0xFF, 0xC6, 0xD1, 0xFF, 0xFF, 0xC6, 0xD0, 0xFF, 0xFF, 0xC4, 0xCF, 0xFF, 0xFF, 0xC2, 0xCD, 0xFF,
    0xFF, 0xC1, 0xCA, 0xFF, 0xFF, 0xBF, 0xC9, 0xFF, 0xFF, 0xBE, 0xC7, 0xFF, 0xFF, 0xBE, 0xC6, 0xFF,
    0xFF, 0xBC, 0xC5, 0xFF, 0xFF, 0xBE, 0xC7, 0xFF, 0xFF, 0xBF, 0xC7, 0xFF, 0xFF, 0xBF, 0xC6, 0xFF,
    0xFF, 0xC2, 0xC9, 0xFF, 0xFF, 0xC3, 0xCA, 0xFF, 0xFF, 0xBC, 0xC2, 0xFF, 0xFF, 0xB6, 0xBC, 0xDF,
    0xFF, 0xB7, 0xBB, 0x8F, 0xFF, 0xB1, 0xB7, 0x2B, 0x00, 0x00, 0x00, 0x00, 0x00, 0x00, 0x00, 0x00,
    0xFF, 0xAA, 0xAA, 0x03, 0x00, 0x00, 0x00, 0x00, 0x00, 0x00, 0x00, 0x00, 0x00, 0x00, 0x00, 0x00,
    0x00, 0x00, 0x00, 0x00, 0x00, 0x00, 0x00, 0x00, 0x00, 0x00, 0x00, 0x00, 0x00, 0x00, 0x00, 0x00,
    0x00, 0x00, 0x00, 0x00, 0x00, 0x00, 0x00, 0x00, 0x00, 0x00, 0x00, 0x00, 0x00, 0x00, 0x00, 0x00,
    0x00, 0x00, 0x00, 0x00, 0x00, 0x00, 0x00, 0x00, 0x00, 0x00, 0x00, 0x00, 0x00, 0x00, 0x00, 0x00,
    0x00, 0x00, 0x00, 0x00, 0x00, 0x00, 0x00, 0x00, 0x00, 0x00, 0x00, 0x00, 0x00, 0x00, 0x00, 0x00,
    0xFF, 0xFF, 0xFF, 0x01, 0xFF, 0xFF, 0xFF, 0x02, 0x00, 0x00, 0x00, 0x00, 0x00, 0x00, 0x00, 0x00,
    0xFF, 0xB7, 0xB7, 0x39, 0xFF, 0xB4, 0xB8, 0x85, 0xFF, 0xB2, 0xB6, 0xBF, 0xFF, 0xB1, 0xB7, 0xE1,
    0xFF, 0xB2, 0xB8, 0xF1, 0xFF, 0xB3, 0xB8, 0xF6, 0xFF, 0xB3, 0xB8, 0xF7, 0xFF, 0xB3, 0xBA, 0xF4,
    0xFF, 0xB3, 0xBA, 0xF1, 0xFF, 0xB4, 0xBB, 0xED, 0xFF, 0xB3, 0xBA, 0xEA, 0xFF, 0xB3, 0xBA, 0xE7,
    0xFF, 0xB4, 0xBB, 0xE5, 0xFF, 0xB5, 0xBB, 0xE4, 0xFF, 0xB4, 0xBA, 0xE4, 0xFF, 0xB4, 0xBB, 0xE3,
    0xFF, 0xB4, 0xBB, 0xE3, 0xFF, 0xB4, 0xBB, 0xE3, 0xFF, 0xB4, 0xBA, 0xE4, 0xFF, 0xB4, 0xBB, 0xE4,
    0xFF, 0xB4, 0xBB, 0xE5, 0xFF, 0xB4, 0xBB, 0xE5, 0xFF, 0xB4, 0xBB, 0xE6, 0xFF, 0xB3, 0xBB, 0xE9,
    0xFF, 0xB3, 0xB9, 0xEC, 0xFF, 0xB4, 0xBA, 0xEE, 0xFF, 0xB4, 0xBA, 0xF2, 0xFF, 0xB4, 0xBA, 0xF2,
    0xFF, 0xB4, 0xBA, 0xF9, 0xFF, 0xB2, 0xB9, 0xEE, 0xFF, 0xB2, 0xB9, 0xE7, 0xFF, 0xB4, 0xBA, 0xDE,
    0xFF, 0xB4, 0xB9, 0xBB, 0xFF, 0xB2, 0xB8, 0x86, 0xFF, 0xB5, 0xB8, 0x45, 0xFF, 0xB9, 0xB9, 0x0B,
    0x00, 0x00, 0x00, 0x00, 0x00, 0x00, 0x00, 0x00, 0xFF, 0xAA, 0xAA, 0x03, 0xFF, 0xFF, 0xFF, 0x01,
    0x00, 0x00, 0x00, 0x00, 0x00, 0x00, 0x00, 0x00, 0x00, 0x00, 0x00, 0x00, 0x00, 0x00, 0x00, 0x00,
    0x00, 0x00, 0x00, 0x00, 0x00, 0x00, 0x00, 0x00, 0x00, 0x00, 0x00, 0x00, 0x00, 0x00, 0x00, 0x00,
    0x00, 0x00, 0x00, 0x00, 0x00, 0x00, 0x00, 0x00, 0x00, 0x00, 0x00, 0x00, 0x00, 0x00, 0x00, 0x00,
    0x00, 0x00, 0x00, 0x00, 0x00, 0x00, 0x00, 0x00, 0x00, 0x00, 0x00, 0x00, 0x00, 0x00, 0x00, 0x00,
    0x00, 0x00, 0x00, 0x00, 0x00, 0x00, 0x00, 0x00, 0x00, 0x00, 0x00, 0x00, 0x00, 0x00, 0x00, 0x00,
    0x00, 0x00, 0x00, 0x00, 0x00, 0x00, 0x00, 0x00, 0xFF, 0xAA, 0xAA, 0x03, 0xFF, 0xFF, 0xFF, 0x01,
    0x00, 0x00, 0x00, 0x00, 0x00, 0x00, 0x00, 0x00, 0x00, 0x00, 0x00, 0x00, 0xFF, 0xAA, 0xAA, 0x09,
    0xFF, 0xB6, 0xB6, 0x15, 0xFF, 0xB2, 0xB2, 0x1E, 0xFF, 0xB2, 0xB2, 0x1E, 0xFF, 0xAA, 0xB3, 0x1B,
    0xFF, 0xAA, 0xAA, 0x15, 0xFF, 0xAF, 0xAF, 0x10, 0xFF, 0xA3, 0xA3, 0x0E, 0xFF, 0xAA, 0xAA, 0x0C,
    0xFF, 0xB9, 0xA2, 0x0B, 0xFF, 0xA2, 0xA2, 0x0B, 0xFF, 0xB2, 0xB2, 0x0A, 0xFF, 0xB2, 0xB2, 0x0A,
    0xFF, 0xB2, 0xB2, 0x0A, 0xFF, 0xB2, 0xB2, 0x0A, 0xFF, 0xB2, 0xB2, 0x0A, 0xFF, 0xB2, 0xB2, 0x0A,
    0xFF, 0xA2, 0xA2, 0x0B, 0xFF, 0xB9, 0xB9, 0x0B, 0xFF, 0xAA, 0xAA, 0x0C, 0xFF, 0xB0, 0xB0, 0x0D,
    0xFF, 0xAA, 0xAA, 0x0F, 0xFF, 0xB4, 0xB4, 0x11, 0xFF, 0xAA, 0xAA, 0x0F, 0xFF, 0xA3, 0xA3, 0x1C,
    0xFF, 0x7F, 0x7F, 0x0C, 0xFF, 0xBE, 0xC2, 0x37, 0xFF, 0xBF, 0xBF, 0x38, 0xFF, 0xB6, 0xB6, 0x07,
    0x00, 0x00, 0x00, 0x00, 0x00, 0x00, 0x00, 0x00, 0x00, 0x00, 0x00, 0x00, 0x00, 0x00, 0x00, 0x00,
    0xFF, 0xFF, 0xFF, 0x03, 0xFF, 0x7F, 0x7F, 0x02, 0x00, 0x00, 0x00, 0x00, 0x00, 0x00, 0x00, 0x00,
    0x00, 0x00, 0x00, 0x00, 0x00, 0x00, 0x00, 0x00, 0x00, 0x00, 0x00, 0x00, 0x00, 0x00, 0x00, 0x00,
    0x00, 0x00, 0x00, 0x00, 0x00, 0x00, 0x00, 0x00, 0x00, 0x00, 0x00, 0x00, 0x00, 0x00, 0x00, 0x00,
    0x00, 0x00, 0x00, 0x00, 0x00, 0x00, 0x00, 0x00, 0x00, 0x00, 0x00, 0x00, 0x00, 0x00, 0x00, 0x00,
    0x00, 0x00, 0x00, 0x00, 0x00, 0x00, 0x00, 0x00, 0x00, 0x00, 0x00, 0x00, 0x00, 0x00, 0x00, 0x00,
    0x00, 0x00, 0x00, 0x00, 0x00, 0x00, 0x00, 0x00, 0x00, 0x00, 0x00, 0x00, 0x00, 0x00, 0x00, 0x00,
    0x00, 0x00, 0x00, 0x00, 0x00, 0x00, 0x00, 0x00, 0x00, 0x00, 0x00, 0x00, 0x00, 0x00, 0x00, 0x00,
    0xFF, 0xAA, 0xAA, 0x03, 0xFF, 0xBF, 0xBF, 0x04, 0xFF, 0x7F, 0x7F, 0x02, 0x00, 0x00, 0x00, 0x00,
    0x00, 0x00, 0x00, 0x00, 0x00, 0x00, 0x00, 0x00, 0x00, 0x00, 0x00, 0x00, 0x00, 0x00, 0x00, 0x00,
    0x00, 0x00, 0x00, 0x00, 0x00, 0x00, 0x00, 0x00, 0x00, 0x00, 0x00, 0x00, 0x00, 0x00, 0x00, 0x00,
    0x00, 0x00, 0x00, 0x00, 0x00, 0x00, 0x00, 0x00, 0x00, 0x00, 0x00, 0x00, 0x00, 0x00, 0x00, 0x00,
    0x00, 0x00, 0x00, 0x00, 0x00, 0x00, 0x00, 0x00, 0x00, 0x00, 0x00, 0x00, 0x00, 0x00, 0x00, 0x00,
    0x00, 0x00, 0x00, 0x00, 0x00, 0x00, 0x00, 0x00, 0x00, 0x00, 0x00, 0x00, 0x00, 0x00, 0x00, 0x00,
    0x00, 0x00, 0x00, 0x00, 0x00, 0x00, 0x00, 0x00, 0xFF, 0xC5, 0xD1, 0x59, 0xFF, 0xDF, 0xE4, 0xD1,
    0xFF, 0xD2, 0xD5, 0x8E, 0xFF, 0xCE, 0xD5, 0xE1, 0xFF, 0xDB, 0xDF, 0xF0, 0xFF, 0xB0, 0xB0, 0x0D,
    0x00, 0x00, 0x00, 0x00, 0xFF, 0xAA, 0xAA, 0x06, 0xFF, 0xAA, 0xAA, 0x03, 0xFF, 0xFF, 0xFF, 0x01,
    0x00, 0x00, 0x00, 0x00, 0x00, 0x00, 0x00, 0x00, 0x00, 0x00, 0x00, 0x00, 0x00, 0x00, 0x00, 0x00,
    0x00, 0x00, 0x00, 0x00, 0x00, 0x00, 0x00, 0x00, 0x00, 0x00, 0x00, 0x00, 0x00, 0x00, 0x00, 0x00,
    0x00, 0x00, 0x00, 0x00, 0x00, 0x00, 0x00, 0x00, 0x00, 0x00, 0x00, 0x00, 0x00, 0x00, 0x00, 0x00,
    0x00, 0x00, 0x00, 0x00, 0x00, 0x00, 0x00, 0x00, 0x00, 0x00, 0x00, 0x00, 0x00, 0x00, 0x00, 0x00,
    0x00, 0x00, 0x00, 0x00, 0x00, 0x00, 0x00, 0x00, 0x00, 0x00, 0x00, 0x00, 0x00, 0x00, 0x00, 0x00,
    0x00, 0x00, 0x00, 0x00, 0x00, 0x00, 0x00, 0x00, 0x00, 0x00, 0x00, 0x00, 0x00, 0x00, 0x00, 0x00,
    0x00, 0x00, 0x00, 0x00, 0x00, 0x00, 0x00, 0x00, 0x00, 0x00, 0x00, 0x00, 0x00, 0x00, 0x00, 0x00,
    0x00, 0x00, 0x00, 0x00, 0x00, 0x00, 0x00, 0x00, 0x00, 0x00, 0x00, 0x00, 0xFF, 0xFF, 0xFF, 0x01,
    0xFF, 0xFF, 0xFF, 0x01, 0xFF, 0x7F, 0x7F, 0x02, 0xFF, 0x7F, 0x7F, 0x02, 0xFF, 0x7F, 0x7F, 0x02,
    0xFF, 0xFF, 0xFF, 0x01, 0xFF, 0xFF, 0xFF, 0x01, 0xFF, 0xFF, 0xFF, 0x01, 0xFF, 0xFF, 0xFF, 0x01,
    0xFF, 0xFF, 0xFF, 0x01, 0xFF, 0xFF, 0xFF, 0x01, 0xFF, 0xFF, 0xFF, 0x01, 0xFF, 0xFF, 0xFF, 0x01,
    0xFF, 0xFF, 0xFF, 0x01, 0xFF, 0xFF, 0xFF, 0x01, 0xFF, 0xFF, 0xFF, 0x01, 0xFF, 0xFF, 0xFF, 0x01,
    0xFF, 0xFF, 0xFF, 0x01, 0xFF, 0xFF, 0xFF, 0x01, 0xFF, 0xFF, 0xFF, 0x01, 0xFF, 0xFF, 0xFF, 0x01,
    0xFF, 0xFF, 0xFF, 0x03, 0x00, 0x00, 0x00, 0x00, 0xFF, 0xBE, 0xC7, 0xAB, 0xFF, 0xE9, 0xF1, 0xFF,
    0xFF, 0xE5, 0xE9, 0xFF, 0xFF, 0xDC, 0xE1, 0xFF, 0xFF, 0xEB, 0xF0, 0xFF, 0xFF, 0xDC, 0xDD, 0x9A,
    0xFF, 0xCE, 0xCE, 0x2A, 0xFF, 0xFF, 0xFF, 0x01, 0xFF, 0xFF, 0xFF, 0x01, 0x00, 0x00, 0x00, 0x00,
    0x00, 0x00, 0x00, 0x00, 0x00, 0x00, 0x00, 0x00, 0x00, 0x00, 0x00, 0x00, 0x00, 0x00, 0x00, 0x00,
    0x00, 0x00, 0x00, 0x00, 0x00, 0x00, 0x00, 0x00, 0x00, 0x00, 0x00, 0x00, 0x00, 0x00, 0x00, 0x00,
    0x00, 0x00, 0x00, 0x00, 0x00, 0x00, 0x00, 0x00, 0x00, 0x00, 0x00, 0x00, 0x00, 0x00, 0x00, 0x00,
    0x00, 0x00, 0x00, 0x00, 0x00, 0x00, 0x00, 0x00, 0x00, 0x00, 0x00, 0x00, 0x00, 0x00, 0x00, 0x00,
    0x00, 0x00, 0x00, 0x00, 0x00, 0x00, 0x00, 0x00, 0x00, 0x00, 0x00, 0x00, 0x00, 0x00, 0x00, 0x00,
    0x00, 0x00, 0x00, 0x00, 0x00, 0x00, 0x00, 0x00, 0x00, 0x00, 0x00, 0x00, 0x00, 0x00, 0x00, 0x00,
    0x00, 0x00, 0x00, 0x00, 0x00, 0x00, 0x00, 0x00, 0x00, 0x00, 0x00, 0x00, 0x00, 0x00, 0x00, 0x00,
    0x00, 0x00, 0x00, 0x00, 0x00, 0x00, 0x00, 0x00, 0x00, 0x00, 0x00, 0x00, 0x00, 0x00, 0x00, 0x00,
    0x00, 0x00, 0x00, 0x00, 0x00, 0x00, 0x00, 0x00, 0x00, 0x00, 0x00, 0x00, 0x00, 0x00, 0x00, 0x00,
    0x00, 0x00, 0x00, 0x00, 0xFF, 0x00, 0x00, 0x01, 0xFF, 0xBF, 0xBF, 0x04, 0xFF, 0xBF, 0xBF, 0x04,
    0xFF, 0xFF, 0xFF, 0x01, 0x00, 0x00, 0x00, 0x00, 0x00, 0x00, 0x00, 0x00, 0x00, 0x00, 0x00, 0x00,
    0x00, 0x00, 0x00, 0x00, 0x00, 0x00, 0x00, 0x00, 0x00, 0x00, 0x00, 0x00, 0x00, 0x00, 0x00, 0x00,
    0x00, 0x00, 0x00, 0x00, 0x00, 0x00, 0x00, 0x00, 0x00, 0x00, 0x00, 0x00, 0xFF, 0xFF, 0xFF, 0x01,
    0xFF, 0xBF, 0xBF, 0x04, 0xFF, 0xCB, 0xD1, 0x7B, 0xFF, 0xD4, 0xDA, 0xEE, 0xFF, 0xCF, 0xD5, 0xFB,
    0xFF, 0xD6, 0xDB, 0xFB, 0xFF, 0xE0, 0xE5, 0xFE, 0xFF, 0xE5, 0xE9, 0xFD, 0xFF, 0xF2, 0xF7, 0xFF,
    0xFF, 0xDB, 0xE0, 0xF0, 0xFF, 0xB9, 0xB9, 0x0B, 0x00, 0x00, 0x00, 0x00, 0xFF, 0xFF, 0xFF, 0x01,
    0x00, 0x00, 0x00, 0x00, 0x00, 0x00, 0x00, 0x00, 0x00, 0x00, 0x00, 0x00, 0x00, 0x00, 0x00, 0x00,
    0x00, 0x00, 0x00, 0x00, 0x00, 0x00, 0x00, 0x00, 0x00, 0x00, 0x00, 0x00, 0x00, 0x00, 0x00, 0x00,
    0x00, 0x00, 0x00, 0x00, 0x00, 0x00, 0x00, 0x00, 0x00, 0x00, 0x00, 0x00, 0x00, 0x00, 0x00, 0x00,
    0x00, 0x00, 0x00, 0x00, 0x00, 0x00, 0x00, 0x00, 0x00, 0x00, 0x00, 0x00, 0x00, 0x00, 0x00, 0x00,
    0x00, 0x00, 0x00, 0x00, 0x00, 0x00, 0x00, 0x00, 0x00, 0x00, 0x00, 0x00, 0x00, 0x00, 0x00, 0x00,
    0x00, 0x00, 0x00, 0x00, 0x00, 0x00, 0x00, 0x00, 0x00, 0x00, 0x00, 0x00, 0x00, 0x00, 0x00, 0x00,
    0x00, 0x00, 0x00, 0x00, 0x00, 0x00, 0x00, 0x00, 0x00, 0x00, 0x00, 0x00, 0x00, 0x00, 0x00, 0x00,
    0x00, 0x00, 0x00, 0x00, 0x00, 0x00, 0x00, 0x00, 0x00, 0x00, 0x00, 0x00, 0x00, 0x00, 0x00, 0x00,
    0x00, 0x00, 0x00, 0x00, 0x00, 0x00, 0x00, 0x00, 0x00, 0x00, 0x00, 0x00, 0x00, 0x00, 0x00, 0x00,
    0x00, 0x00, 0x00, 0x00, 0x00, 0x00, 0x00, 0x00, 0x00, 0x00, 0x00, 0x00, 0x00, 0x00, 0x00, 0x00,
    0x00, 0x00, 0x00, 0x00, 0x00, 0x00, 0x00, 0x00, 0x00, 0x00, 0x00, 0x00, 0x00, 0x00, 0x00, 0x00,
    0x00, 0x00, 0x00, 0x00, 0x00, 0x00, 0x00, 0x00, 0x00, 0x00, 0x00, 0x00, 0x00, 0x00, 0x00, 0x00,
    0x00, 0x00, 0x00, 0x00, 0x00, 0x00, 0x00, 0x00, 0xFF, 0xFF, 0xFF, 0x01, 0x00, 0x00, 0x00, 0x00,
    0xFF, 0xAE, 0xBB, 0x13, 0xFF, 0xC9, 0xD1, 0xFF, 0xFF, 0xDB, 0xE3, 0xFF, 0xFF, 0xCC, 0xD3, 0xFD,
    0xFF, 0xD7, 0xDE, 0xFF, 0xFF, 0xE2, 0xE8, 0xFF, 0xFF, 0xE6, 0xEC, 0xFC, 0xFF, 0xE9, 0xF0, 0xFC,
    0xFF, 0xCF, 0xD5, 0xA0, 0xFF, 0xBF, 0xBF, 0x04, 0xFF, 0xFF, 0xFF, 0x02, 0x00, 0x00, 0x00, 0x00,
    0x00, 0x00, 0x00, 0x00, 0x00, 0x00, 0x00, 0x00, 0x00, 0x00, 0x00, 0x00, 0x00, 0x00, 0x00, 0x00,
    0x00, 0x00, 0x00, 0x00, 0x00, 0x00, 0x00, 0x00, 0x00, 0x00, 0x00, 0x00, 0x00, 0x00, 0x00, 0x00,
    0x00, 0x00, 0x00, 0x00, 0x00, 0x00, 0x00, 0x00, 0x00, 0x00, 0x00, 0x00, 0x00, 0x00, 0x00, 0x00,
    0x00, 0x00, 0x00, 0x00, 0x00, 0x00, 0x00, 0x00, 0x00, 0x00, 0x00, 0x00, 0x00, 0x00, 0x00, 0x00,
    0x00, 0x00, 0x00, 0x00, 0x00, 0x00, 0x00, 0x00, 0x00, 0x00, 0x00, 0x00, 0x00, 0x00, 0x00, 0x00,
    0x00, 0x00, 0x00, 0x00, 0x00, 0x00, 0x00, 0x00, 0x00, 0x00, 0x00, 0x00, 0x00, 0x00, 0x00, 0x00,
    0x00, 0x00, 0x00, 0x00, 0x00, 0x00, 0x00, 0x00, 0x00, 0x00, 0x00, 0x00, 0x00, 0x00, 0x00, 0x00,
    0x00, 0x00, 0x00, 0x00, 0x00, 0x00, 0x00, 0x00, 0x00, 0x00, 0x00, 0x00, 0x00, 0x00, 0x00, 0x00,
    0x00, 0x00, 0x00, 0x00, 0x00, 0x00, 0x00, 0x00, 0xFF, 0xFF, 0xFF, 0x03, 0xFF, 0xBF, 0xFF, 0x04,
    0xFF, 0xBF, 0xBF, 0x04, 0xFF, 0xBF, 0xFF, 0x04, 0xFF, 0xC9, 0xD3, 0x69, 0xFF, 0xD0, 0xD4, 0x7D,
    0xFF, 0xBF, 0xBF, 0x10, 0xFF, 0xFF, 0xFF, 0x02, 0xFF, 0xCC, 0xCC, 0x05, 0xFF, 0xFF, 0xFF, 0x03,
    0xFF, 0xFF, 0xFF, 0x02, 0x00, 0x00, 0x00, 0x00, 0x00, 0x00, 0x00, 0x00, 0x00, 0x00, 0x00, 0x00,
    0x00, 0x00, 0x00, 0x00, 0x00, 0x00, 0x00, 0x00, 0x00, 0x00, 0x00, 0x00, 0xFF, 0xFF, 0xFF, 0x02,
    0x00, 0x00, 0x00, 0x00, 0xFF, 0xB9, 0xC2, 0x58, 0xFF, 0xCA, 0xD2, 0xF7, 0xFF, 0xCB, 0xD4, 0xFB,
    0xFF, 0xD0, 0xDA, 0xFE, 0xFF, 0xDA, 0xE3, 0xFF, 0xFF, 0xE0, 0xE8, 0xFA, 0xFF, 0xF7, 0xFB, 0xFB,
    0xFF, 0xDC, 0xDF, 0x68, 0x00, 0x00, 0x00, 0x00, 0xFF, 0xBF, 0xBF, 0x04, 0x00, 0x00, 0x00, 0x00,
    0x00, 0x00, 0x00, 0x00, 0x00, 0x00, 0x00, 0x00, 0x00, 0x00, 0x00, 0x00, 0x00, 0x00, 0x00, 0x00,
    0x00, 0x00, 0x00, 0x00, 0x00, 0x00, 0x00, 0x00, 0x00, 0x00, 0x00, 0x00, 0x00, 0x00, 0x00, 0x00,
    0x00, 0x00, 0x00, 0x00, 0x00, 0x00, 0x00, 0x00, 0x00, 0x00, 0x00, 0x00, 0x00, 0x00, 0x00, 0x00,
    0x00, 0x00, 0x00, 0x00, 0x00, 0x00, 0x00, 0x00, 0x00, 0x00, 0x00, 0x00, 0x00, 0x00, 0x00, 0x00,
    0x00, 0x00, 0x00, 0x00, 0x00, 0x00, 0x00, 0x00, 0x00, 0x00, 0x00, 0x00, 0x00, 0x00, 0x00, 0x00,
    0x00, 0x00, 0x00, 0x00, 0x00, 0x00, 0x00, 0x00, 0x00, 0x00, 0x00, 0x00, 0x00, 0x00, 0x00, 0x00,
    0x00, 0x00, 0x00, 0x00, 0x00, 0x00, 0x00, 0x00, 0x00, 0x00, 0x00, 0x00, 0x00, 0x00, 0x00, 0x00,
    0x00, 0x00, 0x00, 0x00, 0x00, 0x00, 0x00, 0x00, 0x00, 0x00, 0x00, 0x00, 0x00, 0x00, 0x00, 0x00,
    0x00, 0x00, 0x00, 0x00, 0x00, 0x00, 0x00, 0x00, 0x00, 0x00, 0x00, 0x00, 0x00, 0x00, 0x00, 0x00,
    0x00, 0x00, 0x00, 0x00, 0xFF, 0xC4, 0xCF, 0x82, 0xFF, 0xE1, 0xEB, 0xFF, 0xFF, 0xE9, 0xEF, 0xFF,
    0xFF, 0xCE, 0xCF, 0xBD, 0x00, 0x00, 0x00, 0x00, 0x00, 0x00, 0x00, 0x00, 0x00, 0x00, 0x00, 0x00,
    0x00, 0x00, 0x00, 0x00, 0x00, 0x00, 0x00, 0x00, 0x00, 0x00, 0x00, 0x00, 0x00, 0x00, 0x00, 0x00,
    0x00, 0x00, 0x00, 0x00, 0x00, 0x00, 0x00, 0x00, 0x00, 0x00, 0x00, 0x00, 0xFF, 0xFF, 0xFF, 0x02,
    0x00, 0x00, 0x00, 0x00, 0xFF, 0xB6, 0xBF, 0x1C, 0xFF, 0xCF, 0xD6, 0xFF, 0xFF, 0xDD, 0xE7, 0xFF,
    0xFF, 0xCB, 0xD6, 0xFF, 0xFF, 0xD4, 0xDD, 0xFC, 0xFF, 0xD6, 0xE0, 0xFF, 0xFF, 0xF3, 0xFC, 0xFF,
    0xFF, 0xD8, 0xDD, 0xAE, 0x00, 0x00, 0x00, 0x00, 0xFF, 0xBF, 0xBF, 0x04, 0x00, 0x00, 0x00, 0x00,
    0x00, 0x00, 0x00, 0x00, 0x00, 0x00, 0x00, 0x00, 0x00, 0x00, 0x00, 0x00, 0x00, 0x00, 0x00, 0x00,
    0x00, 0x00, 0x00, 0x00, 0x00, 0x00, 0x00, 0x00, 0x00, 0x00, 0x00, 0x00, 0x00, 0x00, 0x00, 0x00,
    0x00, 0x00, 0x00, 0x00, 0x00, 0x00, 0x00, 0x00, 0x00, 0x00, 0x00, 0x00, 0x00, 0x00, 0x00, 0x00,
    0x00, 0x00, 0x00, 0x00, 0x00, 0x00, 0x00, 0x00, 0x00, 0x00, 0x00, 0x00, 0x00, 0x00, 0x00, 0x00,
    0x00, 0x00, 0x00, 0x00, 0x00, 0x00, 0x00, 0x00, 0x00, 0x00, 0x00, 0x00, 0x00, 0x00, 0x00, 0x00,
    0x00, 0x00, 0x00, 0x00, 0x00, 0x00, 0x00, 0x00, 0x00, 0x00, 0x00, 0x00, 0x00, 0x00, 0x00, 0x00,
    0x00, 0x00, 0x00, 0x00, 0x00, 0x00, 0x00, 0x00, 0x00, 0x00, 0x00, 0x00, 0x00, 0x00, 0x00, 0x00,
    0x00, 0x00, 0x00, 0x00, 0x00, 0x00, 0x00, 0x00, 0x00, 0x00, 0x00, 0x00, 0x00, 0x00, 0x00, 0x00,
    0x00, 0x00, 0x00, 0x00, 0x00, 0x00, 0x00, 0x00, 0xFF, 0xCA, 0xD7, 0x4E, 0xFC, 0xC8, 0xD3, 0x63,
    0xFF, 0xC6, 0xD1, 0x5A, 0xFF, 0xC8, 0xD0, 0xF3, 0xFF, 0xD0, 0xD9, 0xFC, 0xFF, 0xDA, 0xE1, 0xF9,
    0xFF, 0xE0, 0xE4, 0xFF, 0xFF, 0xCB, 0xCE, 0x9F, 0xFF, 0xC7, 0xD0, 0x93, 0xFF, 0xD5, 0xD9, 0xB2,
    0xFF, 0xC7, 0xC7, 0x40, 0x00, 0x00, 0x00, 0x00, 0xFF, 0xFF, 0xFF, 0x02, 0x00, 0x00, 0x00, 0x00,
    0x00, 0x00, 0x00, 0x00, 0x00, 0x00, 0x00, 0x00, 0x00, 0x00, 0x00, 0x00, 0xFF, 0xFF, 0xFF, 0x01,
    0xFF, 0x00, 0x00, 0x01, 0xFF, 0xB7, 0xB7, 0x19, 0xFF, 0xC3, 0xCC, 0xCB, 0xFF, 0xCA, 0xD2, 0xD5,
    0xFF, 0xC4, 0xCD, 0xF8, 0xFF, 0xF4, 0xFD, 0xFF, 0xFF, 0xD1, 0xD7, 0xC9, 0xFF, 0xBE, 0xC7, 0x6A,
    0xFF, 0xBD, 0xC4, 0x23, 0x00, 0x00, 0x00, 0x00, 0xFF, 0xFF, 0xFF, 0x01, 0x00, 0x00, 0x00, 0x00,
    0x00, 0x00, 0x00, 0x00, 0x00, 0x00, 0x00, 0x00, 0x00, 0x00, 0x00, 0x00, 0x00, 0x00, 0x00, 0x00,
    0x00, 0x00, 0x00, 0x00, 0x00, 0x00, 0x00, 0x00, 0x00, 0x00, 0x00, 0x00, 0x00, 0x00, 0x00, 0x00,
    0x00, 0x00, 0x00, 0x00, 0x00, 0x00, 0x00, 0x00, 0x00, 0x00, 0x00, 0x00, 0x00, 0x00, 0x00, 0x00,
    0x00, 0x00, 0x00, 0x00, 0x00, 0x00, 0x00, 0x00, 0x00, 0x00, 0x00, 0x00, 0x00, 0x00, 0x00, 0x00,
    0x00, 0x00, 0x00, 0x00, 0x00, 0x00, 0x00, 0x00, 0x00, 0x00, 0x00, 0x00, 0x00, 0x00, 0x00, 0x00,
    0x00, 0x00, 0x00, 0x00, 0x00, 0x00, 0x00, 0x00, 0x00, 0x00, 0x00, 0x00, 0x00, 0x00, 0x00, 0x00,
    0x00, 0x00, 0x00, 0x00, 0x00, 0x00, 0x00, 0x00, 0x00, 0x00, 0x00, 0x00, 0x00, 0x00, 0x00, 0x00,
    0x00, 0x00, 0x00, 0x00, 0x00, 0x00, 0x00, 0x00, 0x00, 0x00, 0x00, 0x00, 0xFF, 0xAA, 0xFF, 0x03,
    0x00, 0x00, 0x00, 0x00, 0xFC, 0xC3, 0xCE, 0x74, 0xFF, 0xE0, 0xEA, 0xFF, 0xFF, 0xDE, 0xE4, 0xFF,
    0xFF, 0xDC, 0xE2, 0xFF, 0xFF, 0xD0, 0xD8, 0xFF, 0xFF, 0xD0, 0xD8, 0xFF, 0xFF, 0xDB, 0xE1, 0xFF,
    0xFF, 0xDB, 0xDF, 0xFE, 0xFF, 0xDF, 0xE4, 0xFF, 0xFF, 0xDD, 0xE3, 0xFF, 0xFF, 0xEE, 0xF3, 0xFF,
    0xFF, 0xD4, 0xD7, 0xEF, 0xFF, 0xB2, 0xB2, 0x14, 0xFF, 0xFF, 0xFF, 0x01, 0xFF, 0xFF, 0xFF, 0x01,
    0x00, 0x00, 0x00, 0x00, 0x00, 0x00, 0x00, 0x00, 0x00, 0x00, 0x00, 0x00, 0x00, 0x00, 0x00, 0x00,
    0x00, 0x00, 0x00, 0x00, 0x00, 0x00, 0x00, 0x00, 0xFF, 0x55, 0x55, 0x03, 0xFF, 0x00, 0x00, 0x02,
    0xFF, 0xB8, 0xBE, 0x5B, 0xFF, 0xD7, 0xE0, 0xC6, 0xFF, 0xC8, 0xC8, 0x2A, 0x00, 0x00, 0x00, 0x00,
    0x00, 0x00, 0x00, 0x00, 0x00, 0x00, 0x00, 0x00, 0x00, 0x00, 0x00, 0x00, 0x00, 0x00, 0x00, 0x00,
    0x00, 0x00, 0x00, 0x00, 0x00, 0x00, 0x00, 0x00, 0x00, 0x00, 0x00, 0x00, 0x00, 0x00, 0x00, 0x00,
    0x00, 0x00, 0x00, 0x00, 0x00, 0x00, 0x00, 0x00, 0x00, 0x00, 0x00, 0x00, 0x00, 0x00, 0x00, 0x00,
    0x00, 0x00, 0x00, 0x00, 0x00, 0x00, 0x00, 0x00, 0x00, 0x00, 0x00, 0x00, 0x00, 0x00, 0x00, 0x00,
    0x00, 0x00, 0x00, 0x00, 0x00, 0x00, 0x00, 0x00, 0x00, 0x00, 0x00, 0x00, 0x00, 0x00, 0x00, 0x00,
    0x00, 0x00, 0x00, 0x00, 0x00, 0x00, 0x00, 0x00, 0x00, 0x00, 0x00, 0x00, 0x00, 0x00, 0x00, 0x00,
    0x00, 0x00, 0x00, 0x00, 0x00, 0x00, 0x00, 0x00, 0x00, 0x00, 0x00, 0x00, 0x00, 0x00, 0x00, 0x00,
    0x00, 0x00, 0x00, 0x00, 0x00, 0x00, 0x00, 0x00, 0x00, 0x00, 0x00, 0x00, 0x00, 0x00, 0x00, 0x00,
    0x00, 0x00, 0x00, 0x00, 0x00, 0x00, 0x00, 0x00, 0x00, 0x00, 0x00, 0x00, 0xFF, 0xAA, 0xAA, 0x03,
    0x00, 0x00, 0x00, 0x00, 0xFF, 0xBE, 0xC5, 0xBE, 0xFF, 0xD8, 0xE1, 0xFD, 0xFF, 0xD8, 0xDF, 0xF8,
    0xFF, 0xD8, 0xDE, 0xFC, 0xFF, 0xD1, 0xD8, 0xFE, 0xFF, 0xD4, 0xDB, 0xFF, 0xFF, 0xDA, 0xDF, 0xFF,
    0xFF, 0xDB, 0xDF, 0xFF, 0xFF, 0xDA, 0xDE, 0xFC, 0xFF, 0xDB, 0xE2, 0xFA, 0xFF, 0xDE, 0xE6, 0xFC,
    0xFF, 0xD2, 0xD7, 0xF7, 0xFF, 0xBB, 0xBB, 0x1E, 0x00, 0x00, 0x00, 0x00, 0xFF, 0x7F, 0x7F, 0x02,
    0x00, 0x00, 0x00, 0x00, 0x00, 0x00, 0x00, 0x00, 0x00, 0x00, 0x00, 0x00, 0x00, 0x00, 0x00, 0x00,
    0x00, 0x00, 0x00, 0x00, 0xFF, 0xFF, 0xFF, 0x01, 0x00, 0x00, 0x00, 0x00, 0x00, 0x00, 0x00, 0x00,
    0x00, 0x00, 0x00, 0x00, 0x00, 0x00, 0x00, 0x00, 0x00, 0x00, 0x00, 0x00, 0xFF, 0xBF, 0xBF, 0x04,
    0xFF, 0xFF, 0xFF, 0x01, 0x00, 0x00, 0x00, 0x00, 0x00, 0x00, 0x00, 0x00, 0x00, 0x00, 0x00, 0x00,
    0x00, 0x00, 0x00, 0x00, 0x00, 0x00, 0x00, 0x00, 0x00, 0x00, 0x00, 0x00, 0x00, 0x00, 0x00, 0x00,
    0x00, 0x00, 0x00, 0x00, 0x00, 0x00, 0x00, 0x00, 0x00, 0x00, 0x00, 0x00, 0x00, 0x00, 0x00, 0x00,
    0x00, 0x00, 0x00, 0x00, 0x00, 0x00, 0x00, 0x00, 0x00, 0x00, 0x00, 0x00, 0x00, 0x00, 0x00, 0x00,
    0x00, 0x00, 0x00, 0x00, 0x00, 0x00, 0x00, 0x00, 0x00, 0x00, 0x00, 0x00, 0x00, 0x00, 0x00, 0x00,
    0x00, 0x00, 0x00, 0x00, 0x00, 0x00, 0x00, 0x00, 0x00, 0x00, 0x00, 0x00, 0x00, 0x00, 0x00, 0x00,
    0x00, 0x00, 0x00, 0x00, 0x00, 0x00, 0x00, 0x00, 0x00, 0x00, 0x00, 0x00, 0x00, 0x00, 0x00, 0x00,
    0x00, 0x00, 0x00, 0x00, 0x00, 0x00, 0x00, 0x00, 0x00, 0x00, 0x00, 0x00, 0x00, 0x00, 0x00, 0x00,
    0x00, 0x00, 0x00, 0x00, 0x00, 0x00, 0x00, 0x00, 0x00, 0x00, 0x00, 0x00, 0xFF, 0xAA, 0xAA, 0x03,
    0xFF, 0xFF, 0xFF, 0x01, 0xFF, 0xB5, 0xBA, 0x61, 0xFF, 0xC9, 0xD1, 0xFE, 0xFF, 0xCE, 0xD7, 0xFC,
    0xFF, 0xD2, 0xDA, 0xFF, 0xFF, 0xD3, 0xDA, 0xFF, 0xFF, 0xD7, 0xDE, 0xFF, 0xFF, 0xDC, 0xE2, 0xFF,
    0xFF, 0xDF, 0xE4, 0xFF, 0xFF, 0xE1, 0xE6, 0xFF, 0xFF, 0xE0, 0xE6, 0xFC, 0xFF, 0xE7, 0xEE, 0xFF,
    0xFF, 0xCA, 0xCD, 0xAA, 0x00, 0x00, 0x00, 0x00, 0xFF, 0xFF, 0xFF, 0x03, 0x00, 0x00, 0x00, 0x00,
    0x00, 0x00, 0x00, 0x00, 0x00, 0x00, 0x00, 0x00, 0x00, 0x00, 0x00, 0x00, 0x00, 0x00, 0x00, 0x00,
    0x00, 0x00, 0x00, 0x00, 0x00, 0x00, 0x00, 0x00, 0xFF, 0x00, 0x00, 0x01, 0xFF, 0x00, 0x00, 0x01,
    0xFF, 0xFF, 0xFF, 0x02, 0xFF, 0xFF, 0xFF, 0x01, 0xFF, 0xFF, 0xFF, 0x01, 0x00, 0x00, 0x00, 0x00,
    0x00, 0x00, 0x00, 0x00, 0x00, 0x00, 0x00, 0x00, 0x00, 0x00, 0x00, 0x00, 0x00, 0x00, 0x00, 0x00,
    0x00, 0x00, 0x00, 0x00, 0x00, 0x00, 0x00, 0x00, 0x00, 0x00, 0x00, 0x00, 0x00, 0x00, 0x00, 0x00,
    0x00, 0x00, 0x00, 0x00, 0x00, 0x00, 0x00, 0x00, 0x00, 0x00, 0x00, 0x00, 0x00, 0x00, 0x00, 0x00,
    0x00, 0x00, 0x00, 0x00, 0x00, 0x00, 0x00, 0x00, 0x00, 0x00, 0x00, 0x00, 0x00, 0x00, 0x00, 0x00,
    0x00, 0x00, 0x00, 0x00, 0x00, 0x00, 0x00, 0x00, 0x00, 0x00, 0x00, 0x00, 0x00, 0x00, 0x00, 0x00,
    0x00, 0x00, 0x00, 0x00, 0x00, 0x00, 0x00, 0x00, 0x00, 0x00, 0x00, 0x00, 0x00, 0x00, 0x00, 0x00,
    0x00, 0x00, 0x00, 0x00, 0x00, 0x00, 0x00, 0x00, 0x00, 0x00, 0x00, 0x00, 0x00, 0x00, 0x00, 0x00,
    0x00, 0x00, 0x00, 0x00, 0x00, 0x00, 0x00, 0x00, 0x00, 0x00, 0x00, 0x00, 0x00, 0x00, 0x00, 0x00,
    0x00, 0x00, 0x00, 0x00, 0x00, 0x00, 0x00, 0x00, 0x00, 0x00, 0x00, 0x00, 0xFF, 0xAA, 0xAA, 0x03,
    0x00, 0x00, 0x00, 0x00, 0xF8, 0xB4, 0xBA, 0x29, 0xFF, 0xC7, 0xCF, 0xFC, 0xFF, 0xC9, 0xD1, 0xFE,
    0xFF, 0xCC, 0xD4, 0xFE, 0xFF, 0xD3, 0xDA, 0xFF, 0xFF, 0xD9, 0xE0, 0xFF, 0xFF, 0xDE, 0xE5, 0xFF,
    0xFF, 0xE1, 0xE8, 0xFF, 0xFF, 0xE3, 0xE9, 0xFF, 0xFF, 0xE1, 0xE6, 0xFD, 0xFF, 0xE8, 0xED, 0xFE,
    0xFF, 0xDB, 0xDD, 0xD2, 0xFF, 0xBB, 0xBB, 0x1E, 0x00, 0x00, 0x00, 0x00, 0xFF, 0xFF, 0xFF, 0x01,
    0x00, 0x00, 0x00, 0x00, 0x00, 0x00, 0x00, 0x00, 0x00, 0x00, 0x00, 0x00, 0x00, 0x00, 0x00, 0x00,
    0x00, 0x00, 0x00, 0x00, 0x00, 0x00, 0x00, 0x00, 0x00, 0x00, 0x00, 0x00, 0x00, 0x00, 0x00, 0x00,
    0x00, 0x00, 0x00, 0x00, 0x00, 0x00, 0x00, 0x00, 0x00, 0x00, 0x00, 0x00, 0x00, 0x00, 0x00, 0x00,
    0x00, 0x00, 0x00, 0x00, 0x00, 0x00, 0x00, 0x00, 0x00, 0x00, 0x00, 0x00, 0x00, 0x00, 0x00, 0x00,
    0x00, 0x00, 0x00, 0x00, 0x00, 0x00, 0x00, 0x00, 0x00, 0x00, 0x00, 0x00, 0x00, 0x00, 0x00, 0x00,
    0x00, 0x00, 0x00, 0x00, 0x00, 0x00, 0x00, 0x00, 0x00, 0x00, 0x00, 0x00, 0x00, 0x00, 0x00, 0x00,
    0x00, 0x00, 0x00, 0x00, 0x00, 0x00, 0x00, 0x00, 0x00, 0x00, 0x00, 0x00, 0x00, 0x00, 0x00, 0x00,
    0x00, 0x00, 0x00, 0x00, 0x00, 0x00, 0x00, 0x00, 0x00, 0x00, 0x00, 0x00, 0x00, 0x00, 0x00, 0x00,
    0x00, 0x00, 0x00, 0x00, 0x00, 0x00, 0x00, 0x00, 0x00, 0x00, 0x00, 0x00, 0x00, 0x00, 0x00, 0x00,
    0x00, 0x00, 0x00, 0x00, 0x00, 0x00, 0x00, 0x00, 0x00, 0x00, 0x00, 0x00, 0x00, 0x00, 0x00, 0x00,
    0x00, 0x00, 0x00, 0x00, 0x00, 0x00, 0x00, 0x00, 0x00, 0x00, 0x00, 0x00, 0x00, 0x00, 0x00, 0x00,
    0x00, 0x00, 0x00, 0x00, 0x00, 0x00, 0x00, 0x00, 0xFF, 0xFF, 0xFF, 0x01, 0xFF, 0xFF, 0xFF, 0x01,
    0xFF, 0xBC, 0xCF, 0x1B, 0xFF, 0xCD, 0xD7, 0xD3, 0xFF, 0xD8, 0xE0, 0xFE, 0xFF, 0xCF, 0xD7, 0xFD,
    0xFF, 0xCC, 0xD5, 0xFF, 0xFF, 0xD2, 0xDA, 0xFF, 0xFF, 0xD8, 0xE0, 0xFF, 0xFF, 0xDD, 0xE5, 0xFF,
    0xFF, 0xE1, 0xE9, 0xFF, 0xFF, 0xE3, 0xEA, 0xFF, 0xFF, 0xE4, 0xEA, 0xFF, 0xFF, 0xE3, 0xE8, 0xFD,
    0xFF, 0xED, 0xF0, 0xFF, 0xFF, 0xD8, 0xDA, 0xDB, 0xFF, 0xBF, 0xBF, 0x14, 0xFF, 0xFF, 0xFF, 0x01,
    0xFF, 0xFF, 0xFF, 0x01, 0x00, 0x00, 0x00, 0x00, 0x00, 0x00, 0x00, 0x00, 0x00, 0x00, 0x00, 0x00,
    0x00, 0x00, 0x00, 0x00, 0x00, 0x00, 0x00, 0x00, 0x00, 0x00, 0x00, 0x00, 0x00, 0x00, 0x00, 0x00,
    0x00, 0x00, 0x00, 0x00, 0x00, 0x00, 0x00, 0x00, 0x00, 0x00, 0x00, 0x00, 0x00, 0x00, 0x00, 0x00,
    0x00, 0x00, 0x00, 0x00, 0x00, 0x00, 0x00, 0x00, 0x00, 0x00, 0x00, 0x00, 0x00, 0x00, 0x00, 0x00,
    0x00, 0x00, 0x00, 0x00, 0x00, 0x00, 0x00, 0x00, 0x00, 0x00, 0x00, 0x00, 0x00, 0x00, 0x00, 0x00,
    0x00, 0x00, 0x00, 0x00, 0x00, 0x00, 0x00, 0x00, 0x00, 0x00, 0x00, 0x00, 0x00, 0x00, 0x00, 0x00,
    0x00, 0x00, 0x00, 0x00, 0x00, 0x00, 0x00, 0x00, 0x00, 0x00, 0x00, 0x00, 0x00, 0x00, 0x00, 0x00,
    0x00, 0x00, 0x00, 0x00, 0x00, 0x00, 0x00, 0x00, 0x00, 0x00, 0x00, 0x00, 0x00, 0x00, 0x00, 0x00,
    0x00, 0x00, 0x00, 0x00, 0x00, 0x00, 0x00, 0x00, 0x00, 0x00, 0x00, 0x00, 0x00, 0x00, 0x00, 0x00,
    0x00, 0x00, 0x00, 0x00, 0x00, 0x00, 0x00, 0x00, 0x00, 0x00, 0x00, 0x00, 0x00, 0x00, 0x00, 0x00,
    0x00, 0x00, 0x00, 0x00, 0x00, 0x00, 0x00, 0x00, 0x00, 0x00, 0x00, 0x00, 0x00, 0x00, 0x00, 0x00,
    0x00, 0x00, 0x00, 0x00, 0x00, 0x00, 0x00, 0x00, 0xFF, 0xBF, 0xBF, 0x04, 0x00, 0x00, 0x00, 0x00,
    0xFF, 0xBF, 0xC6, 0x8C, 0xFF, 0xE0, 0xE9, 0xFF, 0xFF, 0xD8, 0xE0, 0xF8, 0xFF, 0xD5, 0xDE, 0xFF,
    0xFF, 0xCB, 0xD5, 0xFF, 0xFF, 0xCE, 0xD8, 0xFF, 0xFF, 0xD5, 0xDE, 0xFF, 0xFF, 0xDA, 0xE3, 0xFF,
    0xFF, 0xDE, 0xE6, 0xFF, 0xFF, 0xDF, 0xE7, 0xFF, 0xFF, 0xDF, 0xE7, 0xFF, 0xFF, 0xDD, 0xE5, 0xFE,
    0xFF, 0xE3, 0xEA, 0xF8, 0xFF, 0xF2, 0xF7, 0xFF, 0xFF, 0xC7, 0xCA, 0x49, 0x00, 0x00, 0x00, 0x00,
    0xFF, 0xFF, 0xFF, 0x03, 0x00, 0x00, 0x00, 0x00, 0x00, 0x00, 0x00, 0x00, 0x00, 0x00, 0x00, 0x00,
    0x00, 0x00, 0x00, 0x00, 0x00, 0x00, 0x00, 0x00, 0x00, 0x00, 0x00, 0x00, 0x00, 0x00, 0x00, 0x00,
    0x00, 0x00, 0x00, 0x00, 0x00, 0x00, 0x00, 0x00, 0x00, 0x00, 0x00, 0x00, 0x00, 0x00, 0x00, 0x00,
    0x00, 0x00, 0x00, 0x00, 0x00, 0x00, 0x00, 0x00, 0x00, 0x00, 0x00, 0x00, 0x00, 0x00, 0x00, 0x00,
    0x00, 0x00, 0x00, 0x00, 0x00, 0x00, 0x00, 0x00, 0x00, 0x00, 0x00, 0x00, 0x00, 0x00, 0x00, 0x00,
    0x00, 0x00, 0x00, 0x00, 0x00, 0x00, 0x00, 0x00, 0x00, 0x00, 0x00, 0x00, 0x00, 0x00, 0x00, 0x00,
    0x00, 0x00, 0x00, 0x00, 0x00, 0x00, 0x00, 0x00, 0x00, 0x00, 0x00, 0x00, 0x00, 0x00, 0x00, 0x00,
    0x00, 0x00, 0x00, 0x00, 0x00, 0x00, 0x00, 0x00, 0x00, 0x00, 0x00, 0x00, 0x00, 0x00, 0x00, 0x00,
    0x00, 0x00, 0x00, 0x00, 0x00, 0x00, 0x00, 0x00, 0x00, 0x00, 0x00, 0x00, 0x00, 0x00, 0x00, 0x00,
    0x00, 0x00, 0x00, 0x00, 0x00, 0x00, 0x00, 0x00, 0x00, 0x00, 0x00, 0x00, 0x00, 0x00, 0x00, 0x00,
    0x00, 0x00, 0x00, 0x00, 0x00, 0x00, 0x00, 0x00, 0x00, 0x00, 0x00, 0x00, 0x00, 0x00, 0x00, 0x00,
    0x00, 0x00, 0x00, 0x00, 0x00, 0x00, 0x00, 0x00, 0xFF, 0xBF, 0xBF, 0x04, 0x00, 0x00, 0x00, 0x00,
    0xFF, 0xB7, 0xBB, 0x6E, 0xFF, 0xD7, 0xE0, 0xFF, 0xFF, 0xD6, 0xE2, 0xFF, 0xFF, 0xCE, 0xD9, 0xFF,
    0xFF, 0xC7, 0xD1, 0xFF, 0xFF, 0xC9, 0xD3, 0xFF, 0xFF, 0xCF, 0xDA, 0xFF, 0xFF, 0xD4, 0xDF, 0xFF,
    0xFF, 0xD8, 0xE2, 0xFF, 0xFF, 0xDB, 0xE3, 0xFF, 0xFF, 0xD7, 0xE0, 0xFF, 0xFF, 0xD1, 0xDC, 0xFF,
    0xFF, 0xDB, 0xE6, 0xFF, 0xFF, 0xCA, 0xD1, 0xD4, 0xFF, 0xB6, 0xB6, 0x15, 0xFF, 0xFF, 0xFF, 0x01,
    0xFF, 0xFF, 0xFF, 0x01, 0x00, 0x00, 0x00, 0x00, 0x00, 0x00, 0x00, 0x00, 0x00, 0x00, 0x00, 0x00,
    0x00, 0x00, 0x00, 0x00, 0x00, 0x00, 0x00, 0x00, 0x00, 0x00, 0x00, 0x00, 0x00, 0x00, 0x00, 0x00,
    0x00, 0x00, 0x00, 0x00, 0x00, 0x00, 0x00, 0x00, 0x00, 0x00, 0x00, 0x00, 0x00, 0x00, 0x00, 0x00,
    0x00, 0x00, 0x00, 0x00, 0x00, 0x00, 0x00, 0x00, 0x00, 0x00, 0x00, 0x00, 0x00, 0x00, 0x00, 0x00,
    0x00, 0x00, 0x00, 0x00, 0x00, 0x00, 0x00, 0x00, 0x00, 0x00, 0x00, 0x00, 0x00, 0x00, 0x00, 0x00,
    0x00, 0x00, 0x00, 0x00, 0x00, 0x00, 0x00, 0x00, 0x00, 0x00, 0x00, 0x00, 0x00, 0x00, 0x00, 0x00,
    0x00, 0x00, 0x00, 0x00, 0x00, 0x00, 0x00, 0x00, 0x00, 0x00, 0x00, 0x00, 0x00, 0x00, 0x00, 0x00,
    0x00, 0x00, 0x00, 0x00, 0x00, 0x00, 0x00, 0x00, 0x00, 0x00, 0x00, 0x00, 0x00, 0x00, 0x00, 0x00,
    0x00, 0x00, 0x00, 0x00, 0x00, 0x00, 0x00, 0x00, 0x00, 0x00, 0x00, 0x00, 0x00, 0x00, 0x00, 0x00,
    0x00, 0x00, 0x00, 0x00, 0x00, 0x00, 0x00, 0x00, 0x00, 0x00, 0x00, 0x00, 0x00, 0x00, 0x00, 0x00,
    0x00, 0x00, 0x00, 0x00, 0x00, 0x00, 0x00, 0x00, 0x00, 0x00, 0x00, 0x00, 0x00, 0x00, 0x00, 0x00,
    0x00, 0x00, 0x00, 0x00, 0x00, 0x00, 0x00, 0x00, 0x00, 0x00, 0x00, 0x00, 0xFF, 0xFF, 0xFF, 0x01,
    0xFF, 0x99, 0x99, 0x05, 0xFF, 0xB5, 0xBE, 0x7A, 0xFF, 0xBD, 0xC6, 0xC8, 0xFF, 0xC2, 0xCB, 0xFD,
    0xFF, 0xC8, 0xD0, 0xFF, 0xFF, 0xCE, 0xD7, 0xFF, 0xFF, 0xCE, 0xD9, 0xFF, 0xFF, 0xCC, 0xD7, 0xFE,
    0xFF, 0xD4, 0xDE, 0xFF, 0xFF, 0xDF, 0xE7, 0xFE, 0xFF, 0xE6, 0xEC, 0xFE, 0xFF, 0xCE, 0xD5, 0xDE,
    0xFF, 0xBB, 0xC0, 0x62, 0xFF, 0xA5, 0xA5, 0x11, 0x00, 0x00, 0x00, 0x00, 0xFF, 0xFF, 0xFF, 0x01,
    0x00, 0x00, 0x00, 0x00, 0x00, 0x00, 0x00, 0x00, 0x00, 0x00, 0x00, 0x00, 0x00, 0x00, 0x00, 0x00,
    0x00, 0x00, 0x00, 0x00, 0x00, 0x00, 0x00, 0x00, 0x00, 0x00, 0x00, 0x00, 0x00, 0x00, 0x00, 0x00,
    0x00, 0x00, 0x00, 0x00, 0x00, 0x00, 0x00, 0x00, 0x00, 0x00, 0x00, 0x00, 0x00, 0x00, 0x00, 0x00,
    0x00, 0x00, 0x00, 0x00, 0x00, 0x00, 0x00, 0x00, 0x00, 0x00, 0x00, 0x00, 0x00, 0x00, 0x00, 0x00,
    0x00, 0x00, 0x00, 0x00, 0x00, 0x00, 0x00, 0x00, 0x00, 0x00, 0x00, 0x00, 0x00, 0x00, 0x00, 0x00,
    0x00, 0x00, 0x00, 0x00, 0x00, 0x00, 0x00, 0x00, 0x00, 0x00, 0x00, 0x00, 0x00, 0x00, 0x00, 0x00,
    0x00, 0x00, 0x00, 0x00, 0x00, 0x00, 0x00, 0x00, 0x00, 0x00, 0x00, 0x00, 0x00, 0x00, 0x00, 0x00,
    0x00, 0x00, 0x00, 0x00, 0x00, 0x00, 0x00, 0x00, 0x00, 0x00, 0x00, 0x00, 0x00, 0x00, 0x00, 0x00,
    0x00, 0x00, 0x00, 0x00, 0x00, 0x00, 0x00, 0x00, 0x00, 0x00, 0x00, 0x00, 0x00, 0x00, 0x00, 0x00,
    0x00, 0x00, 0x00, 0x00, 0x00, 0x00, 0x00, 0x00, 0x00, 0x00, 0x00, 0x00, 0x00, 0x00, 0x00, 0x00,
    0x00, 0x00, 0x00, 0x00, 0x00, 0x00, 0x00, 0x00, 0x00, 0x00, 0x00, 0x00, 0x00, 0x00, 0x00, 0x00,
    0x00, 0x00, 0x00, 0x00, 0x00, 0x00, 0x00, 0x00, 0x00, 0x00, 0x00, 0x00, 0x00, 0x00, 0x00, 0x00,
    0x00, 0x00, 0x00, 0x00, 0x00, 0x00, 0x00, 0x00, 0x00, 0x00, 0x00, 0x00, 0xFF, 0xBA, 0xBE, 0xBA,
    0xFF, 0xD5, 0xDC, 0xFD, 0xFF, 0xDB, 0xE3, 0xFB, 0xFF, 0xD9, 0xE3, 0xFC, 0xFF, 0xCD, 0xD9, 0xFF,
    0xFF, 0xCE, 0xD9, 0xFC, 0xFF, 0xE1, 0xEA, 0xF9, 0xFF, 0xF7, 0xFC, 0xFC, 0xFF, 0xD3, 0xD6, 0x92,
    0x00, 0x00, 0x00, 0x00, 0x00, 0x01, 0x01, 0x00, 0xFF, 0xFF, 0xFF, 0x01, 0x00, 0x00, 0x00, 0x00,
    0x00, 0x00, 0x00, 0x00, 0x00, 0x00, 0x00, 0x00, 0x00, 0x00, 0x00, 0x00, 0x00, 0x00, 0x00, 0x00,
    0x00, 0x00, 0x00, 0x00, 0x00, 0x00, 0x00, 0x00, 0x00, 0x00, 0x00, 0x00, 0x00, 0x00, 0x00, 0x00,
    0x00, 0x00, 0x00, 0x00, 0x00, 0x00, 0x00, 0x00, 0x00, 0x00, 0x00, 0x00, 0x00, 0x00, 0x00, 0x00,
    0x00, 0x00, 0x00, 0x00, 0x00, 0x00, 0x00, 0x00, 0x00, 0x00, 0x00, 0x00, 0x00, 0x00, 0x00, 0x00,
    0x00, 0x00, 0x00, 0x00, 0x00, 0x00, 0x00, 0x00, 0x00, 0x00, 0x00, 0x00, 0x00, 0x00, 0x00, 0x00,
    0x00, 0x00, 0x00, 0x00, 0x00, 0x00, 0x00, 0x00, 0x00, 0x00, 0x00, 0x00, 0x00, 0x00, 0x00, 0x00,
    0x00, 0x00, 0x00, 0x00, 0x00, 0x00, 0x00, 0x00, 0x00, 0x00, 0x00, 0x00, 0x00, 0x00, 0x00, 0x00,
    0x00, 0x00, 0x00, 0x00, 0x00, 0x00, 0x00, 0x00, 0x00, 0x00, 0x00, 0x00, 0x00, 0x00, 0x00, 0x00,
    0x00, 0x00, 0x00, 0x00, 0x00, 0x00, 0x00, 0x00, 0x00, 0x00, 0x00, 0x00, 0x00, 0x00, 0x00, 0x00,
    0x00, 0x00, 0x00, 0x00, 0x00, 0x00, 0x00, 0x00, 0x00, 0x00, 0x00, 0x00, 0x00, 0x00, 0x00, 0x00,
    0x00, 0x00, 0x00, 0x00, 0x00, 0x00, 0x00, 0x00, 0x00, 0x00, 0x00, 0x00, 0x00, 0x00, 0x00, 0x00,
    0x00, 0x00, 0x00, 0x00, 0x00, 0x00, 0x00, 0x00, 0x00, 0x00, 0x00, 0x00, 0x00, 0x00, 0x00, 0x00,
    0x00, 0x00, 0x00, 0x00, 0xFF, 0xDA, 0xDA, 0x07, 0xFF, 0xFF, 0xFF, 0x01, 0xFF, 0xB9, 0xBD, 0x97,
    0xFF, 0xDC, 0xE5, 0xFF, 0xFF, 0xDB, 0xE5, 0xFD, 0xFF, 0xDE, 0xE8, 0xFF, 0xFF, 0xC2, 0xCB, 0xF8,
    0xFF, 0xC9, 0xD3, 0xFF, 0xFF, 0xD6, 0xE2, 0xFF, 0xFF, 0xF5, 0xFD, 0xFF, 0xFF, 0xCD, 0xD0, 0x8A,
    0xFF, 0xBF, 0xBF, 0x04, 0xFF, 0xCC, 0xCC, 0x05, 0x00, 0x00, 0x00, 0x00, 0x00, 0x00, 0x00, 0x00,
    0x00, 0x00, 0x00, 0x00, 0x00, 0x00, 0x00, 0x00, 0x00, 0x00, 0x00, 0x00, 0x00, 0x00, 0x00, 0x00,
    0x00, 0x00, 0x00, 0x00, 0x00, 0x00, 0x00, 0x00, 0x00, 0x00, 0x00, 0x00, 0x00, 0x00, 0x00, 0x00,
    0x00, 0x00, 0x00, 0x00, 0x00, 0x00, 0x00, 0x00, 0x00, 0x00, 0x00, 0x00, 0x00, 0x00, 0x00, 0x00,
    0x00, 0x00, 0x00, 0x00, 0x00, 0x00, 0x00, 0x00, 0x00, 0x00, 0x00, 0x00, 0x00, 0x00, 0x00, 0x00,
    0x00, 0x00, 0x00, 0x00, 0x00, 0x00, 0x00, 0x00, 0x00, 0x00, 0x00, 0x00, 0x00, 0x00, 0x00, 0x00,
    0x00, 0x00, 0x00, 0x00, 0x00, 0x00, 0x00, 0x00, 0x00, 0x00, 0x00, 0x00, 0x00, 0x00, 0x00, 0x00,
    0x00, 0x00, 0x00, 0x00, 0x00, 0x00, 0x00, 0x00, 0x00, 0x00, 0x00, 0x00, 0x00, 0x00, 0x00, 0x00,
    0x00, 0x00, 0x00, 0x00, 0x00, 0x00, 0x00, 0x00, 0x00, 0x00, 0x00, 0x00, 0x00, 0x00, 0x00, 0x00,
    0x00, 0x00, 0x00, 0x00, 0x00, 0x00, 0x00, 0x00, 0x00, 0x00, 0x00, 0x00, 0x00, 0x00, 0x00, 0x00,
    0x00, 0x00, 0x00, 0x00, 0x00, 0x00, 0x00, 0x00, 0x00, 0x00, 0x00, 0x00, 0x00, 0x00, 0x00, 0x00,
    0x00, 0x00, 0x00, 0x00, 0x00, 0x00, 0x00, 0x00, 0x00, 0x00, 0x00, 0x00, 0x00, 0x00, 0x00, 0x00,
    0x00, 0x00, 0x00, 0x00, 0x00, 0x00, 0x00, 0x00, 0x00, 0x00, 0x00, 0x00, 0x00, 0x00, 0x00, 0x00,
    0x00, 0x00, 0x00, 0x00, 0xFF, 0xFF, 0x7F, 0x02, 0xFF, 0xFF, 0xFF, 0x01, 0xFF, 0xB6, 0xB6, 0x31,
    0xFF, 0xC0, 0xC9, 0xDF, 0xFF, 0xCB, 0xD5, 0xF7, 0xFF, 0xC0, 0xC8, 0x96, 0xFF, 0xB1, 0xB1, 0x21,
    0xFF, 0xB5, 0xBD, 0x79, 0xFF, 0xC5, 0xD1, 0xDE, 0xFF, 0xC5, 0xCD, 0xBA, 0xFF, 0xBC, 0xBC, 0x1B,
    0xFF, 0xFF, 0xFF, 0x01, 0xFF, 0xFF, 0xFF, 0x01, 0x00, 0x00, 0x00, 0x00, 0x00, 0x00, 0x00, 0x00,
    0x00, 0x00, 0x00, 0x00, 0x00, 0x00, 0x00, 0x00, 0x00, 0x00, 0x00, 0x00, 0x00, 0x00, 0x00, 0x00,
    0x00, 0x00, 0x00, 0x00, 0x00, 0x00, 0x00, 0x00, 0x00, 0x00, 0x00, 0x00, 0x00, 0x00, 0x00, 0x00,
    0x00, 0x00, 0x00, 0x00, 0x00, 0x00, 0x00, 0x00, 0x00, 0x00, 0x00, 0x00, 0x00, 0x00, 0x00, 0x00,
    0x00, 0x00, 0x00, 0x00, 0x00, 0x00, 0x00, 0x00, 0x00, 0x00, 0x00, 0x00, 0x00, 0x00, 0x00, 0x00,
    0x00, 0x00, 0x00, 0x00, 0x00, 0x00, 0x00, 0x00, 0x00, 0x00, 0x00, 0x00, 0x00, 0x00, 0x00, 0x00,
    0x00, 0x00, 0x00, 0x00, 0x00, 0x00, 0x00, 0x00, 0x00, 0x00, 0x00, 0x00, 0x00, 0x00, 0x00, 0x00,
    0x00, 0x00, 0x00, 0x00, 0x00, 0x00, 0x00, 0x00, 0x00, 0x00, 0x00, 0x00, 0x00, 0x00, 0x00, 0x00,
    0x00, 0x00, 0x00, 0x00, 0x00, 0x00, 0x00, 0x00, 0x00, 0x00, 0x00, 0x00, 0x00, 0x00, 0x00, 0x00,
    0x00, 0x00, 0x00, 0x00, 0x00, 0x00, 0x00, 0x00, 0x00, 0x00, 0x00, 0x00, 0x00, 0x00, 0x00, 0x00,
    0x00, 0x00, 0x00, 0x00, 0x00, 0x00, 0x00, 0x00, 0x00, 0x00, 0x00, 0x00, 0x00, 0x00, 0x00, 0x00,
    0x00, 0x00, 0x00, 0x00, 0x00, 0x00, 0x00, 0x00, 0x00, 0x00, 0x00, 0x00, 0x00, 0x00, 0x00, 0x00,
    0x00, 0x00, 0x00, 0x00, 0x00, 0x00, 0x00, 0x00, 0x00, 0x00, 0x00, 0x00, 0x00, 0x00, 0x00, 0x00,
    0x00, 0x00, 0x00, 0x00, 0x00, 0x00, 0x00, 0x00, 0xFF, 0x00, 0x00, 0x01, 0x00, 0x00, 0x00, 0x00,
    0xFF, 0x8F, 0x9F, 0x10, 0xFF, 0xB1, 0xB1, 0x21, 0x00, 0x00, 0x00, 0x00, 0x00, 0x00, 0x00, 0x00,
    0x00, 0x00, 0x00, 0x00, 0xFF, 0x91, 0x91, 0x07, 0x00, 0x00, 0x00, 0x00, 0x00, 0x00, 0x00, 0x00,
    0x00, 0x00, 0x00, 0x00, 0x00, 0x00, 0x00, 0x00, 0x00, 0x00, 0x00, 0x00, 0x00, 0x00, 0x00, 0x00,
    0x00, 0x00, 0x00, 0x00, 0x00, 0x00, 0x00, 0x00, 0x00, 0x00, 0x00, 0x00, 0x00, 0x00, 0x00, 0x00,
    0x00, 0x00, 0x00, 0x00, 0x00, 0x00, 0x00, 0x00, 0x00, 0x00, 0x00, 0x00, 0x00, 0x00, 0x00, 0x00,
    0x00, 0x00, 0x00, 0x00, 0x00, 0x00, 0x00, 0x00, 0x00, 0x00, 0x00, 0x00, 0x00, 0x00, 0x00, 0x00,
    0x00, 0x00, 0x00, 0x00, 0x00, 0x00, 0x00, 0x00, 0x00, 0x00, 0x00, 0x00, 0x00, 0x00, 0x00, 0x00,
    0x00, 0x00, 0x00, 0x00, 0x00, 0x00, 0x00, 0x00, 0x00, 0x00, 0x00, 0x00, 0x00, 0x00, 0x00, 0x00,
    0x00, 0x00, 0x00, 0x00, 0x00, 0x00, 0x00, 0x00, 0x00, 0x00, 0x00, 0x00, 0x00, 0x00, 0x00, 0x00,
    0x00, 0x00, 0x00, 0x00, 0x00, 0x00, 0x00, 0x00, 0x00, 0x00, 0x00, 0x00, 0x00, 0x00, 0x00, 0x00,
    0x00, 0x00, 0x00, 0x00, 0x00, 0x00, 0x00, 0x00, 0x00, 0x00, 0x00, 0x00, 0x00, 0x00, 0x00, 0x00,
    0x00, 0x00, 0x00, 0x00, 0x00, 0x00, 0x00, 0x00, 0x00, 0x00, 0x00, 0x00, 0x00, 0x00, 0x00, 0x00,
    0x00, 0x00, 0x00, 0x00, 0x00, 0x00, 0x00, 0x00, 0x00, 0x00, 0x00, 0x00, 0x00, 0x00, 0x00, 0x00,
    0x00, 0x00, 0x00, 0x00, 0x00, 0x00, 0x00, 0x00, 0x00, 0x00, 0x00, 0x00, 0x00, 0x00, 0x00, 0x00,
    0x00, 0x00, 0x00, 0x00, 0x00, 0x00, 0x00, 0x00, 0x00, 0x00, 0x00, 0x00, 0x00, 0x00, 0x00, 0x00,
    0x00, 0x00, 0x00, 0x00, 0x00, 0x00, 0x00, 0x00, 0x00, 0x00, 0x00, 0x00, 0xFF, 0x7F, 0x7F, 0x02,
    0x00, 0x00, 0x00, 0x00, 0x00, 0x00, 0x00, 0x00, 0xFF, 0xFF, 0xFF, 0x02, 0xFF, 0x7F, 0x7F, 0x02,
    0xFF, 0xAA, 0xAA, 0x03, 0x00, 0x00, 0x00, 0x00, 0xFF, 0xFF, 0xFF, 0x01, 0xFF, 0xFF, 0xFF, 0x01,
    0x00, 0x00, 0x00, 0x00, 0x00, 0x00, 0x00, 0x00, 0x00, 0x00, 0x00, 0x00, 0x00, 0x00, 0x00, 0x00,
    0x00, 0x00, 0x00, 0x00, 0x00, 0x00, 0x00, 0x00, 0x00, 0x00, 0x00, 0x00, 0x00, 0x00, 0x00, 0x00,
    0x00, 0x00, 0x00, 0x00, 0x00, 0x00, 0x00, 0x00, 0x00, 0x00, 0x00, 0x00, 0x00, 0x00, 0x00, 0x00,
    0x00, 0x00, 0x00, 0x00, 0x00, 0x00, 0x00, 0x00, 0x00, 0x00, 0x00, 0x00, 0x00, 0x00, 0x00, 0x00,
    0x00, 0x00, 0x00, 0x00, 0x00, 0x00, 0x00, 0x00, 0x00, 0x00, 0x00, 0x00, 0x00, 0x00, 0x00, 0x00,
    0x00, 0x00, 0x00, 0x00, 0x00, 0x00, 0x00, 0x00, 0x00, 0x00, 0x00, 0x00, 0x00, 0x00, 0x00, 0x00,
    0x00, 0x00, 0x00, 0x00, 0x00, 0x00, 0x00, 0x00, 0x00, 0x00, 0x00, 0x00, 0x00, 0x00, 0x00, 0x00,
    0x00, 0x00, 0x00, 0x00, 0x00, 0x00, 0x00, 0x00, 0x00, 0x00, 0x00, 0x00, 0x00, 0x00, 0x00, 0x00,
    0x00, 0x00, 0x00, 0x00, 0x00, 0x00, 0x00, 0x00, 0x00, 0x00, 0x00, 0x00, 0x00, 0x00, 0x00, 0x00,
    0x00, 0x00, 0x00, 0x00, 0x00, 0x00, 0x00, 0x00, 0x00, 0x00, 0x00, 0x00, 0x00, 0x00, 0x00, 0x00,
    0x00, 0x00, 0x00, 0x00, 0x00, 0x00, 0x00, 0x00, 0x00, 0x00, 0x00, 0x00, 0x00, 0x00, 0x00, 0x00,
    0x00, 0x00, 0x00, 0x00, 0x00, 0x00, 0x00, 0x00, 0x00, 0x00, 0x00, 0x00, 0x00, 0x00, 0x00, 0x00,
    0x00, 0x00, 0x00, 0x00, 0x00, 0x00, 0x00, 0x00, 0x00, 0x00, 0x00, 0x00, 0x00, 0x00, 0x00, 0x00,
    0x00, 0x00, 0x00, 0x00, 0x00, 0x00, 0x00, 0x00, 0x00, 0x00, 0x00, 0x00, 0x00, 0x00, 0x00, 0x00,
    0xFF, 0xFF, 0xFF, 0x01, 0xFF, 0x7F, 0x7F, 0x02, 0x00, 0x00, 0x00, 0x00, 0x00, 0x00, 0x00, 0x00,
    0x00, 0x00, 0x00, 0x00, 0xFF, 0xFF, 0xFF, 0x01, 0x00, 0x00, 0x00, 0x00, 0x00, 0x00, 0x00, 0x00,
    0x00, 0x00, 0x00, 0x00, 0x00, 0x00, 0x00, 0x00, 0x00, 0x00, 0x00, 0x00, 0x00, 0x00, 0x00, 0x00,
    0x00, 0x00, 0x00, 0x00, 0x00, 0x00, 0x00, 0x00, 0x00, 0x00, 0x00, 0x00, 0x00, 0x00, 0x00, 0x00,
    0x00, 0x00, 0x00, 0x00, 0x00, 0x00, 0x00, 0x00, 0x00, 0x00, 0x00, 0x00, 0x00, 0x00, 0x00, 0x00,
    0x00, 0x00, 0x00, 0x00, 0x00, 0x00, 0x00, 0x00, 0x00, 0x00, 0x00, 0x00, 0x00, 0x00, 0x00, 0x00,
    0x00, 0x00, 0x00, 0x00, 0x00, 0x00, 0x00, 0x00, 0x00, 0x00, 0x00, 0x00, 0x00, 0x00, 0x00, 0x00,
    0x00, 0x00, 0x00, 0x00, 0x00, 0x00, 0x00, 0x00, 0x00, 0x00, 0x00, 0x00, 0x00, 0x00, 0x00, 0x00,
    0x00, 0x00, 0x00, 0x00, 0x00, 0x00, 0x00, 0x00, 0x00, 0x00, 0x00, 0x00, 0x00, 0x00, 0x00, 0x00,
    0x00, 0x00, 0x00, 0x00, 0x00, 0x00, 0x00, 0x00, 0x00, 0x00, 0x00, 0x00, 0x00, 0x00, 0x00, 0x00,
    0x00, 0x00, 0x00, 0x00, 0x00, 0x00, 0x00, 0x00, 0x00, 0x00, 0x00, 0x00, 0x00, 0x00, 0x00, 0x00,
    0x00, 0x00, 0x00, 0x00, 0x00, 0x00, 0x00, 0x00, 0x00, 0x00, 0x00, 0x00, 0x00, 0x00, 0x00, 0x00,
    0x00, 0x00, 0x00, 0x00, 0x00, 0x00, 0x00, 0x00, 0x00, 0x00, 0x00, 0x00, 0x00, 0x00, 0x00, 0x00,
    0x00, 0x00, 0x00, 0x00, 0x00, 0x00, 0x00, 0x00, 0x00, 0x00, 0x00, 0x00, 0x00, 0x00, 0x00, 0x00,
    0x00, 0x00, 0x00, 0x00, 0x00, 0x00, 0x00, 0x00, 0x00, 0x00, 0x00, 0x00, 0x00, 0x00, 0x00, 0x00,
    0x00, 0x00, 0x00, 0x00, 0x00, 0x00, 0x00, 0x00, 0x00, 0x00, 0x00, 0x00, 0x00, 0x00, 0x00, 0x00,
    0x00, 0x00, 0x00, 0x00, 0x00, 0x00, 0x00, 0x00, 0x00, 0x00, 0x00, 0x00, 0x00, 0x00, 0x00, 0x00,
    0x00, 0x00, 0x00, 0x00, 0x00, 0x00, 0x00, 0x00, 0x00, 0x00, 0x00, 0x00, 0x00, 0x00, 0x00, 0x00,
    0x00, 0x00, 0x00, 0x00, 0x00, 0x00, 0x00, 0x00, 0x00, 0x00, 0x00, 0x00, 0x00, 0x00, 0x00, 0x00,
    0x00, 0x00, 0x00, 0x00, 0x00, 0x00, 0x00, 0x00, 0x00, 0x00, 0x00, 0x00, 0x00, 0x00, 0x00, 0x00,
    0x00, 0x00, 0x00, 0x00, 0x00, 0x00, 0x00, 0x00, 0x00, 0x00, 0x00, 0x00, 0x00, 0x00, 0x00, 0x00,
    0x00, 0x00, 0x00, 0x00, 0x00, 0x00, 0x00, 0x00, 0x00, 0x00, 0x00, 0x00, 0x00, 0x00, 0x00, 0x00,
    0x00, 0x00, 0x00, 0x00, 0x00, 0x00, 0x00, 0x00, 0x00, 0x00, 0x00, 0x00, 0x00, 0x00, 0x00, 0x00,
    0x00, 0x00, 0x00, 0x00, 0x00, 0x00, 0x00, 0x00, 0x00, 0x00, 0x00, 0x00, 0x00, 0x00, 0x00, 0x00,
    0x00, 0x00, 0x00, 0x00, 0x00, 0x00, 0x00, 0x00, 0x00, 0x00, 0x00, 0x00, 0x00, 0x00, 0x00, 0x00,
    0x00, 0x00, 0x00, 0x00, 0x00, 0x00, 0x00, 0x00, 0x00, 0x00, 0x00, 0x00, 0x00, 0x00, 0x00, 0x00,
    0x00, 0x00, 0x00, 0x00, 0x00, 0x00, 0x00, 0x00, 0x00, 0x00, 0x00, 0x00, 0x00, 0x00, 0x00, 0x00,
    0x00, 0x00, 0x00, 0x00, 0x00, 0x00, 0x00, 0x00, 0x00, 0x00, 0x00, 0x00, 0x00, 0x00, 0x00, 0x00,
    0x00, 0x00, 0x00, 0x00, 0x00, 0x00, 0x00, 0x00, 0x00, 0x00, 0x00, 0x00, 0x00, 0x00, 0x00, 0x00,
    0x00, 0x00, 0x00, 0x00, 0x00, 0x00, 0x00, 0x00, 0x00, 0x00, 0x00, 0x00, 0x00, 0x00, 0x00, 0x00,
    0x00, 0x00, 0x00, 0x00, 0x00, 0x00, 0x00, 0x00, 0x00, 0x00, 0x00, 0x00, 0x00, 0x00, 0x00, 0x00,
    0x00, 0x00, 0x00, 0x00, 0x00, 0x00, 0x00, 0x00, 0x00, 0x00, 0x00, 0x00, 0x00, 0x00, 0x00, 0x00,
    0x00, 0x00, 0x00, 0x00, 0x00, 0x00, 0x00, 0x00, 0x00, 0x00, 0x00, 0x00, 0x00, 0x00, 0x00, 0x00,
    0x00, 0x00, 0x00, 0x00, 0x00, 0x00, 0x00, 0x00, 0x00, 0x00, 0x00, 0x00, 0x00, 0x00, 0x00, 0x00,
    0x00, 0x00, 0x00, 0x00, 0x00, 0x00, 0x00, 0x00, 0x00, 0x00, 0x00, 0x00, 0x00, 0x00, 0x00, 0x00,
    0x00, 0x00, 0x00, 0x00, 0x00, 0x00, 0x00, 0x00, 0x00, 0x00, 0x00, 0x00, 0x00, 0x00, 0x00, 0x00,
    0x00, 0x00, 0x00, 0x00, 0x00, 0x00, 0x00, 0x00, 0x00, 0x00, 0x00, 0x00, 0x00, 0x00, 0x00, 0x00,
    0x00, 0x00, 0x00, 0x00, 0x00, 0x00, 0x00, 0x00, 0x00, 0x00, 0x00, 0x00, 0x00, 0x00, 0x00, 0x00,
    0x00, 0x00, 0x00, 0x00, 0x00, 0x00, 0x00, 0x00, 0x00, 0x00, 0x00, 0x00, 0x00, 0x00, 0x00, 0x00,
    0x00, 0x00, 0x00, 0x00, 0x00, 0x00, 0x00, 0x00, 0x00, 0x00, 0x00, 0x00, 0x00, 0x00, 0x00, 0x00,
    0x00, 0x00, 0x00, 0x00, 0x00, 0x00, 0x00, 0x00, 0x00, 0x00, 0x00, 0x00, 0x00, 0x00, 0x00, 0x00,
    0x00, 0x00, 0x00, 0x00, 0x00, 0x00, 0x00, 0x00, 0x00, 0x00, 0x00, 0x00, 0x00, 0x00, 0x00, 0x00,
    0x00, 0x00, 0x00, 0x00, 0x00, 0x00, 0x00, 0x00, 0x00, 0x00, 0x00, 0x00, 0x00, 0x00, 0x00, 0x00,
};

const lv_image_dsc_t UI_IMG_WX_SNOW_PNG = {
    .header.w     = 64,
    .header.h     = 64,
    .data_size    = sizeof(UI_IMG_WX_SNOW_PNG_DATA),
    .header.cf    = LV_COLOR_FORMAT_ARGB8888,
    .header.magic = LV_IMAGE_HEADER_MAGIC,
    .data         = UI_IMG_WX_SNOW_PNG_DATA};
